ISO-10303-21;
HEADER;
/* Generated by software containing ST-Developer
 * from STEP Tools, Inc. (www.steptools.com) 
 */
/* OPTION: using custom renumber hook */

FILE_DESCRIPTION(
/* description */ ('STEP AP242 Edition 2',
'CAx-IF Rec.Pracs.---Representation and Presentation of Product Manufa
cturing Information (PMI)---4.0---2014-10-13',
'CAx-IF Rec.Pracs.---3D Tessellated Geometry---0.4---2014-09-14','2;1',
'CAx-IF Rec.Pracs.---User Defined Attributes---1.5---2016-08-15'),
/* implementation_level */ '2;1');

FILE_NAME(
/* name */ '6ac3a70c4a0b3a9e4aac1d8e',
/* time_stamp */ '2026-10-05T13:33:00Z',
/* author */ (''),
/* organization */ (''),
/* preprocessor_version */ 'ST-DEVELOPER v20',
/* originating_system */ 'ONSHAPE BY PTC INC, 1.221',
/* authorisation */ '  ');

FILE_SCHEMA (('AP242_MANAGED_MODEL_BASED_3D_ENGINEERING_MIM_LF { 1 0 10303 442 3 1 4 }'));
ENDSEC;

DATA;
#10=ELLIPSE('',#3031,5.83363094478903,4.125);
#11=ELLIPSE('',#3032,5.83363094478903,4.125);
#12=CONTEXT_DEPENDENT_SHAPE_REPRESENTATION(#16,#4734);
#13=CONTEXT_DEPENDENT_SHAPE_REPRESENTATION(#17,#4736);
#14=NEXT_ASSEMBLY_USAGE_OCCURRENCE('NAUO1',
'soft_gripper_finger_mirrored','soft_gripper_finger_mirrored',#4737,#4738,
'');
#15=NEXT_ASSEMBLY_USAGE_OCCURRENCE('NAUO2','finger_holder_left',
'finger_holder_left',#4737,#4739,'');
#16=(
REPRESENTATION_RELATIONSHIP(' ',' ',#2884,#2883)
REPRESENTATION_RELATIONSHIP_WITH_TRANSFORMATION(#18)
SHAPE_REPRESENTATION_RELATIONSHIP()
);
#17=(
REPRESENTATION_RELATIONSHIP(' ',' ',#2885,#2883)
REPRESENTATION_RELATIONSHIP_WITH_TRANSFORMATION(#19)
SHAPE_REPRESENTATION_RELATIONSHIP()
);
#18=ITEM_DEFINED_TRANSFORMATION(' ',' ',#2886,#3019);
#19=ITEM_DEFINED_TRANSFORMATION(' ',' ',#2886,#3134);
#20=SHAPE_REPRESENTATION_RELATIONSHIP('','',#2884,#22);
#21=SHAPE_REPRESENTATION_RELATIONSHIP('','',#2885,#23);
#22=ADVANCED_BREP_SHAPE_REPRESENTATION('',(#2878),#4724);
#23=ADVANCED_BREP_SHAPE_REPRESENTATION('',(#2879),#4725);
#24=CYLINDRICAL_SURFACE('',#2945,294.);
#25=CYLINDRICAL_SURFACE('',#2946,294.);
#26=CYLINDRICAL_SURFACE('',#2950,294.);
#27=CYLINDRICAL_SURFACE('',#2954,294.);
#28=CYLINDRICAL_SURFACE('',#2958,294.);
#29=CYLINDRICAL_SURFACE('',#2962,294.);
#30=CYLINDRICAL_SURFACE('',#2966,294.);
#31=CYLINDRICAL_SURFACE('',#2970,294.);
#32=CYLINDRICAL_SURFACE('',#2974,294.);
#33=CYLINDRICAL_SURFACE('',#2978,294.);
#34=CYLINDRICAL_SURFACE('',#2982,294.);
#35=CYLINDRICAL_SURFACE('',#2986,294.);
#36=CYLINDRICAL_SURFACE('',#2990,294.);
#37=CYLINDRICAL_SURFACE('',#2994,294.);
#38=CYLINDRICAL_SURFACE('',#2998,294.);
#39=CYLINDRICAL_SURFACE('',#3002,294.);
#40=CYLINDRICAL_SURFACE('',#3006,247.454);
#41=CYLINDRICAL_SURFACE('',#3007,5.);
#42=CYLINDRICAL_SURFACE('',#3010,247.454);
#43=CYLINDRICAL_SURFACE('',#3011,3.);
#44=CYLINDRICAL_SURFACE('',#3012,3.);
#45=CYLINDRICAL_SURFACE('',#3013,3.);
#46=CYLINDRICAL_SURFACE('',#3014,3.);
#47=CYLINDRICAL_SURFACE('',#3015,1.);
#48=CYLINDRICAL_SURFACE('',#3016,2.);
#49=CYLINDRICAL_SURFACE('',#3017,2.);
#50=CYLINDRICAL_SURFACE('',#3018,2.);
#51=CYLINDRICAL_SURFACE('',#3021,1.7);
#52=CYLINDRICAL_SURFACE('',#3024,1.7);
#53=CYLINDRICAL_SURFACE('',#3027,1.7);
#54=CYLINDRICAL_SURFACE('',#3079,2.25);
#55=CYLINDRICAL_SURFACE('',#3083,4.125);
#56=CYLINDRICAL_SURFACE('',#3084,2.25);
#57=CYLINDRICAL_SURFACE('',#3088,4.125);
#58=CYLINDRICAL_SURFACE('',#3089,3.25);
#59=CYLINDRICAL_SURFACE('',#3093,1.7);
#60=CYLINDRICAL_SURFACE('',#3094,3.25);
#61=CYLINDRICAL_SURFACE('',#3098,1.7);
#62=CYLINDRICAL_SURFACE('',#3099,3.25);
#63=CYLINDRICAL_SURFACE('',#3103,1.7);
#64=CYLINDRICAL_SURFACE('',#3125,4.);
#65=CYLINDRICAL_SURFACE('',#3126,4.);
#66=CYLINDRICAL_SURFACE('',#3127,4.);
#67=CYLINDRICAL_SURFACE('',#3128,4.);
#68=CYLINDRICAL_SURFACE('',#3129,4.);
#69=CYLINDRICAL_SURFACE('',#3130,4.);
#70=CYLINDRICAL_SURFACE('',#3131,4.);
#71=CYLINDRICAL_SURFACE('',#3132,4.);
#72=CYLINDRICAL_SURFACE('',#3133,4.);
#73=CIRCLE('',#2889,2.);
#74=CIRCLE('',#2890,2.);
#75=CIRCLE('',#2891,2.);
#76=CIRCLE('',#2892,294.);
#77=CIRCLE('',#2893,294.);
#78=CIRCLE('',#2894,294.);
#79=CIRCLE('',#2895,294.);
#80=CIRCLE('',#2896,294.);
#81=CIRCLE('',#2897,294.);
#82=CIRCLE('',#2898,294.);
#83=CIRCLE('',#2899,294.);
#84=CIRCLE('',#2900,294.);
#85=CIRCLE('',#2901,294.);
#86=CIRCLE('',#2902,294.);
#87=CIRCLE('',#2903,294.);
#88=CIRCLE('',#2904,294.);
#89=CIRCLE('',#2905,294.);
#90=CIRCLE('',#2906,294.);
#91=CIRCLE('',#2907,294.);
#92=CIRCLE('',#2908,3.);
#93=CIRCLE('',#2909,3.);
#94=CIRCLE('',#2910,247.454);
#95=CIRCLE('',#2911,3.);
#96=CIRCLE('',#2912,5.);
#97=CIRCLE('',#2913,3.);
#98=CIRCLE('',#2914,247.454);
#99=CIRCLE('',#2915,1.);
#100=CIRCLE('',#2917,2.);
#101=CIRCLE('',#2918,2.);
#102=CIRCLE('',#2919,2.);
#103=CIRCLE('',#2920,294.);
#104=CIRCLE('',#2921,294.);
#105=CIRCLE('',#2922,294.);
#106=CIRCLE('',#2923,294.);
#107=CIRCLE('',#2924,294.);
#108=CIRCLE('',#2925,294.);
#109=CIRCLE('',#2926,294.);
#110=CIRCLE('',#2927,294.);
#111=CIRCLE('',#2928,294.);
#112=CIRCLE('',#2929,294.);
#113=CIRCLE('',#2930,294.);
#114=CIRCLE('',#2931,294.);
#115=CIRCLE('',#2932,294.);
#116=CIRCLE('',#2933,294.);
#117=CIRCLE('',#2934,294.);
#118=CIRCLE('',#2935,294.);
#119=CIRCLE('',#2936,247.454);
#120=CIRCLE('',#2937,3.);
#121=CIRCLE('',#2938,5.);
#122=CIRCLE('',#2939,3.);
#123=CIRCLE('',#2940,247.454);
#124=CIRCLE('',#2941,3.);
#125=CIRCLE('',#2942,3.);
#126=CIRCLE('',#2943,1.);
#127=CIRCLE('',#3022,1.7);
#128=CIRCLE('',#3023,1.7);
#129=CIRCLE('',#3025,1.7);
#130=CIRCLE('',#3026,1.7);
#131=CIRCLE('',#3028,1.7);
#132=CIRCLE('',#3029,1.7);
#133=CIRCLE('',#3041,2.25);
#134=CIRCLE('',#3042,2.25);
#135=CIRCLE('',#3045,4.);
#136=CIRCLE('',#3046,4.);
#137=CIRCLE('',#3047,4.);
#138=CIRCLE('',#3048,4.);
#139=CIRCLE('',#3050,4.);
#140=CIRCLE('',#3051,4.);
#141=CIRCLE('',#3054,4.);
#142=CIRCLE('',#3055,4.);
#143=CIRCLE('',#3056,4.);
#144=CIRCLE('',#3057,4.);
#145=CIRCLE('',#3061,3.25);
#146=CIRCLE('',#3062,3.25);
#147=CIRCLE('',#3063,3.25);
#148=CIRCLE('',#3064,4.);
#149=CIRCLE('',#3065,4.);
#150=CIRCLE('',#3066,4.);
#151=CIRCLE('',#3067,4.);
#152=CIRCLE('',#3069,4.);
#153=CIRCLE('',#3070,4.);
#154=CIRCLE('',#3072,1.7);
#155=CIRCLE('',#3073,1.7);
#156=CIRCLE('',#3074,1.7);
#157=CIRCLE('',#3075,4.);
#158=CIRCLE('',#3076,4.);
#159=CIRCLE('',#3077,4.);
#160=CIRCLE('',#3078,4.);
#161=CIRCLE('',#3080,2.25);
#162=CIRCLE('',#3082,4.125);
#163=CIRCLE('',#3085,2.25);
#164=CIRCLE('',#3087,4.125);
#165=CIRCLE('',#3090,3.25);
#166=CIRCLE('',#3092,1.7);
#167=CIRCLE('',#3095,3.25);
#168=CIRCLE('',#3097,1.7);
#169=CIRCLE('',#3100,3.25);
#170=CIRCLE('',#3102,1.7);
#171=ORIENTED_EDGE('',*,*,#943,.T.);
#172=ORIENTED_EDGE('',*,*,#944,.F.);
#173=ORIENTED_EDGE('',*,*,#945,.F.);
#174=ORIENTED_EDGE('',*,*,#946,.T.);
#175=ORIENTED_EDGE('',*,*,#947,.F.);
#176=ORIENTED_EDGE('',*,*,#948,.F.);
#177=ORIENTED_EDGE('',*,*,#949,.F.);
#178=ORIENTED_EDGE('',*,*,#950,.T.);
#179=ORIENTED_EDGE('',*,*,#951,.F.);
#180=ORIENTED_EDGE('',*,*,#952,.T.);
#181=ORIENTED_EDGE('',*,*,#953,.T.);
#182=ORIENTED_EDGE('',*,*,#944,.T.);
#183=ORIENTED_EDGE('',*,*,#954,.T.);
#184=ORIENTED_EDGE('',*,*,#955,.T.);
#185=ORIENTED_EDGE('',*,*,#956,.T.);
#186=ORIENTED_EDGE('',*,*,#957,.T.);
#187=ORIENTED_EDGE('',*,*,#958,.T.);
#188=ORIENTED_EDGE('',*,*,#959,.T.);
#189=ORIENTED_EDGE('',*,*,#960,.T.);
#190=ORIENTED_EDGE('',*,*,#961,.T.);
#191=ORIENTED_EDGE('',*,*,#962,.T.);
#192=ORIENTED_EDGE('',*,*,#963,.T.);
#193=ORIENTED_EDGE('',*,*,#964,.T.);
#194=ORIENTED_EDGE('',*,*,#965,.T.);
#195=ORIENTED_EDGE('',*,*,#966,.T.);
#196=ORIENTED_EDGE('',*,*,#967,.T.);
#197=ORIENTED_EDGE('',*,*,#968,.T.);
#198=ORIENTED_EDGE('',*,*,#969,.T.);
#199=ORIENTED_EDGE('',*,*,#970,.T.);
#200=ORIENTED_EDGE('',*,*,#971,.T.);
#201=ORIENTED_EDGE('',*,*,#972,.T.);
#202=ORIENTED_EDGE('',*,*,#973,.T.);
#203=ORIENTED_EDGE('',*,*,#974,.T.);
#204=ORIENTED_EDGE('',*,*,#975,.T.);
#205=ORIENTED_EDGE('',*,*,#976,.T.);
#206=ORIENTED_EDGE('',*,*,#977,.T.);
#207=ORIENTED_EDGE('',*,*,#978,.T.);
#208=ORIENTED_EDGE('',*,*,#979,.T.);
#209=ORIENTED_EDGE('',*,*,#980,.T.);
#210=ORIENTED_EDGE('',*,*,#981,.T.);
#211=ORIENTED_EDGE('',*,*,#982,.T.);
#212=ORIENTED_EDGE('',*,*,#983,.T.);
#213=ORIENTED_EDGE('',*,*,#984,.T.);
#214=ORIENTED_EDGE('',*,*,#985,.T.);
#215=ORIENTED_EDGE('',*,*,#986,.T.);
#216=ORIENTED_EDGE('',*,*,#987,.T.);
#217=ORIENTED_EDGE('',*,*,#988,.T.);
#218=ORIENTED_EDGE('',*,*,#989,.T.);
#219=ORIENTED_EDGE('',*,*,#990,.T.);
#220=ORIENTED_EDGE('',*,*,#991,.T.);
#221=ORIENTED_EDGE('',*,*,#992,.T.);
#222=ORIENTED_EDGE('',*,*,#993,.T.);
#223=ORIENTED_EDGE('',*,*,#994,.T.);
#224=ORIENTED_EDGE('',*,*,#995,.T.);
#225=ORIENTED_EDGE('',*,*,#996,.T.);
#226=ORIENTED_EDGE('',*,*,#997,.T.);
#227=ORIENTED_EDGE('',*,*,#998,.T.);
#228=ORIENTED_EDGE('',*,*,#999,.T.);
#229=ORIENTED_EDGE('',*,*,#1000,.T.);
#230=ORIENTED_EDGE('',*,*,#1001,.T.);
#231=ORIENTED_EDGE('',*,*,#1002,.T.);
#232=ORIENTED_EDGE('',*,*,#1003,.T.);
#233=ORIENTED_EDGE('',*,*,#1004,.T.);
#234=ORIENTED_EDGE('',*,*,#1005,.T.);
#235=ORIENTED_EDGE('',*,*,#1006,.T.);
#236=ORIENTED_EDGE('',*,*,#1007,.T.);
#237=ORIENTED_EDGE('',*,*,#1008,.T.);
#238=ORIENTED_EDGE('',*,*,#1009,.T.);
#239=ORIENTED_EDGE('',*,*,#1010,.T.);
#240=ORIENTED_EDGE('',*,*,#1011,.T.);
#241=ORIENTED_EDGE('',*,*,#1012,.F.);
#242=ORIENTED_EDGE('',*,*,#1013,.F.);
#243=ORIENTED_EDGE('',*,*,#1014,.T.);
#244=ORIENTED_EDGE('',*,*,#1015,.F.);
#245=ORIENTED_EDGE('',*,*,#1016,.F.);
#246=ORIENTED_EDGE('',*,*,#1017,.F.);
#247=ORIENTED_EDGE('',*,*,#1018,.T.);
#248=ORIENTED_EDGE('',*,*,#1019,.F.);
#249=ORIENTED_EDGE('',*,*,#1020,.F.);
#250=ORIENTED_EDGE('',*,*,#1021,.F.);
#251=ORIENTED_EDGE('',*,*,#1022,.F.);
#252=ORIENTED_EDGE('',*,*,#1023,.F.);
#253=ORIENTED_EDGE('',*,*,#1024,.F.);
#254=ORIENTED_EDGE('',*,*,#1025,.F.);
#255=ORIENTED_EDGE('',*,*,#1026,.F.);
#256=ORIENTED_EDGE('',*,*,#1027,.T.);
#257=ORIENTED_EDGE('',*,*,#1028,.F.);
#258=ORIENTED_EDGE('',*,*,#1029,.F.);
#259=ORIENTED_EDGE('',*,*,#1030,.F.);
#260=ORIENTED_EDGE('',*,*,#1031,.F.);
#261=ORIENTED_EDGE('',*,*,#946,.F.);
#262=ORIENTED_EDGE('',*,*,#1032,.F.);
#263=ORIENTED_EDGE('',*,*,#1033,.F.);
#264=ORIENTED_EDGE('',*,*,#1034,.F.);
#265=ORIENTED_EDGE('',*,*,#1035,.F.);
#266=ORIENTED_EDGE('',*,*,#1036,.F.);
#267=ORIENTED_EDGE('',*,*,#1037,.F.);
#268=ORIENTED_EDGE('',*,*,#1038,.F.);
#269=ORIENTED_EDGE('',*,*,#1039,.F.);
#270=ORIENTED_EDGE('',*,*,#1040,.F.);
#271=ORIENTED_EDGE('',*,*,#1041,.F.);
#272=ORIENTED_EDGE('',*,*,#1042,.F.);
#273=ORIENTED_EDGE('',*,*,#1043,.F.);
#274=ORIENTED_EDGE('',*,*,#1044,.F.);
#275=ORIENTED_EDGE('',*,*,#1045,.F.);
#276=ORIENTED_EDGE('',*,*,#1046,.F.);
#277=ORIENTED_EDGE('',*,*,#1047,.F.);
#278=ORIENTED_EDGE('',*,*,#1048,.F.);
#279=ORIENTED_EDGE('',*,*,#1049,.F.);
#280=ORIENTED_EDGE('',*,*,#1050,.F.);
#281=ORIENTED_EDGE('',*,*,#1051,.F.);
#282=ORIENTED_EDGE('',*,*,#1052,.F.);
#283=ORIENTED_EDGE('',*,*,#1053,.F.);
#284=ORIENTED_EDGE('',*,*,#1054,.F.);
#285=ORIENTED_EDGE('',*,*,#1055,.F.);
#286=ORIENTED_EDGE('',*,*,#1056,.F.);
#287=ORIENTED_EDGE('',*,*,#1057,.F.);
#288=ORIENTED_EDGE('',*,*,#1058,.F.);
#289=ORIENTED_EDGE('',*,*,#1059,.F.);
#290=ORIENTED_EDGE('',*,*,#1060,.F.);
#291=ORIENTED_EDGE('',*,*,#1061,.F.);
#292=ORIENTED_EDGE('',*,*,#1062,.F.);
#293=ORIENTED_EDGE('',*,*,#1063,.F.);
#294=ORIENTED_EDGE('',*,*,#1064,.F.);
#295=ORIENTED_EDGE('',*,*,#1065,.F.);
#296=ORIENTED_EDGE('',*,*,#1066,.F.);
#297=ORIENTED_EDGE('',*,*,#1067,.F.);
#298=ORIENTED_EDGE('',*,*,#1068,.F.);
#299=ORIENTED_EDGE('',*,*,#1069,.F.);
#300=ORIENTED_EDGE('',*,*,#1070,.F.);
#301=ORIENTED_EDGE('',*,*,#1071,.F.);
#302=ORIENTED_EDGE('',*,*,#1072,.F.);
#303=ORIENTED_EDGE('',*,*,#1073,.F.);
#304=ORIENTED_EDGE('',*,*,#1074,.F.);
#305=ORIENTED_EDGE('',*,*,#1075,.F.);
#306=ORIENTED_EDGE('',*,*,#1076,.F.);
#307=ORIENTED_EDGE('',*,*,#1077,.F.);
#308=ORIENTED_EDGE('',*,*,#1078,.F.);
#309=ORIENTED_EDGE('',*,*,#1079,.F.);
#310=ORIENTED_EDGE('',*,*,#1080,.F.);
#311=ORIENTED_EDGE('',*,*,#1081,.F.);
#312=ORIENTED_EDGE('',*,*,#1082,.F.);
#313=ORIENTED_EDGE('',*,*,#1083,.F.);
#314=ORIENTED_EDGE('',*,*,#1084,.F.);
#315=ORIENTED_EDGE('',*,*,#1085,.F.);
#316=ORIENTED_EDGE('',*,*,#1086,.F.);
#317=ORIENTED_EDGE('',*,*,#1087,.T.);
#318=ORIENTED_EDGE('',*,*,#1088,.F.);
#319=ORIENTED_EDGE('',*,*,#1089,.F.);
#320=ORIENTED_EDGE('',*,*,#1090,.F.);
#321=ORIENTED_EDGE('',*,*,#1091,.T.);
#322=ORIENTED_EDGE('',*,*,#1092,.F.);
#323=ORIENTED_EDGE('',*,*,#1093,.F.);
#324=ORIENTED_EDGE('',*,*,#1094,.F.);
#325=ORIENTED_EDGE('',*,*,#1095,.T.);
#326=ORIENTED_EDGE('',*,*,#1096,.F.);
#327=ORIENTED_EDGE('',*,*,#1097,.T.);
#328=ORIENTED_EDGE('',*,*,#1025,.T.);
#329=ORIENTED_EDGE('',*,*,#1098,.F.);
#330=ORIENTED_EDGE('',*,*,#953,.F.);
#331=ORIENTED_EDGE('',*,*,#1098,.T.);
#332=ORIENTED_EDGE('',*,*,#1028,.T.);
#333=ORIENTED_EDGE('',*,*,#1099,.F.);
#334=ORIENTED_EDGE('',*,*,#950,.F.);
#335=ORIENTED_EDGE('',*,*,#945,.T.);
#336=ORIENTED_EDGE('',*,*,#956,.F.);
#337=ORIENTED_EDGE('',*,*,#1100,.T.);
#338=ORIENTED_EDGE('',*,*,#1029,.T.);
#339=ORIENTED_EDGE('',*,*,#1031,.T.);
#340=ORIENTED_EDGE('',*,*,#1101,.F.);
#341=ORIENTED_EDGE('',*,*,#954,.F.);
#342=ORIENTED_EDGE('',*,*,#943,.F.);
#343=ORIENTED_EDGE('',*,*,#1102,.T.);
#344=ORIENTED_EDGE('',*,*,#957,.F.);
#345=ORIENTED_EDGE('',*,*,#1103,.F.);
#346=ORIENTED_EDGE('',*,*,#1035,.T.);
#347=ORIENTED_EDGE('',*,*,#1101,.T.);
#348=ORIENTED_EDGE('',*,*,#1030,.T.);
#349=ORIENTED_EDGE('',*,*,#1100,.F.);
#350=ORIENTED_EDGE('',*,*,#955,.F.);
#351=ORIENTED_EDGE('',*,*,#1103,.T.);
#352=ORIENTED_EDGE('',*,*,#960,.F.);
#353=ORIENTED_EDGE('',*,*,#1104,.T.);
#354=ORIENTED_EDGE('',*,*,#1032,.T.);
#355=ORIENTED_EDGE('',*,*,#1034,.T.);
#356=ORIENTED_EDGE('',*,*,#1105,.F.);
#357=ORIENTED_EDGE('',*,*,#958,.F.);
#358=ORIENTED_EDGE('',*,*,#1102,.F.);
#359=ORIENTED_EDGE('',*,*,#1106,.T.);
#360=ORIENTED_EDGE('',*,*,#961,.F.);
#361=ORIENTED_EDGE('',*,*,#1107,.F.);
#362=ORIENTED_EDGE('',*,*,#1039,.T.);
#363=ORIENTED_EDGE('',*,*,#1105,.T.);
#364=ORIENTED_EDGE('',*,*,#1033,.T.);
#365=ORIENTED_EDGE('',*,*,#1104,.F.);
#366=ORIENTED_EDGE('',*,*,#959,.F.);
#367=ORIENTED_EDGE('',*,*,#1107,.T.);
#368=ORIENTED_EDGE('',*,*,#964,.F.);
#369=ORIENTED_EDGE('',*,*,#1108,.T.);
#370=ORIENTED_EDGE('',*,*,#1036,.T.);
#371=ORIENTED_EDGE('',*,*,#1038,.T.);
#372=ORIENTED_EDGE('',*,*,#1109,.F.);
#373=ORIENTED_EDGE('',*,*,#962,.F.);
#374=ORIENTED_EDGE('',*,*,#1106,.F.);
#375=ORIENTED_EDGE('',*,*,#1110,.T.);
#376=ORIENTED_EDGE('',*,*,#965,.F.);
#377=ORIENTED_EDGE('',*,*,#1111,.F.);
#378=ORIENTED_EDGE('',*,*,#1043,.T.);
#379=ORIENTED_EDGE('',*,*,#1109,.T.);
#380=ORIENTED_EDGE('',*,*,#1037,.T.);
#381=ORIENTED_EDGE('',*,*,#1108,.F.);
#382=ORIENTED_EDGE('',*,*,#963,.F.);
#383=ORIENTED_EDGE('',*,*,#1111,.T.);
#384=ORIENTED_EDGE('',*,*,#968,.F.);
#385=ORIENTED_EDGE('',*,*,#1112,.T.);
#386=ORIENTED_EDGE('',*,*,#1040,.T.);
#387=ORIENTED_EDGE('',*,*,#1042,.T.);
#388=ORIENTED_EDGE('',*,*,#1113,.F.);
#389=ORIENTED_EDGE('',*,*,#966,.F.);
#390=ORIENTED_EDGE('',*,*,#1110,.F.);
#391=ORIENTED_EDGE('',*,*,#1114,.T.);
#392=ORIENTED_EDGE('',*,*,#969,.F.);
#393=ORIENTED_EDGE('',*,*,#1115,.F.);
#394=ORIENTED_EDGE('',*,*,#1047,.T.);
#395=ORIENTED_EDGE('',*,*,#1113,.T.);
#396=ORIENTED_EDGE('',*,*,#1041,.T.);
#397=ORIENTED_EDGE('',*,*,#1112,.F.);
#398=ORIENTED_EDGE('',*,*,#967,.F.);
#399=ORIENTED_EDGE('',*,*,#1115,.T.);
#400=ORIENTED_EDGE('',*,*,#972,.F.);
#401=ORIENTED_EDGE('',*,*,#1116,.T.);
#402=ORIENTED_EDGE('',*,*,#1044,.T.);
#403=ORIENTED_EDGE('',*,*,#1046,.T.);
#404=ORIENTED_EDGE('',*,*,#1117,.F.);
#405=ORIENTED_EDGE('',*,*,#970,.F.);
#406=ORIENTED_EDGE('',*,*,#1114,.F.);
#407=ORIENTED_EDGE('',*,*,#1118,.T.);
#408=ORIENTED_EDGE('',*,*,#973,.F.);
#409=ORIENTED_EDGE('',*,*,#1119,.F.);
#410=ORIENTED_EDGE('',*,*,#1051,.T.);
#411=ORIENTED_EDGE('',*,*,#1117,.T.);
#412=ORIENTED_EDGE('',*,*,#1045,.T.);
#413=ORIENTED_EDGE('',*,*,#1116,.F.);
#414=ORIENTED_EDGE('',*,*,#971,.F.);
#415=ORIENTED_EDGE('',*,*,#1119,.T.);
#416=ORIENTED_EDGE('',*,*,#976,.F.);
#417=ORIENTED_EDGE('',*,*,#1120,.T.);
#418=ORIENTED_EDGE('',*,*,#1048,.T.);
#419=ORIENTED_EDGE('',*,*,#1050,.T.);
#420=ORIENTED_EDGE('',*,*,#1121,.F.);
#421=ORIENTED_EDGE('',*,*,#974,.F.);
#422=ORIENTED_EDGE('',*,*,#1118,.F.);
#423=ORIENTED_EDGE('',*,*,#1122,.T.);
#424=ORIENTED_EDGE('',*,*,#977,.F.);
#425=ORIENTED_EDGE('',*,*,#1123,.F.);
#426=ORIENTED_EDGE('',*,*,#1055,.T.);
#427=ORIENTED_EDGE('',*,*,#1121,.T.);
#428=ORIENTED_EDGE('',*,*,#1049,.T.);
#429=ORIENTED_EDGE('',*,*,#1120,.F.);
#430=ORIENTED_EDGE('',*,*,#975,.F.);
#431=ORIENTED_EDGE('',*,*,#1123,.T.);
#432=ORIENTED_EDGE('',*,*,#980,.F.);
#433=ORIENTED_EDGE('',*,*,#1124,.T.);
#434=ORIENTED_EDGE('',*,*,#1052,.T.);
#435=ORIENTED_EDGE('',*,*,#1054,.T.);
#436=ORIENTED_EDGE('',*,*,#1125,.F.);
#437=ORIENTED_EDGE('',*,*,#978,.F.);
#438=ORIENTED_EDGE('',*,*,#1122,.F.);
#439=ORIENTED_EDGE('',*,*,#1126,.T.);
#440=ORIENTED_EDGE('',*,*,#981,.F.);
#441=ORIENTED_EDGE('',*,*,#1127,.F.);
#442=ORIENTED_EDGE('',*,*,#1059,.T.);
#443=ORIENTED_EDGE('',*,*,#1125,.T.);
#444=ORIENTED_EDGE('',*,*,#1053,.T.);
#445=ORIENTED_EDGE('',*,*,#1124,.F.);
#446=ORIENTED_EDGE('',*,*,#979,.F.);
#447=ORIENTED_EDGE('',*,*,#1127,.T.);
#448=ORIENTED_EDGE('',*,*,#984,.F.);
#449=ORIENTED_EDGE('',*,*,#1128,.T.);
#450=ORIENTED_EDGE('',*,*,#1056,.T.);
#451=ORIENTED_EDGE('',*,*,#1058,.T.);
#452=ORIENTED_EDGE('',*,*,#1129,.F.);
#453=ORIENTED_EDGE('',*,*,#982,.F.);
#454=ORIENTED_EDGE('',*,*,#1126,.F.);
#455=ORIENTED_EDGE('',*,*,#1130,.T.);
#456=ORIENTED_EDGE('',*,*,#985,.F.);
#457=ORIENTED_EDGE('',*,*,#1131,.F.);
#458=ORIENTED_EDGE('',*,*,#1063,.T.);
#459=ORIENTED_EDGE('',*,*,#1129,.T.);
#460=ORIENTED_EDGE('',*,*,#1057,.T.);
#461=ORIENTED_EDGE('',*,*,#1128,.F.);
#462=ORIENTED_EDGE('',*,*,#983,.F.);
#463=ORIENTED_EDGE('',*,*,#1131,.T.);
#464=ORIENTED_EDGE('',*,*,#988,.F.);
#465=ORIENTED_EDGE('',*,*,#1132,.T.);
#466=ORIENTED_EDGE('',*,*,#1060,.T.);
#467=ORIENTED_EDGE('',*,*,#1062,.T.);
#468=ORIENTED_EDGE('',*,*,#1133,.F.);
#469=ORIENTED_EDGE('',*,*,#986,.F.);
#470=ORIENTED_EDGE('',*,*,#1130,.F.);
#471=ORIENTED_EDGE('',*,*,#1134,.T.);
#472=ORIENTED_EDGE('',*,*,#989,.F.);
#473=ORIENTED_EDGE('',*,*,#1135,.F.);
#474=ORIENTED_EDGE('',*,*,#1067,.T.);
#475=ORIENTED_EDGE('',*,*,#1133,.T.);
#476=ORIENTED_EDGE('',*,*,#1061,.T.);
#477=ORIENTED_EDGE('',*,*,#1132,.F.);
#478=ORIENTED_EDGE('',*,*,#987,.F.);
#479=ORIENTED_EDGE('',*,*,#1135,.T.);
#480=ORIENTED_EDGE('',*,*,#992,.F.);
#481=ORIENTED_EDGE('',*,*,#1136,.T.);
#482=ORIENTED_EDGE('',*,*,#1064,.T.);
#483=ORIENTED_EDGE('',*,*,#1066,.T.);
#484=ORIENTED_EDGE('',*,*,#1137,.F.);
#485=ORIENTED_EDGE('',*,*,#990,.F.);
#486=ORIENTED_EDGE('',*,*,#1134,.F.);
#487=ORIENTED_EDGE('',*,*,#1138,.T.);
#488=ORIENTED_EDGE('',*,*,#993,.F.);
#489=ORIENTED_EDGE('',*,*,#1139,.F.);
#490=ORIENTED_EDGE('',*,*,#1071,.T.);
#491=ORIENTED_EDGE('',*,*,#1137,.T.);
#492=ORIENTED_EDGE('',*,*,#1065,.T.);
#493=ORIENTED_EDGE('',*,*,#1136,.F.);
#494=ORIENTED_EDGE('',*,*,#991,.F.);
#495=ORIENTED_EDGE('',*,*,#1139,.T.);
#496=ORIENTED_EDGE('',*,*,#996,.F.);
#497=ORIENTED_EDGE('',*,*,#1140,.T.);
#498=ORIENTED_EDGE('',*,*,#1068,.T.);
#499=ORIENTED_EDGE('',*,*,#1070,.T.);
#500=ORIENTED_EDGE('',*,*,#1141,.F.);
#501=ORIENTED_EDGE('',*,*,#994,.F.);
#502=ORIENTED_EDGE('',*,*,#1138,.F.);
#503=ORIENTED_EDGE('',*,*,#1142,.T.);
#504=ORIENTED_EDGE('',*,*,#997,.F.);
#505=ORIENTED_EDGE('',*,*,#1143,.F.);
#506=ORIENTED_EDGE('',*,*,#1075,.T.);
#507=ORIENTED_EDGE('',*,*,#1141,.T.);
#508=ORIENTED_EDGE('',*,*,#1069,.T.);
#509=ORIENTED_EDGE('',*,*,#1140,.F.);
#510=ORIENTED_EDGE('',*,*,#995,.F.);
#511=ORIENTED_EDGE('',*,*,#1143,.T.);
#512=ORIENTED_EDGE('',*,*,#1000,.F.);
#513=ORIENTED_EDGE('',*,*,#1144,.T.);
#514=ORIENTED_EDGE('',*,*,#1072,.T.);
#515=ORIENTED_EDGE('',*,*,#1074,.T.);
#516=ORIENTED_EDGE('',*,*,#1145,.F.);
#517=ORIENTED_EDGE('',*,*,#998,.F.);
#518=ORIENTED_EDGE('',*,*,#1142,.F.);
#519=ORIENTED_EDGE('',*,*,#1146,.T.);
#520=ORIENTED_EDGE('',*,*,#1001,.F.);
#521=ORIENTED_EDGE('',*,*,#1147,.F.);
#522=ORIENTED_EDGE('',*,*,#1079,.T.);
#523=ORIENTED_EDGE('',*,*,#1145,.T.);
#524=ORIENTED_EDGE('',*,*,#1073,.T.);
#525=ORIENTED_EDGE('',*,*,#1144,.F.);
#526=ORIENTED_EDGE('',*,*,#999,.F.);
#527=ORIENTED_EDGE('',*,*,#1147,.T.);
#528=ORIENTED_EDGE('',*,*,#1004,.F.);
#529=ORIENTED_EDGE('',*,*,#1148,.T.);
#530=ORIENTED_EDGE('',*,*,#1076,.T.);
#531=ORIENTED_EDGE('',*,*,#1078,.T.);
#532=ORIENTED_EDGE('',*,*,#1149,.F.);
#533=ORIENTED_EDGE('',*,*,#1002,.F.);
#534=ORIENTED_EDGE('',*,*,#1146,.F.);
#535=ORIENTED_EDGE('',*,*,#1150,.T.);
#536=ORIENTED_EDGE('',*,*,#1005,.F.);
#537=ORIENTED_EDGE('',*,*,#1151,.F.);
#538=ORIENTED_EDGE('',*,*,#1083,.T.);
#539=ORIENTED_EDGE('',*,*,#1149,.T.);
#540=ORIENTED_EDGE('',*,*,#1077,.T.);
#541=ORIENTED_EDGE('',*,*,#1148,.F.);
#542=ORIENTED_EDGE('',*,*,#1003,.F.);
#543=ORIENTED_EDGE('',*,*,#1151,.T.);
#544=ORIENTED_EDGE('',*,*,#1008,.F.);
#545=ORIENTED_EDGE('',*,*,#1152,.T.);
#546=ORIENTED_EDGE('',*,*,#1080,.T.);
#547=ORIENTED_EDGE('',*,*,#1082,.T.);
#548=ORIENTED_EDGE('',*,*,#1153,.F.);
#549=ORIENTED_EDGE('',*,*,#1006,.F.);
#550=ORIENTED_EDGE('',*,*,#1150,.F.);
#551=ORIENTED_EDGE('',*,*,#1154,.T.);
#552=ORIENTED_EDGE('',*,*,#1009,.F.);
#553=ORIENTED_EDGE('',*,*,#1155,.F.);
#554=ORIENTED_EDGE('',*,*,#1086,.T.);
#555=ORIENTED_EDGE('',*,*,#1153,.T.);
#556=ORIENTED_EDGE('',*,*,#1081,.T.);
#557=ORIENTED_EDGE('',*,*,#1152,.F.);
#558=ORIENTED_EDGE('',*,*,#1007,.F.);
#559=ORIENTED_EDGE('',*,*,#1155,.T.);
#560=ORIENTED_EDGE('',*,*,#1011,.F.);
#561=ORIENTED_EDGE('',*,*,#1156,.T.);
#562=ORIENTED_EDGE('',*,*,#1084,.T.);
#563=ORIENTED_EDGE('',*,*,#1085,.T.);
#564=ORIENTED_EDGE('',*,*,#1156,.F.);
#565=ORIENTED_EDGE('',*,*,#1010,.F.);
#566=ORIENTED_EDGE('',*,*,#1154,.F.);
#567=ORIENTED_EDGE('',*,*,#1014,.F.);
#568=ORIENTED_EDGE('',*,*,#1157,.F.);
#569=ORIENTED_EDGE('',*,*,#1093,.T.);
#570=ORIENTED_EDGE('',*,*,#1158,.F.);
#571=ORIENTED_EDGE('',*,*,#1095,.F.);
#572=ORIENTED_EDGE('',*,*,#1159,.F.);
#573=ORIENTED_EDGE('',*,*,#1012,.T.);
#574=ORIENTED_EDGE('',*,*,#1160,.F.);
#575=ORIENTED_EDGE('',*,*,#1020,.T.);
#576=ORIENTED_EDGE('',*,*,#1161,.F.);
#577=ORIENTED_EDGE('',*,*,#1087,.F.);
#578=ORIENTED_EDGE('',*,*,#1162,.F.);
#579=ORIENTED_EDGE('',*,*,#1018,.F.);
#580=ORIENTED_EDGE('',*,*,#1163,.F.);
#581=ORIENTED_EDGE('',*,*,#1089,.T.);
#582=ORIENTED_EDGE('',*,*,#1164,.F.);
#583=ORIENTED_EDGE('',*,*,#952,.F.);
#584=ORIENTED_EDGE('',*,*,#1165,.T.);
#585=ORIENTED_EDGE('',*,*,#1026,.T.);
#586=ORIENTED_EDGE('',*,*,#1097,.F.);
#587=ORIENTED_EDGE('',*,*,#1027,.F.);
#588=ORIENTED_EDGE('',*,*,#1165,.F.);
#589=ORIENTED_EDGE('',*,*,#951,.T.);
#590=ORIENTED_EDGE('',*,*,#1099,.T.);
#591=ORIENTED_EDGE('',*,*,#1016,.T.);
#592=ORIENTED_EDGE('',*,*,#1166,.F.);
#593=ORIENTED_EDGE('',*,*,#1091,.F.);
#594=ORIENTED_EDGE('',*,*,#1167,.F.);
#595=ORIENTED_EDGE('',*,*,#1019,.T.);
#596=ORIENTED_EDGE('',*,*,#1164,.T.);
#597=ORIENTED_EDGE('',*,*,#1088,.T.);
#598=ORIENTED_EDGE('',*,*,#1161,.T.);
#599=ORIENTED_EDGE('',*,*,#1017,.T.);
#600=ORIENTED_EDGE('',*,*,#1167,.T.);
#601=ORIENTED_EDGE('',*,*,#1090,.T.);
#602=ORIENTED_EDGE('',*,*,#1163,.T.);
#603=ORIENTED_EDGE('',*,*,#1015,.T.);
#604=ORIENTED_EDGE('',*,*,#1158,.T.);
#605=ORIENTED_EDGE('',*,*,#1092,.T.);
#606=ORIENTED_EDGE('',*,*,#1166,.T.);
#607=ORIENTED_EDGE('',*,*,#1013,.T.);
#608=ORIENTED_EDGE('',*,*,#1159,.T.);
#609=ORIENTED_EDGE('',*,*,#1094,.T.);
#610=ORIENTED_EDGE('',*,*,#1157,.T.);
#611=ORIENTED_EDGE('',*,*,#1021,.T.);
#612=ORIENTED_EDGE('',*,*,#1162,.T.);
#613=ORIENTED_EDGE('',*,*,#1096,.T.);
#614=ORIENTED_EDGE('',*,*,#1160,.T.);
#615=ORIENTED_EDGE('',*,*,#949,.T.);
#616=ORIENTED_EDGE('',*,*,#1024,.T.);
#617=ORIENTED_EDGE('',*,*,#948,.T.);
#618=ORIENTED_EDGE('',*,*,#1023,.T.);
#619=ORIENTED_EDGE('',*,*,#947,.T.);
#620=ORIENTED_EDGE('',*,*,#1022,.T.);
#621=ORIENTED_EDGE('',*,*,#1168,.T.);
#622=ORIENTED_EDGE('',*,*,#1169,.F.);
#623=ORIENTED_EDGE('',*,*,#1170,.F.);
#624=ORIENTED_EDGE('',*,*,#1171,.F.);
#625=ORIENTED_EDGE('',*,*,#1172,.F.);
#626=ORIENTED_EDGE('',*,*,#1173,.F.);
#627=ORIENTED_EDGE('',*,*,#1174,.T.);
#628=ORIENTED_EDGE('',*,*,#1175,.F.);
#629=ORIENTED_EDGE('',*,*,#1176,.T.);
#630=ORIENTED_EDGE('',*,*,#1177,.F.);
#631=ORIENTED_EDGE('',*,*,#1178,.T.);
#632=ORIENTED_EDGE('',*,*,#1179,.F.);
#633=ORIENTED_EDGE('',*,*,#1180,.F.);
#634=ORIENTED_EDGE('',*,*,#1181,.F.);
#635=ORIENTED_EDGE('',*,*,#1182,.T.);
#636=ORIENTED_EDGE('',*,*,#1183,.T.);
#637=ORIENTED_EDGE('',*,*,#1184,.F.);
#638=ORIENTED_EDGE('',*,*,#1185,.F.);
#639=ORIENTED_EDGE('',*,*,#1186,.F.);
#640=ORIENTED_EDGE('',*,*,#1187,.F.);
#641=ORIENTED_EDGE('',*,*,#1188,.F.);
#642=ORIENTED_EDGE('',*,*,#1189,.F.);
#643=ORIENTED_EDGE('',*,*,#1190,.F.);
#644=ORIENTED_EDGE('',*,*,#1180,.T.);
#645=ORIENTED_EDGE('',*,*,#1191,.T.);
#646=ORIENTED_EDGE('',*,*,#1192,.F.);
#647=ORIENTED_EDGE('',*,*,#1193,.T.);
#648=ORIENTED_EDGE('',*,*,#1194,.T.);
#649=ORIENTED_EDGE('',*,*,#1195,.F.);
#650=ORIENTED_EDGE('',*,*,#1196,.F.);
#651=ORIENTED_EDGE('',*,*,#1197,.T.);
#652=ORIENTED_EDGE('',*,*,#1198,.F.);
#653=ORIENTED_EDGE('',*,*,#1199,.T.);
#654=ORIENTED_EDGE('',*,*,#1200,.F.);
#655=ORIENTED_EDGE('',*,*,#1201,.F.);
#656=ORIENTED_EDGE('',*,*,#1202,.F.);
#657=ORIENTED_EDGE('',*,*,#1203,.T.);
#658=ORIENTED_EDGE('',*,*,#1204,.F.);
#659=ORIENTED_EDGE('',*,*,#1205,.T.);
#660=ORIENTED_EDGE('',*,*,#1206,.F.);
#661=ORIENTED_EDGE('',*,*,#1207,.F.);
#662=ORIENTED_EDGE('',*,*,#1208,.F.);
#663=ORIENTED_EDGE('',*,*,#1209,.T.);
#664=ORIENTED_EDGE('',*,*,#1210,.F.);
#665=ORIENTED_EDGE('',*,*,#1211,.T.);
#666=ORIENTED_EDGE('',*,*,#1212,.T.);
#667=ORIENTED_EDGE('',*,*,#1213,.F.);
#668=ORIENTED_EDGE('',*,*,#1214,.F.);
#669=ORIENTED_EDGE('',*,*,#1215,.T.);
#670=ORIENTED_EDGE('',*,*,#1216,.T.);
#671=ORIENTED_EDGE('',*,*,#1211,.F.);
#672=ORIENTED_EDGE('',*,*,#1217,.F.);
#673=ORIENTED_EDGE('',*,*,#1218,.T.);
#674=ORIENTED_EDGE('',*,*,#1219,.T.);
#675=ORIENTED_EDGE('',*,*,#1220,.T.);
#676=ORIENTED_EDGE('',*,*,#1208,.T.);
#677=ORIENTED_EDGE('',*,*,#1221,.F.);
#678=ORIENTED_EDGE('',*,*,#1215,.F.);
#679=ORIENTED_EDGE('',*,*,#1222,.F.);
#680=ORIENTED_EDGE('',*,*,#1213,.T.);
#681=ORIENTED_EDGE('',*,*,#1223,.T.);
#682=ORIENTED_EDGE('',*,*,#1224,.F.);
#683=ORIENTED_EDGE('',*,*,#1225,.T.);
#684=ORIENTED_EDGE('',*,*,#1182,.F.);
#685=ORIENTED_EDGE('',*,*,#1226,.F.);
#686=ORIENTED_EDGE('',*,*,#1227,.F.);
#687=ORIENTED_EDGE('',*,*,#1228,.T.);
#688=ORIENTED_EDGE('',*,*,#1229,.T.);
#689=ORIENTED_EDGE('',*,*,#1230,.T.);
#690=ORIENTED_EDGE('',*,*,#1231,.T.);
#691=ORIENTED_EDGE('',*,*,#1232,.T.);
#692=ORIENTED_EDGE('',*,*,#1233,.T.);
#693=ORIENTED_EDGE('',*,*,#1234,.T.);
#694=ORIENTED_EDGE('',*,*,#1235,.T.);
#695=ORIENTED_EDGE('',*,*,#1236,.T.);
#696=ORIENTED_EDGE('',*,*,#1237,.T.);
#697=ORIENTED_EDGE('',*,*,#1238,.T.);
#698=ORIENTED_EDGE('',*,*,#1239,.T.);
#699=ORIENTED_EDGE('',*,*,#1240,.T.);
#700=ORIENTED_EDGE('',*,*,#1241,.T.);
#701=ORIENTED_EDGE('',*,*,#1242,.T.);
#702=ORIENTED_EDGE('',*,*,#1243,.T.);
#703=ORIENTED_EDGE('',*,*,#1244,.T.);
#704=ORIENTED_EDGE('',*,*,#1245,.T.);
#705=ORIENTED_EDGE('',*,*,#1226,.T.);
#706=ORIENTED_EDGE('',*,*,#1181,.T.);
#707=ORIENTED_EDGE('',*,*,#1190,.T.);
#708=ORIENTED_EDGE('',*,*,#1246,.F.);
#709=ORIENTED_EDGE('',*,*,#1186,.T.);
#710=ORIENTED_EDGE('',*,*,#1247,.F.);
#711=ORIENTED_EDGE('',*,*,#1205,.F.);
#712=ORIENTED_EDGE('',*,*,#1248,.F.);
#713=ORIENTED_EDGE('',*,*,#1197,.F.);
#714=ORIENTED_EDGE('',*,*,#1249,.F.);
#715=ORIENTED_EDGE('',*,*,#1201,.T.);
#716=ORIENTED_EDGE('',*,*,#1250,.F.);
#717=ORIENTED_EDGE('',*,*,#1209,.F.);
#718=ORIENTED_EDGE('',*,*,#1220,.F.);
#719=ORIENTED_EDGE('',*,*,#1217,.T.);
#720=ORIENTED_EDGE('',*,*,#1214,.T.);
#721=ORIENTED_EDGE('',*,*,#1222,.T.);
#722=ORIENTED_EDGE('',*,*,#1251,.F.);
#723=ORIENTED_EDGE('',*,*,#1252,.T.);
#724=ORIENTED_EDGE('',*,*,#1194,.F.);
#725=ORIENTED_EDGE('',*,*,#1253,.F.);
#726=ORIENTED_EDGE('',*,*,#1254,.F.);
#727=ORIENTED_EDGE('',*,*,#1178,.F.);
#728=ORIENTED_EDGE('',*,*,#1176,.F.);
#729=ORIENTED_EDGE('',*,*,#1174,.F.);
#730=ORIENTED_EDGE('',*,*,#1188,.T.);
#731=ORIENTED_EDGE('',*,*,#1255,.F.);
#732=ORIENTED_EDGE('',*,*,#1195,.T.);
#733=ORIENTED_EDGE('',*,*,#1252,.F.);
#734=ORIENTED_EDGE('',*,*,#1256,.F.);
#735=ORIENTED_EDGE('',*,*,#1199,.F.);
#736=ORIENTED_EDGE('',*,*,#1257,.F.);
#737=ORIENTED_EDGE('',*,*,#1203,.F.);
#738=ORIENTED_EDGE('',*,*,#1258,.F.);
#739=ORIENTED_EDGE('',*,*,#1259,.T.);
#740=ORIENTED_EDGE('',*,*,#1260,.F.);
#741=ORIENTED_EDGE('',*,*,#1261,.T.);
#742=ORIENTED_EDGE('',*,*,#1262,.F.);
#743=ORIENTED_EDGE('',*,*,#1263,.F.);
#744=ORIENTED_EDGE('',*,*,#1264,.F.);
#745=ORIENTED_EDGE('',*,*,#1265,.F.);
#746=ORIENTED_EDGE('',*,*,#1266,.F.);
#747=ORIENTED_EDGE('',*,*,#1267,.F.);
#748=ORIENTED_EDGE('',*,*,#1268,.F.);
#749=ORIENTED_EDGE('',*,*,#1269,.F.);
#750=ORIENTED_EDGE('',*,*,#1172,.T.);
#751=ORIENTED_EDGE('',*,*,#1270,.F.);
#752=ORIENTED_EDGE('',*,*,#1263,.T.);
#753=ORIENTED_EDGE('',*,*,#1271,.F.);
#754=ORIENTED_EDGE('',*,*,#1261,.F.);
#755=ORIENTED_EDGE('',*,*,#1272,.F.);
#756=ORIENTED_EDGE('',*,*,#1191,.F.);
#757=ORIENTED_EDGE('',*,*,#1183,.F.);
#758=ORIENTED_EDGE('',*,*,#1225,.F.);
#759=ORIENTED_EDGE('',*,*,#1273,.F.);
#760=ORIENTED_EDGE('',*,*,#1223,.F.);
#761=ORIENTED_EDGE('',*,*,#1212,.F.);
#762=ORIENTED_EDGE('',*,*,#1216,.F.);
#763=ORIENTED_EDGE('',*,*,#1221,.T.);
#764=ORIENTED_EDGE('',*,*,#1207,.T.);
#765=ORIENTED_EDGE('',*,*,#1274,.F.);
#766=ORIENTED_EDGE('',*,*,#1168,.F.);
#767=ORIENTED_EDGE('',*,*,#1275,.F.);
#768=ORIENTED_EDGE('',*,*,#1276,.F.);
#769=ORIENTED_EDGE('',*,*,#1277,.F.);
#770=ORIENTED_EDGE('',*,*,#1278,.F.);
#771=ORIENTED_EDGE('',*,*,#1265,.T.);
#772=ORIENTED_EDGE('',*,*,#1279,.F.);
#773=ORIENTED_EDGE('',*,*,#1170,.T.);
#774=ORIENTED_EDGE('',*,*,#1280,.F.);
#775=ORIENTED_EDGE('',*,*,#1253,.T.);
#776=ORIENTED_EDGE('',*,*,#1193,.F.);
#777=ORIENTED_EDGE('',*,*,#1281,.F.);
#778=ORIENTED_EDGE('',*,*,#1259,.F.);
#779=ORIENTED_EDGE('',*,*,#1282,.F.);
#780=ORIENTED_EDGE('',*,*,#1283,.T.);
#781=ORIENTED_EDGE('',*,*,#1219,.F.);
#782=ORIENTED_EDGE('',*,*,#1283,.F.);
#783=ORIENTED_EDGE('',*,*,#1284,.T.);
#784=ORIENTED_EDGE('',*,*,#1184,.T.);
#785=ORIENTED_EDGE('',*,*,#1284,.F.);
#786=ORIENTED_EDGE('',*,*,#1285,.T.);
#787=ORIENTED_EDGE('',*,*,#1218,.F.);
#788=ORIENTED_EDGE('',*,*,#1285,.F.);
#789=ORIENTED_EDGE('',*,*,#1286,.T.);
#790=ORIENTED_EDGE('',*,*,#1185,.T.);
#791=ORIENTED_EDGE('',*,*,#1286,.F.);
#792=ORIENTED_EDGE('',*,*,#1287,.F.);
#793=ORIENTED_EDGE('',*,*,#1269,.T.);
#794=ORIENTED_EDGE('',*,*,#1288,.F.);
#795=ORIENTED_EDGE('',*,*,#1287,.T.);
#796=ORIENTED_EDGE('',*,*,#1278,.T.);
#797=ORIENTED_EDGE('',*,*,#1288,.T.);
#798=ORIENTED_EDGE('',*,*,#1289,.F.);
#799=ORIENTED_EDGE('',*,*,#1268,.T.);
#800=ORIENTED_EDGE('',*,*,#1290,.F.);
#801=ORIENTED_EDGE('',*,*,#1289,.T.);
#802=ORIENTED_EDGE('',*,*,#1277,.T.);
#803=ORIENTED_EDGE('',*,*,#1290,.T.);
#804=ORIENTED_EDGE('',*,*,#1291,.F.);
#805=ORIENTED_EDGE('',*,*,#1267,.T.);
#806=ORIENTED_EDGE('',*,*,#1292,.F.);
#807=ORIENTED_EDGE('',*,*,#1291,.T.);
#808=ORIENTED_EDGE('',*,*,#1276,.T.);
#809=ORIENTED_EDGE('',*,*,#1292,.T.);
#810=ORIENTED_EDGE('',*,*,#1228,.F.);
#811=ORIENTED_EDGE('',*,*,#1293,.F.);
#812=ORIENTED_EDGE('',*,*,#1294,.T.);
#813=ORIENTED_EDGE('',*,*,#1295,.T.);
#814=ORIENTED_EDGE('',*,*,#1229,.F.);
#815=ORIENTED_EDGE('',*,*,#1295,.F.);
#816=ORIENTED_EDGE('',*,*,#1296,.T.);
#817=ORIENTED_EDGE('',*,*,#1297,.T.);
#818=ORIENTED_EDGE('',*,*,#1230,.F.);
#819=ORIENTED_EDGE('',*,*,#1297,.F.);
#820=ORIENTED_EDGE('',*,*,#1298,.T.);
#821=ORIENTED_EDGE('',*,*,#1299,.T.);
#822=ORIENTED_EDGE('',*,*,#1231,.F.);
#823=ORIENTED_EDGE('',*,*,#1299,.F.);
#824=ORIENTED_EDGE('',*,*,#1300,.T.);
#825=ORIENTED_EDGE('',*,*,#1301,.T.);
#826=ORIENTED_EDGE('',*,*,#1232,.F.);
#827=ORIENTED_EDGE('',*,*,#1301,.F.);
#828=ORIENTED_EDGE('',*,*,#1302,.T.);
#829=ORIENTED_EDGE('',*,*,#1303,.T.);
#830=ORIENTED_EDGE('',*,*,#1233,.F.);
#831=ORIENTED_EDGE('',*,*,#1303,.F.);
#832=ORIENTED_EDGE('',*,*,#1304,.T.);
#833=ORIENTED_EDGE('',*,*,#1293,.T.);
#834=ORIENTED_EDGE('',*,*,#1179,.T.);
#835=ORIENTED_EDGE('',*,*,#1294,.F.);
#836=ORIENTED_EDGE('',*,*,#1304,.F.);
#837=ORIENTED_EDGE('',*,*,#1302,.F.);
#838=ORIENTED_EDGE('',*,*,#1300,.F.);
#839=ORIENTED_EDGE('',*,*,#1298,.F.);
#840=ORIENTED_EDGE('',*,*,#1296,.F.);
#841=ORIENTED_EDGE('',*,*,#1234,.F.);
#842=ORIENTED_EDGE('',*,*,#1305,.F.);
#843=ORIENTED_EDGE('',*,*,#1306,.T.);
#844=ORIENTED_EDGE('',*,*,#1307,.T.);
#845=ORIENTED_EDGE('',*,*,#1235,.F.);
#846=ORIENTED_EDGE('',*,*,#1307,.F.);
#847=ORIENTED_EDGE('',*,*,#1308,.T.);
#848=ORIENTED_EDGE('',*,*,#1309,.T.);
#849=ORIENTED_EDGE('',*,*,#1236,.F.);
#850=ORIENTED_EDGE('',*,*,#1309,.F.);
#851=ORIENTED_EDGE('',*,*,#1310,.T.);
#852=ORIENTED_EDGE('',*,*,#1311,.T.);
#853=ORIENTED_EDGE('',*,*,#1237,.F.);
#854=ORIENTED_EDGE('',*,*,#1311,.F.);
#855=ORIENTED_EDGE('',*,*,#1312,.T.);
#856=ORIENTED_EDGE('',*,*,#1313,.T.);
#857=ORIENTED_EDGE('',*,*,#1238,.F.);
#858=ORIENTED_EDGE('',*,*,#1313,.F.);
#859=ORIENTED_EDGE('',*,*,#1314,.T.);
#860=ORIENTED_EDGE('',*,*,#1315,.T.);
#861=ORIENTED_EDGE('',*,*,#1239,.F.);
#862=ORIENTED_EDGE('',*,*,#1315,.F.);
#863=ORIENTED_EDGE('',*,*,#1316,.T.);
#864=ORIENTED_EDGE('',*,*,#1305,.T.);
#865=ORIENTED_EDGE('',*,*,#1177,.T.);
#866=ORIENTED_EDGE('',*,*,#1306,.F.);
#867=ORIENTED_EDGE('',*,*,#1316,.F.);
#868=ORIENTED_EDGE('',*,*,#1314,.F.);
#869=ORIENTED_EDGE('',*,*,#1312,.F.);
#870=ORIENTED_EDGE('',*,*,#1310,.F.);
#871=ORIENTED_EDGE('',*,*,#1308,.F.);
#872=ORIENTED_EDGE('',*,*,#1240,.F.);
#873=ORIENTED_EDGE('',*,*,#1317,.F.);
#874=ORIENTED_EDGE('',*,*,#1318,.T.);
#875=ORIENTED_EDGE('',*,*,#1319,.T.);
#876=ORIENTED_EDGE('',*,*,#1241,.F.);
#877=ORIENTED_EDGE('',*,*,#1319,.F.);
#878=ORIENTED_EDGE('',*,*,#1320,.T.);
#879=ORIENTED_EDGE('',*,*,#1321,.T.);
#880=ORIENTED_EDGE('',*,*,#1242,.F.);
#881=ORIENTED_EDGE('',*,*,#1321,.F.);
#882=ORIENTED_EDGE('',*,*,#1322,.T.);
#883=ORIENTED_EDGE('',*,*,#1323,.T.);
#884=ORIENTED_EDGE('',*,*,#1243,.F.);
#885=ORIENTED_EDGE('',*,*,#1323,.F.);
#886=ORIENTED_EDGE('',*,*,#1324,.T.);
#887=ORIENTED_EDGE('',*,*,#1325,.T.);
#888=ORIENTED_EDGE('',*,*,#1244,.F.);
#889=ORIENTED_EDGE('',*,*,#1325,.F.);
#890=ORIENTED_EDGE('',*,*,#1326,.T.);
#891=ORIENTED_EDGE('',*,*,#1327,.T.);
#892=ORIENTED_EDGE('',*,*,#1245,.F.);
#893=ORIENTED_EDGE('',*,*,#1327,.F.);
#894=ORIENTED_EDGE('',*,*,#1328,.T.);
#895=ORIENTED_EDGE('',*,*,#1317,.T.);
#896=ORIENTED_EDGE('',*,*,#1175,.T.);
#897=ORIENTED_EDGE('',*,*,#1318,.F.);
#898=ORIENTED_EDGE('',*,*,#1328,.F.);
#899=ORIENTED_EDGE('',*,*,#1326,.F.);
#900=ORIENTED_EDGE('',*,*,#1324,.F.);
#901=ORIENTED_EDGE('',*,*,#1322,.F.);
#902=ORIENTED_EDGE('',*,*,#1320,.F.);
#903=ORIENTED_EDGE('',*,*,#1251,.T.);
#904=ORIENTED_EDGE('',*,*,#1227,.T.);
#905=ORIENTED_EDGE('',*,*,#1249,.T.);
#906=ORIENTED_EDGE('',*,*,#1202,.T.);
#907=ORIENTED_EDGE('',*,*,#1275,.T.);
#908=ORIENTED_EDGE('',*,*,#1173,.T.);
#909=ORIENTED_EDGE('',*,*,#1273,.T.);
#910=ORIENTED_EDGE('',*,*,#1224,.T.);
#911=ORIENTED_EDGE('',*,*,#1247,.T.);
#912=ORIENTED_EDGE('',*,*,#1189,.T.);
#913=ORIENTED_EDGE('',*,*,#1258,.T.);
#914=ORIENTED_EDGE('',*,*,#1206,.T.);
#915=ORIENTED_EDGE('',*,*,#1246,.T.);
#916=ORIENTED_EDGE('',*,*,#1196,.T.);
#917=ORIENTED_EDGE('',*,*,#1255,.T.);
#918=ORIENTED_EDGE('',*,*,#1187,.T.);
#919=ORIENTED_EDGE('',*,*,#1271,.T.);
#920=ORIENTED_EDGE('',*,*,#1266,.T.);
#921=ORIENTED_EDGE('',*,*,#1282,.T.);
#922=ORIENTED_EDGE('',*,*,#1262,.T.);
#923=ORIENTED_EDGE('',*,*,#1272,.T.);
#924=ORIENTED_EDGE('',*,*,#1260,.T.);
#925=ORIENTED_EDGE('',*,*,#1281,.T.);
#926=ORIENTED_EDGE('',*,*,#1192,.T.);
#927=ORIENTED_EDGE('',*,*,#1248,.T.);
#928=ORIENTED_EDGE('',*,*,#1204,.T.);
#929=ORIENTED_EDGE('',*,*,#1257,.T.);
#930=ORIENTED_EDGE('',*,*,#1198,.T.);
#931=ORIENTED_EDGE('',*,*,#1250,.T.);
#932=ORIENTED_EDGE('',*,*,#1200,.T.);
#933=ORIENTED_EDGE('',*,*,#1256,.T.);
#934=ORIENTED_EDGE('',*,*,#1254,.T.);
#935=ORIENTED_EDGE('',*,*,#1280,.T.);
#936=ORIENTED_EDGE('',*,*,#1169,.T.);
#937=ORIENTED_EDGE('',*,*,#1274,.T.);
#938=ORIENTED_EDGE('',*,*,#1210,.T.);
#939=ORIENTED_EDGE('',*,*,#1270,.T.);
#940=ORIENTED_EDGE('',*,*,#1171,.T.);
#941=ORIENTED_EDGE('',*,*,#1279,.T.);
#942=ORIENTED_EDGE('',*,*,#1264,.T.);
#943=EDGE_CURVE('',#1329,#1330,#1597,.T.);
#944=EDGE_CURVE('',#1331,#1330,#1598,.T.);
#945=EDGE_CURVE('',#1332,#1331,#1599,.F.);
#946=EDGE_CURVE('',#1332,#1329,#1600,.T.);
#947=EDGE_CURVE('',#1333,#1333,#73,.F.);
#948=EDGE_CURVE('',#1334,#1334,#74,.F.);
#949=EDGE_CURVE('',#1335,#1335,#75,.F.);
#950=EDGE_CURVE('',#1336,#1337,#76,.T.);
#951=EDGE_CURVE('',#1338,#1337,#1601,.T.);
#952=EDGE_CURVE('',#1338,#1339,#1602,.T.);
#953=EDGE_CURVE('',#1339,#1336,#1603,.T.);
#954=EDGE_CURVE('',#1330,#1340,#1604,.T.);
#955=EDGE_CURVE('',#1340,#1341,#1605,.T.);
#956=EDGE_CURVE('',#1341,#1331,#77,.T.);
#957=EDGE_CURVE('',#1342,#1343,#1606,.T.);
#958=EDGE_CURVE('',#1343,#1344,#1607,.T.);
#959=EDGE_CURVE('',#1344,#1345,#1608,.T.);
#960=EDGE_CURVE('',#1345,#1342,#78,.T.);
#961=EDGE_CURVE('',#1346,#1347,#1609,.T.);
#962=EDGE_CURVE('',#1347,#1348,#1610,.T.);
#963=EDGE_CURVE('',#1348,#1349,#1611,.T.);
#964=EDGE_CURVE('',#1349,#1346,#79,.T.);
#965=EDGE_CURVE('',#1350,#1351,#1612,.T.);
#966=EDGE_CURVE('',#1351,#1352,#1613,.T.);
#967=EDGE_CURVE('',#1352,#1353,#1614,.T.);
#968=EDGE_CURVE('',#1353,#1350,#80,.T.);
#969=EDGE_CURVE('',#1354,#1355,#1615,.T.);
#970=EDGE_CURVE('',#1355,#1356,#1616,.T.);
#971=EDGE_CURVE('',#1356,#1357,#1617,.T.);
#972=EDGE_CURVE('',#1357,#1354,#81,.T.);
#973=EDGE_CURVE('',#1358,#1359,#1618,.T.);
#974=EDGE_CURVE('',#1359,#1360,#1619,.T.);
#975=EDGE_CURVE('',#1360,#1361,#1620,.T.);
#976=EDGE_CURVE('',#1361,#1358,#82,.T.);
#977=EDGE_CURVE('',#1362,#1363,#1621,.T.);
#978=EDGE_CURVE('',#1363,#1364,#1622,.T.);
#979=EDGE_CURVE('',#1364,#1365,#1623,.T.);
#980=EDGE_CURVE('',#1365,#1362,#83,.T.);
#981=EDGE_CURVE('',#1366,#1367,#1624,.T.);
#982=EDGE_CURVE('',#1367,#1368,#1625,.T.);
#983=EDGE_CURVE('',#1368,#1369,#1626,.T.);
#984=EDGE_CURVE('',#1369,#1366,#84,.T.);
#985=EDGE_CURVE('',#1370,#1371,#1627,.T.);
#986=EDGE_CURVE('',#1371,#1372,#1628,.T.);
#987=EDGE_CURVE('',#1372,#1373,#1629,.T.);
#988=EDGE_CURVE('',#1373,#1370,#85,.T.);
#989=EDGE_CURVE('',#1374,#1375,#1630,.T.);
#990=EDGE_CURVE('',#1375,#1376,#1631,.T.);
#991=EDGE_CURVE('',#1376,#1377,#1632,.T.);
#992=EDGE_CURVE('',#1377,#1374,#86,.T.);
#993=EDGE_CURVE('',#1378,#1379,#1633,.T.);
#994=EDGE_CURVE('',#1379,#1380,#1634,.T.);
#995=EDGE_CURVE('',#1380,#1381,#1635,.T.);
#996=EDGE_CURVE('',#1381,#1378,#87,.T.);
#997=EDGE_CURVE('',#1382,#1383,#1636,.T.);
#998=EDGE_CURVE('',#1383,#1384,#1637,.T.);
#999=EDGE_CURVE('',#1384,#1385,#1638,.T.);
#1000=EDGE_CURVE('',#1385,#1382,#88,.T.);
#1001=EDGE_CURVE('',#1386,#1387,#1639,.T.);
#1002=EDGE_CURVE('',#1387,#1388,#1640,.T.);
#1003=EDGE_CURVE('',#1388,#1389,#1641,.T.);
#1004=EDGE_CURVE('',#1389,#1386,#89,.T.);
#1005=EDGE_CURVE('',#1390,#1391,#1642,.T.);
#1006=EDGE_CURVE('',#1391,#1392,#1643,.T.);
#1007=EDGE_CURVE('',#1392,#1393,#1644,.T.);
#1008=EDGE_CURVE('',#1393,#1390,#90,.T.);
#1009=EDGE_CURVE('',#1394,#1395,#1645,.T.);
#1010=EDGE_CURVE('',#1395,#1396,#1646,.T.);
#1011=EDGE_CURVE('',#1396,#1394,#91,.T.);
#1012=EDGE_CURVE('',#1397,#1398,#1647,.T.);
#1013=EDGE_CURVE('',#1399,#1397,#92,.T.);
#1014=EDGE_CURVE('',#1399,#1400,#1648,.T.);
#1015=EDGE_CURVE('',#1401,#1400,#93,.T.);
#1016=EDGE_CURVE('',#1402,#1401,#94,.T.);
#1017=EDGE_CURVE('',#1403,#1402,#95,.F.);
#1018=EDGE_CURVE('',#1403,#1404,#96,.T.);
#1019=EDGE_CURVE('',#1405,#1404,#97,.F.);
#1020=EDGE_CURVE('',#1406,#1405,#98,.T.);
#1021=EDGE_CURVE('',#1398,#1406,#99,.T.);
#1022=EDGE_CURVE('',#1407,#1407,#100,.T.);
#1023=EDGE_CURVE('',#1408,#1408,#101,.T.);
#1024=EDGE_CURVE('',#1409,#1409,#102,.T.);
#1025=EDGE_CURVE('',#1410,#1411,#1649,.T.);
#1026=EDGE_CURVE('',#1412,#1410,#1650,.T.);
#1027=EDGE_CURVE('',#1412,#1413,#1651,.T.);
#1028=EDGE_CURVE('',#1411,#1413,#103,.T.);
#1029=EDGE_CURVE('',#1414,#1332,#104,.T.);
#1030=EDGE_CURVE('',#1415,#1414,#1652,.T.);
#1031=EDGE_CURVE('',#1329,#1415,#1653,.T.);
#1032=EDGE_CURVE('',#1416,#1417,#105,.T.);
#1033=EDGE_CURVE('',#1418,#1416,#1654,.T.);
#1034=EDGE_CURVE('',#1419,#1418,#1655,.T.);
#1035=EDGE_CURVE('',#1417,#1419,#1656,.T.);
#1036=EDGE_CURVE('',#1420,#1421,#106,.T.);
#1037=EDGE_CURVE('',#1422,#1420,#1657,.T.);
#1038=EDGE_CURVE('',#1423,#1422,#1658,.T.);
#1039=EDGE_CURVE('',#1421,#1423,#1659,.T.);
#1040=EDGE_CURVE('',#1424,#1425,#107,.T.);
#1041=EDGE_CURVE('',#1426,#1424,#1660,.T.);
#1042=EDGE_CURVE('',#1427,#1426,#1661,.T.);
#1043=EDGE_CURVE('',#1425,#1427,#1662,.T.);
#1044=EDGE_CURVE('',#1428,#1429,#108,.T.);
#1045=EDGE_CURVE('',#1430,#1428,#1663,.T.);
#1046=EDGE_CURVE('',#1431,#1430,#1664,.T.);
#1047=EDGE_CURVE('',#1429,#1431,#1665,.T.);
#1048=EDGE_CURVE('',#1432,#1433,#109,.T.);
#1049=EDGE_CURVE('',#1434,#1432,#1666,.T.);
#1050=EDGE_CURVE('',#1435,#1434,#1667,.T.);
#1051=EDGE_CURVE('',#1433,#1435,#1668,.T.);
#1052=EDGE_CURVE('',#1436,#1437,#110,.T.);
#1053=EDGE_CURVE('',#1438,#1436,#1669,.T.);
#1054=EDGE_CURVE('',#1439,#1438,#1670,.T.);
#1055=EDGE_CURVE('',#1437,#1439,#1671,.T.);
#1056=EDGE_CURVE('',#1440,#1441,#111,.T.);
#1057=EDGE_CURVE('',#1442,#1440,#1672,.T.);
#1058=EDGE_CURVE('',#1443,#1442,#1673,.T.);
#1059=EDGE_CURVE('',#1441,#1443,#1674,.T.);
#1060=EDGE_CURVE('',#1444,#1445,#112,.T.);
#1061=EDGE_CURVE('',#1446,#1444,#1675,.T.);
#1062=EDGE_CURVE('',#1447,#1446,#1676,.T.);
#1063=EDGE_CURVE('',#1445,#1447,#1677,.T.);
#1064=EDGE_CURVE('',#1448,#1449,#113,.T.);
#1065=EDGE_CURVE('',#1450,#1448,#1678,.T.);
#1066=EDGE_CURVE('',#1451,#1450,#1679,.T.);
#1067=EDGE_CURVE('',#1449,#1451,#1680,.T.);
#1068=EDGE_CURVE('',#1452,#1453,#114,.T.);
#1069=EDGE_CURVE('',#1454,#1452,#1681,.T.);
#1070=EDGE_CURVE('',#1455,#1454,#1682,.T.);
#1071=EDGE_CURVE('',#1453,#1455,#1683,.T.);
#1072=EDGE_CURVE('',#1456,#1457,#115,.T.);
#1073=EDGE_CURVE('',#1458,#1456,#1684,.T.);
#1074=EDGE_CURVE('',#1459,#1458,#1685,.T.);
#1075=EDGE_CURVE('',#1457,#1459,#1686,.T.);
#1076=EDGE_CURVE('',#1460,#1461,#116,.T.);
#1077=EDGE_CURVE('',#1462,#1460,#1687,.T.);
#1078=EDGE_CURVE('',#1463,#1462,#1688,.T.);
#1079=EDGE_CURVE('',#1461,#1463,#1689,.T.);
#1080=EDGE_CURVE('',#1464,#1465,#117,.T.);
#1081=EDGE_CURVE('',#1466,#1464,#1690,.T.);
#1082=EDGE_CURVE('',#1467,#1466,#1691,.T.);
#1083=EDGE_CURVE('',#1465,#1467,#1692,.T.);
#1084=EDGE_CURVE('',#1468,#1469,#118,.T.);
#1085=EDGE_CURVE('',#1470,#1468,#1693,.T.);
#1086=EDGE_CURVE('',#1469,#1470,#1694,.T.);
#1087=EDGE_CURVE('',#1471,#1472,#119,.T.);
#1088=EDGE_CURVE('',#1473,#1472,#120,.T.);
#1089=EDGE_CURVE('',#1474,#1473,#121,.T.);
#1090=EDGE_CURVE('',#1475,#1474,#122,.T.);
#1091=EDGE_CURVE('',#1475,#1476,#123,.T.);
#1092=EDGE_CURVE('',#1477,#1476,#124,.F.);
#1093=EDGE_CURVE('',#1478,#1477,#1695,.T.);
#1094=EDGE_CURVE('',#1479,#1478,#125,.F.);
#1095=EDGE_CURVE('',#1479,#1480,#1696,.T.);
#1096=EDGE_CURVE('',#1471,#1480,#126,.F.);
#1097=EDGE_CURVE('',#1339,#1410,#1697,.T.);
#1098=EDGE_CURVE('',#1336,#1411,#1698,.T.);
#1099=EDGE_CURVE('',#1337,#1413,#1699,.T.);
#1100=EDGE_CURVE('',#1341,#1414,#1700,.T.);
#1101=EDGE_CURVE('',#1340,#1415,#1701,.T.);
#1102=EDGE_CURVE('',#1419,#1343,#1702,.T.);
#1103=EDGE_CURVE('',#1417,#1342,#1703,.F.);
#1104=EDGE_CURVE('',#1345,#1416,#1704,.T.);
#1105=EDGE_CURVE('',#1344,#1418,#1705,.T.);
#1106=EDGE_CURVE('',#1423,#1347,#1706,.T.);
#1107=EDGE_CURVE('',#1421,#1346,#1707,.F.);
#1108=EDGE_CURVE('',#1349,#1420,#1708,.T.);
#1109=EDGE_CURVE('',#1348,#1422,#1709,.T.);
#1110=EDGE_CURVE('',#1427,#1351,#1710,.T.);
#1111=EDGE_CURVE('',#1425,#1350,#1711,.F.);
#1112=EDGE_CURVE('',#1353,#1424,#1712,.T.);
#1113=EDGE_CURVE('',#1352,#1426,#1713,.T.);
#1114=EDGE_CURVE('',#1431,#1355,#1714,.T.);
#1115=EDGE_CURVE('',#1429,#1354,#1715,.F.);
#1116=EDGE_CURVE('',#1357,#1428,#1716,.T.);
#1117=EDGE_CURVE('',#1356,#1430,#1717,.T.);
#1118=EDGE_CURVE('',#1435,#1359,#1718,.T.);
#1119=EDGE_CURVE('',#1433,#1358,#1719,.F.);
#1120=EDGE_CURVE('',#1361,#1432,#1720,.T.);
#1121=EDGE_CURVE('',#1360,#1434,#1721,.T.);
#1122=EDGE_CURVE('',#1439,#1363,#1722,.T.);
#1123=EDGE_CURVE('',#1437,#1362,#1723,.F.);
#1124=EDGE_CURVE('',#1365,#1436,#1724,.T.);
#1125=EDGE_CURVE('',#1364,#1438,#1725,.T.);
#1126=EDGE_CURVE('',#1443,#1367,#1726,.T.);
#1127=EDGE_CURVE('',#1441,#1366,#1727,.F.);
#1128=EDGE_CURVE('',#1369,#1440,#1728,.T.);
#1129=EDGE_CURVE('',#1368,#1442,#1729,.T.);
#1130=EDGE_CURVE('',#1447,#1371,#1730,.T.);
#1131=EDGE_CURVE('',#1445,#1370,#1731,.F.);
#1132=EDGE_CURVE('',#1373,#1444,#1732,.T.);
#1133=EDGE_CURVE('',#1372,#1446,#1733,.T.);
#1134=EDGE_CURVE('',#1451,#1375,#1734,.T.);
#1135=EDGE_CURVE('',#1449,#1374,#1735,.F.);
#1136=EDGE_CURVE('',#1377,#1448,#1736,.T.);
#1137=EDGE_CURVE('',#1376,#1450,#1737,.T.);
#1138=EDGE_CURVE('',#1455,#1379,#1738,.T.);
#1139=EDGE_CURVE('',#1453,#1378,#1739,.F.);
#1140=EDGE_CURVE('',#1381,#1452,#1740,.T.);
#1141=EDGE_CURVE('',#1380,#1454,#1741,.T.);
#1142=EDGE_CURVE('',#1459,#1383,#1742,.T.);
#1143=EDGE_CURVE('',#1457,#1382,#1743,.F.);
#1144=EDGE_CURVE('',#1385,#1456,#1744,.T.);
#1145=EDGE_CURVE('',#1384,#1458,#1745,.T.);
#1146=EDGE_CURVE('',#1463,#1387,#1746,.T.);
#1147=EDGE_CURVE('',#1461,#1386,#1747,.F.);
#1148=EDGE_CURVE('',#1389,#1460,#1748,.T.);
#1149=EDGE_CURVE('',#1388,#1462,#1749,.T.);
#1150=EDGE_CURVE('',#1467,#1391,#1750,.T.);
#1151=EDGE_CURVE('',#1465,#1390,#1751,.F.);
#1152=EDGE_CURVE('',#1393,#1464,#1752,.T.);
#1153=EDGE_CURVE('',#1392,#1466,#1753,.T.);
#1154=EDGE_CURVE('',#1470,#1395,#1754,.T.);
#1155=EDGE_CURVE('',#1469,#1394,#1755,.F.);
#1156=EDGE_CURVE('',#1396,#1468,#1756,.T.);
#1157=EDGE_CURVE('',#1478,#1399,#1757,.F.);
#1158=EDGE_CURVE('',#1400,#1477,#1758,.F.);
#1159=EDGE_CURVE('',#1397,#1479,#1759,.T.);
#1160=EDGE_CURVE('',#1480,#1398,#1760,.F.);
#1161=EDGE_CURVE('',#1472,#1405,#1761,.F.);
#1162=EDGE_CURVE('',#1406,#1471,#1762,.T.);
#1163=EDGE_CURVE('',#1474,#1403,#1763,.F.);
#1164=EDGE_CURVE('',#1404,#1473,#1764,.T.);
#1165=EDGE_CURVE('',#1338,#1412,#1765,.T.);
#1166=EDGE_CURVE('',#1476,#1401,#1766,.F.);
#1167=EDGE_CURVE('',#1402,#1475,#1767,.T.);
#1168=EDGE_CURVE('',#1481,#1482,#1768,.T.);
#1169=EDGE_CURVE('',#1483,#1482,#1769,.T.);
#1170=EDGE_CURVE('',#1484,#1483,#1770,.T.);
#1171=EDGE_CURVE('',#1485,#1484,#1771,.T.);
#1172=EDGE_CURVE('',#1486,#1485,#1772,.T.);
#1173=EDGE_CURVE('',#1481,#1486,#1773,.T.);
#1174=EDGE_CURVE('',#1487,#1487,#127,.F.);
#1175=EDGE_CURVE('',#1488,#1488,#128,.T.);
#1176=EDGE_CURVE('',#1489,#1489,#129,.F.);
#1177=EDGE_CURVE('',#1490,#1490,#130,.T.);
#1178=EDGE_CURVE('',#1491,#1491,#131,.F.);
#1179=EDGE_CURVE('',#1492,#1492,#132,.T.);
#1180=EDGE_CURVE('',#1493,#1494,#1774,.T.);
#1181=EDGE_CURVE('',#1495,#1493,#1775,.T.);
#1182=EDGE_CURVE('',#1495,#1496,#1776,.T.);
#1183=EDGE_CURVE('',#1496,#1494,#1777,.T.);
#1184=EDGE_CURVE('',#1497,#1497,#10,.F.);
#1185=EDGE_CURVE('',#1498,#1498,#11,.F.);
#1186=EDGE_CURVE('',#1499,#1500,#1778,.T.);
#1187=EDGE_CURVE('',#1501,#1499,#1779,.F.);
#1188=EDGE_CURVE('',#1502,#1501,#1780,.T.);
#1189=EDGE_CURVE('',#1500,#1502,#1781,.T.);
#1190=EDGE_CURVE('',#1493,#1503,#1782,.T.);
#1191=EDGE_CURVE('',#1494,#1504,#1783,.T.);
#1192=EDGE_CURVE('',#1505,#1504,#1784,.F.);
#1193=EDGE_CURVE('',#1505,#1506,#1785,.T.);
#1194=EDGE_CURVE('',#1506,#1507,#1786,.T.);
#1195=EDGE_CURVE('',#1508,#1507,#1787,.T.);
#1196=EDGE_CURVE('',#1503,#1508,#1788,.T.);
#1197=EDGE_CURVE('',#1509,#1510,#1789,.T.);
#1198=EDGE_CURVE('',#1511,#1510,#1790,.F.);
#1199=EDGE_CURVE('',#1511,#1512,#1791,.T.);
#1200=EDGE_CURVE('',#1513,#1512,#1792,.T.);
#1201=EDGE_CURVE('',#1514,#1513,#1793,.T.);
#1202=EDGE_CURVE('',#1509,#1514,#1794,.F.);
#1203=EDGE_CURVE('',#1515,#1516,#1795,.T.);
#1204=EDGE_CURVE('',#1517,#1516,#1796,.T.);
#1205=EDGE_CURVE('',#1517,#1518,#1797,.T.);
#1206=EDGE_CURVE('',#1515,#1518,#1798,.F.);
#1207=EDGE_CURVE('',#1519,#1520,#1799,.T.);
#1208=EDGE_CURVE('',#1521,#1519,#1800,.T.);
#1209=EDGE_CURVE('',#1521,#1522,#1801,.T.);
#1210=EDGE_CURVE('',#1520,#1522,#1802,.F.);
#1211=EDGE_CURVE('',#1523,#1524,#1803,.T.);
#1212=EDGE_CURVE('',#1524,#1525,#1804,.T.);
#1213=EDGE_CURVE('',#1526,#1525,#1805,.T.);
#1214=EDGE_CURVE('',#1523,#1526,#1806,.T.);
#1215=EDGE_CURVE('',#1527,#1528,#1807,.T.);
#1216=EDGE_CURVE('',#1528,#1524,#1808,.T.);
#1217=EDGE_CURVE('',#1527,#1523,#1809,.T.);
#1218=EDGE_CURVE('',#1529,#1529,#133,.F.);
#1219=EDGE_CURVE('',#1530,#1530,#134,.F.);
#1220=EDGE_CURVE('',#1527,#1521,#1810,.T.);
#1221=EDGE_CURVE('',#1528,#1519,#1811,.T.);
#1222=EDGE_CURVE('',#1526,#1531,#1812,.T.);
#1223=EDGE_CURVE('',#1525,#1532,#1813,.T.);
#1224=EDGE_CURVE('',#1533,#1532,#1814,.F.);
#1225=EDGE_CURVE('',#1533,#1496,#1815,.T.);
#1226=EDGE_CURVE('',#1534,#1495,#1816,.T.);
#1227=EDGE_CURVE('',#1531,#1534,#1817,.T.);
#1228=EDGE_CURVE('',#1535,#1536,#1818,.T.);
#1229=EDGE_CURVE('',#1536,#1537,#1819,.T.);
#1230=EDGE_CURVE('',#1537,#1538,#1820,.T.);
#1231=EDGE_CURVE('',#1538,#1539,#1821,.T.);
#1232=EDGE_CURVE('',#1539,#1540,#1822,.T.);
#1233=EDGE_CURVE('',#1540,#1535,#1823,.T.);
#1234=EDGE_CURVE('',#1541,#1542,#1824,.T.);
#1235=EDGE_CURVE('',#1542,#1543,#1825,.T.);
#1236=EDGE_CURVE('',#1543,#1544,#1826,.T.);
#1237=EDGE_CURVE('',#1544,#1545,#1827,.T.);
#1238=EDGE_CURVE('',#1545,#1546,#1828,.T.);
#1239=EDGE_CURVE('',#1546,#1541,#1829,.T.);
#1240=EDGE_CURVE('',#1547,#1548,#1830,.T.);
#1241=EDGE_CURVE('',#1548,#1549,#1831,.T.);
#1242=EDGE_CURVE('',#1549,#1550,#1832,.T.);
#1243=EDGE_CURVE('',#1550,#1551,#1833,.T.);
#1244=EDGE_CURVE('',#1551,#1552,#1834,.T.);
#1245=EDGE_CURVE('',#1552,#1547,#1835,.T.);
#1246=EDGE_CURVE('',#1499,#1503,#135,.T.);
#1247=EDGE_CURVE('',#1518,#1500,#136,.T.);
#1248=EDGE_CURVE('',#1510,#1517,#137,.T.);
#1249=EDGE_CURVE('',#1534,#1509,#138,.T.);
#1250=EDGE_CURVE('',#1522,#1513,#139,.T.);
#1251=EDGE_CURVE('',#1514,#1531,#140,.F.);
#1252=EDGE_CURVE('',#1553,#1507,#1836,.T.);
#1253=EDGE_CURVE('',#1554,#1506,#1837,.T.);
#1254=EDGE_CURVE('',#1553,#1554,#1838,.T.);
#1255=EDGE_CURVE('',#1508,#1501,#141,.T.);
#1256=EDGE_CURVE('',#1512,#1553,#142,.T.);
#1257=EDGE_CURVE('',#1516,#1511,#143,.T.);
#1258=EDGE_CURVE('',#1502,#1515,#144,.T.);
#1259=EDGE_CURVE('',#1555,#1556,#1839,.T.);
#1260=EDGE_CURVE('',#1557,#1556,#1840,.T.);
#1261=EDGE_CURVE('',#1557,#1558,#1841,.T.);
#1262=EDGE_CURVE('',#1555,#1558,#1842,.F.);
#1263=EDGE_CURVE('',#1559,#1560,#1843,.T.);
#1264=EDGE_CURVE('',#1561,#1559,#1844,.F.);
#1265=EDGE_CURVE('',#1562,#1561,#1845,.T.);
#1266=EDGE_CURVE('',#1560,#1562,#1846,.T.);
#1267=EDGE_CURVE('',#1563,#1563,#145,.T.);
#1268=EDGE_CURVE('',#1564,#1564,#146,.T.);
#1269=EDGE_CURVE('',#1565,#1565,#147,.T.);
#1270=EDGE_CURVE('',#1559,#1485,#148,.T.);
#1271=EDGE_CURVE('',#1558,#1560,#149,.T.);
#1272=EDGE_CURVE('',#1504,#1557,#150,.T.);
#1273=EDGE_CURVE('',#1486,#1533,#151,.T.);
#1274=EDGE_CURVE('',#1482,#1520,#152,.T.);
#1275=EDGE_CURVE('',#1532,#1481,#153,.F.);
#1276=EDGE_CURVE('',#1566,#1566,#154,.F.);
#1277=EDGE_CURVE('',#1567,#1567,#155,.F.);
#1278=EDGE_CURVE('',#1568,#1568,#156,.F.);
#1279=EDGE_CURVE('',#1484,#1561,#157,.T.);
#1280=EDGE_CURVE('',#1554,#1483,#158,.T.);
#1281=EDGE_CURVE('',#1556,#1505,#159,.T.);
#1282=EDGE_CURVE('',#1562,#1555,#160,.T.);
#1283=EDGE_CURVE('',#1569,#1569,#161,.T.);
#1284=EDGE_CURVE('',#1570,#1570,#162,.T.);
#1285=EDGE_CURVE('',#1571,#1571,#163,.T.);
#1286=EDGE_CURVE('',#1572,#1572,#164,.T.);
#1287=EDGE_CURVE('',#1573,#1573,#165,.T.);
#1288=EDGE_CURVE('',#1574,#1574,#166,.T.);
#1289=EDGE_CURVE('',#1575,#1575,#167,.T.);
#1290=EDGE_CURVE('',#1576,#1576,#168,.T.);
#1291=EDGE_CURVE('',#1577,#1577,#169,.T.);
#1292=EDGE_CURVE('',#1578,#1578,#170,.T.);
#1293=EDGE_CURVE('',#1579,#1535,#1847,.T.);
#1294=EDGE_CURVE('',#1579,#1580,#1848,.T.);
#1295=EDGE_CURVE('',#1580,#1536,#1849,.T.);
#1296=EDGE_CURVE('',#1580,#1581,#1850,.T.);
#1297=EDGE_CURVE('',#1581,#1537,#1851,.T.);
#1298=EDGE_CURVE('',#1581,#1582,#1852,.T.);
#1299=EDGE_CURVE('',#1582,#1538,#1853,.T.);
#1300=EDGE_CURVE('',#1582,#1583,#1854,.T.);
#1301=EDGE_CURVE('',#1583,#1539,#1855,.T.);
#1302=EDGE_CURVE('',#1583,#1584,#1856,.T.);
#1303=EDGE_CURVE('',#1584,#1540,#1857,.T.);
#1304=EDGE_CURVE('',#1584,#1579,#1858,.T.);
#1305=EDGE_CURVE('',#1585,#1541,#1859,.T.);
#1306=EDGE_CURVE('',#1585,#1586,#1860,.T.);
#1307=EDGE_CURVE('',#1586,#1542,#1861,.T.);
#1308=EDGE_CURVE('',#1586,#1587,#1862,.T.);
#1309=EDGE_CURVE('',#1587,#1543,#1863,.T.);
#1310=EDGE_CURVE('',#1587,#1588,#1864,.T.);
#1311=EDGE_CURVE('',#1588,#1544,#1865,.T.);
#1312=EDGE_CURVE('',#1588,#1589,#1866,.T.);
#1313=EDGE_CURVE('',#1589,#1545,#1867,.T.);
#1314=EDGE_CURVE('',#1589,#1590,#1868,.T.);
#1315=EDGE_CURVE('',#1590,#1546,#1869,.T.);
#1316=EDGE_CURVE('',#1590,#1585,#1870,.T.);
#1317=EDGE_CURVE('',#1591,#1547,#1871,.T.);
#1318=EDGE_CURVE('',#1591,#1592,#1872,.T.);
#1319=EDGE_CURVE('',#1592,#1548,#1873,.T.);
#1320=EDGE_CURVE('',#1592,#1593,#1874,.T.);
#1321=EDGE_CURVE('',#1593,#1549,#1875,.T.);
#1322=EDGE_CURVE('',#1593,#1594,#1876,.T.);
#1323=EDGE_CURVE('',#1594,#1550,#1877,.T.);
#1324=EDGE_CURVE('',#1594,#1595,#1878,.T.);
#1325=EDGE_CURVE('',#1595,#1551,#1879,.T.);
#1326=EDGE_CURVE('',#1595,#1596,#1880,.T.);
#1327=EDGE_CURVE('',#1596,#1552,#1881,.T.);
#1328=EDGE_CURVE('',#1596,#1591,#1882,.T.);
#1329=VERTEX_POINT('',#3922);
#1330=VERTEX_POINT('',#3923);
#1331=VERTEX_POINT('',#3925);
#1332=VERTEX_POINT('',#3927);
#1333=VERTEX_POINT('',#3931);
#1334=VERTEX_POINT('',#3933);
#1335=VERTEX_POINT('',#3935);
#1336=VERTEX_POINT('',#3937);
#1337=VERTEX_POINT('',#3938);
#1338=VERTEX_POINT('',#3940);
#1339=VERTEX_POINT('',#3942);
#1340=VERTEX_POINT('',#3945);
#1341=VERTEX_POINT('',#3947);
#1342=VERTEX_POINT('',#3950);
#1343=VERTEX_POINT('',#3951);
#1344=VERTEX_POINT('',#3953);
#1345=VERTEX_POINT('',#3955);
#1346=VERTEX_POINT('',#3958);
#1347=VERTEX_POINT('',#3959);
#1348=VERTEX_POINT('',#3961);
#1349=VERTEX_POINT('',#3963);
#1350=VERTEX_POINT('',#3966);
#1351=VERTEX_POINT('',#3967);
#1352=VERTEX_POINT('',#3969);
#1353=VERTEX_POINT('',#3971);
#1354=VERTEX_POINT('',#3974);
#1355=VERTEX_POINT('',#3975);
#1356=VERTEX_POINT('',#3977);
#1357=VERTEX_POINT('',#3979);
#1358=VERTEX_POINT('',#3982);
#1359=VERTEX_POINT('',#3983);
#1360=VERTEX_POINT('',#3985);
#1361=VERTEX_POINT('',#3987);
#1362=VERTEX_POINT('',#3990);
#1363=VERTEX_POINT('',#3991);
#1364=VERTEX_POINT('',#3993);
#1365=VERTEX_POINT('',#3995);
#1366=VERTEX_POINT('',#3998);
#1367=VERTEX_POINT('',#3999);
#1368=VERTEX_POINT('',#4001);
#1369=VERTEX_POINT('',#4003);
#1370=VERTEX_POINT('',#4006);
#1371=VERTEX_POINT('',#4007);
#1372=VERTEX_POINT('',#4009);
#1373=VERTEX_POINT('',#4011);
#1374=VERTEX_POINT('',#4014);
#1375=VERTEX_POINT('',#4015);
#1376=VERTEX_POINT('',#4017);
#1377=VERTEX_POINT('',#4019);
#1378=VERTEX_POINT('',#4022);
#1379=VERTEX_POINT('',#4023);
#1380=VERTEX_POINT('',#4025);
#1381=VERTEX_POINT('',#4027);
#1382=VERTEX_POINT('',#4030);
#1383=VERTEX_POINT('',#4031);
#1384=VERTEX_POINT('',#4033);
#1385=VERTEX_POINT('',#4035);
#1386=VERTEX_POINT('',#4038);
#1387=VERTEX_POINT('',#4039);
#1388=VERTEX_POINT('',#4041);
#1389=VERTEX_POINT('',#4043);
#1390=VERTEX_POINT('',#4046);
#1391=VERTEX_POINT('',#4047);
#1392=VERTEX_POINT('',#4049);
#1393=VERTEX_POINT('',#4051);
#1394=VERTEX_POINT('',#4054);
#1395=VERTEX_POINT('',#4055);
#1396=VERTEX_POINT('',#4057);
#1397=VERTEX_POINT('',#4060);
#1398=VERTEX_POINT('',#4061);
#1399=VERTEX_POINT('',#4063);
#1400=VERTEX_POINT('',#4065);
#1401=VERTEX_POINT('',#4067);
#1402=VERTEX_POINT('',#4069);
#1403=VERTEX_POINT('',#4071);
#1404=VERTEX_POINT('',#4073);
#1405=VERTEX_POINT('',#4075);
#1406=VERTEX_POINT('',#4077);
#1407=VERTEX_POINT('',#4081);
#1408=VERTEX_POINT('',#4083);
#1409=VERTEX_POINT('',#4085);
#1410=VERTEX_POINT('',#4087);
#1411=VERTEX_POINT('',#4088);
#1412=VERTEX_POINT('',#4090);
#1413=VERTEX_POINT('',#4092);
#1414=VERTEX_POINT('',#4095);
#1415=VERTEX_POINT('',#4097);
#1416=VERTEX_POINT('',#4100);
#1417=VERTEX_POINT('',#4101);
#1418=VERTEX_POINT('',#4103);
#1419=VERTEX_POINT('',#4105);
#1420=VERTEX_POINT('',#4108);
#1421=VERTEX_POINT('',#4109);
#1422=VERTEX_POINT('',#4111);
#1423=VERTEX_POINT('',#4113);
#1424=VERTEX_POINT('',#4116);
#1425=VERTEX_POINT('',#4117);
#1426=VERTEX_POINT('',#4119);
#1427=VERTEX_POINT('',#4121);
#1428=VERTEX_POINT('',#4124);
#1429=VERTEX_POINT('',#4125);
#1430=VERTEX_POINT('',#4127);
#1431=VERTEX_POINT('',#4129);
#1432=VERTEX_POINT('',#4132);
#1433=VERTEX_POINT('',#4133);
#1434=VERTEX_POINT('',#4135);
#1435=VERTEX_POINT('',#4137);
#1436=VERTEX_POINT('',#4140);
#1437=VERTEX_POINT('',#4141);
#1438=VERTEX_POINT('',#4143);
#1439=VERTEX_POINT('',#4145);
#1440=VERTEX_POINT('',#4148);
#1441=VERTEX_POINT('',#4149);
#1442=VERTEX_POINT('',#4151);
#1443=VERTEX_POINT('',#4153);
#1444=VERTEX_POINT('',#4156);
#1445=VERTEX_POINT('',#4157);
#1446=VERTEX_POINT('',#4159);
#1447=VERTEX_POINT('',#4161);
#1448=VERTEX_POINT('',#4164);
#1449=VERTEX_POINT('',#4165);
#1450=VERTEX_POINT('',#4167);
#1451=VERTEX_POINT('',#4169);
#1452=VERTEX_POINT('',#4172);
#1453=VERTEX_POINT('',#4173);
#1454=VERTEX_POINT('',#4175);
#1455=VERTEX_POINT('',#4177);
#1456=VERTEX_POINT('',#4180);
#1457=VERTEX_POINT('',#4181);
#1458=VERTEX_POINT('',#4183);
#1459=VERTEX_POINT('',#4185);
#1460=VERTEX_POINT('',#4188);
#1461=VERTEX_POINT('',#4189);
#1462=VERTEX_POINT('',#4191);
#1463=VERTEX_POINT('',#4193);
#1464=VERTEX_POINT('',#4196);
#1465=VERTEX_POINT('',#4197);
#1466=VERTEX_POINT('',#4199);
#1467=VERTEX_POINT('',#4201);
#1468=VERTEX_POINT('',#4204);
#1469=VERTEX_POINT('',#4205);
#1470=VERTEX_POINT('',#4207);
#1471=VERTEX_POINT('',#4210);
#1472=VERTEX_POINT('',#4211);
#1473=VERTEX_POINT('',#4213);
#1474=VERTEX_POINT('',#4215);
#1475=VERTEX_POINT('',#4217);
#1476=VERTEX_POINT('',#4219);
#1477=VERTEX_POINT('',#4221);
#1478=VERTEX_POINT('',#4223);
#1479=VERTEX_POINT('',#4225);
#1480=VERTEX_POINT('',#4227);
#1481=VERTEX_POINT('',#4378);
#1482=VERTEX_POINT('',#4379);
#1483=VERTEX_POINT('',#4381);
#1484=VERTEX_POINT('',#4383);
#1485=VERTEX_POINT('',#4385);
#1486=VERTEX_POINT('',#4387);
#1487=VERTEX_POINT('',#4391);
#1488=VERTEX_POINT('',#4393);
#1489=VERTEX_POINT('',#4396);
#1490=VERTEX_POINT('',#4398);
#1491=VERTEX_POINT('',#4401);
#1492=VERTEX_POINT('',#4403);
#1493=VERTEX_POINT('',#4406);
#1494=VERTEX_POINT('',#4407);
#1495=VERTEX_POINT('',#4409);
#1496=VERTEX_POINT('',#4411);
#1497=VERTEX_POINT('',#4414);
#1498=VERTEX_POINT('',#4416);
#1499=VERTEX_POINT('',#4419);
#1500=VERTEX_POINT('',#4420);
#1501=VERTEX_POINT('',#4422);
#1502=VERTEX_POINT('',#4424);
#1503=VERTEX_POINT('',#4428);
#1504=VERTEX_POINT('',#4430);
#1505=VERTEX_POINT('',#4432);
#1506=VERTEX_POINT('',#4434);
#1507=VERTEX_POINT('',#4436);
#1508=VERTEX_POINT('',#4438);
#1509=VERTEX_POINT('',#4442);
#1510=VERTEX_POINT('',#4443);
#1511=VERTEX_POINT('',#4445);
#1512=VERTEX_POINT('',#4447);
#1513=VERTEX_POINT('',#4449);
#1514=VERTEX_POINT('',#4451);
#1515=VERTEX_POINT('',#4455);
#1516=VERTEX_POINT('',#4456);
#1517=VERTEX_POINT('',#4458);
#1518=VERTEX_POINT('',#4460);
#1519=VERTEX_POINT('',#4464);
#1520=VERTEX_POINT('',#4465);
#1521=VERTEX_POINT('',#4467);
#1522=VERTEX_POINT('',#4469);
#1523=VERTEX_POINT('',#4473);
#1524=VERTEX_POINT('',#4474);
#1525=VERTEX_POINT('',#4476);
#1526=VERTEX_POINT('',#4478);
#1527=VERTEX_POINT('',#4482);
#1528=VERTEX_POINT('',#4483);
#1529=VERTEX_POINT('',#4488);
#1530=VERTEX_POINT('',#4490);
#1531=VERTEX_POINT('',#4495);
#1532=VERTEX_POINT('',#4497);
#1533=VERTEX_POINT('',#4499);
#1534=VERTEX_POINT('',#4502);
#1535=VERTEX_POINT('',#4506);
#1536=VERTEX_POINT('',#4507);
#1537=VERTEX_POINT('',#4509);
#1538=VERTEX_POINT('',#4511);
#1539=VERTEX_POINT('',#4513);
#1540=VERTEX_POINT('',#4515);
#1541=VERTEX_POINT('',#4518);
#1542=VERTEX_POINT('',#4519);
#1543=VERTEX_POINT('',#4521);
#1544=VERTEX_POINT('',#4523);
#1545=VERTEX_POINT('',#4525);
#1546=VERTEX_POINT('',#4527);
#1547=VERTEX_POINT('',#4530);
#1548=VERTEX_POINT('',#4531);
#1549=VERTEX_POINT('',#4533);
#1550=VERTEX_POINT('',#4535);
#1551=VERTEX_POINT('',#4537);
#1552=VERTEX_POINT('',#4539);
#1553=VERTEX_POINT('',#4550);
#1554=VERTEX_POINT('',#4552);
#1555=VERTEX_POINT('',#4561);
#1556=VERTEX_POINT('',#4562);
#1557=VERTEX_POINT('',#4564);
#1558=VERTEX_POINT('',#4566);
#1559=VERTEX_POINT('',#4570);
#1560=VERTEX_POINT('',#4571);
#1561=VERTEX_POINT('',#4573);
#1562=VERTEX_POINT('',#4575);
#1563=VERTEX_POINT('',#4579);
#1564=VERTEX_POINT('',#4581);
#1565=VERTEX_POINT('',#4583);
#1566=VERTEX_POINT('',#4593);
#1567=VERTEX_POINT('',#4595);
#1568=VERTEX_POINT('',#4597);
#1569=VERTEX_POINT('',#4604);
#1570=VERTEX_POINT('',#4607);
#1571=VERTEX_POINT('',#4611);
#1572=VERTEX_POINT('',#4614);
#1573=VERTEX_POINT('',#4618);
#1574=VERTEX_POINT('',#4621);
#1575=VERTEX_POINT('',#4625);
#1576=VERTEX_POINT('',#4628);
#1577=VERTEX_POINT('',#4632);
#1578=VERTEX_POINT('',#4635);
#1579=VERTEX_POINT('',#4639);
#1580=VERTEX_POINT('',#4641);
#1581=VERTEX_POINT('',#4645);
#1582=VERTEX_POINT('',#4649);
#1583=VERTEX_POINT('',#4653);
#1584=VERTEX_POINT('',#4657);
#1585=VERTEX_POINT('',#4664);
#1586=VERTEX_POINT('',#4666);
#1587=VERTEX_POINT('',#4670);
#1588=VERTEX_POINT('',#4674);
#1589=VERTEX_POINT('',#4678);
#1590=VERTEX_POINT('',#4682);
#1591=VERTEX_POINT('',#4689);
#1592=VERTEX_POINT('',#4691);
#1593=VERTEX_POINT('',#4695);
#1594=VERTEX_POINT('',#4699);
#1595=VERTEX_POINT('',#4703);
#1596=VERTEX_POINT('',#4707);
#1597=LINE('',#3921,#1883);
#1598=LINE('',#3924,#1884);
#1599=LINE('',#3926,#1885);
#1600=LINE('',#3928,#1886);
#1601=LINE('',#3939,#1887);
#1602=LINE('',#3941,#1888);
#1603=LINE('',#3943,#1889);
#1604=LINE('',#3944,#1890);
#1605=LINE('',#3946,#1891);
#1606=LINE('',#3949,#1892);
#1607=LINE('',#3952,#1893);
#1608=LINE('',#3954,#1894);
#1609=LINE('',#3957,#1895);
#1610=LINE('',#3960,#1896);
#1611=LINE('',#3962,#1897);
#1612=LINE('',#3965,#1898);
#1613=LINE('',#3968,#1899);
#1614=LINE('',#3970,#1900);
#1615=LINE('',#3973,#1901);
#1616=LINE('',#3976,#1902);
#1617=LINE('',#3978,#1903);
#1618=LINE('',#3981,#1904);
#1619=LINE('',#3984,#1905);
#1620=LINE('',#3986,#1906);
#1621=LINE('',#3989,#1907);
#1622=LINE('',#3992,#1908);
#1623=LINE('',#3994,#1909);
#1624=LINE('',#3997,#1910);
#1625=LINE('',#4000,#1911);
#1626=LINE('',#4002,#1912);
#1627=LINE('',#4005,#1913);
#1628=LINE('',#4008,#1914);
#1629=LINE('',#4010,#1915);
#1630=LINE('',#4013,#1916);
#1631=LINE('',#4016,#1917);
#1632=LINE('',#4018,#1918);
#1633=LINE('',#4021,#1919);
#1634=LINE('',#4024,#1920);
#1635=LINE('',#4026,#1921);
#1636=LINE('',#4029,#1922);
#1637=LINE('',#4032,#1923);
#1638=LINE('',#4034,#1924);
#1639=LINE('',#4037,#1925);
#1640=LINE('',#4040,#1926);
#1641=LINE('',#4042,#1927);
#1642=LINE('',#4045,#1928);
#1643=LINE('',#4048,#1929);
#1644=LINE('',#4050,#1930);
#1645=LINE('',#4053,#1931);
#1646=LINE('',#4056,#1932);
#1647=LINE('',#4059,#1933);
#1648=LINE('',#4064,#1934);
#1649=LINE('',#4086,#1935);
#1650=LINE('',#4089,#1936);
#1651=LINE('',#4091,#1937);
#1652=LINE('',#4096,#1938);
#1653=LINE('',#4098,#1939);
#1654=LINE('',#4102,#1940);
#1655=LINE('',#4104,#1941);
#1656=LINE('',#4106,#1942);
#1657=LINE('',#4110,#1943);
#1658=LINE('',#4112,#1944);
#1659=LINE('',#4114,#1945);
#1660=LINE('',#4118,#1946);
#1661=LINE('',#4120,#1947);
#1662=LINE('',#4122,#1948);
#1663=LINE('',#4126,#1949);
#1664=LINE('',#4128,#1950);
#1665=LINE('',#4130,#1951);
#1666=LINE('',#4134,#1952);
#1667=LINE('',#4136,#1953);
#1668=LINE('',#4138,#1954);
#1669=LINE('',#4142,#1955);
#1670=LINE('',#4144,#1956);
#1671=LINE('',#4146,#1957);
#1672=LINE('',#4150,#1958);
#1673=LINE('',#4152,#1959);
#1674=LINE('',#4154,#1960);
#1675=LINE('',#4158,#1961);
#1676=LINE('',#4160,#1962);
#1677=LINE('',#4162,#1963);
#1678=LINE('',#4166,#1964);
#1679=LINE('',#4168,#1965);
#1680=LINE('',#4170,#1966);
#1681=LINE('',#4174,#1967);
#1682=LINE('',#4176,#1968);
#1683=LINE('',#4178,#1969);
#1684=LINE('',#4182,#1970);
#1685=LINE('',#4184,#1971);
#1686=LINE('',#4186,#1972);
#1687=LINE('',#4190,#1973);
#1688=LINE('',#4192,#1974);
#1689=LINE('',#4194,#1975);
#1690=LINE('',#4198,#1976);
#1691=LINE('',#4200,#1977);
#1692=LINE('',#4202,#1978);
#1693=LINE('',#4206,#1979);
#1694=LINE('',#4208,#1980);
#1695=LINE('',#4222,#1981);
#1696=LINE('',#4226,#1982);
#1697=LINE('',#4230,#1983);
#1698=LINE('',#4231,#1984);
#1699=LINE('',#4233,#1985);
#1700=LINE('',#4235,#1986);
#1701=LINE('',#4237,#1987);
#1702=LINE('',#4239,#1988);
#1703=LINE('',#4240,#1989);
#1704=LINE('',#4243,#1990);
#1705=LINE('',#4245,#1991);
#1706=LINE('',#4247,#1992);
#1707=LINE('',#4248,#1993);
#1708=LINE('',#4251,#1994);
#1709=LINE('',#4253,#1995);
#1710=LINE('',#4255,#1996);
#1711=LINE('',#4256,#1997);
#1712=LINE('',#4259,#1998);
#1713=LINE('',#4261,#1999);
#1714=LINE('',#4263,#2000);
#1715=LINE('',#4264,#2001);
#1716=LINE('',#4267,#2002);
#1717=LINE('',#4269,#2003);
#1718=LINE('',#4271,#2004);
#1719=LINE('',#4272,#2005);
#1720=LINE('',#4275,#2006);
#1721=LINE('',#4277,#2007);
#1722=LINE('',#4279,#2008);
#1723=LINE('',#4280,#2009);
#1724=LINE('',#4283,#2010);
#1725=LINE('',#4285,#2011);
#1726=LINE('',#4287,#2012);
#1727=LINE('',#4288,#2013);
#1728=LINE('',#4291,#2014);
#1729=LINE('',#4293,#2015);
#1730=LINE('',#4295,#2016);
#1731=LINE('',#4296,#2017);
#1732=LINE('',#4299,#2018);
#1733=LINE('',#4301,#2019);
#1734=LINE('',#4303,#2020);
#1735=LINE('',#4304,#2021);
#1736=LINE('',#4307,#2022);
#1737=LINE('',#4309,#2023);
#1738=LINE('',#4311,#2024);
#1739=LINE('',#4312,#2025);
#1740=LINE('',#4315,#2026);
#1741=LINE('',#4317,#2027);
#1742=LINE('',#4319,#2028);
#1743=LINE('',#4320,#2029);
#1744=LINE('',#4323,#2030);
#1745=LINE('',#4325,#2031);
#1746=LINE('',#4327,#2032);
#1747=LINE('',#4328,#2033);
#1748=LINE('',#4331,#2034);
#1749=LINE('',#4333,#2035);
#1750=LINE('',#4335,#2036);
#1751=LINE('',#4336,#2037);
#1752=LINE('',#4339,#2038);
#1753=LINE('',#4341,#2039);
#1754=LINE('',#4343,#2040);
#1755=LINE('',#4344,#2041);
#1756=LINE('',#4347,#2042);
#1757=LINE('',#4350,#2043);
#1758=LINE('',#4351,#2044);
#1759=LINE('',#4353,#2045);
#1760=LINE('',#4354,#2046);
#1761=LINE('',#4356,#2047);
#1762=LINE('',#4357,#2048);
#1763=LINE('',#4359,#2049);
#1764=LINE('',#4360,#2050);
#1765=LINE('',#4362,#2051);
#1766=LINE('',#4365,#2052);
#1767=LINE('',#4366,#2053);
#1768=LINE('',#4377,#2054);
#1769=LINE('',#4380,#2055);
#1770=LINE('',#4382,#2056);
#1771=LINE('',#4384,#2057);
#1772=LINE('',#4386,#2058);
#1773=LINE('',#4388,#2059);
#1774=LINE('',#4405,#2060);
#1775=LINE('',#4408,#2061);
#1776=LINE('',#4410,#2062);
#1777=LINE('',#4412,#2063);
#1778=LINE('',#4418,#2064);
#1779=LINE('',#4421,#2065);
#1780=LINE('',#4423,#2066);
#1781=LINE('',#4425,#2067);
#1782=LINE('',#4427,#2068);
#1783=LINE('',#4429,#2069);
#1784=LINE('',#4431,#2070);
#1785=LINE('',#4433,#2071);
#1786=LINE('',#4435,#2072);
#1787=LINE('',#4437,#2073);
#1788=LINE('',#4439,#2074);
#1789=LINE('',#4441,#2075);
#1790=LINE('',#4444,#2076);
#1791=LINE('',#4446,#2077);
#1792=LINE('',#4448,#2078);
#1793=LINE('',#4450,#2079);
#1794=LINE('',#4452,#2080);
#1795=LINE('',#4454,#2081);
#1796=LINE('',#4457,#2082);
#1797=LINE('',#4459,#2083);
#1798=LINE('',#4461,#2084);
#1799=LINE('',#4463,#2085);
#1800=LINE('',#4466,#2086);
#1801=LINE('',#4468,#2087);
#1802=LINE('',#4470,#2088);
#1803=LINE('',#4472,#2089);
#1804=LINE('',#4475,#2090);
#1805=LINE('',#4477,#2091);
#1806=LINE('',#4479,#2092);
#1807=LINE('',#4481,#2093);
#1808=LINE('',#4484,#2094);
#1809=LINE('',#4485,#2095);
#1810=LINE('',#4491,#2096);
#1811=LINE('',#4492,#2097);
#1812=LINE('',#4494,#2098);
#1813=LINE('',#4496,#2099);
#1814=LINE('',#4498,#2100);
#1815=LINE('',#4500,#2101);
#1816=LINE('',#4501,#2102);
#1817=LINE('',#4503,#2103);
#1818=LINE('',#4505,#2104);
#1819=LINE('',#4508,#2105);
#1820=LINE('',#4510,#2106);
#1821=LINE('',#4512,#2107);
#1822=LINE('',#4514,#2108);
#1823=LINE('',#4516,#2109);
#1824=LINE('',#4517,#2110);
#1825=LINE('',#4520,#2111);
#1826=LINE('',#4522,#2112);
#1827=LINE('',#4524,#2113);
#1828=LINE('',#4526,#2114);
#1829=LINE('',#4528,#2115);
#1830=LINE('',#4529,#2116);
#1831=LINE('',#4532,#2117);
#1832=LINE('',#4534,#2118);
#1833=LINE('',#4536,#2119);
#1834=LINE('',#4538,#2120);
#1835=LINE('',#4540,#2121);
#1836=LINE('',#4549,#2122);
#1837=LINE('',#4551,#2123);
#1838=LINE('',#4553,#2124);
#1839=LINE('',#4560,#2125);
#1840=LINE('',#4563,#2126);
#1841=LINE('',#4565,#2127);
#1842=LINE('',#4567,#2128);
#1843=LINE('',#4569,#2129);
#1844=LINE('',#4572,#2130);
#1845=LINE('',#4574,#2131);
#1846=LINE('',#4576,#2132);
#1847=LINE('',#4638,#2133);
#1848=LINE('',#4640,#2134);
#1849=LINE('',#4642,#2135);
#1850=LINE('',#4644,#2136);
#1851=LINE('',#4646,#2137);
#1852=LINE('',#4648,#2138);
#1853=LINE('',#4650,#2139);
#1854=LINE('',#4652,#2140);
#1855=LINE('',#4654,#2141);
#1856=LINE('',#4656,#2142);
#1857=LINE('',#4658,#2143);
#1858=LINE('',#4660,#2144);
#1859=LINE('',#4663,#2145);
#1860=LINE('',#4665,#2146);
#1861=LINE('',#4667,#2147);
#1862=LINE('',#4669,#2148);
#1863=LINE('',#4671,#2149);
#1864=LINE('',#4673,#2150);
#1865=LINE('',#4675,#2151);
#1866=LINE('',#4677,#2152);
#1867=LINE('',#4679,#2153);
#1868=LINE('',#4681,#2154);
#1869=LINE('',#4683,#2155);
#1870=LINE('',#4685,#2156);
#1871=LINE('',#4688,#2157);
#1872=LINE('',#4690,#2158);
#1873=LINE('',#4692,#2159);
#1874=LINE('',#4694,#2160);
#1875=LINE('',#4696,#2161);
#1876=LINE('',#4698,#2162);
#1877=LINE('',#4700,#2163);
#1878=LINE('',#4702,#2164);
#1879=LINE('',#4704,#2165);
#1880=LINE('',#4706,#2166);
#1881=LINE('',#4708,#2167);
#1882=LINE('',#4710,#2168);
#1883=VECTOR('',#3139,1000.);
#1884=VECTOR('',#3140,1000.);
#1885=VECTOR('',#3141,1000.);
#1886=VECTOR('',#3142,1000.);
#1887=VECTOR('',#3153,1000.);
#1888=VECTOR('',#3154,1000.);
#1889=VECTOR('',#3155,1000.);
#1890=VECTOR('',#3156,1000.);
#1891=VECTOR('',#3157,1000.);
#1892=VECTOR('',#3160,1000.);
#1893=VECTOR('',#3161,1000.);
#1894=VECTOR('',#3162,1000.);
#1895=VECTOR('',#3165,1000.);
#1896=VECTOR('',#3166,1000.);
#1897=VECTOR('',#3167,1000.);
#1898=VECTOR('',#3170,1000.);
#1899=VECTOR('',#3171,1000.);
#1900=VECTOR('',#3172,1000.);
#1901=VECTOR('',#3175,1000.);
#1902=VECTOR('',#3176,1000.);
#1903=VECTOR('',#3177,1000.);
#1904=VECTOR('',#3180,1000.);
#1905=VECTOR('',#3181,1000.);
#1906=VECTOR('',#3182,1000.);
#1907=VECTOR('',#3185,1000.);
#1908=VECTOR('',#3186,1000.);
#1909=VECTOR('',#3187,1000.);
#1910=VECTOR('',#3190,1000.);
#1911=VECTOR('',#3191,1000.);
#1912=VECTOR('',#3192,1000.);
#1913=VECTOR('',#3195,1000.);
#1914=VECTOR('',#3196,1000.);
#1915=VECTOR('',#3197,1000.);
#1916=VECTOR('',#3200,1000.);
#1917=VECTOR('',#3201,1000.);
#1918=VECTOR('',#3202,1000.);
#1919=VECTOR('',#3205,1000.);
#1920=VECTOR('',#3206,1000.);
#1921=VECTOR('',#3207,1000.);
#1922=VECTOR('',#3210,1000.);
#1923=VECTOR('',#3211,1000.);
#1924=VECTOR('',#3212,1000.);
#1925=VECTOR('',#3215,1000.);
#1926=VECTOR('',#3216,1000.);
#1927=VECTOR('',#3217,1000.);
#1928=VECTOR('',#3220,1000.);
#1929=VECTOR('',#3221,1000.);
#1930=VECTOR('',#3222,1000.);
#1931=VECTOR('',#3225,1000.);
#1932=VECTOR('',#3226,1000.);
#1933=VECTOR('',#3229,1000.);
#1934=VECTOR('',#3232,1000.);
#1935=VECTOR('',#3255,1000.);
#1936=VECTOR('',#3256,1000.);
#1937=VECTOR('',#3257,1000.);
#1938=VECTOR('',#3262,1000.);
#1939=VECTOR('',#3263,1000.);
#1940=VECTOR('',#3266,1000.);
#1941=VECTOR('',#3267,1000.);
#1942=VECTOR('',#3268,1000.);
#1943=VECTOR('',#3271,1000.);
#1944=VECTOR('',#3272,1000.);
#1945=VECTOR('',#3273,1000.);
#1946=VECTOR('',#3276,1000.);
#1947=VECTOR('',#3277,1000.);
#1948=VECTOR('',#3278,1000.);
#1949=VECTOR('',#3281,1000.);
#1950=VECTOR('',#3282,1000.);
#1951=VECTOR('',#3283,1000.);
#1952=VECTOR('',#3286,1000.);
#1953=VECTOR('',#3287,1000.);
#1954=VECTOR('',#3288,1000.);
#1955=VECTOR('',#3291,1000.);
#1956=VECTOR('',#3292,1000.);
#1957=VECTOR('',#3293,1000.);
#1958=VECTOR('',#3296,1000.);
#1959=VECTOR('',#3297,1000.);
#1960=VECTOR('',#3298,1000.);
#1961=VECTOR('',#3301,1000.);
#1962=VECTOR('',#3302,1000.);
#1963=VECTOR('',#3303,1000.);
#1964=VECTOR('',#3306,1000.);
#1965=VECTOR('',#3307,1000.);
#1966=VECTOR('',#3308,1000.);
#1967=VECTOR('',#3311,1000.);
#1968=VECTOR('',#3312,1000.);
#1969=VECTOR('',#3313,1000.);
#1970=VECTOR('',#3316,1000.);
#1971=VECTOR('',#3317,1000.);
#1972=VECTOR('',#3318,1000.);
#1973=VECTOR('',#3321,1000.);
#1974=VECTOR('',#3322,1000.);
#1975=VECTOR('',#3323,1000.);
#1976=VECTOR('',#3326,1000.);
#1977=VECTOR('',#3327,1000.);
#1978=VECTOR('',#3328,1000.);
#1979=VECTOR('',#3331,1000.);
#1980=VECTOR('',#3332,1000.);
#1981=VECTOR('',#3345,1000.);
#1982=VECTOR('',#3348,1000.);
#1983=VECTOR('',#3353,1000.);
#1984=VECTOR('',#3354,1000.);
#1985=VECTOR('',#3357,1000.);
#1986=VECTOR('',#3360,1000.);
#1987=VECTOR('',#3363,1000.);
#1988=VECTOR('',#3366,1000.);
#1989=VECTOR('',#3367,1000.);
#1990=VECTOR('',#3372,1000.);
#1991=VECTOR('',#3375,1000.);
#1992=VECTOR('',#3378,1000.);
#1993=VECTOR('',#3379,1000.);
#1994=VECTOR('',#3384,1000.);
#1995=VECTOR('',#3387,1000.);
#1996=VECTOR('',#3390,1000.);
#1997=VECTOR('',#3391,1000.);
#1998=VECTOR('',#3396,1000.);
#1999=VECTOR('',#3399,1000.);
#2000=VECTOR('',#3402,1000.);
#2001=VECTOR('',#3403,1000.);
#2002=VECTOR('',#3408,1000.);
#2003=VECTOR('',#3411,1000.);
#2004=VECTOR('',#3414,1000.);
#2005=VECTOR('',#3415,1000.);
#2006=VECTOR('',#3420,1000.);
#2007=VECTOR('',#3423,1000.);
#2008=VECTOR('',#3426,1000.);
#2009=VECTOR('',#3427,1000.);
#2010=VECTOR('',#3432,1000.);
#2011=VECTOR('',#3435,1000.);
#2012=VECTOR('',#3438,1000.);
#2013=VECTOR('',#3439,1000.);
#2014=VECTOR('',#3444,1000.);
#2015=VECTOR('',#3447,1000.);
#2016=VECTOR('',#3450,1000.);
#2017=VECTOR('',#3451,1000.);
#2018=VECTOR('',#3456,1000.);
#2019=VECTOR('',#3459,1000.);
#2020=VECTOR('',#3462,1000.);
#2021=VECTOR('',#3463,1000.);
#2022=VECTOR('',#3468,1000.);
#2023=VECTOR('',#3471,1000.);
#2024=VECTOR('',#3474,1000.);
#2025=VECTOR('',#3475,1000.);
#2026=VECTOR('',#3480,1000.);
#2027=VECTOR('',#3483,1000.);
#2028=VECTOR('',#3486,1000.);
#2029=VECTOR('',#3487,1000.);
#2030=VECTOR('',#3492,1000.);
#2031=VECTOR('',#3495,1000.);
#2032=VECTOR('',#3498,1000.);
#2033=VECTOR('',#3499,1000.);
#2034=VECTOR('',#3504,1000.);
#2035=VECTOR('',#3507,1000.);
#2036=VECTOR('',#3510,1000.);
#2037=VECTOR('',#3511,1000.);
#2038=VECTOR('',#3516,1000.);
#2039=VECTOR('',#3519,1000.);
#2040=VECTOR('',#3522,1000.);
#2041=VECTOR('',#3523,1000.);
#2042=VECTOR('',#3528,1000.);
#2043=VECTOR('',#3533,1000.);
#2044=VECTOR('',#3534,1000.);
#2045=VECTOR('',#3537,1000.);
#2046=VECTOR('',#3538,1000.);
#2047=VECTOR('',#3541,1000.);
#2048=VECTOR('',#3542,1000.);
#2049=VECTOR('',#3545,1000.);
#2050=VECTOR('',#3546,1000.);
#2051=VECTOR('',#3549,1000.);
#2052=VECTOR('',#3554,1000.);
#2053=VECTOR('',#3555,1000.);
#2054=VECTOR('',#3576,1000.);
#2055=VECTOR('',#3577,1000.);
#2056=VECTOR('',#3578,1000.);
#2057=VECTOR('',#3579,1000.);
#2058=VECTOR('',#3580,1000.);
#2059=VECTOR('',#3581,1000.);
#2060=VECTOR('',#3602,1000.);
#2061=VECTOR('',#3603,1000.);
#2062=VECTOR('',#3604,1000.);
#2063=VECTOR('',#3605,1000.);
#2064=VECTOR('',#3612,1000.);
#2065=VECTOR('',#3613,1000.);
#2066=VECTOR('',#3614,1000.);
#2067=VECTOR('',#3615,1000.);
#2068=VECTOR('',#3618,1000.);
#2069=VECTOR('',#3619,1000.);
#2070=VECTOR('',#3620,1000.);
#2071=VECTOR('',#3621,1000.);
#2072=VECTOR('',#3622,1000.);
#2073=VECTOR('',#3623,1000.);
#2074=VECTOR('',#3624,1000.);
#2075=VECTOR('',#3627,1000.);
#2076=VECTOR('',#3628,1000.);
#2077=VECTOR('',#3629,1000.);
#2078=VECTOR('',#3630,1000.);
#2079=VECTOR('',#3631,1000.);
#2080=VECTOR('',#3632,1000.);
#2081=VECTOR('',#3635,1000.);
#2082=VECTOR('',#3636,1000.);
#2083=VECTOR('',#3637,1000.);
#2084=VECTOR('',#3638,1000.);
#2085=VECTOR('',#3641,1000.);
#2086=VECTOR('',#3642,1000.);
#2087=VECTOR('',#3643,1000.);
#2088=VECTOR('',#3644,1000.);
#2089=VECTOR('',#3647,1000.);
#2090=VECTOR('',#3648,1000.);
#2091=VECTOR('',#3649,1000.);
#2092=VECTOR('',#3650,1000.);
#2093=VECTOR('',#3653,1000.);
#2094=VECTOR('',#3654,1000.);
#2095=VECTOR('',#3655,1000.);
#2096=VECTOR('',#3662,1000.);
#2097=VECTOR('',#3663,1000.);
#2098=VECTOR('',#3666,1000.);
#2099=VECTOR('',#3667,1000.);
#2100=VECTOR('',#3668,1000.);
#2101=VECTOR('',#3669,1000.);
#2102=VECTOR('',#3670,1000.);
#2103=VECTOR('',#3671,1000.);
#2104=VECTOR('',#3674,1000.);
#2105=VECTOR('',#3675,1000.);
#2106=VECTOR('',#3676,1000.);
#2107=VECTOR('',#3677,1000.);
#2108=VECTOR('',#3678,1000.);
#2109=VECTOR('',#3679,1000.);
#2110=VECTOR('',#3680,1000.);
#2111=VECTOR('',#3681,1000.);
#2112=VECTOR('',#3682,1000.);
#2113=VECTOR('',#3683,1000.);
#2114=VECTOR('',#3684,1000.);
#2115=VECTOR('',#3685,1000.);
#2116=VECTOR('',#3686,1000.);
#2117=VECTOR('',#3687,1000.);
#2118=VECTOR('',#3688,1000.);
#2119=VECTOR('',#3689,1000.);
#2120=VECTOR('',#3690,1000.);
#2121=VECTOR('',#3691,1000.);
#2122=VECTOR('',#3708,1000.);
#2123=VECTOR('',#3709,1000.);
#2124=VECTOR('',#3710,1000.);
#2125=VECTOR('',#3723,1000.);
#2126=VECTOR('',#3724,1000.);
#2127=VECTOR('',#3725,1000.);
#2128=VECTOR('',#3726,1000.);
#2129=VECTOR('',#3729,1000.);
#2130=VECTOR('',#3730,1000.);
#2131=VECTOR('',#3731,1000.);
#2132=VECTOR('',#3732,1000.);
#2133=VECTOR('',#3823,1000.);
#2134=VECTOR('',#3824,1000.);
#2135=VECTOR('',#3825,1000.);
#2136=VECTOR('',#3828,1000.);
#2137=VECTOR('',#3829,1000.);
#2138=VECTOR('',#3832,1000.);
#2139=VECTOR('',#3833,1000.);
#2140=VECTOR('',#3836,1000.);
#2141=VECTOR('',#3837,1000.);
#2142=VECTOR('',#3840,1000.);
#2143=VECTOR('',#3841,1000.);
#2144=VECTOR('',#3844,1000.);
#2145=VECTOR('',#3849,1000.);
#2146=VECTOR('',#3850,1000.);
#2147=VECTOR('',#3851,1000.);
#2148=VECTOR('',#3854,1000.);
#2149=VECTOR('',#3855,1000.);
#2150=VECTOR('',#3858,1000.);
#2151=VECTOR('',#3859,1000.);
#2152=VECTOR('',#3862,1000.);
#2153=VECTOR('',#3863,1000.);
#2154=VECTOR('',#3866,1000.);
#2155=VECTOR('',#3867,1000.);
#2156=VECTOR('',#3870,1000.);
#2157=VECTOR('',#3875,1000.);
#2158=VECTOR('',#3876,1000.);
#2159=VECTOR('',#3877,1000.);
#2160=VECTOR('',#3880,1000.);
#2161=VECTOR('',#3881,1000.);
#2162=VECTOR('',#3884,1000.);
#2163=VECTOR('',#3885,1000.);
#2164=VECTOR('',#3888,1000.);
#2165=VECTOR('',#3889,1000.);
#2166=VECTOR('',#3892,1000.);
#2167=VECTOR('',#3893,1000.);
#2168=VECTOR('',#3896,1000.);
#2169=EDGE_LOOP('',(#171,#172,#173,#174));
#2170=EDGE_LOOP('',(#175));
#2171=EDGE_LOOP('',(#176));
#2172=EDGE_LOOP('',(#177));
#2173=EDGE_LOOP('',(#178,#179,#180,#181));
#2174=EDGE_LOOP('',(#182,#183,#184,#185));
#2175=EDGE_LOOP('',(#186,#187,#188,#189));
#2176=EDGE_LOOP('',(#190,#191,#192,#193));
#2177=EDGE_LOOP('',(#194,#195,#196,#197));
#2178=EDGE_LOOP('',(#198,#199,#200,#201));
#2179=EDGE_LOOP('',(#202,#203,#204,#205));
#2180=EDGE_LOOP('',(#206,#207,#208,#209));
#2181=EDGE_LOOP('',(#210,#211,#212,#213));
#2182=EDGE_LOOP('',(#214,#215,#216,#217));
#2183=EDGE_LOOP('',(#218,#219,#220,#221));
#2184=EDGE_LOOP('',(#222,#223,#224,#225));
#2185=EDGE_LOOP('',(#226,#227,#228,#229));
#2186=EDGE_LOOP('',(#230,#231,#232,#233));
#2187=EDGE_LOOP('',(#234,#235,#236,#237));
#2188=EDGE_LOOP('',(#238,#239,#240));
#2189=EDGE_LOOP('',(#241,#242,#243,#244,#245,#246,#247,#248,#249,#250));
#2190=EDGE_LOOP('',(#251));
#2191=EDGE_LOOP('',(#252));
#2192=EDGE_LOOP('',(#253));
#2193=EDGE_LOOP('',(#254,#255,#256,#257));
#2194=EDGE_LOOP('',(#258,#259,#260,#261));
#2195=EDGE_LOOP('',(#262,#263,#264,#265));
#2196=EDGE_LOOP('',(#266,#267,#268,#269));
#2197=EDGE_LOOP('',(#270,#271,#272,#273));
#2198=EDGE_LOOP('',(#274,#275,#276,#277));
#2199=EDGE_LOOP('',(#278,#279,#280,#281));
#2200=EDGE_LOOP('',(#282,#283,#284,#285));
#2201=EDGE_LOOP('',(#286,#287,#288,#289));
#2202=EDGE_LOOP('',(#290,#291,#292,#293));
#2203=EDGE_LOOP('',(#294,#295,#296,#297));
#2204=EDGE_LOOP('',(#298,#299,#300,#301));
#2205=EDGE_LOOP('',(#302,#303,#304,#305));
#2206=EDGE_LOOP('',(#306,#307,#308,#309));
#2207=EDGE_LOOP('',(#310,#311,#312,#313));
#2208=EDGE_LOOP('',(#314,#315,#316));
#2209=EDGE_LOOP('',(#317,#318,#319,#320,#321,#322,#323,#324,#325,#326));
#2210=EDGE_LOOP('',(#327,#328,#329,#330));
#2211=EDGE_LOOP('',(#331,#332,#333,#334));
#2212=EDGE_LOOP('',(#335,#336,#337,#338));
#2213=EDGE_LOOP('',(#339,#340,#341,#342));
#2214=EDGE_LOOP('',(#343,#344,#345,#346));
#2215=EDGE_LOOP('',(#347,#348,#349,#350));
#2216=EDGE_LOOP('',(#351,#352,#353,#354));
#2217=EDGE_LOOP('',(#355,#356,#357,#358));
#2218=EDGE_LOOP('',(#359,#360,#361,#362));
#2219=EDGE_LOOP('',(#363,#364,#365,#366));
#2220=EDGE_LOOP('',(#367,#368,#369,#370));
#2221=EDGE_LOOP('',(#371,#372,#373,#374));
#2222=EDGE_LOOP('',(#375,#376,#377,#378));
#2223=EDGE_LOOP('',(#379,#380,#381,#382));
#2224=EDGE_LOOP('',(#383,#384,#385,#386));
#2225=EDGE_LOOP('',(#387,#388,#389,#390));
#2226=EDGE_LOOP('',(#391,#392,#393,#394));
#2227=EDGE_LOOP('',(#395,#396,#397,#398));
#2228=EDGE_LOOP('',(#399,#400,#401,#402));
#2229=EDGE_LOOP('',(#403,#404,#405,#406));
#2230=EDGE_LOOP('',(#407,#408,#409,#410));
#2231=EDGE_LOOP('',(#411,#412,#413,#414));
#2232=EDGE_LOOP('',(#415,#416,#417,#418));
#2233=EDGE_LOOP('',(#419,#420,#421,#422));
#2234=EDGE_LOOP('',(#423,#424,#425,#426));
#2235=EDGE_LOOP('',(#427,#428,#429,#430));
#2236=EDGE_LOOP('',(#431,#432,#433,#434));
#2237=EDGE_LOOP('',(#435,#436,#437,#438));
#2238=EDGE_LOOP('',(#439,#440,#441,#442));
#2239=EDGE_LOOP('',(#443,#444,#445,#446));
#2240=EDGE_LOOP('',(#447,#448,#449,#450));
#2241=EDGE_LOOP('',(#451,#452,#453,#454));
#2242=EDGE_LOOP('',(#455,#456,#457,#458));
#2243=EDGE_LOOP('',(#459,#460,#461,#462));
#2244=EDGE_LOOP('',(#463,#464,#465,#466));
#2245=EDGE_LOOP('',(#467,#468,#469,#470));
#2246=EDGE_LOOP('',(#471,#472,#473,#474));
#2247=EDGE_LOOP('',(#475,#476,#477,#478));
#2248=EDGE_LOOP('',(#479,#480,#481,#482));
#2249=EDGE_LOOP('',(#483,#484,#485,#486));
#2250=EDGE_LOOP('',(#487,#488,#489,#490));
#2251=EDGE_LOOP('',(#491,#492,#493,#494));
#2252=EDGE_LOOP('',(#495,#496,#497,#498));
#2253=EDGE_LOOP('',(#499,#500,#501,#502));
#2254=EDGE_LOOP('',(#503,#504,#505,#506));
#2255=EDGE_LOOP('',(#507,#508,#509,#510));
#2256=EDGE_LOOP('',(#511,#512,#513,#514));
#2257=EDGE_LOOP('',(#515,#516,#517,#518));
#2258=EDGE_LOOP('',(#519,#520,#521,#522));
#2259=EDGE_LOOP('',(#523,#524,#525,#526));
#2260=EDGE_LOOP('',(#527,#528,#529,#530));
#2261=EDGE_LOOP('',(#531,#532,#533,#534));
#2262=EDGE_LOOP('',(#535,#536,#537,#538));
#2263=EDGE_LOOP('',(#539,#540,#541,#542));
#2264=EDGE_LOOP('',(#543,#544,#545,#546));
#2265=EDGE_LOOP('',(#547,#548,#549,#550));
#2266=EDGE_LOOP('',(#551,#552,#553,#554));
#2267=EDGE_LOOP('',(#555,#556,#557,#558));
#2268=EDGE_LOOP('',(#559,#560,#561,#562));
#2269=EDGE_LOOP('',(#563,#564,#565,#566));
#2270=EDGE_LOOP('',(#567,#568,#569,#570));
#2271=EDGE_LOOP('',(#571,#572,#573,#574));
#2272=EDGE_LOOP('',(#575,#576,#577,#578));
#2273=EDGE_LOOP('',(#579,#580,#581,#582));
#2274=EDGE_LOOP('',(#583,#584,#585,#586));
#2275=EDGE_LOOP('',(#587,#588,#589,#590));
#2276=EDGE_LOOP('',(#591,#592,#593,#594));
#2277=EDGE_LOOP('',(#595,#596,#597,#598));
#2278=EDGE_LOOP('',(#599,#600,#601,#602));
#2279=EDGE_LOOP('',(#603,#604,#605,#606));
#2280=EDGE_LOOP('',(#607,#608,#609,#610));
#2281=EDGE_LOOP('',(#611,#612,#613,#614));
#2282=EDGE_LOOP('',(#615));
#2283=EDGE_LOOP('',(#616));
#2284=EDGE_LOOP('',(#617));
#2285=EDGE_LOOP('',(#618));
#2286=EDGE_LOOP('',(#619));
#2287=EDGE_LOOP('',(#620));
#2288=EDGE_LOOP('',(#621,#622,#623,#624,#625,#626));
#2289=EDGE_LOOP('',(#627));
#2290=EDGE_LOOP('',(#628));
#2291=EDGE_LOOP('',(#629));
#2292=EDGE_LOOP('',(#630));
#2293=EDGE_LOOP('',(#631));
#2294=EDGE_LOOP('',(#632));
#2295=EDGE_LOOP('',(#633,#634,#635,#636));
#2296=EDGE_LOOP('',(#637));
#2297=EDGE_LOOP('',(#638));
#2298=EDGE_LOOP('',(#639,#640,#641,#642));
#2299=EDGE_LOOP('',(#643,#644,#645,#646,#647,#648,#649,#650));
#2300=EDGE_LOOP('',(#651,#652,#653,#654,#655,#656));
#2301=EDGE_LOOP('',(#657,#658,#659,#660));
#2302=EDGE_LOOP('',(#661,#662,#663,#664));
#2303=EDGE_LOOP('',(#665,#666,#667,#668));
#2304=EDGE_LOOP('',(#669,#670,#671,#672));
#2305=EDGE_LOOP('',(#673));
#2306=EDGE_LOOP('',(#674));
#2307=EDGE_LOOP('',(#675,#676,#677,#678));
#2308=EDGE_LOOP('',(#679,#680,#681,#682,#683,#684,#685,#686));
#2309=EDGE_LOOP('',(#687,#688,#689,#690,#691,#692));
#2310=EDGE_LOOP('',(#693,#694,#695,#696,#697,#698));
#2311=EDGE_LOOP('',(#699,#700,#701,#702,#703,#704));
#2312=EDGE_LOOP('',(#705,#706,#707,#708,#709,#710,#711,#712,#713,#714));
#2313=EDGE_LOOP('',(#715,#716,#717,#718,#719,#720,#721,#722));
#2314=EDGE_LOOP('',(#723,#724,#725,#726));
#2315=EDGE_LOOP('',(#727));
#2316=EDGE_LOOP('',(#728));
#2317=EDGE_LOOP('',(#729));
#2318=EDGE_LOOP('',(#730,#731,#732,#733,#734,#735,#736,#737,#738));
#2319=EDGE_LOOP('',(#739,#740,#741,#742));
#2320=EDGE_LOOP('',(#743,#744,#745,#746));
#2321=EDGE_LOOP('',(#747));
#2322=EDGE_LOOP('',(#748));
#2323=EDGE_LOOP('',(#749));
#2324=EDGE_LOOP('',(#750,#751,#752,#753,#754,#755,#756,#757,#758,#759));
#2325=EDGE_LOOP('',(#760,#761,#762,#763,#764,#765,#766,#767));
#2326=EDGE_LOOP('',(#768));
#2327=EDGE_LOOP('',(#769));
#2328=EDGE_LOOP('',(#770));
#2329=EDGE_LOOP('',(#771,#772,#773,#774,#775,#776,#777,#778,#779));
#2330=EDGE_LOOP('',(#780));
#2331=EDGE_LOOP('',(#781));
#2332=EDGE_LOOP('',(#782));
#2333=EDGE_LOOP('',(#783));
#2334=EDGE_LOOP('',(#784));
#2335=EDGE_LOOP('',(#785));
#2336=EDGE_LOOP('',(#786));
#2337=EDGE_LOOP('',(#787));
#2338=EDGE_LOOP('',(#788));
#2339=EDGE_LOOP('',(#789));
#2340=EDGE_LOOP('',(#790));
#2341=EDGE_LOOP('',(#791));
#2342=EDGE_LOOP('',(#792));
#2343=EDGE_LOOP('',(#793));
#2344=EDGE_LOOP('',(#794));
#2345=EDGE_LOOP('',(#795));
#2346=EDGE_LOOP('',(#796));
#2347=EDGE_LOOP('',(#797));
#2348=EDGE_LOOP('',(#798));
#2349=EDGE_LOOP('',(#799));
#2350=EDGE_LOOP('',(#800));
#2351=EDGE_LOOP('',(#801));
#2352=EDGE_LOOP('',(#802));
#2353=EDGE_LOOP('',(#803));
#2354=EDGE_LOOP('',(#804));
#2355=EDGE_LOOP('',(#805));
#2356=EDGE_LOOP('',(#806));
#2357=EDGE_LOOP('',(#807));
#2358=EDGE_LOOP('',(#808));
#2359=EDGE_LOOP('',(#809));
#2360=EDGE_LOOP('',(#810,#811,#812,#813));
#2361=EDGE_LOOP('',(#814,#815,#816,#817));
#2362=EDGE_LOOP('',(#818,#819,#820,#821));
#2363=EDGE_LOOP('',(#822,#823,#824,#825));
#2364=EDGE_LOOP('',(#826,#827,#828,#829));
#2365=EDGE_LOOP('',(#830,#831,#832,#833));
#2366=EDGE_LOOP('',(#834));
#2367=EDGE_LOOP('',(#835,#836,#837,#838,#839,#840));
#2368=EDGE_LOOP('',(#841,#842,#843,#844));
#2369=EDGE_LOOP('',(#845,#846,#847,#848));
#2370=EDGE_LOOP('',(#849,#850,#851,#852));
#2371=EDGE_LOOP('',(#853,#854,#855,#856));
#2372=EDGE_LOOP('',(#857,#858,#859,#860));
#2373=EDGE_LOOP('',(#861,#862,#863,#864));
#2374=EDGE_LOOP('',(#865));
#2375=EDGE_LOOP('',(#866,#867,#868,#869,#870,#871));
#2376=EDGE_LOOP('',(#872,#873,#874,#875));
#2377=EDGE_LOOP('',(#876,#877,#878,#879));
#2378=EDGE_LOOP('',(#880,#881,#882,#883));
#2379=EDGE_LOOP('',(#884,#885,#886,#887));
#2380=EDGE_LOOP('',(#888,#889,#890,#891));
#2381=EDGE_LOOP('',(#892,#893,#894,#895));
#2382=EDGE_LOOP('',(#896));
#2383=EDGE_LOOP('',(#897,#898,#899,#900,#901,#902));
#2384=EDGE_LOOP('',(#903,#904,#905,#906));
#2385=EDGE_LOOP('',(#907,#908,#909,#910));
#2386=EDGE_LOOP('',(#911,#912,#913,#914));
#2387=EDGE_LOOP('',(#915,#916,#917,#918));
#2388=EDGE_LOOP('',(#919,#920,#921,#922));
#2389=EDGE_LOOP('',(#923,#924,#925,#926));
#2390=EDGE_LOOP('',(#927,#928,#929,#930));
#2391=EDGE_LOOP('',(#931,#932,#933,#934,#935,#936,#937,#938));
#2392=EDGE_LOOP('',(#939,#940,#941,#942));
#2393=FACE_BOUND('',#2169,.T.);
#2394=FACE_BOUND('',#2170,.T.);
#2395=FACE_BOUND('',#2171,.T.);
#2396=FACE_BOUND('',#2172,.T.);
#2397=FACE_BOUND('',#2173,.T.);
#2398=FACE_BOUND('',#2174,.T.);
#2399=FACE_BOUND('',#2175,.T.);
#2400=FACE_BOUND('',#2176,.T.);
#2401=FACE_BOUND('',#2177,.T.);
#2402=FACE_BOUND('',#2178,.T.);
#2403=FACE_BOUND('',#2179,.T.);
#2404=FACE_BOUND('',#2180,.T.);
#2405=FACE_BOUND('',#2181,.T.);
#2406=FACE_BOUND('',#2182,.T.);
#2407=FACE_BOUND('',#2183,.T.);
#2408=FACE_BOUND('',#2184,.T.);
#2409=FACE_BOUND('',#2185,.T.);
#2410=FACE_BOUND('',#2186,.T.);
#2411=FACE_BOUND('',#2187,.T.);
#2412=FACE_BOUND('',#2188,.T.);
#2413=FACE_BOUND('',#2189,.T.);
#2414=FACE_BOUND('',#2190,.T.);
#2415=FACE_BOUND('',#2191,.T.);
#2416=FACE_BOUND('',#2192,.T.);
#2417=FACE_BOUND('',#2193,.T.);
#2418=FACE_BOUND('',#2194,.T.);
#2419=FACE_BOUND('',#2195,.T.);
#2420=FACE_BOUND('',#2196,.T.);
#2421=FACE_BOUND('',#2197,.T.);
#2422=FACE_BOUND('',#2198,.T.);
#2423=FACE_BOUND('',#2199,.T.);
#2424=FACE_BOUND('',#2200,.T.);
#2425=FACE_BOUND('',#2201,.T.);
#2426=FACE_BOUND('',#2202,.T.);
#2427=FACE_BOUND('',#2203,.T.);
#2428=FACE_BOUND('',#2204,.T.);
#2429=FACE_BOUND('',#2205,.T.);
#2430=FACE_BOUND('',#2206,.T.);
#2431=FACE_BOUND('',#2207,.T.);
#2432=FACE_BOUND('',#2208,.T.);
#2433=FACE_BOUND('',#2209,.T.);
#2434=FACE_BOUND('',#2210,.T.);
#2435=FACE_BOUND('',#2211,.T.);
#2436=FACE_BOUND('',#2212,.T.);
#2437=FACE_BOUND('',#2213,.T.);
#2438=FACE_BOUND('',#2214,.T.);
#2439=FACE_BOUND('',#2215,.T.);
#2440=FACE_BOUND('',#2216,.T.);
#2441=FACE_BOUND('',#2217,.T.);
#2442=FACE_BOUND('',#2218,.T.);
#2443=FACE_BOUND('',#2219,.T.);
#2444=FACE_BOUND('',#2220,.T.);
#2445=FACE_BOUND('',#2221,.T.);
#2446=FACE_BOUND('',#2222,.T.);
#2447=FACE_BOUND('',#2223,.T.);
#2448=FACE_BOUND('',#2224,.T.);
#2449=FACE_BOUND('',#2225,.T.);
#2450=FACE_BOUND('',#2226,.T.);
#2451=FACE_BOUND('',#2227,.T.);
#2452=FACE_BOUND('',#2228,.T.);
#2453=FACE_BOUND('',#2229,.T.);
#2454=FACE_BOUND('',#2230,.T.);
#2455=FACE_BOUND('',#2231,.T.);
#2456=FACE_BOUND('',#2232,.T.);
#2457=FACE_BOUND('',#2233,.T.);
#2458=FACE_BOUND('',#2234,.T.);
#2459=FACE_BOUND('',#2235,.T.);
#2460=FACE_BOUND('',#2236,.T.);
#2461=FACE_BOUND('',#2237,.T.);
#2462=FACE_BOUND('',#2238,.T.);
#2463=FACE_BOUND('',#2239,.T.);
#2464=FACE_BOUND('',#2240,.T.);
#2465=FACE_BOUND('',#2241,.T.);
#2466=FACE_BOUND('',#2242,.T.);
#2467=FACE_BOUND('',#2243,.T.);
#2468=FACE_BOUND('',#2244,.T.);
#2469=FACE_BOUND('',#2245,.T.);
#2470=FACE_BOUND('',#2246,.T.);
#2471=FACE_BOUND('',#2247,.T.);
#2472=FACE_BOUND('',#2248,.T.);
#2473=FACE_BOUND('',#2249,.T.);
#2474=FACE_BOUND('',#2250,.T.);
#2475=FACE_BOUND('',#2251,.T.);
#2476=FACE_BOUND('',#2252,.T.);
#2477=FACE_BOUND('',#2253,.T.);
#2478=FACE_BOUND('',#2254,.T.);
#2479=FACE_BOUND('',#2255,.T.);
#2480=FACE_BOUND('',#2256,.T.);
#2481=FACE_BOUND('',#2257,.T.);
#2482=FACE_BOUND('',#2258,.T.);
#2483=FACE_BOUND('',#2259,.T.);
#2484=FACE_BOUND('',#2260,.T.);
#2485=FACE_BOUND('',#2261,.T.);
#2486=FACE_BOUND('',#2262,.T.);
#2487=FACE_BOUND('',#2263,.T.);
#2488=FACE_BOUND('',#2264,.T.);
#2489=FACE_BOUND('',#2265,.T.);
#2490=FACE_BOUND('',#2266,.T.);
#2491=FACE_BOUND('',#2267,.T.);
#2492=FACE_BOUND('',#2268,.T.);
#2493=FACE_BOUND('',#2269,.T.);
#2494=FACE_BOUND('',#2270,.T.);
#2495=FACE_BOUND('',#2271,.T.);
#2496=FACE_BOUND('',#2272,.T.);
#2497=FACE_BOUND('',#2273,.T.);
#2498=FACE_BOUND('',#2274,.T.);
#2499=FACE_BOUND('',#2275,.T.);
#2500=FACE_BOUND('',#2276,.T.);
#2501=FACE_BOUND('',#2277,.T.);
#2502=FACE_BOUND('',#2278,.T.);
#2503=FACE_BOUND('',#2279,.T.);
#2504=FACE_BOUND('',#2280,.T.);
#2505=FACE_BOUND('',#2281,.T.);
#2506=FACE_BOUND('',#2282,.T.);
#2507=FACE_BOUND('',#2283,.T.);
#2508=FACE_BOUND('',#2284,.T.);
#2509=FACE_BOUND('',#2285,.T.);
#2510=FACE_BOUND('',#2286,.T.);
#2511=FACE_BOUND('',#2287,.T.);
#2512=FACE_BOUND('',#2288,.T.);
#2513=FACE_BOUND('',#2289,.T.);
#2514=FACE_BOUND('',#2290,.T.);
#2515=FACE_BOUND('',#2291,.T.);
#2516=FACE_BOUND('',#2292,.T.);
#2517=FACE_BOUND('',#2293,.T.);
#2518=FACE_BOUND('',#2294,.T.);
#2519=FACE_BOUND('',#2295,.T.);
#2520=FACE_BOUND('',#2296,.T.);
#2521=FACE_BOUND('',#2297,.T.);
#2522=FACE_BOUND('',#2298,.T.);
#2523=FACE_BOUND('',#2299,.T.);
#2524=FACE_BOUND('',#2300,.T.);
#2525=FACE_BOUND('',#2301,.T.);
#2526=FACE_BOUND('',#2302,.T.);
#2527=FACE_BOUND('',#2303,.T.);
#2528=FACE_BOUND('',#2304,.T.);
#2529=FACE_BOUND('',#2305,.T.);
#2530=FACE_BOUND('',#2306,.T.);
#2531=FACE_BOUND('',#2307,.T.);
#2532=FACE_BOUND('',#2308,.T.);
#2533=FACE_BOUND('',#2309,.T.);
#2534=FACE_BOUND('',#2310,.T.);
#2535=FACE_BOUND('',#2311,.T.);
#2536=FACE_BOUND('',#2312,.T.);
#2537=FACE_BOUND('',#2313,.T.);
#2538=FACE_BOUND('',#2314,.T.);
#2539=FACE_BOUND('',#2315,.T.);
#2540=FACE_BOUND('',#2316,.T.);
#2541=FACE_BOUND('',#2317,.T.);
#2542=FACE_BOUND('',#2318,.T.);
#2543=FACE_BOUND('',#2319,.T.);
#2544=FACE_BOUND('',#2320,.T.);
#2545=FACE_BOUND('',#2321,.T.);
#2546=FACE_BOUND('',#2322,.T.);
#2547=FACE_BOUND('',#2323,.T.);
#2548=FACE_BOUND('',#2324,.T.);
#2549=FACE_BOUND('',#2325,.T.);
#2550=FACE_BOUND('',#2326,.T.);
#2551=FACE_BOUND('',#2327,.T.);
#2552=FACE_BOUND('',#2328,.T.);
#2553=FACE_BOUND('',#2329,.T.);
#2554=FACE_BOUND('',#2330,.T.);
#2555=FACE_BOUND('',#2331,.T.);
#2556=FACE_BOUND('',#2332,.T.);
#2557=FACE_BOUND('',#2333,.T.);
#2558=FACE_BOUND('',#2334,.T.);
#2559=FACE_BOUND('',#2335,.T.);
#2560=FACE_BOUND('',#2336,.T.);
#2561=FACE_BOUND('',#2337,.T.);
#2562=FACE_BOUND('',#2338,.T.);
#2563=FACE_BOUND('',#2339,.T.);
#2564=FACE_BOUND('',#2340,.T.);
#2565=FACE_BOUND('',#2341,.T.);
#2566=FACE_BOUND('',#2342,.T.);
#2567=FACE_BOUND('',#2343,.T.);
#2568=FACE_BOUND('',#2344,.T.);
#2569=FACE_BOUND('',#2345,.T.);
#2570=FACE_BOUND('',#2346,.T.);
#2571=FACE_BOUND('',#2347,.T.);
#2572=FACE_BOUND('',#2348,.T.);
#2573=FACE_BOUND('',#2349,.T.);
#2574=FACE_BOUND('',#2350,.T.);
#2575=FACE_BOUND('',#2351,.T.);
#2576=FACE_BOUND('',#2352,.T.);
#2577=FACE_BOUND('',#2353,.T.);
#2578=FACE_BOUND('',#2354,.T.);
#2579=FACE_BOUND('',#2355,.T.);
#2580=FACE_BOUND('',#2356,.T.);
#2581=FACE_BOUND('',#2357,.T.);
#2582=FACE_BOUND('',#2358,.T.);
#2583=FACE_BOUND('',#2359,.T.);
#2584=FACE_BOUND('',#2360,.T.);
#2585=FACE_BOUND('',#2361,.T.);
#2586=FACE_BOUND('',#2362,.T.);
#2587=FACE_BOUND('',#2363,.T.);
#2588=FACE_BOUND('',#2364,.T.);
#2589=FACE_BOUND('',#2365,.T.);
#2590=FACE_BOUND('',#2366,.T.);
#2591=FACE_BOUND('',#2367,.T.);
#2592=FACE_BOUND('',#2368,.T.);
#2593=FACE_BOUND('',#2369,.T.);
#2594=FACE_BOUND('',#2370,.T.);
#2595=FACE_BOUND('',#2371,.T.);
#2596=FACE_BOUND('',#2372,.T.);
#2597=FACE_BOUND('',#2373,.T.);
#2598=FACE_BOUND('',#2374,.T.);
#2599=FACE_BOUND('',#2375,.T.);
#2600=FACE_BOUND('',#2376,.T.);
#2601=FACE_BOUND('',#2377,.T.);
#2602=FACE_BOUND('',#2378,.T.);
#2603=FACE_BOUND('',#2379,.T.);
#2604=FACE_BOUND('',#2380,.T.);
#2605=FACE_BOUND('',#2381,.T.);
#2606=FACE_BOUND('',#2382,.T.);
#2607=FACE_BOUND('',#2383,.T.);
#2608=FACE_BOUND('',#2384,.T.);
#2609=FACE_BOUND('',#2385,.T.);
#2610=FACE_BOUND('',#2386,.T.);
#2611=FACE_BOUND('',#2387,.T.);
#2612=FACE_BOUND('',#2388,.T.);
#2613=FACE_BOUND('',#2389,.T.);
#2614=FACE_BOUND('',#2390,.T.);
#2615=FACE_BOUND('',#2391,.T.);
#2616=FACE_BOUND('',#2392,.T.);
#2617=PLANE('',#2887);
#2618=PLANE('',#2888);
#2619=PLANE('',#2916);
#2620=PLANE('',#2944);
#2621=PLANE('',#2947);
#2622=PLANE('',#2948);
#2623=PLANE('',#2949);
#2624=PLANE('',#2951);
#2625=PLANE('',#2952);
#2626=PLANE('',#2953);
#2627=PLANE('',#2955);
#2628=PLANE('',#2956);
#2629=PLANE('',#2957);
#2630=PLANE('',#2959);
#2631=PLANE('',#2960);
#2632=PLANE('',#2961);
#2633=PLANE('',#2963);
#2634=PLANE('',#2964);
#2635=PLANE('',#2965);
#2636=PLANE('',#2967);
#2637=PLANE('',#2968);
#2638=PLANE('',#2969);
#2639=PLANE('',#2971);
#2640=PLANE('',#2972);
#2641=PLANE('',#2973);
#2642=PLANE('',#2975);
#2643=PLANE('',#2976);
#2644=PLANE('',#2977);
#2645=PLANE('',#2979);
#2646=PLANE('',#2980);
#2647=PLANE('',#2981);
#2648=PLANE('',#2983);
#2649=PLANE('',#2984);
#2650=PLANE('',#2985);
#2651=PLANE('',#2987);
#2652=PLANE('',#2988);
#2653=PLANE('',#2989);
#2654=PLANE('',#2991);
#2655=PLANE('',#2992);
#2656=PLANE('',#2993);
#2657=PLANE('',#2995);
#2658=PLANE('',#2996);
#2659=PLANE('',#2997);
#2660=PLANE('',#2999);
#2661=PLANE('',#3000);
#2662=PLANE('',#3001);
#2663=PLANE('',#3003);
#2664=PLANE('',#3004);
#2665=PLANE('',#3005);
#2666=PLANE('',#3008);
#2667=PLANE('',#3009);
#2668=PLANE('',#3020);
#2669=PLANE('',#3030);
#2670=PLANE('',#3033);
#2671=PLANE('',#3034);
#2672=PLANE('',#3035);
#2673=PLANE('',#3036);
#2674=PLANE('',#3037);
#2675=PLANE('',#3038);
#2676=PLANE('',#3039);
#2677=PLANE('',#3040);
#2678=PLANE('',#3043);
#2679=PLANE('',#3044);
#2680=PLANE('',#3049);
#2681=PLANE('',#3052);
#2682=PLANE('',#3053);
#2683=PLANE('',#3058);
#2684=PLANE('',#3059);
#2685=PLANE('',#3060);
#2686=PLANE('',#3068);
#2687=PLANE('',#3071);
#2688=PLANE('',#3081);
#2689=PLANE('',#3086);
#2690=PLANE('',#3091);
#2691=PLANE('',#3096);
#2692=PLANE('',#3101);
#2693=PLANE('',#3104);
#2694=PLANE('',#3105);
#2695=PLANE('',#3106);
#2696=PLANE('',#3107);
#2697=PLANE('',#3108);
#2698=PLANE('',#3109);
#2699=PLANE('',#3110);
#2700=PLANE('',#3111);
#2701=PLANE('',#3112);
#2702=PLANE('',#3113);
#2703=PLANE('',#3114);
#2704=PLANE('',#3115);
#2705=PLANE('',#3116);
#2706=PLANE('',#3117);
#2707=PLANE('',#3118);
#2708=PLANE('',#3119);
#2709=PLANE('',#3120);
#2710=PLANE('',#3121);
#2711=PLANE('',#3122);
#2712=PLANE('',#3123);
#2713=PLANE('',#3124);
#2714=ADVANCED_FACE('',(#2393),#2617,.T.);
#2715=ADVANCED_FACE('',(#2394,#2395,#2396,#2397,#2398,#2399,#2400,#2401,
#2402,#2403,#2404,#2405,#2406,#2407,#2408,#2409,#2410,#2411,#2412,#2413),
#2618,.T.);
#2716=ADVANCED_FACE('',(#2414,#2415,#2416,#2417,#2418,#2419,#2420,#2421,
#2422,#2423,#2424,#2425,#2426,#2427,#2428,#2429,#2430,#2431,#2432,#2433),
#2619,.F.);
#2717=ADVANCED_FACE('',(#2434),#2620,.T.);
#2718=ADVANCED_FACE('',(#2435),#24,.F.);
#2719=ADVANCED_FACE('',(#2436),#25,.F.);
#2720=ADVANCED_FACE('',(#2437),#2621,.T.);
#2721=ADVANCED_FACE('',(#2438),#2622,.T.);
#2722=ADVANCED_FACE('',(#2439),#2623,.T.);
#2723=ADVANCED_FACE('',(#2440),#26,.F.);
#2724=ADVANCED_FACE('',(#2441),#2624,.T.);
#2725=ADVANCED_FACE('',(#2442),#2625,.T.);
#2726=ADVANCED_FACE('',(#2443),#2626,.T.);
#2727=ADVANCED_FACE('',(#2444),#27,.F.);
#2728=ADVANCED_FACE('',(#2445),#2627,.T.);
#2729=ADVANCED_FACE('',(#2446),#2628,.T.);
#2730=ADVANCED_FACE('',(#2447),#2629,.T.);
#2731=ADVANCED_FACE('',(#2448),#28,.F.);
#2732=ADVANCED_FACE('',(#2449),#2630,.T.);
#2733=ADVANCED_FACE('',(#2450),#2631,.T.);
#2734=ADVANCED_FACE('',(#2451),#2632,.T.);
#2735=ADVANCED_FACE('',(#2452),#29,.F.);
#2736=ADVANCED_FACE('',(#2453),#2633,.T.);
#2737=ADVANCED_FACE('',(#2454),#2634,.T.);
#2738=ADVANCED_FACE('',(#2455),#2635,.T.);
#2739=ADVANCED_FACE('',(#2456),#30,.F.);
#2740=ADVANCED_FACE('',(#2457),#2636,.T.);
#2741=ADVANCED_FACE('',(#2458),#2637,.T.);
#2742=ADVANCED_FACE('',(#2459),#2638,.T.);
#2743=ADVANCED_FACE('',(#2460),#31,.F.);
#2744=ADVANCED_FACE('',(#2461),#2639,.T.);
#2745=ADVANCED_FACE('',(#2462),#2640,.T.);
#2746=ADVANCED_FACE('',(#2463),#2641,.T.);
#2747=ADVANCED_FACE('',(#2464),#32,.F.);
#2748=ADVANCED_FACE('',(#2465),#2642,.T.);
#2749=ADVANCED_FACE('',(#2466),#2643,.T.);
#2750=ADVANCED_FACE('',(#2467),#2644,.T.);
#2751=ADVANCED_FACE('',(#2468),#33,.F.);
#2752=ADVANCED_FACE('',(#2469),#2645,.T.);
#2753=ADVANCED_FACE('',(#2470),#2646,.T.);
#2754=ADVANCED_FACE('',(#2471),#2647,.T.);
#2755=ADVANCED_FACE('',(#2472),#34,.F.);
#2756=ADVANCED_FACE('',(#2473),#2648,.T.);
#2757=ADVANCED_FACE('',(#2474),#2649,.T.);
#2758=ADVANCED_FACE('',(#2475),#2650,.T.);
#2759=ADVANCED_FACE('',(#2476),#35,.F.);
#2760=ADVANCED_FACE('',(#2477),#2651,.T.);
#2761=ADVANCED_FACE('',(#2478),#2652,.T.);
#2762=ADVANCED_FACE('',(#2479),#2653,.T.);
#2763=ADVANCED_FACE('',(#2480),#36,.F.);
#2764=ADVANCED_FACE('',(#2481),#2654,.T.);
#2765=ADVANCED_FACE('',(#2482),#2655,.T.);
#2766=ADVANCED_FACE('',(#2483),#2656,.T.);
#2767=ADVANCED_FACE('',(#2484),#37,.F.);
#2768=ADVANCED_FACE('',(#2485),#2657,.T.);
#2769=ADVANCED_FACE('',(#2486),#2658,.T.);
#2770=ADVANCED_FACE('',(#2487),#2659,.T.);
#2771=ADVANCED_FACE('',(#2488),#38,.F.);
#2772=ADVANCED_FACE('',(#2489),#2660,.T.);
#2773=ADVANCED_FACE('',(#2490),#2661,.T.);
#2774=ADVANCED_FACE('',(#2491),#2662,.T.);
#2775=ADVANCED_FACE('',(#2492),#39,.F.);
#2776=ADVANCED_FACE('',(#2493),#2663,.T.);
#2777=ADVANCED_FACE('',(#2494),#2664,.T.);
#2778=ADVANCED_FACE('',(#2495),#2665,.F.);
#2779=ADVANCED_FACE('',(#2496),#40,.T.);
#2780=ADVANCED_FACE('',(#2497),#41,.T.);
#2781=ADVANCED_FACE('',(#2498),#2666,.T.);
#2782=ADVANCED_FACE('',(#2499),#2667,.F.);
#2783=ADVANCED_FACE('',(#2500),#42,.T.);
#2784=ADVANCED_FACE('',(#2501),#43,.F.);
#2785=ADVANCED_FACE('',(#2502),#44,.F.);
#2786=ADVANCED_FACE('',(#2503),#45,.T.);
#2787=ADVANCED_FACE('',(#2504),#46,.T.);
#2788=ADVANCED_FACE('',(#2505),#47,.T.);
#2789=ADVANCED_FACE('',(#2506,#2507),#48,.F.);
#2790=ADVANCED_FACE('',(#2508,#2509),#49,.F.);
#2791=ADVANCED_FACE('',(#2510,#2511),#50,.F.);
#2792=ADVANCED_FACE('',(#2512),#2668,.F.);
#2793=ADVANCED_FACE('',(#2513,#2514),#51,.F.);
#2794=ADVANCED_FACE('',(#2515,#2516),#52,.F.);
#2795=ADVANCED_FACE('',(#2517,#2518),#53,.F.);
#2796=ADVANCED_FACE('',(#2519,#2520,#2521),#2669,.T.);
#2797=ADVANCED_FACE('',(#2522),#2670,.T.);
#2798=ADVANCED_FACE('',(#2523),#2671,.T.);
#2799=ADVANCED_FACE('',(#2524),#2672,.F.);
#2800=ADVANCED_FACE('',(#2525),#2673,.F.);
#2801=ADVANCED_FACE('',(#2526),#2674,.F.);
#2802=ADVANCED_FACE('',(#2527),#2675,.T.);
#2803=ADVANCED_FACE('',(#2528),#2676,.T.);
#2804=ADVANCED_FACE('',(#2529,#2530,#2531),#2677,.F.);
#2805=ADVANCED_FACE('',(#2532),#2678,.T.);
#2806=ADVANCED_FACE('',(#2533,#2534,#2535,#2536),#2679,.T.);
#2807=ADVANCED_FACE('',(#2537),#2680,.F.);
#2808=ADVANCED_FACE('',(#2538),#2681,.F.);
#2809=ADVANCED_FACE('',(#2539,#2540,#2541,#2542),#2682,.T.);
#2810=ADVANCED_FACE('',(#2543),#2683,.T.);
#2811=ADVANCED_FACE('',(#2544),#2684,.F.);
#2812=ADVANCED_FACE('',(#2545,#2546,#2547,#2548),#2685,.T.);
#2813=ADVANCED_FACE('',(#2549),#2686,.F.);
#2814=ADVANCED_FACE('',(#2550,#2551,#2552,#2553),#2687,.T.);
#2815=ADVANCED_FACE('',(#2554,#2555),#54,.F.);
#2816=ADVANCED_FACE('',(#2556,#2557),#2688,.T.);
#2817=ADVANCED_FACE('',(#2558,#2559),#55,.F.);
#2818=ADVANCED_FACE('',(#2560,#2561),#56,.F.);
#2819=ADVANCED_FACE('',(#2562,#2563),#2689,.T.);
#2820=ADVANCED_FACE('',(#2564,#2565),#57,.F.);
#2821=ADVANCED_FACE('',(#2566,#2567),#58,.F.);
#2822=ADVANCED_FACE('',(#2568,#2569),#2690,.T.);
#2823=ADVANCED_FACE('',(#2570,#2571),#59,.F.);
#2824=ADVANCED_FACE('',(#2572,#2573),#60,.F.);
#2825=ADVANCED_FACE('',(#2574,#2575),#2691,.T.);
#2826=ADVANCED_FACE('',(#2576,#2577),#61,.F.);
#2827=ADVANCED_FACE('',(#2578,#2579),#62,.F.);
#2828=ADVANCED_FACE('',(#2580,#2581),#2692,.T.);
#2829=ADVANCED_FACE('',(#2582,#2583),#63,.F.);
#2830=ADVANCED_FACE('',(#2584),#2693,.F.);
#2831=ADVANCED_FACE('',(#2585),#2694,.F.);
#2832=ADVANCED_FACE('',(#2586),#2695,.F.);
#2833=ADVANCED_FACE('',(#2587),#2696,.F.);
#2834=ADVANCED_FACE('',(#2588),#2697,.F.);
#2835=ADVANCED_FACE('',(#2589),#2698,.F.);
#2836=ADVANCED_FACE('',(#2590,#2591),#2699,.T.);
#2837=ADVANCED_FACE('',(#2592),#2700,.F.);
#2838=ADVANCED_FACE('',(#2593),#2701,.F.);
#2839=ADVANCED_FACE('',(#2594),#2702,.F.);
#2840=ADVANCED_FACE('',(#2595),#2703,.F.);
#2841=ADVANCED_FACE('',(#2596),#2704,.F.);
#2842=ADVANCED_FACE('',(#2597),#2705,.F.);
#2843=ADVANCED_FACE('',(#2598,#2599),#2706,.T.);
#2844=ADVANCED_FACE('',(#2600),#2707,.F.);
#2845=ADVANCED_FACE('',(#2601),#2708,.F.);
#2846=ADVANCED_FACE('',(#2602),#2709,.F.);
#2847=ADVANCED_FACE('',(#2603),#2710,.F.);
#2848=ADVANCED_FACE('',(#2604),#2711,.F.);
#2849=ADVANCED_FACE('',(#2605),#2712,.F.);
#2850=ADVANCED_FACE('',(#2606,#2607),#2713,.T.);
#2851=ADVANCED_FACE('',(#2608),#64,.T.);
#2852=ADVANCED_FACE('',(#2609),#65,.T.);
#2853=ADVANCED_FACE('',(#2610),#66,.T.);
#2854=ADVANCED_FACE('',(#2611),#67,.T.);
#2855=ADVANCED_FACE('',(#2612),#68,.T.);
#2856=ADVANCED_FACE('',(#2613),#69,.T.);
#2857=ADVANCED_FACE('',(#2614),#70,.T.);
#2858=ADVANCED_FACE('',(#2615),#71,.T.);
#2859=ADVANCED_FACE('',(#2616),#72,.T.);
#2860=CLOSED_SHELL('',(#2714,#2715,#2716,#2717,#2718,#2719,#2720,#2721,
#2722,#2723,#2724,#2725,#2726,#2727,#2728,#2729,#2730,#2731,#2732,#2733,
#2734,#2735,#2736,#2737,#2738,#2739,#2740,#2741,#2742,#2743,#2744,#2745,
#2746,#2747,#2748,#2749,#2750,#2751,#2752,#2753,#2754,#2755,#2756,#2757,
#2758,#2759,#2760,#2761,#2762,#2763,#2764,#2765,#2766,#2767,#2768,#2769,
#2770,#2771,#2772,#2773,#2774,#2775,#2776,#2777,#2778,#2779,#2780,#2781,
#2782,#2783,#2784,#2785,#2786,#2787,#2788,#2789,#2790,#2791));
#2861=CLOSED_SHELL('',(#2792,#2793,#2794,#2795,#2796,#2797,#2798,#2799,
#2800,#2801,#2802,#2803,#2804,#2805,#2806,#2807,#2808,#2809,#2810,#2811,
#2812,#2813,#2814,#2815,#2816,#2817,#2818,#2819,#2820,#2821,#2822,#2823,
#2824,#2825,#2826,#2827,#2828,#2829,#2830,#2831,#2832,#2833,#2834,#2835,
#2836,#2837,#2838,#2839,#2840,#2841,#2842,#2843,#2844,#2845,#2846,#2847,
#2848,#2849,#2850,#2851,#2852,#2853,#2854,#2855,#2856,#2857,#2858,#2859));
#2862=STYLED_ITEM('',(#2864),#2878);
#2863=STYLED_ITEM('',(#2865),#2879);
#2864=PRESENTATION_STYLE_ASSIGNMENT((#2866));
#2865=PRESENTATION_STYLE_ASSIGNMENT((#2867));
#2866=SURFACE_STYLE_USAGE(.BOTH.,#2868);
#2867=SURFACE_STYLE_USAGE(.BOTH.,#2869);
#2868=SURFACE_SIDE_STYLE('',(#2870));
#2869=SURFACE_SIDE_STYLE('',(#2871));
#2870=SURFACE_STYLE_FILL_AREA(#2872);
#2871=SURFACE_STYLE_FILL_AREA(#2873);
#2872=FILL_AREA_STYLE('',(#2874));
#2873=FILL_AREA_STYLE('',(#2875));
#2874=FILL_AREA_STYLE_COLOUR('',#2876);
#2875=FILL_AREA_STYLE_COLOUR('',#2877);
#2876=COLOUR_RGB('',0.231372549019608,0.380392156862745,0.705882352941177);
#2877=COLOUR_RGB('',0.498039215686275,0.498039215686275,0.498039215686275);
#2878=MANIFOLD_SOLID_BREP('soft_gripper_finger_mirrored',#2860);
#2879=MANIFOLD_SOLID_BREP('finger_holder_left',#2861);
#2880=SHAPE_DEFINITION_REPRESENTATION(#4732,#2883);
#2881=SHAPE_DEFINITION_REPRESENTATION(#4733,#2884);
#2882=SHAPE_DEFINITION_REPRESENTATION(#4735,#2885);
#2883=SHAPE_REPRESENTATION('left_finger_assembly',(#2886,#3019,#3134),#4723);
#2884=SHAPE_REPRESENTATION('soft_gripper_finger_mirrored',(#2886),#4724);
#2885=SHAPE_REPRESENTATION('finger_holder_left',(#2886),#4725);
#2886=AXIS2_PLACEMENT_3D('',#3919,#3135,#3136);
#2887=AXIS2_PLACEMENT_3D('',#3920,#3137,#3138);
#2888=AXIS2_PLACEMENT_3D('',#3929,#3143,#3144);
#2889=AXIS2_PLACEMENT_3D('',#3930,#3145,#3146);
#2890=AXIS2_PLACEMENT_3D('',#3932,#3147,#3148);
#2891=AXIS2_PLACEMENT_3D('',#3934,#3149,#3150);
#2892=AXIS2_PLACEMENT_3D('',#3936,#3151,#3152);
#2893=AXIS2_PLACEMENT_3D('',#3948,#3158,#3159);
#2894=AXIS2_PLACEMENT_3D('',#3956,#3163,#3164);
#2895=AXIS2_PLACEMENT_3D('',#3964,#3168,#3169);
#2896=AXIS2_PLACEMENT_3D('',#3972,#3173,#3174);
#2897=AXIS2_PLACEMENT_3D('',#3980,#3178,#3179);
#2898=AXIS2_PLACEMENT_3D('',#3988,#3183,#3184);
#2899=AXIS2_PLACEMENT_3D('',#3996,#3188,#3189);
#2900=AXIS2_PLACEMENT_3D('',#4004,#3193,#3194);
#2901=AXIS2_PLACEMENT_3D('',#4012,#3198,#3199);
#2902=AXIS2_PLACEMENT_3D('',#4020,#3203,#3204);
#2903=AXIS2_PLACEMENT_3D('',#4028,#3208,#3209);
#2904=AXIS2_PLACEMENT_3D('',#4036,#3213,#3214);
#2905=AXIS2_PLACEMENT_3D('',#4044,#3218,#3219);
#2906=AXIS2_PLACEMENT_3D('',#4052,#3223,#3224);
#2907=AXIS2_PLACEMENT_3D('',#4058,#3227,#3228);
#2908=AXIS2_PLACEMENT_3D('',#4062,#3230,#3231);
#2909=AXIS2_PLACEMENT_3D('',#4066,#3233,#3234);
#2910=AXIS2_PLACEMENT_3D('',#4068,#3235,#3236);
#2911=AXIS2_PLACEMENT_3D('',#4070,#3237,#3238);
#2912=AXIS2_PLACEMENT_3D('',#4072,#3239,#3240);
#2913=AXIS2_PLACEMENT_3D('',#4074,#3241,#3242);
#2914=AXIS2_PLACEMENT_3D('',#4076,#3243,#3244);
#2915=AXIS2_PLACEMENT_3D('',#4078,#3245,#3246);
#2916=AXIS2_PLACEMENT_3D('',#4079,#3247,#3248);
#2917=AXIS2_PLACEMENT_3D('',#4080,#3249,#3250);
#2918=AXIS2_PLACEMENT_3D('',#4082,#3251,#3252);
#2919=AXIS2_PLACEMENT_3D('',#4084,#3253,#3254);
#2920=AXIS2_PLACEMENT_3D('',#4093,#3258,#3259);
#2921=AXIS2_PLACEMENT_3D('',#4094,#3260,#3261);
#2922=AXIS2_PLACEMENT_3D('',#4099,#3264,#3265);
#2923=AXIS2_PLACEMENT_3D('',#4107,#3269,#3270);
#2924=AXIS2_PLACEMENT_3D('',#4115,#3274,#3275);
#2925=AXIS2_PLACEMENT_3D('',#4123,#3279,#3280);
#2926=AXIS2_PLACEMENT_3D('',#4131,#3284,#3285);
#2927=AXIS2_PLACEMENT_3D('',#4139,#3289,#3290);
#2928=AXIS2_PLACEMENT_3D('',#4147,#3294,#3295);
#2929=AXIS2_PLACEMENT_3D('',#4155,#3299,#3300);
#2930=AXIS2_PLACEMENT_3D('',#4163,#3304,#3305);
#2931=AXIS2_PLACEMENT_3D('',#4171,#3309,#3310);
#2932=AXIS2_PLACEMENT_3D('',#4179,#3314,#3315);
#2933=AXIS2_PLACEMENT_3D('',#4187,#3319,#3320);
#2934=AXIS2_PLACEMENT_3D('',#4195,#3324,#3325);
#2935=AXIS2_PLACEMENT_3D('',#4203,#3329,#3330);
#2936=AXIS2_PLACEMENT_3D('',#4209,#3333,#3334);
#2937=AXIS2_PLACEMENT_3D('',#4212,#3335,#3336);
#2938=AXIS2_PLACEMENT_3D('',#4214,#3337,#3338);
#2939=AXIS2_PLACEMENT_3D('',#4216,#3339,#3340);
#2940=AXIS2_PLACEMENT_3D('',#4218,#3341,#3342);
#2941=AXIS2_PLACEMENT_3D('',#4220,#3343,#3344);
#2942=AXIS2_PLACEMENT_3D('',#4224,#3346,#3347);
#2943=AXIS2_PLACEMENT_3D('',#4228,#3349,#3350);
#2944=AXIS2_PLACEMENT_3D('',#4229,#3351,#3352);
#2945=AXIS2_PLACEMENT_3D('',#4232,#3355,#3356);
#2946=AXIS2_PLACEMENT_3D('',#4234,#3358,#3359);
#2947=AXIS2_PLACEMENT_3D('',#4236,#3361,#3362);
#2948=AXIS2_PLACEMENT_3D('',#4238,#3364,#3365);
#2949=AXIS2_PLACEMENT_3D('',#4241,#3368,#3369);
#2950=AXIS2_PLACEMENT_3D('',#4242,#3370,#3371);
#2951=AXIS2_PLACEMENT_3D('',#4244,#3373,#3374);
#2952=AXIS2_PLACEMENT_3D('',#4246,#3376,#3377);
#2953=AXIS2_PLACEMENT_3D('',#4249,#3380,#3381);
#2954=AXIS2_PLACEMENT_3D('',#4250,#3382,#3383);
#2955=AXIS2_PLACEMENT_3D('',#4252,#3385,#3386);
#2956=AXIS2_PLACEMENT_3D('',#4254,#3388,#3389);
#2957=AXIS2_PLACEMENT_3D('',#4257,#3392,#3393);
#2958=AXIS2_PLACEMENT_3D('',#4258,#3394,#3395);
#2959=AXIS2_PLACEMENT_3D('',#4260,#3397,#3398);
#2960=AXIS2_PLACEMENT_3D('',#4262,#3400,#3401);
#2961=AXIS2_PLACEMENT_3D('',#4265,#3404,#3405);
#2962=AXIS2_PLACEMENT_3D('',#4266,#3406,#3407);
#2963=AXIS2_PLACEMENT_3D('',#4268,#3409,#3410);
#2964=AXIS2_PLACEMENT_3D('',#4270,#3412,#3413);
#2965=AXIS2_PLACEMENT_3D('',#4273,#3416,#3417);
#2966=AXIS2_PLACEMENT_3D('',#4274,#3418,#3419);
#2967=AXIS2_PLACEMENT_3D('',#4276,#3421,#3422);
#2968=AXIS2_PLACEMENT_3D('',#4278,#3424,#3425);
#2969=AXIS2_PLACEMENT_3D('',#4281,#3428,#3429);
#2970=AXIS2_PLACEMENT_3D('',#4282,#3430,#3431);
#2971=AXIS2_PLACEMENT_3D('',#4284,#3433,#3434);
#2972=AXIS2_PLACEMENT_3D('',#4286,#3436,#3437);
#2973=AXIS2_PLACEMENT_3D('',#4289,#3440,#3441);
#2974=AXIS2_PLACEMENT_3D('',#4290,#3442,#3443);
#2975=AXIS2_PLACEMENT_3D('',#4292,#3445,#3446);
#2976=AXIS2_PLACEMENT_3D('',#4294,#3448,#3449);
#2977=AXIS2_PLACEMENT_3D('',#4297,#3452,#3453);
#2978=AXIS2_PLACEMENT_3D('',#4298,#3454,#3455);
#2979=AXIS2_PLACEMENT_3D('',#4300,#3457,#3458);
#2980=AXIS2_PLACEMENT_3D('',#4302,#3460,#3461);
#2981=AXIS2_PLACEMENT_3D('',#4305,#3464,#3465);
#2982=AXIS2_PLACEMENT_3D('',#4306,#3466,#3467);
#2983=AXIS2_PLACEMENT_3D('',#4308,#3469,#3470);
#2984=AXIS2_PLACEMENT_3D('',#4310,#3472,#3473);
#2985=AXIS2_PLACEMENT_3D('',#4313,#3476,#3477);
#2986=AXIS2_PLACEMENT_3D('',#4314,#3478,#3479);
#2987=AXIS2_PLACEMENT_3D('',#4316,#3481,#3482);
#2988=AXIS2_PLACEMENT_3D('',#4318,#3484,#3485);
#2989=AXIS2_PLACEMENT_3D('',#4321,#3488,#3489);
#2990=AXIS2_PLACEMENT_3D('',#4322,#3490,#3491);
#2991=AXIS2_PLACEMENT_3D('',#4324,#3493,#3494);
#2992=AXIS2_PLACEMENT_3D('',#4326,#3496,#3497);
#2993=AXIS2_PLACEMENT_3D('',#4329,#3500,#3501);
#2994=AXIS2_PLACEMENT_3D('',#4330,#3502,#3503);
#2995=AXIS2_PLACEMENT_3D('',#4332,#3505,#3506);
#2996=AXIS2_PLACEMENT_3D('',#4334,#3508,#3509);
#2997=AXIS2_PLACEMENT_3D('',#4337,#3512,#3513);
#2998=AXIS2_PLACEMENT_3D('',#4338,#3514,#3515);
#2999=AXIS2_PLACEMENT_3D('',#4340,#3517,#3518);
#3000=AXIS2_PLACEMENT_3D('',#4342,#3520,#3521);
#3001=AXIS2_PLACEMENT_3D('',#4345,#3524,#3525);
#3002=AXIS2_PLACEMENT_3D('',#4346,#3526,#3527);
#3003=AXIS2_PLACEMENT_3D('',#4348,#3529,#3530);
#3004=AXIS2_PLACEMENT_3D('',#4349,#3531,#3532);
#3005=AXIS2_PLACEMENT_3D('',#4352,#3535,#3536);
#3006=AXIS2_PLACEMENT_3D('',#4355,#3539,#3540);
#3007=AXIS2_PLACEMENT_3D('',#4358,#3543,#3544);
#3008=AXIS2_PLACEMENT_3D('',#4361,#3547,#3548);
#3009=AXIS2_PLACEMENT_3D('',#4363,#3550,#3551);
#3010=AXIS2_PLACEMENT_3D('',#4364,#3552,#3553);
#3011=AXIS2_PLACEMENT_3D('',#4367,#3556,#3557);
#3012=AXIS2_PLACEMENT_3D('',#4368,#3558,#3559);
#3013=AXIS2_PLACEMENT_3D('',#4369,#3560,#3561);
#3014=AXIS2_PLACEMENT_3D('',#4370,#3562,#3563);
#3015=AXIS2_PLACEMENT_3D('',#4371,#3564,#3565);
#3016=AXIS2_PLACEMENT_3D('',#4372,#3566,#3567);
#3017=AXIS2_PLACEMENT_3D('',#4373,#3568,#3569);
#3018=AXIS2_PLACEMENT_3D('',#4374,#3570,#3571);
#3019=AXIS2_PLACEMENT_3D('',#4375,#3572,#3573);
#3020=AXIS2_PLACEMENT_3D('',#4376,#3574,#3575);
#3021=AXIS2_PLACEMENT_3D('',#4389,#3582,#3583);
#3022=AXIS2_PLACEMENT_3D('',#4390,#3584,#3585);
#3023=AXIS2_PLACEMENT_3D('',#4392,#3586,#3587);
#3024=AXIS2_PLACEMENT_3D('',#4394,#3588,#3589);
#3025=AXIS2_PLACEMENT_3D('',#4395,#3590,#3591);
#3026=AXIS2_PLACEMENT_3D('',#4397,#3592,#3593);
#3027=AXIS2_PLACEMENT_3D('',#4399,#3594,#3595);
#3028=AXIS2_PLACEMENT_3D('',#4400,#3596,#3597);
#3029=AXIS2_PLACEMENT_3D('',#4402,#3598,#3599);
#3030=AXIS2_PLACEMENT_3D('',#4404,#3600,#3601);
#3031=AXIS2_PLACEMENT_3D('',#4413,#3606,#3607);
#3032=AXIS2_PLACEMENT_3D('',#4415,#3608,#3609);
#3033=AXIS2_PLACEMENT_3D('',#4417,#3610,#3611);
#3034=AXIS2_PLACEMENT_3D('',#4426,#3616,#3617);
#3035=AXIS2_PLACEMENT_3D('',#4440,#3625,#3626);
#3036=AXIS2_PLACEMENT_3D('',#4453,#3633,#3634);
#3037=AXIS2_PLACEMENT_3D('',#4462,#3639,#3640);
#3038=AXIS2_PLACEMENT_3D('',#4471,#3645,#3646);
#3039=AXIS2_PLACEMENT_3D('',#4480,#3651,#3652);
#3040=AXIS2_PLACEMENT_3D('',#4486,#3656,#3657);
#3041=AXIS2_PLACEMENT_3D('',#4487,#3658,#3659);
#3042=AXIS2_PLACEMENT_3D('',#4489,#3660,#3661);
#3043=AXIS2_PLACEMENT_3D('',#4493,#3664,#3665);
#3044=AXIS2_PLACEMENT_3D('',#4504,#3672,#3673);
#3045=AXIS2_PLACEMENT_3D('',#4541,#3692,#3693);
#3046=AXIS2_PLACEMENT_3D('',#4542,#3694,#3695);
#3047=AXIS2_PLACEMENT_3D('',#4543,#3696,#3697);
#3048=AXIS2_PLACEMENT_3D('',#4544,#3698,#3699);
#3049=AXIS2_PLACEMENT_3D('',#4545,#3700,#3701);
#3050=AXIS2_PLACEMENT_3D('',#4546,#3702,#3703);
#3051=AXIS2_PLACEMENT_3D('',#4547,#3704,#3705);
#3052=AXIS2_PLACEMENT_3D('',#4548,#3706,#3707);
#3053=AXIS2_PLACEMENT_3D('',#4554,#3711,#3712);
#3054=AXIS2_PLACEMENT_3D('',#4555,#3713,#3714);
#3055=AXIS2_PLACEMENT_3D('',#4556,#3715,#3716);
#3056=AXIS2_PLACEMENT_3D('',#4557,#3717,#3718);
#3057=AXIS2_PLACEMENT_3D('',#4558,#3719,#3720);
#3058=AXIS2_PLACEMENT_3D('',#4559,#3721,#3722);
#3059=AXIS2_PLACEMENT_3D('',#4568,#3727,#3728);
#3060=AXIS2_PLACEMENT_3D('',#4577,#3733,#3734);
#3061=AXIS2_PLACEMENT_3D('',#4578,#3735,#3736);
#3062=AXIS2_PLACEMENT_3D('',#4580,#3737,#3738);
#3063=AXIS2_PLACEMENT_3D('',#4582,#3739,#3740);
#3064=AXIS2_PLACEMENT_3D('',#4584,#3741,#3742);
#3065=AXIS2_PLACEMENT_3D('',#4585,#3743,#3744);
#3066=AXIS2_PLACEMENT_3D('',#4586,#3745,#3746);
#3067=AXIS2_PLACEMENT_3D('',#4587,#3747,#3748);
#3068=AXIS2_PLACEMENT_3D('',#4588,#3749,#3750);
#3069=AXIS2_PLACEMENT_3D('',#4589,#3751,#3752);
#3070=AXIS2_PLACEMENT_3D('',#4590,#3753,#3754);
#3071=AXIS2_PLACEMENT_3D('',#4591,#3755,#3756);
#3072=AXIS2_PLACEMENT_3D('',#4592,#3757,#3758);
#3073=AXIS2_PLACEMENT_3D('',#4594,#3759,#3760);
#3074=AXIS2_PLACEMENT_3D('',#4596,#3761,#3762);
#3075=AXIS2_PLACEMENT_3D('',#4598,#3763,#3764);
#3076=AXIS2_PLACEMENT_3D('',#4599,#3765,#3766);
#3077=AXIS2_PLACEMENT_3D('',#4600,#3767,#3768);
#3078=AXIS2_PLACEMENT_3D('',#4601,#3769,#3770);
#3079=AXIS2_PLACEMENT_3D('',#4602,#3771,#3772);
#3080=AXIS2_PLACEMENT_3D('',#4603,#3773,#3774);
#3081=AXIS2_PLACEMENT_3D('',#4605,#3775,#3776);
#3082=AXIS2_PLACEMENT_3D('',#4606,#3777,#3778);
#3083=AXIS2_PLACEMENT_3D('',#4608,#3779,#3780);
#3084=AXIS2_PLACEMENT_3D('',#4609,#3781,#3782);
#3085=AXIS2_PLACEMENT_3D('',#4610,#3783,#3784);
#3086=AXIS2_PLACEMENT_3D('',#4612,#3785,#3786);
#3087=AXIS2_PLACEMENT_3D('',#4613,#3787,#3788);
#3088=AXIS2_PLACEMENT_3D('',#4615,#3789,#3790);
#3089=AXIS2_PLACEMENT_3D('',#4616,#3791,#3792);
#3090=AXIS2_PLACEMENT_3D('',#4617,#3793,#3794);
#3091=AXIS2_PLACEMENT_3D('',#4619,#3795,#3796);
#3092=AXIS2_PLACEMENT_3D('',#4620,#3797,#3798);
#3093=AXIS2_PLACEMENT_3D('',#4622,#3799,#3800);
#3094=AXIS2_PLACEMENT_3D('',#4623,#3801,#3802);
#3095=AXIS2_PLACEMENT_3D('',#4624,#3803,#3804);
#3096=AXIS2_PLACEMENT_3D('',#4626,#3805,#3806);
#3097=AXIS2_PLACEMENT_3D('',#4627,#3807,#3808);
#3098=AXIS2_PLACEMENT_3D('',#4629,#3809,#3810);
#3099=AXIS2_PLACEMENT_3D('',#4630,#3811,#3812);
#3100=AXIS2_PLACEMENT_3D('',#4631,#3813,#3814);
#3101=AXIS2_PLACEMENT_3D('',#4633,#3815,#3816);
#3102=AXIS2_PLACEMENT_3D('',#4634,#3817,#3818);
#3103=AXIS2_PLACEMENT_3D('',#4636,#3819,#3820);
#3104=AXIS2_PLACEMENT_3D('',#4637,#3821,#3822);
#3105=AXIS2_PLACEMENT_3D('',#4643,#3826,#3827);
#3106=AXIS2_PLACEMENT_3D('',#4647,#3830,#3831);
#3107=AXIS2_PLACEMENT_3D('',#4651,#3834,#3835);
#3108=AXIS2_PLACEMENT_3D('',#4655,#3838,#3839);
#3109=AXIS2_PLACEMENT_3D('',#4659,#3842,#3843);
#3110=AXIS2_PLACEMENT_3D('',#4661,#3845,#3846);
#3111=AXIS2_PLACEMENT_3D('',#4662,#3847,#3848);
#3112=AXIS2_PLACEMENT_3D('',#4668,#3852,#3853);
#3113=AXIS2_PLACEMENT_3D('',#4672,#3856,#3857);
#3114=AXIS2_PLACEMENT_3D('',#4676,#3860,#3861);
#3115=AXIS2_PLACEMENT_3D('',#4680,#3864,#3865);
#3116=AXIS2_PLACEMENT_3D('',#4684,#3868,#3869);
#3117=AXIS2_PLACEMENT_3D('',#4686,#3871,#3872);
#3118=AXIS2_PLACEMENT_3D('',#4687,#3873,#3874);
#3119=AXIS2_PLACEMENT_3D('',#4693,#3878,#3879);
#3120=AXIS2_PLACEMENT_3D('',#4697,#3882,#3883);
#3121=AXIS2_PLACEMENT_3D('',#4701,#3886,#3887);
#3122=AXIS2_PLACEMENT_3D('',#4705,#3890,#3891);
#3123=AXIS2_PLACEMENT_3D('',#4709,#3894,#3895);
#3124=AXIS2_PLACEMENT_3D('',#4711,#3897,#3898);
#3125=AXIS2_PLACEMENT_3D('',#4712,#3899,#3900);
#3126=AXIS2_PLACEMENT_3D('',#4713,#3901,#3902);
#3127=AXIS2_PLACEMENT_3D('',#4714,#3903,#3904);
#3128=AXIS2_PLACEMENT_3D('',#4715,#3905,#3906);
#3129=AXIS2_PLACEMENT_3D('',#4716,#3907,#3908);
#3130=AXIS2_PLACEMENT_3D('',#4717,#3909,#3910);
#3131=AXIS2_PLACEMENT_3D('',#4718,#3911,#3912);
#3132=AXIS2_PLACEMENT_3D('',#4719,#3913,#3914);
#3133=AXIS2_PLACEMENT_3D('',#4720,#3915,#3916);
#3134=AXIS2_PLACEMENT_3D('',#4721,#3917,#3918);
#3135=DIRECTION('',(0.,0.,1.));
#3136=DIRECTION('',(1.,0.,0.));
#3137=DIRECTION('',(-1.04083408558608E-16,0.,-1.));
#3138=DIRECTION('',(1.,0.,-1.04083408558608E-16));
#3139=DIRECTION('',(0.,-1.,0.));
#3140=DIRECTION('',(1.,0.,-1.04083408558608E-16));
#3141=DIRECTION('',(0.,1.,0.));
#3142=DIRECTION('',(1.,0.,-1.04083408558608E-16));
#3143=DIRECTION('',(0.,-1.,0.));
#3144=DIRECTION('',(-1.,0.,0.));
#3145=DIRECTION('',(0.,1.,0.));
#3146=DIRECTION('',(0.,0.,-1.));
#3147=DIRECTION('',(0.,1.,0.));
#3148=DIRECTION('',(0.,0.,-1.));
#3149=DIRECTION('',(0.,1.,0.));
#3150=DIRECTION('',(0.,0.,-1.));
#3151=DIRECTION('',(0.,1.,0.));
#3152=DIRECTION('',(0.,0.,-1.));
#3153=DIRECTION('',(-1.,0.,0.));
#3154=DIRECTION('',(-1.23117105427603E-16,0.,-1.));
#3155=DIRECTION('',(-1.,0.,0.));
#3156=DIRECTION('',(-1.23117105427603E-16,0.,-1.));
#3157=DIRECTION('',(-0.997204004206906,0.,-0.0747273309687448));
#3158=DIRECTION('',(0.,1.,0.));
#3159=DIRECTION('',(0.,0.,-1.));
#3160=DIRECTION('',(0.997204004206906,0.,0.0747273309687447));
#3161=DIRECTION('',(-1.23117105427603E-16,0.,-1.));
#3162=DIRECTION('',(-0.988831652012575,0.,-0.149036787331454));
#3163=DIRECTION('',(0.,1.,0.));
#3164=DIRECTION('',(0.,0.,-1.));
#3165=DIRECTION('',(0.988831652012575,0.,0.149036787331454));
#3166=DIRECTION('',(-1.23117105427603E-16,0.,-1.));
#3167=DIRECTION('',(-0.974929761540034,0.,-0.222512831233373));
#3168=DIRECTION('',(0.,1.,0.));
#3169=DIRECTION('',(0.,0.,-1.));
#3170=DIRECTION('',(0.974929761540034,0.,0.222512831233373));
#3171=DIRECTION('',(-1.23117105427603E-16,0.,-1.));
#3172=DIRECTION('',(-0.955576072043838,0.,-0.294744585255217));
#3173=DIRECTION('',(0.,1.,0.));
#3174=DIRECTION('',(0.,0.,-1.));
#3175=DIRECTION('',(0.955576072043838,0.,0.294744585255217));
#3176=DIRECTION('',(-1.23117105427603E-16,0.,-1.));
#3177=DIRECTION('',(-0.93087880919281,0.,-0.365328130036239));
#3178=DIRECTION('',(0.,1.,0.));
#3179=DIRECTION('',(0.,0.,-1.));
#3180=DIRECTION('',(0.93087880919281,0.,0.365328130036239));
#3181=DIRECTION('',(-1.23117105427603E-16,0.,-1.));
#3182=DIRECTION('',(-0.900976079873017,0.,-0.433868762987902));
#3183=DIRECTION('',(0.,1.,0.));
#3184=DIRECTION('',(0.,0.,-1.));
#3185=DIRECTION('',(0.900976079873017,0.,0.433868762987902));
#3186=DIRECTION('',(-1.23117105427603E-16,0.,-1.));
#3187=DIRECTION('',(-0.866035099895217,0.,-0.499983205467426));
#3188=DIRECTION('',(0.,1.,0.));
#3189=DIRECTION('',(0.,0.,-1.));
#3190=DIRECTION('',(0.866035099895217,0.,0.499983205467426));
#3191=DIRECTION('',(-1.23117105427603E-16,0.,-1.));
#3192=DIRECTION('',(-0.82625125892546,0.,-0.563301746068741));
#3193=DIRECTION('',(0.,1.,0.));
#3194=DIRECTION('',(0.,0.,-1.));
#3195=DIRECTION('',(0.82625125892546,0.,0.563301746068741));
#3196=DIRECTION('',(-1.23117105427603E-16,0.,-1.));
#3197=DIRECTION('',(-0.781847027867715,0.,-0.623470308045555));
#3198=DIRECTION('',(0.,1.,0.));
#3199=DIRECTION('',(0.,0.,-1.));
#3200=DIRECTION('',(0.781847027867716,0.,0.623470308045555));
#3201=DIRECTION('',(-1.23117105427603E-16,0.,-1.));
#3202=DIRECTION('',(-0.733065438831147,0.,-0.680158115728467));
#3203=DIRECTION('',(0.,1.,0.));
#3204=DIRECTION('',(0.,0.,-1.));
#3205=DIRECTION('',(0.733065438831147,0.,0.680158115728467));
#3206=DIRECTION('',(-1.23117105427603E-16,0.,-1.));
#3207=DIRECTION('',(-0.686535684102829,0.,-0.727096110877689));
#3208=DIRECTION('',(0.,1.,0.));
#3209=DIRECTION('',(0.,0.,-1.));
#3210=DIRECTION('',(0.68653568410283,0.,0.727096110877689));
#3211=DIRECTION('',(-1.23117105427603E-16,0.,-1.));
#3212=DIRECTION('',(-0.637007008686614,0.,-0.770858009547889));
#3213=DIRECTION('',(0.,1.,0.));
#3214=DIRECTION('',(0.,0.,-1.));
#3215=DIRECTION('',(0.637007008686614,0.,0.770858009547889));
#3216=DIRECTION('',(-1.23117105427603E-16,0.,-1.));
#3217=DIRECTION('',(-0.584695763418718,0.,-0.811252651299336));
#3218=DIRECTION('',(0.,1.,0.));
#3219=DIRECTION('',(0.,0.,-1.));
#3220=DIRECTION('',(0.584695763418718,0.,0.811252651299336));
#3221=DIRECTION('',(-1.23117105427603E-16,0.,-1.));
#3222=DIRECTION('',(-0.5298304539388,0.,-0.848103584521964));
#3223=DIRECTION('',(0.,1.,0.));
#3224=DIRECTION('',(0.,0.,-1.));
#3225=DIRECTION('',(0.529830453938801,0.,0.848103584521964));
#3226=DIRECTION('',(-1.23117105427603E-16,0.,-1.));
#3227=DIRECTION('',(0.,1.,0.));
#3228=DIRECTION('',(0.,0.,-1.));
#3229=DIRECTION('',(0.,0.,-1.));
#3230=DIRECTION('',(0.,1.,0.));
#3231=DIRECTION('',(0.,0.,-1.));
#3232=DIRECTION('',(-1.,0.,0.));
#3233=DIRECTION('',(0.,1.,0.));
#3234=DIRECTION('',(0.,0.,-1.));
#3235=DIRECTION('',(0.,1.,0.));
#3236=DIRECTION('',(0.,0.,-1.));
#3237=DIRECTION('',(0.,1.,0.));
#3238=DIRECTION('',(0.,0.,-1.));
#3239=DIRECTION('',(0.,-1.,0.));
#3240=DIRECTION('',(0.,0.,-1.));
#3241=DIRECTION('',(0.,1.,0.));
#3242=DIRECTION('',(0.,0.,-1.));
#3243=DIRECTION('',(0.,1.,0.));
#3244=DIRECTION('',(0.,0.,-1.));
#3245=DIRECTION('',(0.,1.,0.));
#3246=DIRECTION('',(0.,0.,-1.));
#3247=DIRECTION('',(0.,-1.,0.));
#3248=DIRECTION('',(-1.,0.,0.));
#3249=DIRECTION('',(0.,1.,0.));
#3250=DIRECTION('',(0.,0.,-1.));
#3251=DIRECTION('',(0.,1.,0.));
#3252=DIRECTION('',(0.,0.,-1.));
#3253=DIRECTION('',(0.,1.,0.));
#3254=DIRECTION('',(0.,0.,-1.));
#3255=DIRECTION('',(-1.,0.,0.));
#3256=DIRECTION('',(-1.23117105427603E-16,0.,-1.));
#3257=DIRECTION('',(-1.,0.,0.));
#3258=DIRECTION('',(0.,1.,0.));
#3259=DIRECTION('',(0.,0.,-1.));
#3260=DIRECTION('',(0.,1.,0.));
#3261=DIRECTION('',(0.,0.,-1.));
#3262=DIRECTION('',(-0.997204004206906,0.,-0.0747273309687448));
#3263=DIRECTION('',(-1.23117105427603E-16,0.,-1.));
#3264=DIRECTION('',(0.,1.,0.));
#3265=DIRECTION('',(0.,0.,-1.));
#3266=DIRECTION('',(-0.988831652012575,0.,-0.149036787331454));
#3267=DIRECTION('',(-1.23117105427603E-16,0.,-1.));
#3268=DIRECTION('',(0.997204004206906,0.,0.0747273309687447));
#3269=DIRECTION('',(0.,1.,0.));
#3270=DIRECTION('',(0.,0.,-1.));
#3271=DIRECTION('',(-0.974929761540034,0.,-0.222512831233373));
#3272=DIRECTION('',(-1.23117105427603E-16,0.,-1.));
#3273=DIRECTION('',(0.988831652012575,0.,0.149036787331454));
#3274=DIRECTION('',(0.,1.,0.));
#3275=DIRECTION('',(0.,0.,-1.));
#3276=DIRECTION('',(-0.955576072043838,0.,-0.294744585255217));
#3277=DIRECTION('',(-1.23117105427603E-16,0.,-1.));
#3278=DIRECTION('',(0.974929761540034,0.,0.222512831233373));
#3279=DIRECTION('',(0.,1.,0.));
#3280=DIRECTION('',(0.,0.,-1.));
#3281=DIRECTION('',(-0.93087880919281,0.,-0.365328130036239));
#3282=DIRECTION('',(-1.23117105427603E-16,0.,-1.));
#3283=DIRECTION('',(0.955576072043838,0.,0.294744585255217));
#3284=DIRECTION('',(0.,1.,0.));
#3285=DIRECTION('',(0.,0.,-1.));
#3286=DIRECTION('',(-0.900976079873017,0.,-0.433868762987902));
#3287=DIRECTION('',(-1.23117105427603E-16,0.,-1.));
#3288=DIRECTION('',(0.93087880919281,0.,0.365328130036239));
#3289=DIRECTION('',(0.,1.,0.));
#3290=DIRECTION('',(0.,0.,-1.));
#3291=DIRECTION('',(-0.866035099895217,0.,-0.499983205467426));
#3292=DIRECTION('',(-1.23117105427603E-16,0.,-1.));
#3293=DIRECTION('',(0.900976079873017,0.,0.433868762987902));
#3294=DIRECTION('',(0.,1.,0.));
#3295=DIRECTION('',(0.,0.,-1.));
#3296=DIRECTION('',(-0.82625125892546,0.,-0.563301746068741));
#3297=DIRECTION('',(-1.23117105427603E-16,0.,-1.));
#3298=DIRECTION('',(0.866035099895217,0.,0.499983205467426));
#3299=DIRECTION('',(0.,1.,0.));
#3300=DIRECTION('',(0.,0.,-1.));
#3301=DIRECTION('',(-0.781847027867715,0.,-0.623470308045555));
#3302=DIRECTION('',(-1.23117105427603E-16,0.,-1.));
#3303=DIRECTION('',(0.82625125892546,0.,0.563301746068741));
#3304=DIRECTION('',(0.,1.,0.));
#3305=DIRECTION('',(0.,0.,-1.));
#3306=DIRECTION('',(-0.733065438831147,0.,-0.680158115728467));
#3307=DIRECTION('',(-1.23117105427603E-16,0.,-1.));
#3308=DIRECTION('',(0.781847027867716,0.,0.623470308045555));
#3309=DIRECTION('',(0.,1.,0.));
#3310=DIRECTION('',(0.,0.,-1.));
#3311=DIRECTION('',(-0.686535684102829,0.,-0.727096110877689));
#3312=DIRECTION('',(-1.23117105427603E-16,0.,-1.));
#3313=DIRECTION('',(0.733065438831147,0.,0.680158115728467));
#3314=DIRECTION('',(0.,1.,0.));
#3315=DIRECTION('',(0.,0.,-1.));
#3316=DIRECTION('',(-0.637007008686614,0.,-0.770858009547889));
#3317=DIRECTION('',(-1.23117105427603E-16,0.,-1.));
#3318=DIRECTION('',(0.68653568410283,0.,0.727096110877689));
#3319=DIRECTION('',(0.,1.,0.));
#3320=DIRECTION('',(0.,0.,-1.));
#3321=DIRECTION('',(-0.584695763418718,0.,-0.811252651299336));
#3322=DIRECTION('',(-1.23117105427603E-16,0.,-1.));
#3323=DIRECTION('',(0.637007008686614,0.,0.770858009547889));
#3324=DIRECTION('',(0.,1.,0.));
#3325=DIRECTION('',(0.,0.,-1.));
#3326=DIRECTION('',(-0.5298304539388,0.,-0.848103584521964));
#3327=DIRECTION('',(-1.23117105427603E-16,0.,-1.));
#3328=DIRECTION('',(0.584695763418718,0.,0.811252651299336));
#3329=DIRECTION('',(0.,1.,0.));
#3330=DIRECTION('',(0.,0.,-1.));
#3331=DIRECTION('',(-1.23117105427603E-16,0.,-1.));
#3332=DIRECTION('',(0.529830453938801,0.,0.848103584521964));
#3333=DIRECTION('',(0.,1.,0.));
#3334=DIRECTION('',(0.,0.,-1.));
#3335=DIRECTION('',(0.,1.,0.));
#3336=DIRECTION('',(0.,0.,-1.));
#3337=DIRECTION('',(0.,-1.,0.));
#3338=DIRECTION('',(0.,0.,-1.));
#3339=DIRECTION('',(0.,1.,0.));
#3340=DIRECTION('',(0.,0.,-1.));
#3341=DIRECTION('',(0.,1.,0.));
#3342=DIRECTION('',(0.,0.,-1.));
#3343=DIRECTION('',(0.,1.,0.));
#3344=DIRECTION('',(0.,0.,-1.));
#3345=DIRECTION('',(-1.,0.,0.));
#3346=DIRECTION('',(0.,1.,0.));
#3347=DIRECTION('',(0.,0.,-1.));
#3348=DIRECTION('',(0.,0.,-1.));
#3349=DIRECTION('',(0.,1.,0.));
#3350=DIRECTION('',(0.,0.,-1.));
#3351=DIRECTION('',(0.,0.,1.));
#3352=DIRECTION('',(-1.,0.,0.));
#3353=DIRECTION('',(0.,1.,0.));
#3354=DIRECTION('',(0.,1.,0.));
#3355=DIRECTION('',(0.,1.,0.));
#3356=DIRECTION('',(0.,0.,1.));
#3357=DIRECTION('',(0.,1.,0.));
#3358=DIRECTION('',(0.,1.,0.));
#3359=DIRECTION('',(0.,0.,1.));
#3360=DIRECTION('',(0.,1.,0.));
#3361=DIRECTION('',(-1.,0.,1.23117105427603E-16));
#3362=DIRECTION('',(-1.23117105427603E-16,0.,-1.));
#3363=DIRECTION('',(0.,1.,0.));
#3364=DIRECTION('',(0.0747273309687447,0.,-0.997204004206906));
#3365=DIRECTION('',(0.997204004206906,0.,0.0747273309687447));
#3366=DIRECTION('',(0.,-1.,0.));
#3367=DIRECTION('',(0.,1.,0.));
#3368=DIRECTION('',(-0.0747273309687448,0.,0.997204004206906));
#3369=DIRECTION('',(-0.997204004206906,0.,-0.0747273309687448));
#3370=DIRECTION('',(0.,1.,0.));
#3371=DIRECTION('',(0.,0.,1.));
#3372=DIRECTION('',(0.,1.,0.));
#3373=DIRECTION('',(-1.,0.,1.23117105427603E-16));
#3374=DIRECTION('',(-1.23117105427603E-16,0.,-1.));
#3375=DIRECTION('',(0.,1.,0.));
#3376=DIRECTION('',(0.149036787331454,0.,-0.988831652012575));
#3377=DIRECTION('',(0.988831652012575,0.,0.149036787331454));
#3378=DIRECTION('',(0.,-1.,0.));
#3379=DIRECTION('',(0.,1.,0.));
#3380=DIRECTION('',(-0.149036787331454,0.,0.988831652012575));
#3381=DIRECTION('',(-0.988831652012575,0.,-0.149036787331454));
#3382=DIRECTION('',(0.,1.,0.));
#3383=DIRECTION('',(0.,0.,1.));
#3384=DIRECTION('',(0.,1.,0.));
#3385=DIRECTION('',(-1.,0.,1.23117105427603E-16));
#3386=DIRECTION('',(-1.23117105427603E-16,0.,-1.));
#3387=DIRECTION('',(0.,1.,0.));
#3388=DIRECTION('',(0.222512831233373,0.,-0.974929761540034));
#3389=DIRECTION('',(0.974929761540034,0.,0.222512831233373));
#3390=DIRECTION('',(0.,-1.,0.));
#3391=DIRECTION('',(0.,1.,0.));
#3392=DIRECTION('',(-0.222512831233373,0.,0.974929761540034));
#3393=DIRECTION('',(-0.974929761540034,0.,-0.222512831233373));
#3394=DIRECTION('',(0.,1.,0.));
#3395=DIRECTION('',(0.,0.,1.));
#3396=DIRECTION('',(0.,1.,0.));
#3397=DIRECTION('',(-1.,0.,1.23117105427603E-16));
#3398=DIRECTION('',(-1.23117105427603E-16,0.,-1.));
#3399=DIRECTION('',(0.,1.,0.));
#3400=DIRECTION('',(0.294744585255217,0.,-0.955576072043838));
#3401=DIRECTION('',(0.955576072043838,0.,0.294744585255217));
#3402=DIRECTION('',(0.,-1.,0.));
#3403=DIRECTION('',(0.,1.,0.));
#3404=DIRECTION('',(-0.294744585255217,0.,0.955576072043838));
#3405=DIRECTION('',(-0.955576072043838,0.,-0.294744585255217));
#3406=DIRECTION('',(0.,1.,0.));
#3407=DIRECTION('',(0.,0.,1.));
#3408=DIRECTION('',(0.,1.,0.));
#3409=DIRECTION('',(-1.,0.,1.23117105427603E-16));
#3410=DIRECTION('',(-1.23117105427603E-16,0.,-1.));
#3411=DIRECTION('',(0.,1.,0.));
#3412=DIRECTION('',(0.365328130036239,0.,-0.93087880919281));
#3413=DIRECTION('',(0.93087880919281,0.,0.365328130036239));
#3414=DIRECTION('',(0.,-1.,0.));
#3415=DIRECTION('',(0.,1.,0.));
#3416=DIRECTION('',(-0.365328130036239,0.,0.93087880919281));
#3417=DIRECTION('',(-0.93087880919281,0.,-0.365328130036239));
#3418=DIRECTION('',(0.,1.,0.));
#3419=DIRECTION('',(0.,0.,1.));
#3420=DIRECTION('',(0.,1.,0.));
#3421=DIRECTION('',(-1.,0.,1.23117105427603E-16));
#3422=DIRECTION('',(-1.23117105427603E-16,0.,-1.));
#3423=DIRECTION('',(0.,1.,0.));
#3424=DIRECTION('',(0.433868762987902,0.,-0.900976079873016));
#3425=DIRECTION('',(0.900976079873017,0.,0.433868762987902));
#3426=DIRECTION('',(0.,-1.,0.));
#3427=DIRECTION('',(0.,1.,0.));
#3428=DIRECTION('',(-0.433868762987902,0.,0.900976079873016));
#3429=DIRECTION('',(-0.900976079873017,0.,-0.433868762987902));
#3430=DIRECTION('',(0.,1.,0.));
#3431=DIRECTION('',(0.,0.,1.));
#3432=DIRECTION('',(0.,1.,0.));
#3433=DIRECTION('',(-1.,0.,1.23117105427603E-16));
#3434=DIRECTION('',(-1.23117105427603E-16,0.,-1.));
#3435=DIRECTION('',(0.,1.,0.));
#3436=DIRECTION('',(0.499983205467425,0.,-0.866035099895217));
#3437=DIRECTION('',(0.866035099895217,0.,0.499983205467426));
#3438=DIRECTION('',(0.,-1.,0.));
#3439=DIRECTION('',(0.,1.,0.));
#3440=DIRECTION('',(-0.499983205467426,0.,0.866035099895217));
#3441=DIRECTION('',(-0.866035099895217,0.,-0.499983205467426));
#3442=DIRECTION('',(0.,1.,0.));
#3443=DIRECTION('',(0.,0.,1.));
#3444=DIRECTION('',(0.,1.,0.));
#3445=DIRECTION('',(-1.,0.,1.23117105427603E-16));
#3446=DIRECTION('',(-1.23117105427603E-16,0.,-1.));
#3447=DIRECTION('',(0.,1.,0.));
#3448=DIRECTION('',(0.563301746068741,0.,-0.82625125892546));
#3449=DIRECTION('',(0.82625125892546,0.,0.563301746068741));
#3450=DIRECTION('',(0.,-1.,0.));
#3451=DIRECTION('',(0.,1.,0.));
#3452=DIRECTION('',(-0.563301746068741,0.,0.82625125892546));
#3453=DIRECTION('',(-0.82625125892546,0.,-0.563301746068741));
#3454=DIRECTION('',(0.,1.,0.));
#3455=DIRECTION('',(0.,0.,1.));
#3456=DIRECTION('',(0.,1.,0.));
#3457=DIRECTION('',(-1.,0.,1.23117105427603E-16));
#3458=DIRECTION('',(-1.23117105427603E-16,0.,-1.));
#3459=DIRECTION('',(0.,1.,0.));
#3460=DIRECTION('',(0.623470308045555,0.,-0.781847027867715));
#3461=DIRECTION('',(0.781847027867716,0.,0.623470308045555));
#3462=DIRECTION('',(0.,-1.,0.));
#3463=DIRECTION('',(0.,1.,0.));
#3464=DIRECTION('',(-0.623470308045555,0.,0.781847027867715));
#3465=DIRECTION('',(-0.781847027867715,0.,-0.623470308045555));
#3466=DIRECTION('',(0.,1.,0.));
#3467=DIRECTION('',(0.,0.,1.));
#3468=DIRECTION('',(0.,1.,0.));
#3469=DIRECTION('',(-1.,0.,1.23117105427603E-16));
#3470=DIRECTION('',(-1.23117105427603E-16,0.,-1.));
#3471=DIRECTION('',(0.,1.,0.));
#3472=DIRECTION('',(0.680158115728467,0.,-0.733065438831147));
#3473=DIRECTION('',(0.733065438831147,0.,0.680158115728467));
#3474=DIRECTION('',(0.,-1.,0.));
#3475=DIRECTION('',(0.,1.,0.));
#3476=DIRECTION('',(-0.680158115728467,0.,0.733065438831147));
#3477=DIRECTION('',(-0.733065438831147,0.,-0.680158115728467));
#3478=DIRECTION('',(0.,1.,0.));
#3479=DIRECTION('',(0.,0.,1.));
#3480=DIRECTION('',(0.,1.,0.));
#3481=DIRECTION('',(-1.,0.,1.23117105427603E-16));
#3482=DIRECTION('',(-1.23117105427603E-16,0.,-1.));
#3483=DIRECTION('',(0.,1.,0.));
#3484=DIRECTION('',(0.727096110877689,0.,-0.686535684102829));
#3485=DIRECTION('',(0.68653568410283,0.,0.727096110877689));
#3486=DIRECTION('',(0.,-1.,0.));
#3487=DIRECTION('',(0.,1.,0.));
#3488=DIRECTION('',(-0.727096110877689,0.,0.686535684102829));
#3489=DIRECTION('',(-0.686535684102829,0.,-0.727096110877689));
#3490=DIRECTION('',(0.,1.,0.));
#3491=DIRECTION('',(0.,0.,1.));
#3492=DIRECTION('',(0.,1.,0.));
#3493=DIRECTION('',(-1.,0.,1.23117105427603E-16));
#3494=DIRECTION('',(-1.23117105427603E-16,0.,-1.));
#3495=DIRECTION('',(0.,1.,0.));
#3496=DIRECTION('',(0.770858009547889,0.,-0.637007008686614));
#3497=DIRECTION('',(0.637007008686614,0.,0.770858009547889));
#3498=DIRECTION('',(0.,-1.,0.));
#3499=DIRECTION('',(0.,1.,0.));
#3500=DIRECTION('',(-0.770858009547889,0.,0.637007008686613));
#3501=DIRECTION('',(-0.637007008686613,0.,-0.770858009547889));
#3502=DIRECTION('',(0.,1.,0.));
#3503=DIRECTION('',(0.,0.,1.));
#3504=DIRECTION('',(0.,1.,0.));
#3505=DIRECTION('',(-1.,0.,1.23117105427603E-16));
#3506=DIRECTION('',(-1.23117105427603E-16,0.,-1.));
#3507=DIRECTION('',(0.,1.,0.));
#3508=DIRECTION('',(0.811252651299336,0.,-0.584695763418718));
#3509=DIRECTION('',(0.584695763418718,0.,0.811252651299336));
#3510=DIRECTION('',(0.,-1.,0.));
#3511=DIRECTION('',(0.,1.,0.));
#3512=DIRECTION('',(-0.811252651299336,0.,0.584695763418718));
#3513=DIRECTION('',(-0.584695763418718,0.,-0.811252651299336));
#3514=DIRECTION('',(0.,1.,0.));
#3515=DIRECTION('',(0.,0.,1.));
#3516=DIRECTION('',(0.,1.,0.));
#3517=DIRECTION('',(-1.,0.,1.23117105427603E-16));
#3518=DIRECTION('',(-1.23117105427603E-16,0.,-1.));
#3519=DIRECTION('',(0.,1.,0.));
#3520=DIRECTION('',(0.848103584521964,0.,-0.529830453938801));
#3521=DIRECTION('',(0.529830453938801,0.,0.848103584521964));
#3522=DIRECTION('',(0.,-1.,0.));
#3523=DIRECTION('',(0.,1.,0.));
#3524=DIRECTION('',(-0.848103584521964,0.,0.5298304539388));
#3525=DIRECTION('',(-0.5298304539388,0.,-0.848103584521964));
#3526=DIRECTION('',(0.,1.,0.));
#3527=DIRECTION('',(0.,0.,1.));
#3528=DIRECTION('',(0.,1.,0.));
#3529=DIRECTION('',(-1.,0.,1.23117105427603E-16));
#3530=DIRECTION('',(-1.23117105427603E-16,0.,-1.));
#3531=DIRECTION('',(0.,0.,1.));
#3532=DIRECTION('',(-1.,0.,0.));
#3533=DIRECTION('',(0.,1.,0.));
#3534=DIRECTION('',(0.,-1.,0.));
#3535=DIRECTION('',(-1.,0.,0.));
#3536=DIRECTION('',(0.,0.,-1.));
#3537=DIRECTION('',(0.,1.,0.));
#3538=DIRECTION('',(0.,1.,0.));
#3539=DIRECTION('',(0.,1.,0.));
#3540=DIRECTION('',(0.,0.,1.));
#3541=DIRECTION('',(0.,1.,0.));
#3542=DIRECTION('',(0.,1.,0.));
#3543=DIRECTION('',(0.,1.,0.));
#3544=DIRECTION('',(0.,0.,1.));
#3545=DIRECTION('',(0.,1.,0.));
#3546=DIRECTION('',(0.,1.,0.));
#3547=DIRECTION('',(-1.,0.,1.23117105427603E-16));
#3548=DIRECTION('',(-1.23117105427603E-16,0.,-1.));
#3549=DIRECTION('',(0.,1.,0.));
#3550=DIRECTION('',(0.,0.,1.));
#3551=DIRECTION('',(-1.,0.,0.));
#3552=DIRECTION('',(0.,1.,0.));
#3553=DIRECTION('',(0.,0.,1.));
#3554=DIRECTION('',(0.,1.,0.));
#3555=DIRECTION('',(0.,1.,0.));
#3556=DIRECTION('',(0.,-1.,0.));
#3557=DIRECTION('',(0.,0.,-1.));
#3558=DIRECTION('',(0.,-1.,0.));
#3559=DIRECTION('',(0.,0.,-1.));
#3560=DIRECTION('',(0.,1.,0.));
#3561=DIRECTION('',(0.,0.,1.));
#3562=DIRECTION('',(0.,-1.,0.));
#3563=DIRECTION('',(0.,0.,-1.));
#3564=DIRECTION('',(0.,1.,0.));
#3565=DIRECTION('',(0.,0.,1.));
#3566=DIRECTION('',(0.,-1.,0.));
#3567=DIRECTION('',(0.,0.,-1.));
#3568=DIRECTION('',(0.,-1.,0.));
#3569=DIRECTION('',(0.,0.,-1.));
#3570=DIRECTION('',(0.,-1.,0.));
#3571=DIRECTION('',(0.,0.,-1.));
#3572=DIRECTION('',(0.,1.,0.));
#3573=DIRECTION('',(1.,0.,0.));
#3574=DIRECTION('',(-1.,0.,0.));
#3575=DIRECTION('',(0.,0.,-1.));
#3576=DIRECTION('',(0.,-1.,0.));
#3577=DIRECTION('',(0.,0.,-1.));
#3578=DIRECTION('',(0.,1.,0.));
#3579=DIRECTION('',(0.,0.,1.));
#3580=DIRECTION('',(0.,-1.,0.));
#3581=DIRECTION('',(0.,0.,-1.));
#3582=DIRECTION('',(0.,0.,1.));
#3583=DIRECTION('',(-1.,0.,0.));
#3584=DIRECTION('',(0.,0.,1.));
#3585=DIRECTION('',(1.,0.,0.));
#3586=DIRECTION('',(0.,0.,-1.));
#3587=DIRECTION('',(-1.,0.,0.));
#3588=DIRECTION('',(0.,0.,1.));
#3589=DIRECTION('',(-1.,0.,0.));
#3590=DIRECTION('',(0.,0.,1.));
#3591=DIRECTION('',(1.,0.,0.));
#3592=DIRECTION('',(0.,0.,-1.));
#3593=DIRECTION('',(-1.,0.,0.));
#3594=DIRECTION('',(0.,0.,1.));
#3595=DIRECTION('',(-1.,0.,0.));
#3596=DIRECTION('',(0.,0.,1.));
#3597=DIRECTION('',(1.,0.,0.));
#3598=DIRECTION('',(0.,0.,-1.));
#3599=DIRECTION('',(-1.,0.,0.));
#3600=DIRECTION('',(-0.707106781186547,0.707106781186548,0.));
#3601=DIRECTION('',(0.707106781186548,0.707106781186547,0.));
#3602=DIRECTION('',(0.,0.,-1.));
#3603=DIRECTION('',(-0.707106781186548,-0.707106781186547,0.));
#3604=DIRECTION('',(0.,0.,-1.));
#3605=DIRECTION('',(-0.707106781186548,-0.707106781186547,0.));
#3606=DIRECTION('',(0.707106781186547,-0.707106781186548,0.));
#3607=DIRECTION('',(0.707106781186548,0.707106781186547,0.));
#3608=DIRECTION('',(0.707106781186547,-0.707106781186548,0.));
#3609=DIRECTION('',(0.707106781186548,0.707106781186547,0.));
#3610=DIRECTION('',(0.,-1.,0.));
#3611=DIRECTION('',(0.,0.,-1.));
#3612=DIRECTION('',(1.,0.,0.));
#3613=DIRECTION('',(0.,0.,-1.));
#3614=DIRECTION('',(-1.,1.30922526488816E-16,0.));
#3615=DIRECTION('',(0.,0.,-1.));
#3616=DIRECTION('',(-1.,1.30922526488816E-16,0.));
#3617=DIRECTION('',(1.30922526488816E-16,1.,0.));
#3618=DIRECTION('',(-1.30922526488816E-16,-1.,0.));
#3619=DIRECTION('',(-1.30922526488816E-16,-1.,0.));
#3620=DIRECTION('',(0.,0.,1.));
#3621=DIRECTION('',(1.30922526488816E-16,1.,0.));
#3622=DIRECTION('',(0.,0.,1.));
#3623=DIRECTION('',(1.30922526488816E-16,1.,0.));
#3624=DIRECTION('',(0.,0.,-1.));
#3625=DIRECTION('',(-1.,0.,0.));
#3626=DIRECTION('',(0.,0.,-1.));
#3627=DIRECTION('',(0.,-1.,0.));
#3628=DIRECTION('',(0.,0.,-1.));
#3629=DIRECTION('',(0.,1.,0.));
#3630=DIRECTION('',(0.,0.,-1.));
#3631=DIRECTION('',(0.,-1.,0.));
#3632=DIRECTION('',(0.,0.,1.));
#3633=DIRECTION('',(-0.777042646069038,0.629447953519612,0.));
#3634=DIRECTION('',(0.629447953519612,0.777042646069038,0.));
#3635=DIRECTION('',(0.629447953519612,0.777042646069038,0.));
#3636=DIRECTION('',(0.,0.,-1.));
#3637=DIRECTION('',(-0.629447953519612,-0.777042646069038,0.));
#3638=DIRECTION('',(0.,0.,-1.));
#3639=DIRECTION('',(0.,-1.,0.));
#3640=DIRECTION('',(0.,0.,-1.));
#3641=DIRECTION('',(1.,0.,0.));
#3642=DIRECTION('',(0.,0.,-1.));
#3643=DIRECTION('',(1.,0.,0.));
#3644=DIRECTION('',(0.,0.,-1.));
#3645=DIRECTION('',(1.,0.,0.));
#3646=DIRECTION('',(0.,0.,1.));
#3647=DIRECTION('',(0.,0.,-1.));
#3648=DIRECTION('',(0.,1.,0.));
#3649=DIRECTION('',(0.,0.,-1.));
#3650=DIRECTION('',(0.,1.,0.));
#3651=DIRECTION('',(0.,1.,0.));
#3652=DIRECTION('',(0.,0.,1.));
#3653=DIRECTION('',(0.,0.,-1.));
#3654=DIRECTION('',(-1.,0.,0.));
#3655=DIRECTION('',(-1.,0.,0.));
#3656=DIRECTION('',(-1.,2.31296463463574E-16,0.));
#3657=DIRECTION('',(2.31296463463574E-16,1.,0.));
#3658=DIRECTION('',(1.,-2.31296463463574E-16,0.));
#3659=DIRECTION('',(2.31296463463574E-16,1.,0.));
#3660=DIRECTION('',(1.,-2.31296463463574E-16,0.));
#3661=DIRECTION('',(2.31296463463574E-16,1.,0.));
#3662=DIRECTION('',(-2.31296463463574E-16,-1.,0.));
#3663=DIRECTION('',(-2.31296463463574E-16,-1.,0.));
#3664=DIRECTION('',(0.,1.,0.));
#3665=DIRECTION('',(0.,0.,1.));
#3666=DIRECTION('',(1.,0.,0.));
#3667=DIRECTION('',(1.,0.,0.));
#3668=DIRECTION('',(0.,0.,-1.));
#3669=DIRECTION('',(-1.,0.,0.));
#3670=DIRECTION('',(-1.,0.,0.));
#3671=DIRECTION('',(0.,0.,1.));
#3672=DIRECTION('',(0.,0.,1.));
#3673=DIRECTION('',(-1.,0.,0.));
#3674=DIRECTION('',(-0.5,-0.866025403784439,0.));
#3675=DIRECTION('',(-1.,0.,0.));
#3676=DIRECTION('',(-0.5,0.866025403784439,0.));
#3677=DIRECTION('',(0.5,0.866025403784439,0.));
#3678=DIRECTION('',(1.,0.,0.));
#3679=DIRECTION('',(0.5,-0.866025403784439,0.));
#3680=DIRECTION('',(0.5,0.866025403784438,0.));
#3681=DIRECTION('',(1.,0.,0.));
#3682=DIRECTION('',(0.5,-0.86602540378444,0.));
#3683=DIRECTION('',(-0.5,-0.866025403784438,0.));
#3684=DIRECTION('',(-1.,4.00617226329907E-15,0.));
#3685=DIRECTION('',(-0.5,0.86602540378444,0.));
#3686=DIRECTION('',(-0.5,-0.866025403784441,0.));
#3687=DIRECTION('',(-1.,0.,0.));
#3688=DIRECTION('',(-0.5,0.866025403784436,0.));
#3689=DIRECTION('',(0.5,0.866025403784441,0.));
#3690=DIRECTION('',(1.,8.01234452659813E-15,0.));
#3691=DIRECTION('',(0.5,-0.866025403784436,0.));
#3692=DIRECTION('',(0.,0.,-1.));
#3693=DIRECTION('',(-1.,0.,0.));
#3694=DIRECTION('',(0.,0.,-1.));
#3695=DIRECTION('',(-1.,0.,0.));
#3696=DIRECTION('',(0.,0.,-1.));
#3697=DIRECTION('',(-1.,0.,0.));
#3698=DIRECTION('',(0.,0.,-1.));
#3699=DIRECTION('',(-1.,0.,0.));
#3700=DIRECTION('',(0.,0.,1.));
#3701=DIRECTION('',(-1.,0.,0.));
#3702=DIRECTION('',(0.,0.,-1.));
#3703=DIRECTION('',(-1.,0.,0.));
#3704=DIRECTION('',(0.,0.,-1.));
#3705=DIRECTION('',(-1.,0.,0.));
#3706=DIRECTION('',(1.30922526488816E-16,1.,0.));
#3707=DIRECTION('',(1.,-1.30922526488816E-16,0.));
#3708=DIRECTION('',(-1.,1.30922526488816E-16,0.));
#3709=DIRECTION('',(-1.,1.30922526488816E-16,0.));
#3710=DIRECTION('',(0.,0.,-1.));
#3711=DIRECTION('',(0.,0.,-1.));
#3712=DIRECTION('',(1.,0.,0.));
#3713=DIRECTION('',(0.,0.,1.));
#3714=DIRECTION('',(1.,0.,0.));
#3715=DIRECTION('',(0.,0.,1.));
#3716=DIRECTION('',(1.,0.,0.));
#3717=DIRECTION('',(0.,0.,1.));
#3718=DIRECTION('',(1.,0.,0.));
#3719=DIRECTION('',(0.,0.,1.));
#3720=DIRECTION('',(1.,0.,0.));
#3721=DIRECTION('',(0.,-1.,0.));
#3722=DIRECTION('',(0.,0.,1.));
#3723=DIRECTION('',(-1.,1.30922526488816E-16,0.));
#3724=DIRECTION('',(0.,0.,1.));
#3725=DIRECTION('',(1.,0.,0.));
#3726=DIRECTION('',(0.,0.,1.));
#3727=DIRECTION('',(-0.777042646069038,0.629447953519612,0.));
#3728=DIRECTION('',(0.629447953519612,0.777042646069038,0.));
#3729=DIRECTION('',(-0.629447953519612,-0.777042646069038,0.));
#3730=DIRECTION('',(0.,0.,1.));
#3731=DIRECTION('',(0.629447953519612,0.777042646069038,0.));
#3732=DIRECTION('',(0.,0.,1.));
#3733=DIRECTION('',(0.,0.,-1.));
#3734=DIRECTION('',(-1.,0.,0.));
#3735=DIRECTION('',(0.,0.,-1.));
#3736=DIRECTION('',(-1.,0.,0.));
#3737=DIRECTION('',(0.,0.,-1.));
#3738=DIRECTION('',(-1.,0.,0.));
#3739=DIRECTION('',(0.,0.,-1.));
#3740=DIRECTION('',(-1.,0.,0.));
#3741=DIRECTION('',(0.,0.,1.));
#3742=DIRECTION('',(1.,0.,0.));
#3743=DIRECTION('',(0.,0.,1.));
#3744=DIRECTION('',(1.,0.,0.));
#3745=DIRECTION('',(0.,0.,1.));
#3746=DIRECTION('',(1.,0.,0.));
#3747=DIRECTION('',(0.,0.,1.));
#3748=DIRECTION('',(1.,0.,0.));
#3749=DIRECTION('',(0.,0.,-1.));
#3750=DIRECTION('',(-1.,0.,0.));
#3751=DIRECTION('',(0.,0.,1.));
#3752=DIRECTION('',(1.,0.,0.));
#3753=DIRECTION('',(0.,0.,1.));
#3754=DIRECTION('',(1.,0.,0.));
#3755=DIRECTION('',(0.,0.,1.));
#3756=DIRECTION('',(1.,0.,0.));
#3757=DIRECTION('',(0.,0.,-1.));
#3758=DIRECTION('',(-1.,0.,0.));
#3759=DIRECTION('',(0.,0.,-1.));
#3760=DIRECTION('',(-1.,0.,0.));
#3761=DIRECTION('',(0.,0.,-1.));
#3762=DIRECTION('',(-1.,0.,0.));
#3763=DIRECTION('',(0.,0.,-1.));
#3764=DIRECTION('',(-1.,0.,0.));
#3765=DIRECTION('',(0.,0.,-1.));
#3766=DIRECTION('',(-1.,0.,0.));
#3767=DIRECTION('',(0.,0.,-1.));
#3768=DIRECTION('',(-1.,0.,0.));
#3769=DIRECTION('',(0.,0.,-1.));
#3770=DIRECTION('',(-1.,0.,0.));
#3771=DIRECTION('',(1.,0.,0.));
#3772=DIRECTION('',(0.,0.,1.));
#3773=DIRECTION('',(-1.,0.,0.));
#3774=DIRECTION('',(0.,0.,1.));
#3775=DIRECTION('',(-1.,0.,0.));
#3776=DIRECTION('',(0.,0.,-1.));
#3777=DIRECTION('',(-1.,0.,0.));
#3778=DIRECTION('',(0.,0.,1.));
#3779=DIRECTION('',(1.,0.,0.));
#3780=DIRECTION('',(0.,0.,1.));
#3781=DIRECTION('',(1.,0.,0.));
#3782=DIRECTION('',(0.,0.,1.));
#3783=DIRECTION('',(-1.,0.,0.));
#3784=DIRECTION('',(0.,0.,1.));
#3785=DIRECTION('',(-1.,0.,0.));
#3786=DIRECTION('',(0.,0.,-1.));
#3787=DIRECTION('',(-1.,0.,0.));
#3788=DIRECTION('',(0.,0.,1.));
#3789=DIRECTION('',(1.,0.,0.));
#3790=DIRECTION('',(0.,0.,1.));
#3791=DIRECTION('',(0.,0.,1.));
#3792=DIRECTION('',(-1.,0.,0.));
#3793=DIRECTION('',(0.,0.,-1.));
#3794=DIRECTION('',(-1.,0.,0.));
#3795=DIRECTION('',(0.,0.,-1.));
#3796=DIRECTION('',(1.,0.,0.));
#3797=DIRECTION('',(0.,0.,-1.));
#3798=DIRECTION('',(-1.,0.,0.));
#3799=DIRECTION('',(0.,0.,1.));
#3800=DIRECTION('',(-1.,0.,0.));
#3801=DIRECTION('',(0.,0.,1.));
#3802=DIRECTION('',(-1.,0.,0.));
#3803=DIRECTION('',(0.,0.,-1.));
#3804=DIRECTION('',(-1.,0.,0.));
#3805=DIRECTION('',(0.,0.,-1.));
#3806=DIRECTION('',(1.,0.,0.));
#3807=DIRECTION('',(0.,0.,-1.));
#3808=DIRECTION('',(-1.,0.,0.));
#3809=DIRECTION('',(0.,0.,1.));
#3810=DIRECTION('',(-1.,0.,0.));
#3811=DIRECTION('',(0.,0.,1.));
#3812=DIRECTION('',(-1.,0.,0.));
#3813=DIRECTION('',(0.,0.,-1.));
#3814=DIRECTION('',(-1.,0.,0.));
#3815=DIRECTION('',(0.,0.,-1.));
#3816=DIRECTION('',(1.,0.,0.));
#3817=DIRECTION('',(0.,0.,-1.));
#3818=DIRECTION('',(-1.,0.,0.));
#3819=DIRECTION('',(0.,0.,1.));
#3820=DIRECTION('',(-1.,0.,0.));
#3821=DIRECTION('',(0.866025403784439,-0.5,0.));
#3822=DIRECTION('',(-0.5,-0.866025403784439,0.));
#3823=DIRECTION('',(0.,0.,1.));
#3824=DIRECTION('',(-0.5,-0.866025403784439,0.));
#3825=DIRECTION('',(0.,0.,1.));
#3826=DIRECTION('',(0.,-1.,0.));
#3827=DIRECTION('',(0.,0.,-1.));
#3828=DIRECTION('',(-1.,0.,0.));
#3829=DIRECTION('',(0.,0.,1.));
#3830=DIRECTION('',(-0.866025403784439,-0.5,0.));
#3831=DIRECTION('',(-0.5,0.866025403784439,0.));
#3832=DIRECTION('',(-0.5,0.866025403784439,0.));
#3833=DIRECTION('',(0.,0.,1.));
#3834=DIRECTION('',(-0.866025403784439,0.5,0.));
#3835=DIRECTION('',(0.5,0.866025403784439,0.));
#3836=DIRECTION('',(0.5,0.866025403784439,0.));
#3837=DIRECTION('',(0.,0.,1.));
#3838=DIRECTION('',(0.,1.,0.));
#3839=DIRECTION('',(0.,0.,1.));
#3840=DIRECTION('',(1.,0.,0.));
#3841=DIRECTION('',(0.,0.,1.));
#3842=DIRECTION('',(0.866025403784439,0.5,0.));
#3843=DIRECTION('',(0.5,-0.866025403784439,0.));
#3844=DIRECTION('',(0.5,-0.866025403784439,0.));
#3845=DIRECTION('',(0.,0.,1.));
#3846=DIRECTION('',(-1.,0.,0.));
#3847=DIRECTION('',(-0.866025403784438,0.5,0.));
#3848=DIRECTION('',(0.5,0.866025403784438,0.));
#3849=DIRECTION('',(0.,0.,1.));
#3850=DIRECTION('',(0.5,0.866025403784438,0.));
#3851=DIRECTION('',(0.,0.,1.));
#3852=DIRECTION('',(0.,1.,0.));
#3853=DIRECTION('',(0.,0.,1.));
#3854=DIRECTION('',(1.,0.,0.));
#3855=DIRECTION('',(0.,0.,1.));
#3856=DIRECTION('',(0.86602540378444,0.5,0.));
#3857=DIRECTION('',(0.5,-0.86602540378444,0.));
#3858=DIRECTION('',(0.5,-0.86602540378444,0.));
#3859=DIRECTION('',(0.,0.,1.));
#3860=DIRECTION('',(0.866025403784438,-0.5,0.));
#3861=DIRECTION('',(-0.5,-0.866025403784438,0.));
#3862=DIRECTION('',(-0.5,-0.866025403784438,0.));
#3863=DIRECTION('',(0.,0.,1.));
#3864=DIRECTION('',(-4.00617226329907E-15,-1.,0.));
#3865=DIRECTION('',(-1.,4.00617226329907E-15,0.));
#3866=DIRECTION('',(-1.,4.00617226329907E-15,0.));
#3867=DIRECTION('',(0.,0.,1.));
#3868=DIRECTION('',(-0.86602540378444,-0.5,0.));
#3869=DIRECTION('',(-0.5,0.86602540378444,0.));
#3870=DIRECTION('',(-0.5,0.86602540378444,0.));
#3871=DIRECTION('',(0.,0.,1.));
#3872=DIRECTION('',(-1.,0.,0.));
#3873=DIRECTION('',(0.866025403784441,-0.5,0.));
#3874=DIRECTION('',(-0.5,-0.866025403784441,0.));
#3875=DIRECTION('',(0.,0.,1.));
#3876=DIRECTION('',(-0.5,-0.866025403784441,0.));
#3877=DIRECTION('',(0.,0.,1.));
#3878=DIRECTION('',(0.,-1.,0.));
#3879=DIRECTION('',(0.,0.,-1.));
#3880=DIRECTION('',(-1.,0.,0.));
#3881=DIRECTION('',(0.,0.,1.));
#3882=DIRECTION('',(-0.866025403784436,-0.5,0.));
#3883=DIRECTION('',(-0.5,0.866025403784436,0.));
#3884=DIRECTION('',(-0.5,0.866025403784436,0.));
#3885=DIRECTION('',(0.,0.,1.));
#3886=DIRECTION('',(-0.866025403784441,0.5,0.));
#3887=DIRECTION('',(0.5,0.866025403784441,0.));
#3888=DIRECTION('',(0.5,0.866025403784441,0.));
#3889=DIRECTION('',(0.,0.,1.));
#3890=DIRECTION('',(-8.01234452659813E-15,1.,0.));
#3891=DIRECTION('',(1.,8.01234452659813E-15,0.));
#3892=DIRECTION('',(1.,8.01234452659813E-15,0.));
#3893=DIRECTION('',(0.,0.,1.));
#3894=DIRECTION('',(0.866025403784436,0.5,0.));
#3895=DIRECTION('',(0.5,-0.866025403784436,0.));
#3896=DIRECTION('',(0.5,-0.866025403784436,0.));
#3897=DIRECTION('',(0.,0.,1.));
#3898=DIRECTION('',(-1.,0.,0.));
#3899=DIRECTION('',(0.,0.,-1.));
#3900=DIRECTION('',(1.,0.,0.));
#3901=DIRECTION('',(0.,0.,1.));
#3902=DIRECTION('',(-1.,0.,0.));
#3903=DIRECTION('',(0.,0.,1.));
#3904=DIRECTION('',(-1.,0.,0.));
#3905=DIRECTION('',(0.,0.,-1.));
#3906=DIRECTION('',(1.,0.,0.));
#3907=DIRECTION('',(0.,0.,-1.));
#3908=DIRECTION('',(1.,0.,0.));
#3909=DIRECTION('',(0.,0.,1.));
#3910=DIRECTION('',(-1.,0.,0.));
#3911=DIRECTION('',(0.,0.,-1.));
#3912=DIRECTION('',(1.,0.,0.));
#3913=DIRECTION('',(0.,0.,-1.));
#3914=DIRECTION('',(1.,0.,0.));
#3915=DIRECTION('',(0.,0.,1.));
#3916=DIRECTION('',(-1.,0.,0.));
#3917=DIRECTION('',(0.,0.,1.));
#3918=DIRECTION('',(1.,0.,0.));
#3919=CARTESIAN_POINT('',(0.,0.,0.));
#3920=CARTESIAN_POINT('',(-26.5,-25.8,-15.));
#3921=CARTESIAN_POINT('',(-1.8,-25.8,-15.));
#3922=CARTESIAN_POINT('',(-1.8,0.,-15.));
#3923=CARTESIAN_POINT('',(-1.8,-25.8,-15.));
#3924=CARTESIAN_POINT('',(-26.5,-25.8,-15.));
#3925=CARTESIAN_POINT('',(-32.8222607183558,-25.8,-15.));
#3926=CARTESIAN_POINT('',(-32.8222607183557,-25.8,-15.));
#3927=CARTESIAN_POINT('',(-32.8222607183558,0.,-15.));
#3928=CARTESIAN_POINT('',(-26.5,0.,-15.));
#3929=CARTESIAN_POINT('',(-17.399,-25.8,-64.8895));
#3930=CARTESIAN_POINT('',(-35.,-25.8,-40.));
#3931=CARTESIAN_POINT('',(-35.,-25.8,-42.));
#3932=CARTESIAN_POINT('',(-5.,-25.8,-5.));
#3933=CARTESIAN_POINT('',(-5.,-25.8,-7.));
#3934=CARTESIAN_POINT('',(-35.,-25.8,-5.));
#3935=CARTESIAN_POINT('',(-35.,-25.8,-7.));
#3936=CARTESIAN_POINT('',(259.607352680761,-25.8,15.3466836284067));
#3937=CARTESIAN_POINT('',(-33.0229012699721,-25.8,-13.));
#3938=CARTESIAN_POINT('',(-33.298,-25.8,-10.));
#3939=CARTESIAN_POINT('',(-17.549,-25.8,-10.));
#3940=CARTESIAN_POINT('',(-1.8,-25.8,-10.));
#3941=CARTESIAN_POINT('',(-1.8,-25.8,-64.5988589161797));
#3942=CARTESIAN_POINT('',(-1.8,-25.8,-13.));
#3943=CARTESIAN_POINT('',(-26.5,-25.8,-13.));
#3944=CARTESIAN_POINT('',(-1.8,-25.8,-64.5988589161797));
#3945=CARTESIAN_POINT('',(-1.8,-25.8,-16.95007145319));
#3946=CARTESIAN_POINT('',(-26.283556373665,-25.8,-18.7847921449525));
#3947=CARTESIAN_POINT('',(-32.3512010948828,-25.8,-19.2394823521422));
#3948=CARTESIAN_POINT('',(259.607352680761,-25.8,15.3466836284067));
#3949=CARTESIAN_POINT('',(-26.1341017117275,-25.8,-20.7792001533663));
#3950=CARTESIAN_POINT('',(-32.1088974657766,-25.8,-21.2269325510501));
#3951=CARTESIAN_POINT('',(-1.8,-25.8,-18.9556791237997));
#3952=CARTESIAN_POINT('',(-1.8,-25.8,-64.5988589161797));
#3953=CARTESIAN_POINT('',(-1.8,-25.8,-20.9447569440422));
#3954=CARTESIAN_POINT('',(-25.6354358455975,-25.8,-24.5372357809025));
#3955=CARTESIAN_POINT('',(-31.5512878280308,-25.8,-25.4288734747362));
#3956=CARTESIAN_POINT('',(259.607352680761,-25.8,15.3466836284067));
#3957=CARTESIAN_POINT('',(-25.3373622709346,-25.8,-26.5148990849277));
#3958=CARTESIAN_POINT('',(-31.2671604822964,-25.8,-27.4086387555243));
#3959=CARTESIAN_POINT('',(-1.8,-25.8,-22.9673459215789));
#3960=CARTESIAN_POINT('',(-1.8,-25.8,-64.5988589161797));
#3961=CARTESIAN_POINT('',(-1.8,-25.8,-25.0307091061062));
#3962=CARTESIAN_POINT('',(-24.5592627003372,-25.8,-30.2251632914379));
#3963=CARTESIAN_POINT('',(-30.6188381228154,-25.8,-31.6081688540109));
#3964=CARTESIAN_POINT('',(259.607352680761,-25.8,15.3466836284067));
#3965=CARTESIAN_POINT('',(-24.1142370378704,-25.8,-32.175022814518));
#3966=CARTESIAN_POINT('',(-30.2920919576441,-25.8,-33.5850238662618));
#3967=CARTESIAN_POINT('',(-1.8,-25.8,-27.0821389412573));
#3968=CARTESIAN_POINT('',(-1.8,-25.8,-64.5988589161797));
#3969=CARTESIAN_POINT('',(-1.8,-25.8,-29.2588589569249));
#3970=CARTESIAN_POINT('',(-23.0610548890576,-25.8,-35.8167678337769));
#3971=CARTESIAN_POINT('',(-29.54593161499,-25.8,-37.8170086905074));
#3972=CARTESIAN_POINT('',(259.607352680761,-25.8,15.3466836284067));
#3973=CARTESIAN_POINT('',(-22.4715657185472,-25.8,-37.7279199778645));
#3974=CARTESIAN_POINT('',(-29.175137635157,-25.8,-39.7956167129488));
#3975=CARTESIAN_POINT('',(-1.8,-25.8,-31.3518372749381));
#3976=CARTESIAN_POINT('',(-1.8,-25.8,-64.5988589161797));
#3977=CARTESIAN_POINT('',(-1.8,-25.8,-33.6870928850219));
#3978=CARTESIAN_POINT('',(-21.1491903772339,-25.8,-41.2807812023653));
#3979=CARTESIAN_POINT('',(-28.3208443086454,-25.8,-44.0953333160841));
#3980=CARTESIAN_POINT('',(259.607352680761,-25.8,15.3466836284067));
#3981=CARTESIAN_POINT('',(-20.4185341171614,-25.8,-43.142538820751));
#3982=CARTESIAN_POINT('',(-27.9039264266058,-25.8,-46.080219158934));
#3983=CARTESIAN_POINT('',(-1.8,-25.8,-35.8356002742214));
#3984=CARTESIAN_POINT('',(-1.8,-25.8,-64.5988589161797));
#3985=CARTESIAN_POINT('',(-1.8,-25.8,-38.3836819262078));
#3986=CARTESIAN_POINT('',(-18.83436029513,-25.8,-46.5866486804194));
#3987=CARTESIAN_POINT('',(-26.9276697342962,-25.8,-50.4840153622788));
#3988=CARTESIAN_POINT('',(259.607352680761,-25.8,15.3466836284067));
#3989=CARTESIAN_POINT('',(-17.9666227691541,-25.8,-48.3886008401655));
#3990=CARTESIAN_POINT('',(-26.461878816301,-25.8,-52.4795265759081));
#3991=CARTESIAN_POINT('',(-1.8,-25.8,-40.6034966856428));
#3992=CARTESIAN_POINT('',(-1.8,-25.8,-64.5988589161797));
#3993=CARTESIAN_POINT('',(-1.8,-25.8,-43.4319244448495));
#3994=CARTESIAN_POINT('',(-16.1295091530885,-25.8,-51.7046999016444));
#3995=CARTESIAN_POINT('',(-25.345753049341,-25.8,-57.0254624968041));
#3996=CARTESIAN_POINT('',(259.607352680761,-25.8,15.3466836284067));
#3997=CARTESIAN_POINT('',(-15.1295427421536,-25.8,-53.4367701014348));
#3998=CARTESIAN_POINT('',(-24.8276296241351,-25.8,-59.035712415368));
#3999=CARTESIAN_POINT('',(-1.8,-25.8,-45.7412996656021));
#4000=CARTESIAN_POINT('',(-1.8,-25.8,-64.5988589161797));
#4001=CARTESIAN_POINT('',(-1.8,-25.8,-48.9367218119473));
#4002=CARTESIAN_POINT('',(-13.0497624559377,-25.8,-56.6063147666734));
#4003=CARTESIAN_POINT('',(-23.5489151977659,-25.8,-63.764175051698));
#4004=CARTESIAN_POINT('',(259.607352680761,-25.8,15.3466836284067));
#4005=CARTESIAN_POINT('',(-11.9231589638002,-25.8,-58.2588172845243));
#4006=CARTESIAN_POINT('',(-22.9742430125566,-25.8,-65.7929600448181));
#4007=CARTESIAN_POINT('',(-1.8,-25.8,-51.3572930103513));
#4008=CARTESIAN_POINT('',(-1.8,-25.8,-64.5988589161797));
#4009=CARTESIAN_POINT('',(-1.8,-25.8,-55.0342671984395));
#4010=CARTESIAN_POINT('',(-9.61234212129559,-25.8,-61.2640834864225));
#4011=CARTESIAN_POINT('',(-21.5044372116649,-25.8,-70.7472277909041));
#4012=CARTESIAN_POINT('',(259.607352680761,-25.8,15.3466836284067));
#4013=CARTESIAN_POINT('',(-8.36540150520448,-25.8,-62.827777542158));
#4014=CARTESIAN_POINT('',(-20.8681911481476,-25.8,-72.7979095913565));
#4015=CARTESIAN_POINT('',(-1.8,-25.8,-57.5923123514082));
#4016=CARTESIAN_POINT('',(-1.8,-25.8,-64.5988589161797));
#4017=CARTESIAN_POINT('',(-1.8,-25.8,-61.9076318390412));
#4018=CARTESIAN_POINT('',(-17.9939723737008,-25.8,-76.9328412574766));
#4019=CARTESIAN_POINT('',(-19.1715114594456,-25.8,-78.0253941502086));
#4020=CARTESIAN_POINT('',(259.607352680761,-25.8,15.3466836284067));
#4021=CARTESIAN_POINT('',(-17.1777826348266,-25.8,-77.812519784074));
#4022=CARTESIAN_POINT('',(-18.7508573401878,-25.8,-79.2720614168163));
#4023=CARTESIAN_POINT('',(-1.8,-25.8,-63.5445934749811));
#4024=CARTESIAN_POINT('',(-1.8,-25.8,-64.5988589161797));
#4025=CARTESIAN_POINT('',(-1.8,-25.8,-69.3793644328028));
#4026=CARTESIAN_POINT('',(-13.3528154585701,-25.8,-81.6147185216309));
#4027=CARTESIAN_POINT('',(-16.6852677870344,-25.8,-85.1440516412605));
#4028=CARTESIAN_POINT('',(259.607352680761,-25.8,15.3466836284067));
#4029=CARTESIAN_POINT('',(-12.4803001255169,-25.8,-82.4385613425542));
#4030=CARTESIAN_POINT('',(-16.2239707174278,-25.8,-86.4034074398736));
#4031=CARTESIAN_POINT('',(-1.8,-25.8,-71.127270663734));
#4032=CARTESIAN_POINT('',(-1.8,-25.8,-64.5988589161797));
#4033=CARTESIAN_POINT('',(-1.8,-25.8,-77.9778081830024));
#4034=CARTESIAN_POINT('',(-8.4125282005042,-25.8,-85.9797928663886));
#4035=CARTESIAN_POINT('',(-13.8664139049821,-25.8,-92.5796754754101));
#4036=CARTESIAN_POINT('',(259.607352680761,-25.8,15.3466836284067));
#4037=CARTESIAN_POINT('',(-7.48749858904675,-25.8,-86.7442012768126));
#4038=CARTESIAN_POINT('',(-13.360943276105,-25.8,-93.8518026358469));
#4039=CARTESIAN_POINT('',(-1.8,-25.8,-79.8616179113666));
#4040=CARTESIAN_POINT('',(-1.8,-25.8,-64.5988589161797));
#4041=CARTESIAN_POINT('',(-1.8,-25.8,-88.0738937570578));
#4042=CARTESIAN_POINT('',(-3.19469073001269,-25.8,-90.0089968025285));
#4043=CARTESIAN_POINT('',(-10.6622199900773,-25.8,-100.370031189816));
#4044=CARTESIAN_POINT('',(259.607352680761,-25.8,15.3466836284067));
#4045=CARTESIAN_POINT('',(-2.2211875484535,-25.8,-90.710631718631));
#4046=CARTESIAN_POINT('',(-10.108701368704,-25.8,-101.654385546134));
#4047=CARTESIAN_POINT('',(-1.8,-25.8,-90.1262431583662));
#4048=CARTESIAN_POINT('',(-1.8,-25.8,-64.5988589161797));
#4049=CARTESIAN_POINT('',(-1.8,-25.8,-100.212262216557));
#4050=CARTESIAN_POINT('',(2.27790442937117,-25.8,-93.6847299877528));
#4051=CARTESIAN_POINT('',(-7.01034009527907,-25.8,-108.552492715832));
#4052=CARTESIAN_POINT('',(259.607352680761,-25.8,15.3466836284067));
#4053=CARTESIAN_POINT('',(3.29562873079751,-25.8,-94.3205265324794));
#4054=CARTESIAN_POINT('',(-6.40459297764167,-25.8,-109.847744230946));
#4055=CARTESIAN_POINT('',(-1.8,-25.8,-102.477137689606));
#4056=CARTESIAN_POINT('',(-1.8,-25.8,-64.5988589161797));
#4057=CARTESIAN_POINT('',(-1.8,-25.8,-119.197717832359));
#4058=CARTESIAN_POINT('',(259.607352680761,-25.8,15.3466836284067));
#4059=CARTESIAN_POINT('',(0.,-25.8,-62.8895));
#4060=CARTESIAN_POINT('',(0.,-25.8,-3.));
#4061=CARTESIAN_POINT('',(0.,-25.8,-122.364670387865));
#4062=CARTESIAN_POINT('',(-3.,-25.8,-3.));
#4063=CARTESIAN_POINT('',(-3.,-25.8,0.));
#4064=CARTESIAN_POINT('',(-19.9285,-25.8,0.));
#4065=CARTESIAN_POINT('',(-36.7240271775905,-25.8,0.));
#4066=CARTESIAN_POINT('',(-36.7240271775905,-25.8,-3.));
#4067=CARTESIAN_POINT('',(-39.7203160858276,-25.8,-3.1491736517458));
#4068=CARTESIAN_POINT('',(207.427575747145,-25.8,9.15536528795649));
#4069=CARTESIAN_POINT('',(-36.4421963300392,-25.8,-32.8091004303588));
#4070=CARTESIAN_POINT('',(-39.3987430669338,-25.8,-33.3178551773217));
#4071=CARTESIAN_POINT('',(-37.749214416834,-25.8,-35.8236594858234));
#4072=CARTESIAN_POINT('',(-35.0000000000017,-25.8,-39.9999999999916));
#4073=CARTESIAN_POINT('',(-35.9053493563394,-25.8,-44.9173511714028));
#4074=CARTESIAN_POINT('',(-36.4485589701419,-25.8,-47.8677618742495));
#4075=CARTESIAN_POINT('',(-33.5273502685367,-25.8,-47.184724743732));
#4076=CARTESIAN_POINT('',(207.427575747142,-25.8,9.15536528795615));
#4077=CARTESIAN_POINT('',(-1.8457057939702,-25.8,-122.898319814029));
#4078=CARTESIAN_POINT('',(-0.999999999999945,-25.8,-122.364670387865));
#4079=CARTESIAN_POINT('',(-17.399,0.,-64.8895));
#4080=CARTESIAN_POINT('',(-35.,0.,-40.));
#4081=CARTESIAN_POINT('',(-35.,0.,-42.));
#4082=CARTESIAN_POINT('',(-5.,0.,-5.));
#4083=CARTESIAN_POINT('',(-5.,0.,-7.));
#4084=CARTESIAN_POINT('',(-35.,0.,-5.));
#4085=CARTESIAN_POINT('',(-35.,0.,-7.));
#4086=CARTESIAN_POINT('',(-26.5,0.,-13.));
#4087=CARTESIAN_POINT('',(-1.8,0.,-13.));
#4088=CARTESIAN_POINT('',(-33.0229012699721,0.,-13.));
#4089=CARTESIAN_POINT('',(-1.8,0.,-64.5988589161797));
#4090=CARTESIAN_POINT('',(-1.8,0.,-10.));
#4091=CARTESIAN_POINT('',(-17.549,0.,-10.));
#4092=CARTESIAN_POINT('',(-33.298,0.,-10.));
#4093=CARTESIAN_POINT('',(259.607352680761,0.,15.3466836284067));
#4094=CARTESIAN_POINT('',(259.607352680761,0.,15.3466836284067));
#4095=CARTESIAN_POINT('',(-32.3512010948828,0.,-19.2394823521422));
#4096=CARTESIAN_POINT('',(-26.283556373665,0.,-18.7847921449525));
#4097=CARTESIAN_POINT('',(-1.8,0.,-16.95007145319));
#4098=CARTESIAN_POINT('',(-1.8,0.,-64.5988589161797));
#4099=CARTESIAN_POINT('',(259.607352680761,0.,15.3466836284067));
#4100=CARTESIAN_POINT('',(-31.5512878280308,0.,-25.4288734747362));
#4101=CARTESIAN_POINT('',(-32.1088974657766,0.,-21.2269325510501));
#4102=CARTESIAN_POINT('',(-25.6354358455975,0.,-24.5372357809025));
#4103=CARTESIAN_POINT('',(-1.8,0.,-20.9447569440421));
#4104=CARTESIAN_POINT('',(-1.8,0.,-64.5988589161797));
#4105=CARTESIAN_POINT('',(-1.8,0.,-18.9556791237997));
#4106=CARTESIAN_POINT('',(-26.1341017117275,0.,-20.7792001533663));
#4107=CARTESIAN_POINT('',(259.607352680761,0.,15.3466836284067));
#4108=CARTESIAN_POINT('',(-30.6188381228154,0.,-31.6081688540109));
#4109=CARTESIAN_POINT('',(-31.2671604822964,0.,-27.4086387555243));
#4110=CARTESIAN_POINT('',(-24.5592627003372,0.,-30.2251632914379));
#4111=CARTESIAN_POINT('',(-1.8,0.,-25.0307091061062));
#4112=CARTESIAN_POINT('',(-1.8,0.,-64.5988589161797));
#4113=CARTESIAN_POINT('',(-1.8,0.,-22.9673459215789));
#4114=CARTESIAN_POINT('',(-25.3373622709346,0.,-26.5148990849277));
#4115=CARTESIAN_POINT('',(259.607352680761,0.,15.3466836284067));
#4116=CARTESIAN_POINT('',(-29.54593161499,0.,-37.8170086905074));
#4117=CARTESIAN_POINT('',(-30.2920919576441,0.,-33.5850238662619));
#4118=CARTESIAN_POINT('',(-23.0610548890576,0.,-35.8167678337769));
#4119=CARTESIAN_POINT('',(-1.8,0.,-29.2588589569249));
#4120=CARTESIAN_POINT('',(-1.8,0.,-64.5988589161797));
#4121=CARTESIAN_POINT('',(-1.8,0.,-27.0821389412573));
#4122=CARTESIAN_POINT('',(-24.1142370378704,0.,-32.175022814518));
#4123=CARTESIAN_POINT('',(259.607352680761,0.,15.3466836284067));
#4124=CARTESIAN_POINT('',(-28.3208443086454,0.,-44.0953333160841));
#4125=CARTESIAN_POINT('',(-29.175137635157,0.,-39.7956167129488));
#4126=CARTESIAN_POINT('',(-21.1491903772339,0.,-41.2807812023653));
#4127=CARTESIAN_POINT('',(-1.8,0.,-33.6870928850219));
#4128=CARTESIAN_POINT('',(-1.8,0.,-64.5988589161797));
#4129=CARTESIAN_POINT('',(-1.8,0.,-31.3518372749381));
#4130=CARTESIAN_POINT('',(-22.4715657185472,0.,-37.7279199778645));
#4131=CARTESIAN_POINT('',(259.607352680761,0.,15.3466836284067));
#4132=CARTESIAN_POINT('',(-26.9276697342962,0.,-50.4840153622788));
#4133=CARTESIAN_POINT('',(-27.9039264266057,0.,-46.080219158934));
#4134=CARTESIAN_POINT('',(-18.83436029513,0.,-46.5866486804194));
#4135=CARTESIAN_POINT('',(-1.8,0.,-38.3836819262078));
#4136=CARTESIAN_POINT('',(-1.8,0.,-64.5988589161797));
#4137=CARTESIAN_POINT('',(-1.8,0.,-35.8356002742214));
#4138=CARTESIAN_POINT('',(-20.4185341171614,0.,-43.142538820751));
#4139=CARTESIAN_POINT('',(259.607352680761,0.,15.3466836284067));
#4140=CARTESIAN_POINT('',(-25.345753049341,0.,-57.0254624968041));
#4141=CARTESIAN_POINT('',(-26.461878816301,0.,-52.4795265759082));
#4142=CARTESIAN_POINT('',(-16.1295091530885,0.,-51.7046999016444));
#4143=CARTESIAN_POINT('',(-1.8,0.,-43.4319244448495));
#4144=CARTESIAN_POINT('',(-1.8,0.,-64.5988589161797));
#4145=CARTESIAN_POINT('',(-1.8,0.,-40.6034966856428));
#4146=CARTESIAN_POINT('',(-17.9666227691541,0.,-48.3886008401655));
#4147=CARTESIAN_POINT('',(259.607352680761,0.,15.3466836284067));
#4148=CARTESIAN_POINT('',(-23.5489151977659,0.,-63.764175051698));
#4149=CARTESIAN_POINT('',(-24.8276296241351,0.,-59.035712415368));
#4150=CARTESIAN_POINT('',(-13.0497624559377,0.,-56.6063147666734));
#4151=CARTESIAN_POINT('',(-1.8,0.,-48.9367218119473));
#4152=CARTESIAN_POINT('',(-1.8,0.,-64.5988589161797));
#4153=CARTESIAN_POINT('',(-1.8,0.,-45.7412996656021));
#4154=CARTESIAN_POINT('',(-15.1295427421536,0.,-53.4367701014348));
#4155=CARTESIAN_POINT('',(259.607352680761,0.,15.3466836284067));
#4156=CARTESIAN_POINT('',(-21.5044372116649,0.,-70.7472277909041));
#4157=CARTESIAN_POINT('',(-22.9742430125567,0.,-65.7929600448181));
#4158=CARTESIAN_POINT('',(-9.61234212129559,0.,-61.2640834864225));
#4159=CARTESIAN_POINT('',(-1.8,0.,-55.0342671984395));
#4160=CARTESIAN_POINT('',(-1.8,0.,-64.5988589161797));
#4161=CARTESIAN_POINT('',(-1.8,0.,-51.3572930103513));
#4162=CARTESIAN_POINT('',(-11.9231589638002,0.,-58.2588172845243));
#4163=CARTESIAN_POINT('',(259.607352680761,0.,15.3466836284067));
#4164=CARTESIAN_POINT('',(-19.1715114594456,0.,-78.0253941502086));
#4165=CARTESIAN_POINT('',(-20.8681911481476,0.,-72.7979095913565));
#4166=CARTESIAN_POINT('',(-17.9939723737008,0.,-76.9328412574766));
#4167=CARTESIAN_POINT('',(-1.8,0.,-61.9076318390412));
#4168=CARTESIAN_POINT('',(-1.8,0.,-64.5988589161797));
#4169=CARTESIAN_POINT('',(-1.8,0.,-57.5923123514082));
#4170=CARTESIAN_POINT('',(-8.36540150520448,0.,-62.827777542158));
#4171=CARTESIAN_POINT('',(259.607352680761,0.,15.3466836284067));
#4172=CARTESIAN_POINT('',(-16.6852677870344,0.,-85.1440516412605));
#4173=CARTESIAN_POINT('',(-18.7508573401878,0.,-79.2720614168163));
#4174=CARTESIAN_POINT('',(-13.3528154585701,0.,-81.6147185216309));
#4175=CARTESIAN_POINT('',(-1.8,0.,-69.3793644328028));
#4176=CARTESIAN_POINT('',(-1.8,0.,-64.5988589161797));
#4177=CARTESIAN_POINT('',(-1.8,0.,-63.5445934749811));
#4178=CARTESIAN_POINT('',(-17.1777826348266,0.,-77.812519784074));
#4179=CARTESIAN_POINT('',(259.607352680761,0.,15.3466836284067));
#4180=CARTESIAN_POINT('',(-13.8664139049821,0.,-92.5796754754101));
#4181=CARTESIAN_POINT('',(-16.2239707174278,0.,-86.4034074398736));
#4182=CARTESIAN_POINT('',(-8.4125282005042,0.,-85.9797928663886));
#4183=CARTESIAN_POINT('',(-1.8,0.,-77.9778081830024));
#4184=CARTESIAN_POINT('',(-1.8,0.,-64.5988589161797));
#4185=CARTESIAN_POINT('',(-1.8,0.,-71.127270663734));
#4186=CARTESIAN_POINT('',(-12.4803001255169,0.,-82.4385613425542));
#4187=CARTESIAN_POINT('',(259.607352680761,0.,15.3466836284067));
#4188=CARTESIAN_POINT('',(-10.6622199900773,0.,-100.370031189816));
#4189=CARTESIAN_POINT('',(-13.360943276105,0.,-93.8518026358468));
#4190=CARTESIAN_POINT('',(-3.19469073001269,0.,-90.0089968025285));
#4191=CARTESIAN_POINT('',(-1.8,0.,-88.0738937570578));
#4192=CARTESIAN_POINT('',(-1.8,0.,-64.5988589161797));
#4193=CARTESIAN_POINT('',(-1.8,0.,-79.8616179113666));
#4194=CARTESIAN_POINT('',(-7.48749858904675,0.,-86.7442012768126));
#4195=CARTESIAN_POINT('',(259.607352680761,0.,15.3466836284067));
#4196=CARTESIAN_POINT('',(-7.01034009527907,0.,-108.552492715832));
#4197=CARTESIAN_POINT('',(-10.108701368704,0.,-101.654385546134));
#4198=CARTESIAN_POINT('',(2.27790442937117,0.,-93.6847299877528));
#4199=CARTESIAN_POINT('',(-1.8,0.,-100.212262216557));
#4200=CARTESIAN_POINT('',(-1.8,0.,-64.5988589161797));
#4201=CARTESIAN_POINT('',(-1.8,0.,-90.1262431583662));
#4202=CARTESIAN_POINT('',(-2.2211875484535,0.,-90.710631718631));
#4203=CARTESIAN_POINT('',(259.607352680761,0.,15.3466836284067));
#4204=CARTESIAN_POINT('',(-1.8,0.,-119.197717832359));
#4205=CARTESIAN_POINT('',(-6.40459297764168,0.,-109.847744230946));
#4206=CARTESIAN_POINT('',(-1.8,0.,-64.5988589161797));
#4207=CARTESIAN_POINT('',(-1.8,0.,-102.477137689606));
#4208=CARTESIAN_POINT('',(3.29562873079751,0.,-94.3205265324794));
#4209=CARTESIAN_POINT('',(207.427575747142,0.,9.15536528795615));
#4210=CARTESIAN_POINT('',(-1.8457057939702,0.,-122.898319814029));
#4211=CARTESIAN_POINT('',(-33.5273502685367,0.,-47.184724743732));
#4212=CARTESIAN_POINT('',(-36.4485589701419,0.,-47.8677618742495));
#4213=CARTESIAN_POINT('',(-35.9053493563394,0.,-44.9173511714028));
#4214=CARTESIAN_POINT('',(-35.0000000000017,0.,-39.9999999999916));
#4215=CARTESIAN_POINT('',(-37.749214416834,0.,-35.8236594858234));
#4216=CARTESIAN_POINT('',(-39.3987430669338,0.,-33.3178551773217));
#4217=CARTESIAN_POINT('',(-36.4421963300392,0.,-32.8091004303588));
#4218=CARTESIAN_POINT('',(207.427575747145,0.,9.15536528795649));
#4219=CARTESIAN_POINT('',(-39.7203160858276,0.,-3.1491736517458));
#4220=CARTESIAN_POINT('',(-36.7240271775905,0.,-3.));
#4221=CARTESIAN_POINT('',(-36.7240271775905,0.,0.));
#4222=CARTESIAN_POINT('',(-19.9285,0.,0.));
#4223=CARTESIAN_POINT('',(-3.,0.,0.));
#4224=CARTESIAN_POINT('',(-3.,0.,-3.));
#4225=CARTESIAN_POINT('',(0.,0.,-3.));
#4226=CARTESIAN_POINT('',(0.,0.,-62.8895));
#4227=CARTESIAN_POINT('',(0.,0.,-122.364670387865));
#4228=CARTESIAN_POINT('',(-0.999999999999945,0.,-122.364670387865));
#4229=CARTESIAN_POINT('',(-26.5,-25.8,-13.));
#4230=CARTESIAN_POINT('',(-1.8,-25.8,-13.));
#4231=CARTESIAN_POINT('',(-33.0229012699721,-25.8,-13.));
#4232=CARTESIAN_POINT('',(259.607352680761,-25.8,15.3466836284067));
#4233=CARTESIAN_POINT('',(-33.298,-25.8,-10.));
#4234=CARTESIAN_POINT('',(259.607352680761,-25.8,15.3466836284067));
#4235=CARTESIAN_POINT('',(-32.3512010948827,-25.8,-19.2394823521421));
#4236=CARTESIAN_POINT('',(-1.8,-25.8,-64.5988589161797));
#4237=CARTESIAN_POINT('',(-1.8,-25.8,-16.95007145319));
#4238=CARTESIAN_POINT('',(-26.1341017117275,-25.8,-20.7792001533663));
#4239=CARTESIAN_POINT('',(-1.8,-25.8,-18.9556791237997));
#4240=CARTESIAN_POINT('',(-32.1088974657766,-25.8,-21.2269325510501));
#4241=CARTESIAN_POINT('',(-26.283556373665,-25.8,-18.7847921449525));
#4242=CARTESIAN_POINT('',(259.607352680761,-25.8,15.3466836284067));
#4243=CARTESIAN_POINT('',(-31.5512878280308,-25.8,-25.4288734747362));
#4244=CARTESIAN_POINT('',(-1.8,-25.8,-64.5988589161797));
#4245=CARTESIAN_POINT('',(-1.8,-25.8,-20.9447569440422));
#4246=CARTESIAN_POINT('',(-25.3373622709346,-25.8,-26.5148990849277));
#4247=CARTESIAN_POINT('',(-1.8,-25.8,-22.9673459215789));
#4248=CARTESIAN_POINT('',(-31.2671604822964,-25.8,-27.4086387555242));
#4249=CARTESIAN_POINT('',(-25.6354358455975,-25.8,-24.5372357809025));
#4250=CARTESIAN_POINT('',(259.607352680761,-25.8,15.3466836284067));
#4251=CARTESIAN_POINT('',(-30.6188381228153,-25.8,-31.6081688540109));
#4252=CARTESIAN_POINT('',(-1.8,-25.8,-64.5988589161797));
#4253=CARTESIAN_POINT('',(-1.8,-25.8,-25.0307091061062));
#4254=CARTESIAN_POINT('',(-24.1142370378704,-25.8,-32.175022814518));
#4255=CARTESIAN_POINT('',(-1.8,-25.8,-27.0821389412573));
#4256=CARTESIAN_POINT('',(-30.292091957644,-25.8,-33.5850238662619));
#4257=CARTESIAN_POINT('',(-24.5592627003372,-25.8,-30.2251632914379));
#4258=CARTESIAN_POINT('',(259.607352680761,-25.8,15.3466836284067));
#4259=CARTESIAN_POINT('',(-29.5459316149899,-25.8,-37.8170086905074));
#4260=CARTESIAN_POINT('',(-1.8,-25.8,-64.5988589161797));
#4261=CARTESIAN_POINT('',(-1.8,-25.8,-29.2588589569249));
#4262=CARTESIAN_POINT('',(-22.4715657185472,-25.8,-37.7279199778645));
#4263=CARTESIAN_POINT('',(-1.8,-25.8,-31.3518372749381));
#4264=CARTESIAN_POINT('',(-29.1751376351569,-25.8,-39.7956167129488));
#4265=CARTESIAN_POINT('',(-23.0610548890576,-25.8,-35.8167678337769));
#4266=CARTESIAN_POINT('',(259.607352680761,-25.8,15.3466836284067));
#4267=CARTESIAN_POINT('',(-28.3208443086452,-25.8,-44.0953333160841));
#4268=CARTESIAN_POINT('',(-1.8,-25.8,-64.5988589161797));
#4269=CARTESIAN_POINT('',(-1.8,-25.8,-33.6870928850219));
#4270=CARTESIAN_POINT('',(-20.4185341171614,-25.8,-43.142538820751));
#4271=CARTESIAN_POINT('',(-1.8,-25.8,-35.8356002742214));
#4272=CARTESIAN_POINT('',(-27.9039264266056,-25.8,-46.080219158934));
#4273=CARTESIAN_POINT('',(-21.1491903772339,-25.8,-41.2807812023653));
#4274=CARTESIAN_POINT('',(259.607352680761,-25.8,15.3466836284067));
#4275=CARTESIAN_POINT('',(-26.9276697342961,-25.8,-50.4840153622787));
#4276=CARTESIAN_POINT('',(-1.8,-25.8,-64.5988589161797));
#4277=CARTESIAN_POINT('',(-1.8,-25.8,-38.3836819262078));
#4278=CARTESIAN_POINT('',(-17.9666227691541,-25.8,-48.3886008401655));
#4279=CARTESIAN_POINT('',(-1.8,-25.8,-40.6034966856428));
#4280=CARTESIAN_POINT('',(-26.4618788163009,-25.8,-52.4795265759081));
#4281=CARTESIAN_POINT('',(-18.83436029513,-25.8,-46.5866486804194));
#4282=CARTESIAN_POINT('',(259.607352680761,-25.8,15.3466836284067));
#4283=CARTESIAN_POINT('',(-25.3457530493409,-25.8,-57.0254624968041));
#4284=CARTESIAN_POINT('',(-1.8,-25.8,-64.5988589161797));
#4285=CARTESIAN_POINT('',(-1.8,-25.8,-43.4319244448495));
#4286=CARTESIAN_POINT('',(-15.1295427421536,-25.8,-53.4367701014348));
#4287=CARTESIAN_POINT('',(-1.8,-25.8,-45.7412996656021));
#4288=CARTESIAN_POINT('',(-24.8276296241351,-25.8,-59.035712415368));
#4289=CARTESIAN_POINT('',(-16.1295091530885,-25.8,-51.7046999016444));
#4290=CARTESIAN_POINT('',(259.607352680761,-25.8,15.3466836284067));
#4291=CARTESIAN_POINT('',(-23.5489151977658,-25.8,-63.764175051698));
#4292=CARTESIAN_POINT('',(-1.8,-25.8,-64.5988589161797));
#4293=CARTESIAN_POINT('',(-1.8,-25.8,-48.9367218119473));
#4294=CARTESIAN_POINT('',(-11.9231589638002,-25.8,-58.2588172845243));
#4295=CARTESIAN_POINT('',(-1.8,-25.8,-51.3572930103513));
#4296=CARTESIAN_POINT('',(-22.9742430125565,-25.8,-65.7929600448181));
#4297=CARTESIAN_POINT('',(-13.0497624559377,-25.8,-56.6063147666734));
#4298=CARTESIAN_POINT('',(259.607352680761,-25.8,15.3466836284067));
#4299=CARTESIAN_POINT('',(-21.5044372116648,-25.8,-70.7472277909041));
#4300=CARTESIAN_POINT('',(-1.8,-25.8,-64.5988589161797));
#4301=CARTESIAN_POINT('',(-1.8,-25.8,-55.0342671984395));
#4302=CARTESIAN_POINT('',(-8.36540150520448,-25.8,-62.827777542158));
#4303=CARTESIAN_POINT('',(-1.8,-25.8,-57.5923123514082));
#4304=CARTESIAN_POINT('',(-20.8681911481475,-25.8,-72.7979095913564));
#4305=CARTESIAN_POINT('',(-9.61234212129559,-25.8,-61.2640834864225));
#4306=CARTESIAN_POINT('',(259.607352680761,-25.8,15.3466836284067));
#4307=CARTESIAN_POINT('',(-19.1715114594456,-25.8,-78.0253941502085));
#4308=CARTESIAN_POINT('',(-1.8,-25.8,-64.5988589161797));
#4309=CARTESIAN_POINT('',(-1.8,-25.8,-61.9076318390412));
#4310=CARTESIAN_POINT('',(-17.1777826348266,-25.8,-77.812519784074));
#4311=CARTESIAN_POINT('',(-1.8,-25.8,-63.5445934749811));
#4312=CARTESIAN_POINT('',(-18.7508573401878,-25.8,-79.2720614168162));
#4313=CARTESIAN_POINT('',(-17.9939723737008,-25.8,-76.9328412574766));
#4314=CARTESIAN_POINT('',(259.607352680761,-25.8,15.3466836284067));
#4315=CARTESIAN_POINT('',(-16.6852677870343,-25.8,-85.1440516412604));
#4316=CARTESIAN_POINT('',(-1.8,-25.8,-64.5988589161797));
#4317=CARTESIAN_POINT('',(-1.8,-25.8,-69.3793644328028));
#4318=CARTESIAN_POINT('',(-12.4803001255169,-25.8,-82.4385613425542));
#4319=CARTESIAN_POINT('',(-1.8,-25.8,-71.127270663734));
#4320=CARTESIAN_POINT('',(-16.2239707174278,-25.8,-86.4034074398736));
#4321=CARTESIAN_POINT('',(-13.3528154585701,-25.8,-81.6147185216309));
#4322=CARTESIAN_POINT('',(259.607352680761,-25.8,15.3466836284067));
#4323=CARTESIAN_POINT('',(-13.8664139049821,-25.8,-92.57967547541));
#4324=CARTESIAN_POINT('',(-1.8,-25.8,-64.5988589161797));
#4325=CARTESIAN_POINT('',(-1.8,-25.8,-77.9778081830024));
#4326=CARTESIAN_POINT('',(-7.48749858904675,-25.8,-86.7442012768126));
#4327=CARTESIAN_POINT('',(-1.8,-25.8,-79.8616179113666));
#4328=CARTESIAN_POINT('',(-13.360943276105,-25.8,-93.8518026358468));
#4329=CARTESIAN_POINT('',(-8.4125282005042,-25.8,-85.9797928663886));
#4330=CARTESIAN_POINT('',(259.607352680761,-25.8,15.3466836284067));
#4331=CARTESIAN_POINT('',(-10.6622199900773,-25.8,-100.370031189816));
#4332=CARTESIAN_POINT('',(-1.8,-25.8,-64.5988589161797));
#4333=CARTESIAN_POINT('',(-1.8,-25.8,-88.0738937570578));
#4334=CARTESIAN_POINT('',(-2.2211875484535,-25.8,-90.710631718631));
#4335=CARTESIAN_POINT('',(-1.8,-25.8,-90.1262431583662));
#4336=CARTESIAN_POINT('',(-10.1087013687039,-25.8,-101.654385546134));
#4337=CARTESIAN_POINT('',(-3.19469073001269,-25.8,-90.0089968025285));
#4338=CARTESIAN_POINT('',(259.607352680761,-25.8,15.3466836284067));
#4339=CARTESIAN_POINT('',(-7.01034009527904,-25.8,-108.552492715832));
#4340=CARTESIAN_POINT('',(-1.8,-25.8,-64.5988589161797));
#4341=CARTESIAN_POINT('',(-1.8,-25.8,-100.212262216557));
#4342=CARTESIAN_POINT('',(3.29562873079751,-25.8,-94.3205265324794));
#4343=CARTESIAN_POINT('',(-1.8,-25.8,-102.477137689606));
#4344=CARTESIAN_POINT('',(-6.40459297764157,-25.8,-109.847744230946));
#4345=CARTESIAN_POINT('',(2.27790442937117,-25.8,-93.6847299877528));
#4346=CARTESIAN_POINT('',(259.607352680761,-25.8,15.3466836284067));
#4347=CARTESIAN_POINT('',(-1.8,-25.8,-119.197717832359));
#4348=CARTESIAN_POINT('',(-1.8,-25.8,-64.5988589161797));
#4349=CARTESIAN_POINT('',(-19.9285,-25.8,0.));
#4350=CARTESIAN_POINT('',(-3.,-25.8,0.));
#4351=CARTESIAN_POINT('',(-36.7240271775905,-6.93889390390723E-15,0.));
#4352=CARTESIAN_POINT('',(0.,-25.8,-62.8895));
#4353=CARTESIAN_POINT('',(0.,0.,-3.));
#4354=CARTESIAN_POINT('',(0.,-25.8,-122.364670387865));
#4355=CARTESIAN_POINT('',(207.427575747142,-25.8,9.15536528795615));
#4356=CARTESIAN_POINT('',(-33.5273502685367,-25.8,-47.184724743732));
#4357=CARTESIAN_POINT('',(-1.8457057939702,-25.8,-122.898319814029));
#4358=CARTESIAN_POINT('',(-35.0000000000017,-25.8,-39.9999999999916));
#4359=CARTESIAN_POINT('',(-37.749214416834,-25.8,-35.8236594858234));
#4360=CARTESIAN_POINT('',(-35.9053493563394,-25.8,-44.9173511714028));
#4361=CARTESIAN_POINT('',(-1.8,-25.8,-64.5988589161797));
#4362=CARTESIAN_POINT('',(-1.8,-25.8,-10.));
#4363=CARTESIAN_POINT('',(-17.549,-25.8,-10.));
#4364=CARTESIAN_POINT('',(207.427575747145,-25.8,9.15536528795649));
#4365=CARTESIAN_POINT('',(-39.7203160858276,-25.8,-3.1491736517458));
#4366=CARTESIAN_POINT('',(-36.4421963300391,-25.8,-32.8091004303588));
#4367=CARTESIAN_POINT('',(-36.4485589701419,-25.8,-47.8677618742495));
#4368=CARTESIAN_POINT('',(-39.3987430669338,-25.8,-33.3178551773217));
#4369=CARTESIAN_POINT('',(-36.7240271775905,-25.8,-3.));
#4370=CARTESIAN_POINT('',(-3.,-25.8,-3.));
#4371=CARTESIAN_POINT('',(-0.999999999999945,-25.8,-122.364670387865));
#4372=CARTESIAN_POINT('',(-35.,0.,-5.));
#4373=CARTESIAN_POINT('',(-5.,0.,-5.));
#4374=CARTESIAN_POINT('',(-35.,0.,-40.));
#4375=CARTESIAN_POINT('',(-13.0046382016152,-27.3978328776967,-36.334929022193));
#4376=CARTESIAN_POINT('',(0.,-103.7,19.));
#4377=CARTESIAN_POINT('',(0.,-86.7,-15.2));
#4378=CARTESIAN_POINT('',(0.,-80.7,-15.2));
#4379=CARTESIAN_POINT('',(0.,-100.7,-15.2));
#4380=CARTESIAN_POINT('',(0.,-100.7,19.));
#4381=CARTESIAN_POINT('',(0.,-100.7,-13.1));
#4382=CARTESIAN_POINT('',(0.,-103.7,-13.1));
#4383=CARTESIAN_POINT('',(0.,-109.283156223263,-13.1));
#4384=CARTESIAN_POINT('',(0.,-109.283156223263,19.));
#4385=CARTESIAN_POINT('',(0.,-109.283156223263,-19.));
#4386=CARTESIAN_POINT('',(0.,-103.7,-19.));
#4387=CARTESIAN_POINT('',(0.,-80.7,-19.));
#4388=CARTESIAN_POINT('',(0.,-80.7,-19.));
#4389=CARTESIAN_POINT('',(-34.1374168759793,-141.421295298399,-19.));
#4390=CARTESIAN_POINT('',(-34.1374168759793,-141.421295298399,13.1));
#4391=CARTESIAN_POINT('',(-32.4374168759793,-141.421295298399,13.1));
#4392=CARTESIAN_POINT('',(-34.1374168759793,-141.421295298399,16.5));
#4393=CARTESIAN_POINT('',(-35.8374168759793,-141.421295298399,16.5));
#4394=CARTESIAN_POINT('',(-34.9910754125647,-106.431707317073,-19.));
#4395=CARTESIAN_POINT('',(-34.9910754125647,-106.431707317073,13.1));
#4396=CARTESIAN_POINT('',(-33.2910754125647,-106.431707317073,13.1));
#4397=CARTESIAN_POINT('',(-34.9910754125647,-106.431707317073,16.5));
#4398=CARTESIAN_POINT('',(-36.6910754125647,-106.431707317073,16.5));
#4399=CARTESIAN_POINT('',(-5.,-105.7,-19.));
#4400=CARTESIAN_POINT('',(-5.,-105.7,13.1));
#4401=CARTESIAN_POINT('',(-3.3,-105.7,13.1));
#4402=CARTESIAN_POINT('',(-5.,-105.7,16.5));
#4403=CARTESIAN_POINT('',(-6.7,-105.7,16.5));
#4404=CARTESIAN_POINT('',(-31.6,-85.1,19.));
#4405=CARTESIAN_POINT('',(-40.,-93.5,19.));
#4406=CARTESIAN_POINT('',(-40.,-93.5,19.));
#4407=CARTESIAN_POINT('',(-40.,-93.5,-19.));
#4408=CARTESIAN_POINT('',(-31.6,-85.1,19.));
#4409=CARTESIAN_POINT('',(-23.2,-76.7,19.));
#4410=CARTESIAN_POINT('',(-23.2,-76.7,19.));
#4411=CARTESIAN_POINT('',(-23.2,-76.7,-19.));
#4412=CARTESIAN_POINT('',(-31.6,-85.1,-19.));
#4413=CARTESIAN_POINT('',(-35.5,-89.,-10.5));
#4414=CARTESIAN_POINT('',(-31.375,-84.875,-10.5));
#4415=CARTESIAN_POINT('',(-35.5,-89.,10.5));
#4416=CARTESIAN_POINT('',(-31.375,-84.875,10.5));
#4417=CARTESIAN_POINT('',(-34.5,-146.5,19.));
#4418=CARTESIAN_POINT('',(-34.5,-146.5,19.));
#4419=CARTESIAN_POINT('',(-36.,-146.5,19.));
#4420=CARTESIAN_POINT('',(-30.9074991487531,-146.5,19.));
#4421=CARTESIAN_POINT('',(-36.,-146.5,19.));
#4422=CARTESIAN_POINT('',(-36.,-146.5,13.1));
#4423=CARTESIAN_POINT('',(186.99086381345,-146.5,13.1));
#4424=CARTESIAN_POINT('',(-30.9074991487531,-146.5,13.1));
#4425=CARTESIAN_POINT('',(-30.9074991487531,-146.5,13.1));
#4426=CARTESIAN_POINT('',(-40.,-120.,19.));
#4427=CARTESIAN_POINT('',(-40.,-120.,19.));
#4428=CARTESIAN_POINT('',(-40.,-142.5,19.));
#4429=CARTESIAN_POINT('',(-40.,-120.,-19.));
#4430=CARTESIAN_POINT('',(-40.,-142.5,-19.));
#4431=CARTESIAN_POINT('',(-40.,-142.5,19.));
#4432=CARTESIAN_POINT('',(-40.,-142.5,-13.1));
#4433=CARTESIAN_POINT('',(-40.,-123.3,-13.1));
#4434=CARTESIAN_POINT('',(-40.,-100.1,-13.1));
#4435=CARTESIAN_POINT('',(-40.,-100.1,6.55));
#4436=CARTESIAN_POINT('',(-40.,-100.1,13.1));
#4437=CARTESIAN_POINT('',(-40.,-123.3,13.1));
#4438=CARTESIAN_POINT('',(-40.,-142.5,13.1));
#4439=CARTESIAN_POINT('',(-40.,-142.5,19.));
#4440=CARTESIAN_POINT('',(0.,-103.7,19.));
#4441=CARTESIAN_POINT('',(0.,-103.7,19.));
#4442=CARTESIAN_POINT('',(0.,-80.7,19.));
#4443=CARTESIAN_POINT('',(0.,-109.283156223263,19.));
#4444=CARTESIAN_POINT('',(0.,-109.283156223263,19.));
#4445=CARTESIAN_POINT('',(0.,-109.283156223263,13.1));
#4446=CARTESIAN_POINT('',(0.,-103.7,13.1));
#4447=CARTESIAN_POINT('',(0.,-100.7,13.1));
#4448=CARTESIAN_POINT('',(0.,-100.7,19.));
#4449=CARTESIAN_POINT('',(0.,-100.7,15.2));
#4450=CARTESIAN_POINT('',(0.,-86.7,15.2));
#4451=CARTESIAN_POINT('',(0.,-80.7,15.2));
#4452=CARTESIAN_POINT('',(0.,-80.7,15.2));
#4453=CARTESIAN_POINT('',(-14.5,-128.6,19.));
#4454=CARTESIAN_POINT('',(-14.5,-128.6,13.1));
#4455=CARTESIAN_POINT('',(-27.799328564477,-145.017791814078,13.1));
#4456=CARTESIAN_POINT('',(-0.891829415723851,-111.800948037342,13.1));
#4457=CARTESIAN_POINT('',(-0.891829415723851,-111.800948037342,19.));
#4458=CARTESIAN_POINT('',(-0.891829415723853,-111.800948037342,19.));
#4459=CARTESIAN_POINT('',(-14.5,-128.6,19.));
#4460=CARTESIAN_POINT('',(-27.799328564477,-145.017791814078,19.));
#4461=CARTESIAN_POINT('',(-27.799328564477,-145.017791814078,19.));
#4462=CARTESIAN_POINT('',(-4.5,-96.7,19.));
#4463=CARTESIAN_POINT('',(-4.5,-96.7,-15.2));
#4464=CARTESIAN_POINT('',(-9.,-96.7,-15.2));
#4465=CARTESIAN_POINT('',(-4.,-96.7,-15.2));
#4466=CARTESIAN_POINT('',(-9.,-96.7,19.));
#4467=CARTESIAN_POINT('',(-9.,-96.7,15.2));
#4468=CARTESIAN_POINT('',(-4.5,-96.7,15.2));
#4469=CARTESIAN_POINT('',(-4.,-96.7,15.2));
#4470=CARTESIAN_POINT('',(-4.,-96.7,19.));
#4471=CARTESIAN_POINT('',(-18.2,-79.2,19.));
#4472=CARTESIAN_POINT('',(-18.2,-81.7,19.));
#4473=CARTESIAN_POINT('',(-18.2,-81.7,15.2));
#4474=CARTESIAN_POINT('',(-18.2,-81.7,-15.2));
#4475=CARTESIAN_POINT('',(-18.2,-79.2,-15.2));
#4476=CARTESIAN_POINT('',(-18.2,-76.7,-15.2));
#4477=CARTESIAN_POINT('',(-18.2,-76.7,19.));
#4478=CARTESIAN_POINT('',(-18.2,-76.7,15.2));
#4479=CARTESIAN_POINT('',(-18.2,-79.2,15.2));
#4480=CARTESIAN_POINT('',(-13.6,-81.7,19.));
#4481=CARTESIAN_POINT('',(-9.,-81.7,19.));
#4482=CARTESIAN_POINT('',(-9.,-81.7,15.2));
#4483=CARTESIAN_POINT('',(-9.,-81.7,-15.2));
#4484=CARTESIAN_POINT('',(-13.6,-81.7,-15.2));
#4485=CARTESIAN_POINT('',(-13.6,-81.7,15.2));
#4486=CARTESIAN_POINT('',(-9.,-89.2,19.));
#4487=CARTESIAN_POINT('',(-9.,-89.,10.5));
#4488=CARTESIAN_POINT('',(-9.,-86.75,10.5));
#4489=CARTESIAN_POINT('',(-9.,-89.,-10.5));
#4490=CARTESIAN_POINT('',(-9.,-86.75,-10.5));
#4491=CARTESIAN_POINT('',(-9.,-89.2,15.2));
#4492=CARTESIAN_POINT('',(-9.,-89.2,-15.2));
#4493=CARTESIAN_POINT('',(-20.7,-76.7,19.));
#4494=CARTESIAN_POINT('',(-9.1,-76.7,15.2));
#4495=CARTESIAN_POINT('',(-4.,-76.7,15.2));
#4496=CARTESIAN_POINT('',(-9.1,-76.7,-15.2));
#4497=CARTESIAN_POINT('',(-4.,-76.7,-15.2));
#4498=CARTESIAN_POINT('',(-4.,-76.7,-15.2));
#4499=CARTESIAN_POINT('',(-4.,-76.7,-19.));
#4500=CARTESIAN_POINT('',(-20.7,-76.7,-19.));
#4501=CARTESIAN_POINT('',(-20.7,-76.7,19.));
#4502=CARTESIAN_POINT('',(-4.,-76.7,19.));
#4503=CARTESIAN_POINT('',(-4.,-76.7,19.));
#4504=CARTESIAN_POINT('',(-20.,-152.681704595758,19.));
#4505=CARTESIAN_POINT('',(-2.4019237886467,-107.2,19.));
#4506=CARTESIAN_POINT('',(-1.53589838486226,-105.7,19.));
#4507=CARTESIAN_POINT('',(-3.26794919243114,-108.7,19.));
#4508=CARTESIAN_POINT('',(-5.,-108.7,19.));
#4509=CARTESIAN_POINT('',(-6.73205080756889,-108.7,19.));
#4510=CARTESIAN_POINT('',(-7.59807621135333,-107.2,19.));
#4511=CARTESIAN_POINT('',(-8.46410161513776,-105.7,19.));
#4512=CARTESIAN_POINT('',(-7.59807621135332,-104.2,19.));
#4513=CARTESIAN_POINT('',(-6.73205080756888,-102.7,19.));
#4514=CARTESIAN_POINT('',(-5.,-102.7,19.));
#4515=CARTESIAN_POINT('',(-3.26794919243114,-102.7,19.));
#4516=CARTESIAN_POINT('',(-2.4019237886467,-104.2,19.));
#4517=CARTESIAN_POINT('',(-37.589151623918,-104.931707317073,19.));
#4518=CARTESIAN_POINT('',(-38.4551770277025,-106.431707317073,19.));
#4519=CARTESIAN_POINT('',(-36.7231262201335,-103.431707317073,19.));
#4520=CARTESIAN_POINT('',(-34.9910754125647,-103.431707317073,19.));
#4521=CARTESIAN_POINT('',(-33.2590246049959,-103.431707317073,19.));
#4522=CARTESIAN_POINT('',(-32.3929992012115,-104.931707317073,19.));
#4523=CARTESIAN_POINT('',(-31.526973797427,-106.431707317073,19.));
#4524=CARTESIAN_POINT('',(-32.3929992012114,-107.931707317073,19.));
#4525=CARTESIAN_POINT('',(-33.2590246049958,-109.431707317073,19.));
#4526=CARTESIAN_POINT('',(-34.9910754125647,-109.431707317073,19.));
#4527=CARTESIAN_POINT('',(-36.7231262201335,-109.431707317073,19.));
#4528=CARTESIAN_POINT('',(-37.589151623918,-107.931707317073,19.));
#4529=CARTESIAN_POINT('',(-31.539340664626,-142.921295298399,19.));
#4530=CARTESIAN_POINT('',(-30.6733152608415,-141.421295298399,19.));
#4531=CARTESIAN_POINT('',(-32.4053660684104,-144.421295298399,19.));
#4532=CARTESIAN_POINT('',(-34.1374168759793,-144.421295298399,19.));
#4533=CARTESIAN_POINT('',(-35.8694676835482,-144.421295298399,19.));
#4534=CARTESIAN_POINT('',(-36.7354930873326,-142.921295298399,19.));
#4535=CARTESIAN_POINT('',(-37.6015184911171,-141.421295298399,19.));
#4536=CARTESIAN_POINT('',(-36.7354930873326,-139.921295298399,19.));
#4537=CARTESIAN_POINT('',(-35.8694676835482,-138.421295298399,19.));
#4538=CARTESIAN_POINT('',(-34.1374168759793,-138.421295298399,19.));
#4539=CARTESIAN_POINT('',(-32.4053660684104,-138.421295298399,19.));
#4540=CARTESIAN_POINT('',(-31.5393406646259,-139.921295298399,19.));
#4541=CARTESIAN_POINT('',(-36.,-142.5,19.));
#4542=CARTESIAN_POINT('',(-30.9074991487531,-142.5,19.));
#4543=CARTESIAN_POINT('',(-4.,-109.283156223263,19.));
#4544=CARTESIAN_POINT('',(-4.,-80.7,19.));
#4545=CARTESIAN_POINT('',(-20.,-111.6,15.2));
#4546=CARTESIAN_POINT('',(-4.,-100.7,15.2));
#4547=CARTESIAN_POINT('',(-4.,-80.7,15.2));
#4548=CARTESIAN_POINT('',(186.99086381345,-100.1,6.55));
#4549=CARTESIAN_POINT('',(186.99086381345,-100.1,13.1));
#4550=CARTESIAN_POINT('',(-0.0452560133429591,-100.1,13.1));
#4551=CARTESIAN_POINT('',(186.99086381345,-100.1,-13.1));
#4552=CARTESIAN_POINT('',(-0.0452560133429644,-100.1,-13.1));
#4553=CARTESIAN_POINT('',(-0.0452560133429687,-100.1,13.1));
#4554=CARTESIAN_POINT('',(186.99086381345,-123.3,13.1));
#4555=CARTESIAN_POINT('',(-36.,-142.5,13.1));
#4556=CARTESIAN_POINT('',(-4.,-100.7,13.1));
#4557=CARTESIAN_POINT('',(-4.,-109.283156223263,13.1));
#4558=CARTESIAN_POINT('',(-30.9074991487531,-142.5,13.1));
#4559=CARTESIAN_POINT('',(-34.5,-146.5,-19.));
#4560=CARTESIAN_POINT('',(186.99086381345,-146.5,-13.1));
#4561=CARTESIAN_POINT('',(-30.9074991487531,-146.5,-13.1));
#4562=CARTESIAN_POINT('',(-36.,-146.5,-13.1));
#4563=CARTESIAN_POINT('',(-36.,-146.5,-19.));
#4564=CARTESIAN_POINT('',(-36.,-146.5,-19.));
#4565=CARTESIAN_POINT('',(-34.5,-146.5,-19.));
#4566=CARTESIAN_POINT('',(-30.9074991487531,-146.5,-19.));
#4567=CARTESIAN_POINT('',(-30.9074991487531,-146.5,-19.));
#4568=CARTESIAN_POINT('',(-14.5,-128.6,-19.));
#4569=CARTESIAN_POINT('',(-14.5,-128.6,-19.));
#4570=CARTESIAN_POINT('',(-0.891829415723853,-111.800948037342,-19.));
#4571=CARTESIAN_POINT('',(-27.799328564477,-145.017791814078,-19.));
#4572=CARTESIAN_POINT('',(-0.891829415723851,-111.800948037342,-19.));
#4573=CARTESIAN_POINT('',(-0.891829415723851,-111.800948037342,-13.1));
#4574=CARTESIAN_POINT('',(-14.5,-128.6,-13.1));
#4575=CARTESIAN_POINT('',(-27.799328564477,-145.017791814078,-13.1));
#4576=CARTESIAN_POINT('',(-27.799328564477,-145.017791814078,-13.1));
#4577=CARTESIAN_POINT('',(-20.,-152.681704595758,-19.));
#4578=CARTESIAN_POINT('',(-5.,-105.7,-19.));
#4579=CARTESIAN_POINT('',(-8.25,-105.7,-19.));
#4580=CARTESIAN_POINT('',(-34.9910754125647,-106.431707317073,-19.));
#4581=CARTESIAN_POINT('',(-38.2410754125647,-106.431707317073,-19.));
#4582=CARTESIAN_POINT('',(-34.1374168759793,-141.421295298399,-19.));
#4583=CARTESIAN_POINT('',(-37.3874168759793,-141.421295298399,-19.));
#4584=CARTESIAN_POINT('',(-4.,-109.283156223263,-19.));
#4585=CARTESIAN_POINT('',(-30.9074991487531,-142.5,-19.));
#4586=CARTESIAN_POINT('',(-36.,-142.5,-19.));
#4587=CARTESIAN_POINT('',(-4.,-80.7,-19.));
#4588=CARTESIAN_POINT('',(-20.,-111.6,-15.2));
#4589=CARTESIAN_POINT('',(-4.,-100.7,-15.2));
#4590=CARTESIAN_POINT('',(-4.,-80.7,-15.2));
#4591=CARTESIAN_POINT('',(186.99086381345,-123.3,-13.1));
#4592=CARTESIAN_POINT('',(-5.,-105.7,-13.1));
#4593=CARTESIAN_POINT('',(-6.7,-105.7,-13.1));
#4594=CARTESIAN_POINT('',(-34.9910754125647,-106.431707317073,-13.1));
#4595=CARTESIAN_POINT('',(-36.6910754125647,-106.431707317073,-13.1));
#4596=CARTESIAN_POINT('',(-34.1374168759793,-141.421295298399,-13.1));
#4597=CARTESIAN_POINT('',(-35.8374168759793,-141.421295298399,-13.1));
#4598=CARTESIAN_POINT('',(-4.,-109.283156223263,-13.1));
#4599=CARTESIAN_POINT('',(-4.,-100.7,-13.1));
#4600=CARTESIAN_POINT('',(-36.,-142.5,-13.1));
#4601=CARTESIAN_POINT('',(-30.9074991487531,-142.5,-13.1));
#4602=CARTESIAN_POINT('',(-40.,-89.,-10.5));
#4603=CARTESIAN_POINT('',(-21.375,-89.,-10.5));
#4604=CARTESIAN_POINT('',(-21.375,-89.,-8.25));
#4605=CARTESIAN_POINT('',(-21.375,-84.875,-10.5));
#4606=CARTESIAN_POINT('',(-21.375,-89.,-10.5));
#4607=CARTESIAN_POINT('',(-21.375,-89.,-6.375));
#4608=CARTESIAN_POINT('',(-40.,-89.,-10.5));
#4609=CARTESIAN_POINT('',(-40.,-89.,10.5));
#4610=CARTESIAN_POINT('',(-21.375,-89.,10.5));
#4611=CARTESIAN_POINT('',(-21.375,-89.,12.75));
#4612=CARTESIAN_POINT('',(-21.375,-84.875,10.5));
#4613=CARTESIAN_POINT('',(-21.375,-89.,10.5));
#4614=CARTESIAN_POINT('',(-21.375,-89.,14.625));
#4615=CARTESIAN_POINT('',(-40.,-89.,10.5));
#4616=CARTESIAN_POINT('',(-34.1374168759793,-141.421295298399,-19.));
#4617=CARTESIAN_POINT('',(-34.1374168759793,-141.421295298399,-16.));
#4618=CARTESIAN_POINT('',(-37.3874168759793,-141.421295298399,-16.));
#4619=CARTESIAN_POINT('',(-37.3874168759794,-141.421295298399,-16.));
#4620=CARTESIAN_POINT('',(-34.1374168759793,-141.421295298399,-16.));
#4621=CARTESIAN_POINT('',(-35.8374168759793,-141.421295298399,-16.));
#4622=CARTESIAN_POINT('',(-34.1374168759793,-141.421295298399,-19.));
#4623=CARTESIAN_POINT('',(-34.9910754125647,-106.431707317073,-19.));
#4624=CARTESIAN_POINT('',(-34.9910754125647,-106.431707317073,-16.));
#4625=CARTESIAN_POINT('',(-38.2410754125647,-106.431707317073,-16.));
#4626=CARTESIAN_POINT('',(-38.2410754125647,-106.431707317073,-16.));
#4627=CARTESIAN_POINT('',(-34.9910754125647,-106.431707317073,-16.));
#4628=CARTESIAN_POINT('',(-36.6910754125647,-106.431707317073,-16.));
#4629=CARTESIAN_POINT('',(-34.9910754125647,-106.431707317073,-19.));
#4630=CARTESIAN_POINT('',(-5.,-105.7,-19.));
#4631=CARTESIAN_POINT('',(-5.,-105.7,-16.));
#4632=CARTESIAN_POINT('',(-8.25,-105.7,-16.));
#4633=CARTESIAN_POINT('',(-8.25,-105.7,-16.));
#4634=CARTESIAN_POINT('',(-5.,-105.7,-16.));
#4635=CARTESIAN_POINT('',(-6.7,-105.7,-16.));
#4636=CARTESIAN_POINT('',(-5.,-105.7,-19.));
#4637=CARTESIAN_POINT('',(-2.4019237886467,-107.2,16.5));
#4638=CARTESIAN_POINT('',(-1.53589838486226,-105.7,16.5));
#4639=CARTESIAN_POINT('',(-1.53589838486226,-105.7,16.5));
#4640=CARTESIAN_POINT('',(-2.4019237886467,-107.2,16.5));
#4641=CARTESIAN_POINT('',(-3.26794919243114,-108.7,16.5));
#4642=CARTESIAN_POINT('',(-3.26794919243114,-108.7,16.5));
#4643=CARTESIAN_POINT('',(-5.,-108.7,16.5));
#4644=CARTESIAN_POINT('',(-5.,-108.7,16.5));
#4645=CARTESIAN_POINT('',(-6.73205080756889,-108.7,16.5));
#4646=CARTESIAN_POINT('',(-6.73205080756889,-108.7,16.5));
#4647=CARTESIAN_POINT('',(-7.59807621135333,-107.2,16.5));
#4648=CARTESIAN_POINT('',(-7.59807621135333,-107.2,16.5));
#4649=CARTESIAN_POINT('',(-8.46410161513776,-105.7,16.5));
#4650=CARTESIAN_POINT('',(-8.46410161513776,-105.7,16.5));
#4651=CARTESIAN_POINT('',(-7.59807621135332,-104.2,16.5));
#4652=CARTESIAN_POINT('',(-7.59807621135332,-104.2,16.5));
#4653=CARTESIAN_POINT('',(-6.73205080756888,-102.7,16.5));
#4654=CARTESIAN_POINT('',(-6.73205080756888,-102.7,16.5));
#4655=CARTESIAN_POINT('',(-5.,-102.7,16.5));
#4656=CARTESIAN_POINT('',(-5.,-102.7,16.5));
#4657=CARTESIAN_POINT('',(-3.26794919243114,-102.7,16.5));
#4658=CARTESIAN_POINT('',(-3.26794919243114,-102.7,16.5));
#4659=CARTESIAN_POINT('',(-2.4019237886467,-104.2,16.5));
#4660=CARTESIAN_POINT('',(-2.4019237886467,-104.2,16.5));
#4661=CARTESIAN_POINT('',(-20.,-111.6,16.5));
#4662=CARTESIAN_POINT('',(-37.589151623918,-104.931707317073,16.5));
#4663=CARTESIAN_POINT('',(-38.4551770277025,-106.431707317073,16.5));
#4664=CARTESIAN_POINT('',(-38.4551770277025,-106.431707317073,16.5));
#4665=CARTESIAN_POINT('',(-37.589151623918,-104.931707317073,16.5));
#4666=CARTESIAN_POINT('',(-36.7231262201335,-103.431707317073,16.5));
#4667=CARTESIAN_POINT('',(-36.7231262201335,-103.431707317073,16.5));
#4668=CARTESIAN_POINT('',(-34.9910754125647,-103.431707317073,16.5));
#4669=CARTESIAN_POINT('',(-34.9910754125647,-103.431707317073,16.5));
#4670=CARTESIAN_POINT('',(-33.2590246049959,-103.431707317073,16.5));
#4671=CARTESIAN_POINT('',(-33.2590246049959,-103.431707317073,16.5));
#4672=CARTESIAN_POINT('',(-32.3929992012115,-104.931707317073,16.5));
#4673=CARTESIAN_POINT('',(-32.3929992012115,-104.931707317073,16.5));
#4674=CARTESIAN_POINT('',(-31.526973797427,-106.431707317073,16.5));
#4675=CARTESIAN_POINT('',(-31.526973797427,-106.431707317073,16.5));
#4676=CARTESIAN_POINT('',(-32.3929992012114,-107.931707317073,16.5));
#4677=CARTESIAN_POINT('',(-32.3929992012114,-107.931707317073,16.5));
#4678=CARTESIAN_POINT('',(-33.2590246049958,-109.431707317073,16.5));
#4679=CARTESIAN_POINT('',(-33.2590246049958,-109.431707317073,16.5));
#4680=CARTESIAN_POINT('',(-34.9910754125647,-109.431707317073,16.5));
#4681=CARTESIAN_POINT('',(-34.9910754125647,-109.431707317073,16.5));
#4682=CARTESIAN_POINT('',(-36.7231262201335,-109.431707317073,16.5));
#4683=CARTESIAN_POINT('',(-36.7231262201335,-109.431707317073,16.5));
#4684=CARTESIAN_POINT('',(-37.589151623918,-107.931707317073,16.5));
#4685=CARTESIAN_POINT('',(-37.589151623918,-107.931707317073,16.5));
#4686=CARTESIAN_POINT('',(-20.,-111.6,16.5));
#4687=CARTESIAN_POINT('',(-31.539340664626,-142.921295298399,16.5));
#4688=CARTESIAN_POINT('',(-30.6733152608415,-141.421295298399,16.5));
#4689=CARTESIAN_POINT('',(-30.6733152608415,-141.421295298399,16.5));
#4690=CARTESIAN_POINT('',(-31.539340664626,-142.921295298399,16.5));
#4691=CARTESIAN_POINT('',(-32.4053660684104,-144.421295298399,16.5));
#4692=CARTESIAN_POINT('',(-32.4053660684104,-144.421295298399,16.5));
#4693=CARTESIAN_POINT('',(-34.1374168759793,-144.421295298399,16.5));
#4694=CARTESIAN_POINT('',(-34.1374168759793,-144.421295298399,16.5));
#4695=CARTESIAN_POINT('',(-35.8694676835482,-144.421295298399,16.5));
#4696=CARTESIAN_POINT('',(-35.8694676835482,-144.421295298399,16.5));
#4697=CARTESIAN_POINT('',(-36.7354930873326,-142.921295298399,16.5));
#4698=CARTESIAN_POINT('',(-36.7354930873326,-142.921295298399,16.5));
#4699=CARTESIAN_POINT('',(-37.6015184911171,-141.421295298399,16.5));
#4700=CARTESIAN_POINT('',(-37.6015184911171,-141.421295298399,16.5));
#4701=CARTESIAN_POINT('',(-36.7354930873326,-139.921295298399,16.5));
#4702=CARTESIAN_POINT('',(-36.7354930873326,-139.921295298399,16.5));
#4703=CARTESIAN_POINT('',(-35.8694676835482,-138.421295298399,16.5));
#4704=CARTESIAN_POINT('',(-35.8694676835482,-138.421295298399,16.5));
#4705=CARTESIAN_POINT('',(-34.1374168759793,-138.421295298399,16.5));
#4706=CARTESIAN_POINT('',(-34.1374168759793,-138.421295298399,16.5));
#4707=CARTESIAN_POINT('',(-32.4053660684104,-138.421295298399,16.5));
#4708=CARTESIAN_POINT('',(-32.4053660684104,-138.421295298399,16.5));
#4709=CARTESIAN_POINT('',(-31.5393406646259,-139.921295298399,16.5));
#4710=CARTESIAN_POINT('',(-31.5393406646259,-139.921295298399,16.5));
#4711=CARTESIAN_POINT('',(-20.,-111.6,16.5));
#4712=CARTESIAN_POINT('',(-4.,-80.7,19.));
#4713=CARTESIAN_POINT('',(-4.,-80.7,19.));
#4714=CARTESIAN_POINT('',(-30.9074991487531,-142.5,19.));
#4715=CARTESIAN_POINT('',(-36.,-142.5,19.));
#4716=CARTESIAN_POINT('',(-30.9074991487531,-142.5,-19.));
#4717=CARTESIAN_POINT('',(-36.,-142.5,-19.));
#4718=CARTESIAN_POINT('',(-4.,-109.283156223263,19.));
#4719=CARTESIAN_POINT('',(-4.,-100.7,19.));
#4720=CARTESIAN_POINT('',(-4.,-109.283156223263,19.));
#4721=CARTESIAN_POINT('',(-13.8672213256359,74.023462420702,-27.0349290221929));
#4722=MECHANICAL_DESIGN_GEOMETRIC_PRESENTATION_REPRESENTATION('',(#2862,
#2863),#4723);
#4723=(
GEOMETRIC_REPRESENTATION_CONTEXT(3)
GLOBAL_UNCERTAINTY_ASSIGNED_CONTEXT((#4726))
GLOBAL_UNIT_ASSIGNED_CONTEXT((#4731,#4730,#4729))
REPRESENTATION_CONTEXT('left_finger_assembly','TOP_LEVEL_ASSEMBLY_PART')
);
#4724=(
GEOMETRIC_REPRESENTATION_CONTEXT(3)
GLOBAL_UNCERTAINTY_ASSIGNED_CONTEXT((#4727))
GLOBAL_UNIT_ASSIGNED_CONTEXT((#4731,#4730,#4729))
REPRESENTATION_CONTEXT('soft_gripper_finger_mirrored','COMPONENT_PART')
);
#4725=(
GEOMETRIC_REPRESENTATION_CONTEXT(3)
GLOBAL_UNCERTAINTY_ASSIGNED_CONTEXT((#4728))
GLOBAL_UNIT_ASSIGNED_CONTEXT((#4731,#4730,#4729))
REPRESENTATION_CONTEXT('finger_holder_left','COMPONENT_PART')
);
#4726=UNCERTAINTY_MEASURE_WITH_UNIT(LENGTH_MEASURE(1.E-5),#4731,
'DISTANCE_ACCURACY_VALUE','Maximum Tolerance applied to model');
#4727=UNCERTAINTY_MEASURE_WITH_UNIT(LENGTH_MEASURE(1.E-5),#4731,
'DISTANCE_ACCURACY_VALUE','Maximum Tolerance applied to model');
#4728=UNCERTAINTY_MEASURE_WITH_UNIT(LENGTH_MEASURE(1.E-5),#4731,
'DISTANCE_ACCURACY_VALUE','Maximum Tolerance applied to model');
#4729=(
NAMED_UNIT(*)
SI_UNIT($,.STERADIAN.)
SOLID_ANGLE_UNIT()
);
#4730=(
NAMED_UNIT(*)
PLANE_ANGLE_UNIT()
SI_UNIT($,.RADIAN.)
);
#4731=(
LENGTH_UNIT()
NAMED_UNIT(*)
SI_UNIT(.MILLI.,.METRE.)
);
#4732=PRODUCT_DEFINITION_SHAPE('','',#4737);
#4733=PRODUCT_DEFINITION_SHAPE('','',#4738);
#4734=PRODUCT_DEFINITION_SHAPE(' ','NAUO PRDDFN',#14);
#4735=PRODUCT_DEFINITION_SHAPE('','',#4739);
#4736=PRODUCT_DEFINITION_SHAPE(' ','NAUO PRDDFN',#15);
#4737=PRODUCT_DEFINITION('','',#4743,#4740);
#4738=PRODUCT_DEFINITION('','',#4744,#4741);
#4739=PRODUCT_DEFINITION('','',#4745,#4742);
#4740=PRODUCT_DEFINITION_CONTEXT('',#4759,'design');
#4741=PRODUCT_DEFINITION_CONTEXT('',#4759,'design');
#4742=PRODUCT_DEFINITION_CONTEXT('',#4759,'design');
#4743=PRODUCT_DEFINITION_FORMATION_WITH_SPECIFIED_SOURCE('','',#4749,
 .NOT_KNOWN.);
#4744=PRODUCT_DEFINITION_FORMATION_WITH_SPECIFIED_SOURCE('','',#4750,
 .NOT_KNOWN.);
#4745=PRODUCT_DEFINITION_FORMATION_WITH_SPECIFIED_SOURCE('','',#4751,
 .NOT_KNOWN.);
#4746=PRODUCT_RELATED_PRODUCT_CATEGORY('','',(#4749));
#4747=PRODUCT_RELATED_PRODUCT_CATEGORY('','',(#4750));
#4748=PRODUCT_RELATED_PRODUCT_CATEGORY('','',(#4751));
#4749=PRODUCT('left_finger_assembly','left_finger_assembly',
'left_finger_assembly',(#4755));
#4750=PRODUCT('soft_gripper_finger_mirrored',
'soft_gripper_finger_mirrored','soft_gripper_finger_mirrored',(#4756));
#4751=PRODUCT('finger_holder_left','finger_holder_left',
'finger_holder_left',(#4757));
#4752=PRODUCT_CATEGORY('','');
#4753=PRODUCT_CATEGORY('','');
#4754=PRODUCT_CATEGORY('','');
#4755=PRODUCT_CONTEXT('',#4759,'mechanical');
#4756=PRODUCT_CONTEXT('',#4759,'mechanical');
#4757=PRODUCT_CONTEXT('',#4759,'mechanical');
#4758=APPLICATION_PROTOCOL_DEFINITION('international standard',
'ap242_managed_model_based_3d_engineering',2020,#4759);
#4759=APPLICATION_CONTEXT('managed model based 3d engineering');
ENDSEC;
END-ISO-10303-21;
