ISO-10303-21;
HEADER;
/* Generated by software containing ST-Developer
 * from STEP Tools, Inc. (www.steptools.com) 
 */
/* OPTION: using custom renumber hook */

FILE_DESCRIPTION(
/* description */ ('STEP AP242 Edition 2',
'CAx-IF Rec.Pracs.---Representation and Presentation of Product Manufa
cturing Information (PMI)---4.0---2014-10-13',
'CAx-IF Rec.Pracs.---3D Tessellated Geometry---0.4---2014-09-14','2;1',
'CAx-IF Rec.Pracs.---User Defined Attributes---1.5---2016-08-15'),
/* implementation_level */ '2;1');

FILE_NAME(
/* name */ '6ac37f1849432b68a5c28916',
/* time_stamp */ '2026-10-05T10:42:33Z',
/* author */ (''),
/* organization */ (''),
/* preprocessor_version */ 'ST-DEVELOPER v20',
/* originating_system */ 'ONSHAPE BY PTC INC, 1.221',
/* authorisation */ '  ');

FILE_SCHEMA (('AP242_MANAGED_MODEL_BASED_3D_ENGINEERING_MIM_LF { 1 0 10303 442 3 1 4 }'));
ENDSEC;

DATA;
#10=TOROIDAL_SURFACE('',#5849,2.25,0.5);
#11=TOROIDAL_SURFACE('',#5853,2.25,0.5);
#12=TOROIDAL_SURFACE('',#5857,2.25,0.499999999999993);
#13=TOROIDAL_SURFACE('',#5861,2.25,0.499999999999993);
#14=TOROIDAL_SURFACE('',#5865,2.25,0.499999999999993);
#15=TOROIDAL_SURFACE('',#5869,2.25,0.499999999999993);
#16=TOROIDAL_SURFACE('',#6043,5.5,2.5);
#17=VERTEX_LOOP('',#2750);
#18=VERTEX_LOOP('',#2752);
#19=VERTEX_LOOP('',#2754);
#20=VERTEX_LOOP('',#2756);
#21=VERTEX_LOOP('',#2758);
#22=VERTEX_LOOP('',#2765);
#23=VERTEX_LOOP('',#2767);
#24=VERTEX_LOOP('',#2769);
#25=VERTEX_LOOP('',#2771);
#26=CONICAL_SURFACE('',#5833,1.5,1.02974425867665);
#27=CONICAL_SURFACE('',#5836,1.5,1.02974425867665);
#28=CONICAL_SURFACE('',#5839,1.5,1.02974425867665);
#29=CONICAL_SURFACE('',#5842,1.22925,1.02974425867665);
#30=CONICAL_SURFACE('',#5845,1.22925,1.02974425867665);
#31=CONICAL_SURFACE('',#5870,1.7,1.02974425867665);
#32=CONICAL_SURFACE('',#5873,1.7,1.02974425867665);
#33=CONICAL_SURFACE('',#5876,1.7,1.02974425867665);
#34=CONICAL_SURFACE('',#5879,1.7,1.02974425867665);
#35=CONICAL_SURFACE('',#5937,3.7,0.785398163397448);
#36=CONICAL_SURFACE('',#5941,3.6,0.785398163397448);
#37=CONICAL_SURFACE('',#5946,3.38180148828669,0.349065850398867);
#38=CONICAL_SURFACE('',#6101,3.7,0.785398163397448);
#39=CONICAL_SURFACE('',#6105,3.6,0.785398163397448);
#40=CONICAL_SURFACE('',#6110,3.38180148828669,0.349065850398867);
#41=ELLIPSE('',#5802,4.59619407771256,3.25);
#42=ELLIPSE('',#5803,4.59619407771256,3.25);
#43=CONTEXT_DEPENDENT_SHAPE_REPRESENTATION(#55,#9209);
#44=CONTEXT_DEPENDENT_SHAPE_REPRESENTATION(#56,#9211);
#45=CONTEXT_DEPENDENT_SHAPE_REPRESENTATION(#57,#9213);
#46=CONTEXT_DEPENDENT_SHAPE_REPRESENTATION(#58,#9215);
#47=CONTEXT_DEPENDENT_SHAPE_REPRESENTATION(#59,#9217);
#48=CONTEXT_DEPENDENT_SHAPE_REPRESENTATION(#60,#9219);
#49=NEXT_ASSEMBLY_USAGE_OCCURRENCE('NAUO1','6','6',#9220,#9221,'');
#50=NEXT_ASSEMBLY_USAGE_OCCURRENCE('NAUO2','1','1',#9220,#9222,'');
#51=NEXT_ASSEMBLY_USAGE_OCCURRENCE('NAUO3','4','4',#9220,#9223,'');
#52=NEXT_ASSEMBLY_USAGE_OCCURRENCE('NAUO4','5','5',#9220,#9224,'');
#53=NEXT_ASSEMBLY_USAGE_OCCURRENCE('NAUO5','2','2',#9220,#9225,'');
#54=NEXT_ASSEMBLY_USAGE_OCCURRENCE('NAUO6','3','3',#9220,#9226,'');
#55=(
REPRESENTATION_RELATIONSHIP(' ',' ',#5566,#5565)
REPRESENTATION_RELATIONSHIP_WITH_TRANSFORMATION(#61)
SHAPE_REPRESENTATION_RELATIONSHIP()
);
#56=(
REPRESENTATION_RELATIONSHIP(' ',' ',#5567,#5565)
REPRESENTATION_RELATIONSHIP_WITH_TRANSFORMATION(#62)
SHAPE_REPRESENTATION_RELATIONSHIP()
);
#57=(
REPRESENTATION_RELATIONSHIP(' ',' ',#5568,#5565)
REPRESENTATION_RELATIONSHIP_WITH_TRANSFORMATION(#63)
SHAPE_REPRESENTATION_RELATIONSHIP()
);
#58=(
REPRESENTATION_RELATIONSHIP(' ',' ',#5569,#5565)
REPRESENTATION_RELATIONSHIP_WITH_TRANSFORMATION(#64)
SHAPE_REPRESENTATION_RELATIONSHIP()
);
#59=(
REPRESENTATION_RELATIONSHIP(' ',' ',#5570,#5565)
REPRESENTATION_RELATIONSHIP_WITH_TRANSFORMATION(#65)
SHAPE_REPRESENTATION_RELATIONSHIP()
);
#60=(
REPRESENTATION_RELATIONSHIP(' ',' ',#5571,#5565)
REPRESENTATION_RELATIONSHIP_WITH_TRANSFORMATION(#66)
SHAPE_REPRESENTATION_RELATIONSHIP()
);
#61=ITEM_DEFINED_TRANSFORMATION(' ',' ',#5572,#5628);
#62=ITEM_DEFINED_TRANSFORMATION(' ',' ',#5572,#5882);
#63=ITEM_DEFINED_TRANSFORMATION(' ',' ',#5572,#5947);
#64=ITEM_DEFINED_TRANSFORMATION(' ',' ',#5572,#6003);
#65=ITEM_DEFINED_TRANSFORMATION(' ',' ',#5572,#6046);
#66=ITEM_DEFINED_TRANSFORMATION(' ',' ',#5572,#6111);
#67=SHAPE_REPRESENTATION_RELATIONSHIP('','',#5566,#73);
#68=SHAPE_REPRESENTATION_RELATIONSHIP('','',#5567,#74);
#69=SHAPE_REPRESENTATION_RELATIONSHIP('','',#5568,#75);
#70=SHAPE_REPRESENTATION_RELATIONSHIP('','',#5569,#76);
#71=SHAPE_REPRESENTATION_RELATIONSHIP('','',#5570,#77);
#72=SHAPE_REPRESENTATION_RELATIONSHIP('','',#5571,#78);
#73=ADVANCED_BREP_SHAPE_REPRESENTATION('',(#5552),#9191);
#74=ADVANCED_BREP_SHAPE_REPRESENTATION('',(#5553),#9192);
#75=ADVANCED_BREP_SHAPE_REPRESENTATION('',(#5554),#9193);
#76=ADVANCED_BREP_SHAPE_REPRESENTATION('',(#5555),#9194);
#77=ADVANCED_BREP_SHAPE_REPRESENTATION('',(#5556),#9195);
#78=ADVANCED_BREP_SHAPE_REPRESENTATION('',(#5557),#9196);
#79=OVER_RIDING_STYLED_ITEM('',(#5389),#5066,#5382);
#80=OVER_RIDING_STYLED_ITEM('',(#5391),#5164,#5383);
#81=OVER_RIDING_STYLED_ITEM('',(#5392),#5206,#5383);
#82=OVER_RIDING_STYLED_ITEM('',(#5393),#5209,#5383);
#83=OVER_RIDING_STYLED_ITEM('',(#5395),#5264,#5384);
#84=OVER_RIDING_STYLED_ITEM('',(#5396),#5265,#5384);
#85=OVER_RIDING_STYLED_ITEM('',(#5397),#5266,#5384);
#86=OVER_RIDING_STYLED_ITEM('',(#5398),#5267,#5384);
#87=OVER_RIDING_STYLED_ITEM('',(#5399),#5268,#5384);
#88=OVER_RIDING_STYLED_ITEM('',(#5400),#5269,#5384);
#89=OVER_RIDING_STYLED_ITEM('',(#5401),#5270,#5384);
#90=OVER_RIDING_STYLED_ITEM('',(#5402),#5271,#5384);
#91=OVER_RIDING_STYLED_ITEM('',(#5404),#5297,#5385);
#92=OVER_RIDING_STYLED_ITEM('',(#5407),#5360,#5387);
#93=OVER_RIDING_STYLED_ITEM('',(#5408),#5361,#5387);
#94=OVER_RIDING_STYLED_ITEM('',(#5409),#5362,#5387);
#95=OVER_RIDING_STYLED_ITEM('',(#5410),#5363,#5387);
#96=OVER_RIDING_STYLED_ITEM('',(#5411),#5364,#5387);
#97=OVER_RIDING_STYLED_ITEM('',(#5412),#5365,#5387);
#98=OVER_RIDING_STYLED_ITEM('',(#5413),#5366,#5387);
#99=OVER_RIDING_STYLED_ITEM('',(#5414),#5367,#5387);
#100=DRAUGHTING_PRE_DEFINED_COLOUR('black');
#101=DRAUGHTING_PRE_DEFINED_COLOUR('yellow');
#102=CYLINDRICAL_SURFACE('',#5590,2.5);
#103=CYLINDRICAL_SURFACE('',#5594,2.5);
#104=CYLINDRICAL_SURFACE('',#5598,2.5);
#105=CYLINDRICAL_SURFACE('',#5602,2.5);
#106=CYLINDRICAL_SURFACE('',#5622,3.);
#107=CYLINDRICAL_SURFACE('',#5623,1.621);
#108=CYLINDRICAL_SURFACE('',#5624,2.25);
#109=CYLINDRICAL_SURFACE('',#5625,3.);
#110=CYLINDRICAL_SURFACE('',#5626,1.621);
#111=CYLINDRICAL_SURFACE('',#5627,2.25);
#112=CYLINDRICAL_SURFACE('',#5734,2.);
#113=CYLINDRICAL_SURFACE('',#5737,2.);
#114=CYLINDRICAL_SURFACE('',#5740,2.);
#115=CYLINDRICAL_SURFACE('',#5743,2.);
#116=CYLINDRICAL_SURFACE('',#5746,5.);
#117=CYLINDRICAL_SURFACE('',#5750,5.);
#118=CYLINDRICAL_SURFACE('',#5753,5.);
#119=CYLINDRICAL_SURFACE('',#5756,5.);
#120=CYLINDRICAL_SURFACE('',#5771,4.);
#121=CYLINDRICAL_SURFACE('',#5773,4.);
#122=CYLINDRICAL_SURFACE('',#5775,4.);
#123=CYLINDRICAL_SURFACE('',#5777,4.);
#124=CYLINDRICAL_SURFACE('',#5779,4.);
#125=CYLINDRICAL_SURFACE('',#5780,4.);
#126=CYLINDRICAL_SURFACE('',#5782,4.);
#127=CYLINDRICAL_SURFACE('',#5786,4.);
#128=CYLINDRICAL_SURFACE('',#5813,0.999999999999986);
#129=CYLINDRICAL_SURFACE('',#5822,1.);
#130=CYLINDRICAL_SURFACE('',#5825,2.);
#131=CYLINDRICAL_SURFACE('',#5831,3.);
#132=CYLINDRICAL_SURFACE('',#5834,3.);
#133=CYLINDRICAL_SURFACE('',#5837,3.);
#134=CYLINDRICAL_SURFACE('',#5840,2.4585);
#135=CYLINDRICAL_SURFACE('',#5843,2.4585);
#136=CYLINDRICAL_SURFACE('',#5846,3.25);
#137=CYLINDRICAL_SURFACE('',#5847,2.75);
#138=CYLINDRICAL_SURFACE('',#5850,3.25);
#139=CYLINDRICAL_SURFACE('',#5851,2.75);
#140=CYLINDRICAL_SURFACE('',#5854,3.25);
#141=CYLINDRICAL_SURFACE('',#5855,2.75);
#142=CYLINDRICAL_SURFACE('',#5858,3.25);
#143=CYLINDRICAL_SURFACE('',#5859,2.75);
#144=CYLINDRICAL_SURFACE('',#5862,3.25);
#145=CYLINDRICAL_SURFACE('',#5863,2.75);
#146=CYLINDRICAL_SURFACE('',#5866,3.25);
#147=CYLINDRICAL_SURFACE('',#5867,2.75);
#148=CYLINDRICAL_SURFACE('',#5872,1.7);
#149=CYLINDRICAL_SURFACE('',#5875,1.7);
#150=CYLINDRICAL_SURFACE('',#5878,1.7);
#151=CYLINDRICAL_SURFACE('',#5881,1.7);
#152=CYLINDRICAL_SURFACE('',#5899,5.49999999999989);
#153=CYLINDRICAL_SURFACE('',#5901,5.49999999999989);
#154=CYLINDRICAL_SURFACE('',#5903,5.49999999999989);
#155=CYLINDRICAL_SURFACE('',#5905,5.49999999999989);
#156=CYLINDRICAL_SURFACE('',#5907,5.49999999999989);
#157=CYLINDRICAL_SURFACE('',#5909,5.49999999999989);
#158=CYLINDRICAL_SURFACE('',#5930,0.5);
#159=CYLINDRICAL_SURFACE('',#5931,0.5);
#160=CYLINDRICAL_SURFACE('',#5932,0.5);
#161=CYLINDRICAL_SURFACE('',#5933,0.5);
#162=CYLINDRICAL_SURFACE('',#5934,2.9);
#163=CYLINDRICAL_SURFACE('',#5935,3.4);
#164=CYLINDRICAL_SURFACE('',#5939,4.);
#165=CYLINDRICAL_SURFACE('',#5943,3.2);
#166=CYLINDRICAL_SURFACE('',#5944,3.6);
#167=CYLINDRICAL_SURFACE('',#5965,2.5);
#168=CYLINDRICAL_SURFACE('',#5969,2.5);
#169=CYLINDRICAL_SURFACE('',#5973,2.5);
#170=CYLINDRICAL_SURFACE('',#5977,2.5);
#171=CYLINDRICAL_SURFACE('',#5997,3.);
#172=CYLINDRICAL_SURFACE('',#5998,1.621);
#173=CYLINDRICAL_SURFACE('',#5999,2.25);
#174=CYLINDRICAL_SURFACE('',#6000,3.);
#175=CYLINDRICAL_SURFACE('',#6001,1.621);
#176=CYLINDRICAL_SURFACE('',#6002,2.25);
#177=CYLINDRICAL_SURFACE('',#6040,3.5);
#178=CYLINDRICAL_SURFACE('',#6041,8.);
#179=CYLINDRICAL_SURFACE('',#6044,7.85);
#180=CYLINDRICAL_SURFACE('',#6045,7.);
#181=CYLINDRICAL_SURFACE('',#6063,5.49999999999989);
#182=CYLINDRICAL_SURFACE('',#6065,5.49999999999989);
#183=CYLINDRICAL_SURFACE('',#6067,5.49999999999989);
#184=CYLINDRICAL_SURFACE('',#6069,5.49999999999989);
#185=CYLINDRICAL_SURFACE('',#6071,5.49999999999989);
#186=CYLINDRICAL_SURFACE('',#6073,5.49999999999989);
#187=CYLINDRICAL_SURFACE('',#6094,0.5);
#188=CYLINDRICAL_SURFACE('',#6095,0.5);
#189=CYLINDRICAL_SURFACE('',#6096,0.5);
#190=CYLINDRICAL_SURFACE('',#6097,0.5);
#191=CYLINDRICAL_SURFACE('',#6098,2.9);
#192=CYLINDRICAL_SURFACE('',#6099,3.4);
#193=CYLINDRICAL_SURFACE('',#6103,4.);
#194=CYLINDRICAL_SURFACE('',#6107,3.2);
#195=CYLINDRICAL_SURFACE('',#6108,3.6);
#196=CIRCLE('',#5579,1.621);
#197=CIRCLE('',#5580,2.25);
#198=CIRCLE('',#5582,3.);
#199=CIRCLE('',#5583,1.621);
#200=CIRCLE('',#5585,1.621);
#201=CIRCLE('',#5586,2.25);
#202=CIRCLE('',#5588,3.);
#203=CIRCLE('',#5589,1.621);
#204=CIRCLE('',#5591,2.5);
#205=CIRCLE('',#5592,2.5);
#206=CIRCLE('',#5595,2.5);
#207=CIRCLE('',#5596,2.5);
#208=CIRCLE('',#5599,2.5);
#209=CIRCLE('',#5600,2.5);
#210=CIRCLE('',#5603,2.5);
#211=CIRCLE('',#5604,2.5);
#212=CIRCLE('',#5607,2.25);
#213=CIRCLE('',#5608,2.25);
#214=CIRCLE('',#5611,3.);
#215=CIRCLE('',#5612,3.);
#216=CIRCLE('',#5630,1.7);
#217=CIRCLE('',#5631,1.7);
#218=CIRCLE('',#5632,1.7);
#219=CIRCLE('',#5633,1.7);
#220=CIRCLE('',#5634,3.25);
#221=CIRCLE('',#5635,3.25);
#222=CIRCLE('',#5636,3.25);
#223=CIRCLE('',#5637,3.25);
#224=CIRCLE('',#5638,2.4585);
#225=CIRCLE('',#5639,2.4585);
#226=CIRCLE('',#5640,3.);
#227=CIRCLE('',#5641,3.);
#228=CIRCLE('',#5642,3.);
#229=CIRCLE('',#5643,4.);
#230=CIRCLE('',#5644,4.);
#231=CIRCLE('',#5645,4.);
#232=CIRCLE('',#5646,4.);
#233=CIRCLE('',#5647,4.);
#234=CIRCLE('',#5648,4.);
#235=CIRCLE('',#5650,5.);
#236=CIRCLE('',#5651,5.);
#237=CIRCLE('',#5653,2.25);
#238=CIRCLE('',#5655,3.25);
#239=CIRCLE('',#5656,2.75);
#240=CIRCLE('',#5658,2.25);
#241=CIRCLE('',#5660,3.25);
#242=CIRCLE('',#5661,2.75);
#243=CIRCLE('',#5663,2.25);
#244=CIRCLE('',#5665,3.25);
#245=CIRCLE('',#5666,2.75);
#246=CIRCLE('',#5668,2.25);
#247=CIRCLE('',#5670,3.25);
#248=CIRCLE('',#5671,2.75);
#249=CIRCLE('',#5673,2.25);
#250=CIRCLE('',#5675,3.25);
#251=CIRCLE('',#5676,2.75);
#252=CIRCLE('',#5678,2.25);
#253=CIRCLE('',#5680,3.25);
#254=CIRCLE('',#5681,2.75);
#255=CIRCLE('',#5728,0.999999999999986);
#256=CIRCLE('',#5730,2.);
#257=CIRCLE('',#5731,2.);
#258=CIRCLE('',#5732,2.);
#259=CIRCLE('',#5733,2.);
#260=CIRCLE('',#5735,2.);
#261=CIRCLE('',#5738,2.);
#262=CIRCLE('',#5741,2.);
#263=CIRCLE('',#5744,2.);
#264=CIRCLE('',#5747,5.);
#265=CIRCLE('',#5748,5.);
#266=CIRCLE('',#5751,5.);
#267=CIRCLE('',#5752,5.);
#268=CIRCLE('',#5754,5.);
#269=CIRCLE('',#5757,5.);
#270=CIRCLE('',#5762,0.999999999999986);
#271=CIRCLE('',#5765,4.);
#272=CIRCLE('',#5766,4.);
#273=CIRCLE('',#5767,4.);
#274=CIRCLE('',#5768,4.);
#275=CIRCLE('',#5769,4.);
#276=CIRCLE('',#5770,4.);
#277=CIRCLE('',#5783,4.);
#278=CIRCLE('',#5784,4.);
#279=CIRCLE('',#5787,4.);
#280=CIRCLE('',#5788,4.);
#281=CIRCLE('',#5810,0.999999999999986);
#282=CIRCLE('',#5811,1.);
#283=CIRCLE('',#5814,0.999999999999986);
#284=CIRCLE('',#5816,1.);
#285=CIRCLE('',#5818,1.);
#286=CIRCLE('',#5821,1.);
#287=CIRCLE('',#5824,2.);
#288=CIRCLE('',#5826,2.);
#289=CIRCLE('',#5832,3.);
#290=CIRCLE('',#5835,3.);
#291=CIRCLE('',#5838,3.);
#292=CIRCLE('',#5841,2.4585);
#293=CIRCLE('',#5844,2.4585);
#294=CIRCLE('',#5848,2.75);
#295=CIRCLE('',#5852,2.75);
#296=CIRCLE('',#5856,2.75);
#297=CIRCLE('',#5860,2.75);
#298=CIRCLE('',#5864,2.75);
#299=CIRCLE('',#5868,2.75);
#300=CIRCLE('',#5871,1.7);
#301=CIRCLE('',#5874,1.7);
#302=CIRCLE('',#5877,1.7);
#303=CIRCLE('',#5880,1.7);
#304=CIRCLE('',#5884,5.49999999999989);
#305=CIRCLE('',#5885,5.49999999999989);
#306=CIRCLE('',#5886,5.49999999999989);
#307=CIRCLE('',#5887,5.49999999999989);
#308=CIRCLE('',#5888,5.49999999999989);
#309=CIRCLE('',#5889,5.49999999999989);
#310=CIRCLE('',#5891,5.49999999999989);
#311=CIRCLE('',#5892,5.49999999999989);
#312=CIRCLE('',#5893,5.49999999999989);
#313=CIRCLE('',#5894,5.49999999999989);
#314=CIRCLE('',#5895,5.49999999999989);
#315=CIRCLE('',#5896,5.49999999999989);
#316=CIRCLE('',#5897,3.4);
#317=CIRCLE('',#5911,3.16360297657338);
#318=CIRCLE('',#5912,2.9);
#319=CIRCLE('',#5914,3.2);
#320=CIRCLE('',#5915,3.6);
#321=CIRCLE('',#5917,2.9);
#322=CIRCLE('',#5918,0.5);
#323=CIRCLE('',#5919,0.5);
#324=CIRCLE('',#5920,0.5);
#325=CIRCLE('',#5921,0.5);
#326=CIRCLE('',#5923,0.5);
#327=CIRCLE('',#5925,0.5);
#328=CIRCLE('',#5927,0.5);
#329=CIRCLE('',#5929,0.5);
#330=CIRCLE('',#5936,3.4);
#331=CIRCLE('',#5938,4.);
#332=CIRCLE('',#5940,4.);
#333=CIRCLE('',#5942,3.2);
#334=CIRCLE('',#5945,3.6);
#335=CIRCLE('',#5954,1.621);
#336=CIRCLE('',#5955,2.25);
#337=CIRCLE('',#5957,3.);
#338=CIRCLE('',#5958,1.621);
#339=CIRCLE('',#5960,1.621);
#340=CIRCLE('',#5961,2.25);
#341=CIRCLE('',#5963,3.);
#342=CIRCLE('',#5964,1.621);
#343=CIRCLE('',#5966,2.5);
#344=CIRCLE('',#5967,2.5);
#345=CIRCLE('',#5970,2.5);
#346=CIRCLE('',#5971,2.5);
#347=CIRCLE('',#5974,2.5);
#348=CIRCLE('',#5975,2.5);
#349=CIRCLE('',#5978,2.5);
#350=CIRCLE('',#5979,2.5);
#351=CIRCLE('',#5982,2.25);
#352=CIRCLE('',#5983,2.25);
#353=CIRCLE('',#5986,3.);
#354=CIRCLE('',#5987,3.);
#355=CIRCLE('',#6005,3.5);
#356=CIRCLE('',#6007,5.5);
#357=CIRCLE('',#6008,3.5);
#358=CIRCLE('',#6018,7.);
#359=CIRCLE('',#6019,7.85);
#360=CIRCLE('',#6021,7.);
#361=CIRCLE('',#6024,7.85);
#362=CIRCLE('',#6029,8.);
#363=CIRCLE('',#6031,8.);
#364=CIRCLE('',#6033,8.);
#365=CIRCLE('',#6035,8.);
#366=CIRCLE('',#6037,8.);
#367=CIRCLE('',#6039,8.);
#368=CIRCLE('',#6042,8.);
#369=CIRCLE('',#6048,5.49999999999989);
#370=CIRCLE('',#6049,5.49999999999989);
#371=CIRCLE('',#6050,5.49999999999989);
#372=CIRCLE('',#6051,5.49999999999989);
#373=CIRCLE('',#6052,5.49999999999989);
#374=CIRCLE('',#6053,5.49999999999989);
#375=CIRCLE('',#6055,5.49999999999989);
#376=CIRCLE('',#6056,5.49999999999989);
#377=CIRCLE('',#6057,5.49999999999989);
#378=CIRCLE('',#6058,5.49999999999989);
#379=CIRCLE('',#6059,5.49999999999989);
#380=CIRCLE('',#6060,5.49999999999989);
#381=CIRCLE('',#6061,3.4);
#382=CIRCLE('',#6075,3.16360297657338);
#383=CIRCLE('',#6076,2.9);
#384=CIRCLE('',#6078,3.2);
#385=CIRCLE('',#6079,3.6);
#386=CIRCLE('',#6081,2.9);
#387=CIRCLE('',#6082,0.5);
#388=CIRCLE('',#6083,0.5);
#389=CIRCLE('',#6084,0.5);
#390=CIRCLE('',#6085,0.5);
#391=CIRCLE('',#6087,0.5);
#392=CIRCLE('',#6089,0.5);
#393=CIRCLE('',#6091,0.5);
#394=CIRCLE('',#6093,0.5);
#395=CIRCLE('',#6100,3.4);
#396=CIRCLE('',#6102,4.);
#397=CIRCLE('',#6104,4.);
#398=CIRCLE('',#6106,3.2);
#399=CIRCLE('',#6109,3.6);
#400=ORIENTED_EDGE('',*,*,#1768,.T.);
#401=ORIENTED_EDGE('',*,*,#1769,.T.);
#402=ORIENTED_EDGE('',*,*,#1770,.T.);
#403=ORIENTED_EDGE('',*,*,#1771,.F.);
#404=ORIENTED_EDGE('',*,*,#1772,.F.);
#405=ORIENTED_EDGE('',*,*,#1773,.F.);
#406=ORIENTED_EDGE('',*,*,#1774,.F.);
#407=ORIENTED_EDGE('',*,*,#1775,.F.);
#408=ORIENTED_EDGE('',*,*,#1773,.T.);
#409=ORIENTED_EDGE('',*,*,#1776,.F.);
#410=ORIENTED_EDGE('',*,*,#1777,.T.);
#411=ORIENTED_EDGE('',*,*,#1778,.F.);
#412=ORIENTED_EDGE('',*,*,#1775,.T.);
#413=ORIENTED_EDGE('',*,*,#1779,.F.);
#414=ORIENTED_EDGE('',*,*,#1780,.T.);
#415=ORIENTED_EDGE('',*,*,#1781,.T.);
#416=ORIENTED_EDGE('',*,*,#1772,.T.);
#417=ORIENTED_EDGE('',*,*,#1781,.F.);
#418=ORIENTED_EDGE('',*,*,#1782,.T.);
#419=ORIENTED_EDGE('',*,*,#1776,.T.);
#420=ORIENTED_EDGE('',*,*,#1783,.F.);
#421=ORIENTED_EDGE('',*,*,#1784,.T.);
#422=ORIENTED_EDGE('',*,*,#1785,.F.);
#423=ORIENTED_EDGE('',*,*,#1786,.T.);
#424=ORIENTED_EDGE('',*,*,#1787,.F.);
#425=ORIENTED_EDGE('',*,*,#1788,.T.);
#426=ORIENTED_EDGE('',*,*,#1789,.F.);
#427=ORIENTED_EDGE('',*,*,#1790,.T.);
#428=ORIENTED_EDGE('',*,*,#1791,.F.);
#429=ORIENTED_EDGE('',*,*,#1792,.F.);
#430=ORIENTED_EDGE('',*,*,#1793,.F.);
#431=ORIENTED_EDGE('',*,*,#1794,.T.);
#432=ORIENTED_EDGE('',*,*,#1795,.F.);
#433=ORIENTED_EDGE('',*,*,#1796,.F.);
#434=ORIENTED_EDGE('',*,*,#1797,.F.);
#435=ORIENTED_EDGE('',*,*,#1792,.T.);
#436=ORIENTED_EDGE('',*,*,#1798,.F.);
#437=ORIENTED_EDGE('',*,*,#1799,.F.);
#438=ORIENTED_EDGE('',*,*,#1800,.F.);
#439=ORIENTED_EDGE('',*,*,#1796,.T.);
#440=ORIENTED_EDGE('',*,*,#1801,.F.);
#441=ORIENTED_EDGE('',*,*,#1802,.F.);
#442=ORIENTED_EDGE('',*,*,#1803,.F.);
#443=ORIENTED_EDGE('',*,*,#1799,.T.);
#444=ORIENTED_EDGE('',*,*,#1804,.F.);
#445=ORIENTED_EDGE('',*,*,#1805,.F.);
#446=ORIENTED_EDGE('',*,*,#1806,.F.);
#447=ORIENTED_EDGE('',*,*,#1802,.T.);
#448=ORIENTED_EDGE('',*,*,#1807,.F.);
#449=ORIENTED_EDGE('',*,*,#1808,.F.);
#450=ORIENTED_EDGE('',*,*,#1809,.F.);
#451=ORIENTED_EDGE('',*,*,#1805,.T.);
#452=ORIENTED_EDGE('',*,*,#1810,.F.);
#453=ORIENTED_EDGE('',*,*,#1811,.F.);
#454=ORIENTED_EDGE('',*,*,#1812,.F.);
#455=ORIENTED_EDGE('',*,*,#1808,.T.);
#456=ORIENTED_EDGE('',*,*,#1813,.F.);
#457=ORIENTED_EDGE('',*,*,#1794,.F.);
#458=ORIENTED_EDGE('',*,*,#1814,.F.);
#459=ORIENTED_EDGE('',*,*,#1811,.T.);
#460=ORIENTED_EDGE('',*,*,#1815,.F.);
#461=ORIENTED_EDGE('',*,*,#1816,.F.);
#462=ORIENTED_EDGE('',*,*,#1813,.T.);
#463=ORIENTED_EDGE('',*,*,#1810,.T.);
#464=ORIENTED_EDGE('',*,*,#1807,.T.);
#465=ORIENTED_EDGE('',*,*,#1804,.T.);
#466=ORIENTED_EDGE('',*,*,#1801,.T.);
#467=ORIENTED_EDGE('',*,*,#1798,.T.);
#468=ORIENTED_EDGE('',*,*,#1795,.T.);
#469=ORIENTED_EDGE('',*,*,#1791,.T.);
#470=ORIENTED_EDGE('',*,*,#1817,.T.);
#471=ORIENTED_EDGE('',*,*,#1818,.F.);
#472=ORIENTED_EDGE('',*,*,#1819,.F.);
#473=ORIENTED_EDGE('',*,*,#1820,.T.);
#474=ORIENTED_EDGE('',*,*,#1821,.F.);
#475=ORIENTED_EDGE('',*,*,#1822,.F.);
#476=ORIENTED_EDGE('',*,*,#1823,.T.);
#477=ORIENTED_EDGE('',*,*,#1824,.T.);
#478=ORIENTED_EDGE('',*,*,#1825,.T.);
#479=ORIENTED_EDGE('',*,*,#1826,.T.);
#480=ORIENTED_EDGE('',*,*,#1827,.T.);
#481=ORIENTED_EDGE('',*,*,#1819,.T.);
#482=ORIENTED_EDGE('',*,*,#1828,.F.);
#483=ORIENTED_EDGE('',*,*,#1829,.F.);
#484=ORIENTED_EDGE('',*,*,#1827,.F.);
#485=ORIENTED_EDGE('',*,*,#1830,.F.);
#486=ORIENTED_EDGE('',*,*,#1831,.F.);
#487=ORIENTED_EDGE('',*,*,#1820,.F.);
#488=ORIENTED_EDGE('',*,*,#1832,.T.);
#489=ORIENTED_EDGE('',*,*,#1833,.F.);
#490=ORIENTED_EDGE('',*,*,#1834,.T.);
#491=ORIENTED_EDGE('',*,*,#1777,.F.);
#492=ORIENTED_EDGE('',*,*,#1782,.F.);
#493=ORIENTED_EDGE('',*,*,#1780,.F.);
#494=ORIENTED_EDGE('',*,*,#1835,.T.);
#495=ORIENTED_EDGE('',*,*,#1821,.T.);
#496=ORIENTED_EDGE('',*,*,#1831,.T.);
#497=ORIENTED_EDGE('',*,*,#1836,.F.);
#498=ORIENTED_EDGE('',*,*,#1814,.T.);
#499=ORIENTED_EDGE('',*,*,#1793,.T.);
#500=ORIENTED_EDGE('',*,*,#1797,.T.);
#501=ORIENTED_EDGE('',*,*,#1800,.T.);
#502=ORIENTED_EDGE('',*,*,#1803,.T.);
#503=ORIENTED_EDGE('',*,*,#1806,.T.);
#504=ORIENTED_EDGE('',*,*,#1809,.T.);
#505=ORIENTED_EDGE('',*,*,#1812,.T.);
#506=ORIENTED_EDGE('',*,*,#1837,.T.);
#507=ORIENTED_EDGE('',*,*,#1836,.T.);
#508=ORIENTED_EDGE('',*,*,#1830,.T.);
#509=ORIENTED_EDGE('',*,*,#1826,.F.);
#510=ORIENTED_EDGE('',*,*,#1825,.F.);
#511=ORIENTED_EDGE('',*,*,#1838,.F.);
#512=ORIENTED_EDGE('',*,*,#1832,.F.);
#513=ORIENTED_EDGE('',*,*,#1837,.F.);
#514=ORIENTED_EDGE('',*,*,#1839,.T.);
#515=ORIENTED_EDGE('',*,*,#1840,.F.);
#516=ORIENTED_EDGE('',*,*,#1828,.T.);
#517=ORIENTED_EDGE('',*,*,#1818,.T.);
#518=ORIENTED_EDGE('',*,*,#1841,.T.);
#519=ORIENTED_EDGE('',*,*,#1769,.F.);
#520=ORIENTED_EDGE('',*,*,#1841,.F.);
#521=ORIENTED_EDGE('',*,*,#1817,.F.);
#522=ORIENTED_EDGE('',*,*,#1842,.F.);
#523=ORIENTED_EDGE('',*,*,#1770,.F.);
#524=ORIENTED_EDGE('',*,*,#1843,.T.);
#525=ORIENTED_EDGE('',*,*,#1771,.T.);
#526=ORIENTED_EDGE('',*,*,#1842,.T.);
#527=ORIENTED_EDGE('',*,*,#1822,.T.);
#528=ORIENTED_EDGE('',*,*,#1835,.F.);
#529=ORIENTED_EDGE('',*,*,#1779,.T.);
#530=ORIENTED_EDGE('',*,*,#1774,.T.);
#531=ORIENTED_EDGE('',*,*,#1778,.T.);
#532=ORIENTED_EDGE('',*,*,#1834,.F.);
#533=ORIENTED_EDGE('',*,*,#1844,.F.);
#534=ORIENTED_EDGE('',*,*,#1845,.T.);
#535=ORIENTED_EDGE('',*,*,#1844,.T.);
#536=ORIENTED_EDGE('',*,*,#1833,.T.);
#537=ORIENTED_EDGE('',*,*,#1838,.T.);
#538=ORIENTED_EDGE('',*,*,#1829,.T.);
#539=ORIENTED_EDGE('',*,*,#1840,.T.);
#540=ORIENTED_EDGE('',*,*,#1839,.F.);
#541=ORIENTED_EDGE('',*,*,#1768,.F.);
#542=ORIENTED_EDGE('',*,*,#1843,.F.);
#543=ORIENTED_EDGE('',*,*,#1845,.F.);
#544=ORIENTED_EDGE('',*,*,#1789,.T.);
#545=ORIENTED_EDGE('',*,*,#1823,.F.);
#546=ORIENTED_EDGE('',*,*,#1787,.T.);
#547=ORIENTED_EDGE('',*,*,#1790,.F.);
#548=ORIENTED_EDGE('',*,*,#1815,.T.);
#549=ORIENTED_EDGE('',*,*,#1788,.F.);
#550=ORIENTED_EDGE('',*,*,#1824,.F.);
#551=ORIENTED_EDGE('',*,*,#1785,.T.);
#552=ORIENTED_EDGE('',*,*,#1783,.T.);
#553=ORIENTED_EDGE('',*,*,#1786,.F.);
#554=ORIENTED_EDGE('',*,*,#1816,.T.);
#555=ORIENTED_EDGE('',*,*,#1784,.F.);
#556=ORIENTED_EDGE('',*,*,#1846,.T.);
#557=ORIENTED_EDGE('',*,*,#1847,.T.);
#558=ORIENTED_EDGE('',*,*,#1848,.T.);
#559=ORIENTED_EDGE('',*,*,#1849,.T.);
#560=ORIENTED_EDGE('',*,*,#1850,.T.);
#561=ORIENTED_EDGE('',*,*,#1851,.T.);
#562=ORIENTED_EDGE('',*,*,#1852,.T.);
#563=ORIENTED_EDGE('',*,*,#1853,.T.);
#564=ORIENTED_EDGE('',*,*,#1854,.T.);
#565=ORIENTED_EDGE('',*,*,#1855,.T.);
#566=ORIENTED_EDGE('',*,*,#1856,.T.);
#567=ORIENTED_EDGE('',*,*,#1857,.T.);
#568=ORIENTED_EDGE('',*,*,#1858,.T.);
#569=ORIENTED_EDGE('',*,*,#1859,.T.);
#570=ORIENTED_EDGE('',*,*,#1860,.T.);
#571=ORIENTED_EDGE('',*,*,#1861,.T.);
#572=ORIENTED_EDGE('',*,*,#1862,.T.);
#573=ORIENTED_EDGE('',*,*,#1863,.T.);
#574=ORIENTED_EDGE('',*,*,#1864,.T.);
#575=ORIENTED_EDGE('',*,*,#1865,.T.);
#576=ORIENTED_EDGE('',*,*,#1866,.T.);
#577=ORIENTED_EDGE('',*,*,#1867,.T.);
#578=ORIENTED_EDGE('',*,*,#1868,.T.);
#579=ORIENTED_EDGE('',*,*,#1869,.T.);
#580=ORIENTED_EDGE('',*,*,#1870,.T.);
#581=ORIENTED_EDGE('',*,*,#1871,.T.);
#582=ORIENTED_EDGE('',*,*,#1872,.T.);
#583=ORIENTED_EDGE('',*,*,#1873,.T.);
#584=ORIENTED_EDGE('',*,*,#1874,.T.);
#585=ORIENTED_EDGE('',*,*,#1875,.T.);
#586=ORIENTED_EDGE('',*,*,#1876,.T.);
#587=ORIENTED_EDGE('',*,*,#1877,.T.);
#588=ORIENTED_EDGE('',*,*,#1878,.T.);
#589=ORIENTED_EDGE('',*,*,#1879,.T.);
#590=ORIENTED_EDGE('',*,*,#1880,.T.);
#591=ORIENTED_EDGE('',*,*,#1881,.T.);
#592=ORIENTED_EDGE('',*,*,#1882,.T.);
#593=ORIENTED_EDGE('',*,*,#1883,.T.);
#594=ORIENTED_EDGE('',*,*,#1884,.T.);
#595=ORIENTED_EDGE('',*,*,#1885,.T.);
#596=ORIENTED_EDGE('',*,*,#1886,.F.);
#597=ORIENTED_EDGE('',*,*,#1887,.F.);
#598=ORIENTED_EDGE('',*,*,#1888,.T.);
#599=ORIENTED_EDGE('',*,*,#1889,.T.);
#600=ORIENTED_EDGE('',*,*,#1890,.T.);
#601=ORIENTED_EDGE('',*,*,#1891,.T.);
#602=ORIENTED_EDGE('',*,*,#1892,.T.);
#603=ORIENTED_EDGE('',*,*,#1893,.T.);
#604=ORIENTED_EDGE('',*,*,#1894,.F.);
#605=ORIENTED_EDGE('',*,*,#1895,.T.);
#606=ORIENTED_EDGE('',*,*,#1896,.F.);
#607=ORIENTED_EDGE('',*,*,#1897,.T.);
#608=ORIENTED_EDGE('',*,*,#1898,.T.);
#609=ORIENTED_EDGE('',*,*,#1899,.T.);
#610=ORIENTED_EDGE('',*,*,#1900,.T.);
#611=ORIENTED_EDGE('',*,*,#1901,.T.);
#612=ORIENTED_EDGE('',*,*,#1902,.T.);
#613=ORIENTED_EDGE('',*,*,#1903,.F.);
#614=ORIENTED_EDGE('',*,*,#1904,.T.);
#615=ORIENTED_EDGE('',*,*,#1905,.F.);
#616=ORIENTED_EDGE('',*,*,#1906,.T.);
#617=ORIENTED_EDGE('',*,*,#1907,.T.);
#618=ORIENTED_EDGE('',*,*,#1908,.T.);
#619=ORIENTED_EDGE('',*,*,#1909,.T.);
#620=ORIENTED_EDGE('',*,*,#1910,.T.);
#621=ORIENTED_EDGE('',*,*,#1911,.T.);
#622=ORIENTED_EDGE('',*,*,#1912,.F.);
#623=ORIENTED_EDGE('',*,*,#1913,.T.);
#624=ORIENTED_EDGE('',*,*,#1914,.F.);
#625=ORIENTED_EDGE('',*,*,#1915,.T.);
#626=ORIENTED_EDGE('',*,*,#1916,.T.);
#627=ORIENTED_EDGE('',*,*,#1917,.T.);
#628=ORIENTED_EDGE('',*,*,#1918,.T.);
#629=ORIENTED_EDGE('',*,*,#1919,.T.);
#630=ORIENTED_EDGE('',*,*,#1920,.T.);
#631=ORIENTED_EDGE('',*,*,#1921,.F.);
#632=ORIENTED_EDGE('',*,*,#1922,.T.);
#633=ORIENTED_EDGE('',*,*,#1923,.F.);
#634=ORIENTED_EDGE('',*,*,#1924,.T.);
#635=ORIENTED_EDGE('',*,*,#1925,.T.);
#636=ORIENTED_EDGE('',*,*,#1926,.T.);
#637=ORIENTED_EDGE('',*,*,#1927,.T.);
#638=ORIENTED_EDGE('',*,*,#1928,.T.);
#639=ORIENTED_EDGE('',*,*,#1929,.T.);
#640=ORIENTED_EDGE('',*,*,#1930,.F.);
#641=ORIENTED_EDGE('',*,*,#1931,.T.);
#642=ORIENTED_EDGE('',*,*,#1932,.F.);
#643=ORIENTED_EDGE('',*,*,#1933,.T.);
#644=ORIENTED_EDGE('',*,*,#1934,.T.);
#645=ORIENTED_EDGE('',*,*,#1935,.T.);
#646=ORIENTED_EDGE('',*,*,#1936,.T.);
#647=ORIENTED_EDGE('',*,*,#1937,.T.);
#648=ORIENTED_EDGE('',*,*,#1938,.T.);
#649=ORIENTED_EDGE('',*,*,#1939,.F.);
#650=ORIENTED_EDGE('',*,*,#1940,.T.);
#651=ORIENTED_EDGE('',*,*,#1941,.T.);
#652=ORIENTED_EDGE('',*,*,#1942,.T.);
#653=ORIENTED_EDGE('',*,*,#1943,.T.);
#654=ORIENTED_EDGE('',*,*,#1944,.T.);
#655=ORIENTED_EDGE('',*,*,#1945,.T.);
#656=ORIENTED_EDGE('',*,*,#1946,.T.);
#657=ORIENTED_EDGE('',*,*,#1889,.F.);
#658=ORIENTED_EDGE('',*,*,#1947,.T.);
#659=ORIENTED_EDGE('',*,*,#1946,.F.);
#660=ORIENTED_EDGE('',*,*,#1948,.F.);
#661=ORIENTED_EDGE('',*,*,#1890,.F.);
#662=ORIENTED_EDGE('',*,*,#1948,.T.);
#663=ORIENTED_EDGE('',*,*,#1945,.F.);
#664=ORIENTED_EDGE('',*,*,#1949,.F.);
#665=ORIENTED_EDGE('',*,*,#1888,.F.);
#666=ORIENTED_EDGE('',*,*,#1950,.T.);
#667=ORIENTED_EDGE('',*,*,#1941,.F.);
#668=ORIENTED_EDGE('',*,*,#1947,.F.);
#669=ORIENTED_EDGE('',*,*,#1893,.F.);
#670=ORIENTED_EDGE('',*,*,#1951,.T.);
#671=ORIENTED_EDGE('',*,*,#1942,.F.);
#672=ORIENTED_EDGE('',*,*,#1950,.F.);
#673=ORIENTED_EDGE('',*,*,#1892,.F.);
#674=ORIENTED_EDGE('',*,*,#1952,.T.);
#675=ORIENTED_EDGE('',*,*,#1943,.F.);
#676=ORIENTED_EDGE('',*,*,#1951,.F.);
#677=ORIENTED_EDGE('',*,*,#1891,.F.);
#678=ORIENTED_EDGE('',*,*,#1949,.T.);
#679=ORIENTED_EDGE('',*,*,#1944,.F.);
#680=ORIENTED_EDGE('',*,*,#1952,.F.);
#681=ORIENTED_EDGE('',*,*,#1953,.T.);
#682=ORIENTED_EDGE('',*,*,#1954,.T.);
#683=ORIENTED_EDGE('',*,*,#1955,.T.);
#684=ORIENTED_EDGE('',*,*,#1956,.T.);
#685=ORIENTED_EDGE('',*,*,#1957,.T.);
#686=ORIENTED_EDGE('',*,*,#1958,.T.);
#687=ORIENTED_EDGE('',*,*,#1916,.F.);
#688=ORIENTED_EDGE('',*,*,#1959,.T.);
#689=ORIENTED_EDGE('',*,*,#1958,.F.);
#690=ORIENTED_EDGE('',*,*,#1960,.F.);
#691=ORIENTED_EDGE('',*,*,#1917,.F.);
#692=ORIENTED_EDGE('',*,*,#1960,.T.);
#693=ORIENTED_EDGE('',*,*,#1957,.F.);
#694=ORIENTED_EDGE('',*,*,#1961,.F.);
#695=ORIENTED_EDGE('',*,*,#1915,.F.);
#696=ORIENTED_EDGE('',*,*,#1962,.T.);
#697=ORIENTED_EDGE('',*,*,#1953,.F.);
#698=ORIENTED_EDGE('',*,*,#1959,.F.);
#699=ORIENTED_EDGE('',*,*,#1920,.F.);
#700=ORIENTED_EDGE('',*,*,#1963,.T.);
#701=ORIENTED_EDGE('',*,*,#1954,.F.);
#702=ORIENTED_EDGE('',*,*,#1962,.F.);
#703=ORIENTED_EDGE('',*,*,#1919,.F.);
#704=ORIENTED_EDGE('',*,*,#1964,.T.);
#705=ORIENTED_EDGE('',*,*,#1955,.F.);
#706=ORIENTED_EDGE('',*,*,#1963,.F.);
#707=ORIENTED_EDGE('',*,*,#1918,.F.);
#708=ORIENTED_EDGE('',*,*,#1961,.T.);
#709=ORIENTED_EDGE('',*,*,#1956,.F.);
#710=ORIENTED_EDGE('',*,*,#1964,.F.);
#711=ORIENTED_EDGE('',*,*,#1965,.T.);
#712=ORIENTED_EDGE('',*,*,#1966,.T.);
#713=ORIENTED_EDGE('',*,*,#1967,.T.);
#714=ORIENTED_EDGE('',*,*,#1968,.T.);
#715=ORIENTED_EDGE('',*,*,#1969,.T.);
#716=ORIENTED_EDGE('',*,*,#1970,.T.);
#717=ORIENTED_EDGE('',*,*,#1934,.F.);
#718=ORIENTED_EDGE('',*,*,#1971,.T.);
#719=ORIENTED_EDGE('',*,*,#1970,.F.);
#720=ORIENTED_EDGE('',*,*,#1972,.F.);
#721=ORIENTED_EDGE('',*,*,#1935,.F.);
#722=ORIENTED_EDGE('',*,*,#1972,.T.);
#723=ORIENTED_EDGE('',*,*,#1969,.F.);
#724=ORIENTED_EDGE('',*,*,#1973,.F.);
#725=ORIENTED_EDGE('',*,*,#1933,.F.);
#726=ORIENTED_EDGE('',*,*,#1974,.T.);
#727=ORIENTED_EDGE('',*,*,#1965,.F.);
#728=ORIENTED_EDGE('',*,*,#1971,.F.);
#729=ORIENTED_EDGE('',*,*,#1938,.F.);
#730=ORIENTED_EDGE('',*,*,#1975,.T.);
#731=ORIENTED_EDGE('',*,*,#1966,.F.);
#732=ORIENTED_EDGE('',*,*,#1974,.F.);
#733=ORIENTED_EDGE('',*,*,#1937,.F.);
#734=ORIENTED_EDGE('',*,*,#1976,.T.);
#735=ORIENTED_EDGE('',*,*,#1967,.F.);
#736=ORIENTED_EDGE('',*,*,#1975,.F.);
#737=ORIENTED_EDGE('',*,*,#1936,.F.);
#738=ORIENTED_EDGE('',*,*,#1973,.T.);
#739=ORIENTED_EDGE('',*,*,#1968,.F.);
#740=ORIENTED_EDGE('',*,*,#1976,.F.);
#741=ORIENTED_EDGE('',*,*,#1977,.T.);
#742=ORIENTED_EDGE('',*,*,#1978,.T.);
#743=ORIENTED_EDGE('',*,*,#1979,.T.);
#744=ORIENTED_EDGE('',*,*,#1980,.T.);
#745=ORIENTED_EDGE('',*,*,#1981,.T.);
#746=ORIENTED_EDGE('',*,*,#1982,.T.);
#747=ORIENTED_EDGE('',*,*,#1925,.F.);
#748=ORIENTED_EDGE('',*,*,#1983,.T.);
#749=ORIENTED_EDGE('',*,*,#1982,.F.);
#750=ORIENTED_EDGE('',*,*,#1984,.F.);
#751=ORIENTED_EDGE('',*,*,#1926,.F.);
#752=ORIENTED_EDGE('',*,*,#1984,.T.);
#753=ORIENTED_EDGE('',*,*,#1981,.F.);
#754=ORIENTED_EDGE('',*,*,#1985,.F.);
#755=ORIENTED_EDGE('',*,*,#1924,.F.);
#756=ORIENTED_EDGE('',*,*,#1986,.T.);
#757=ORIENTED_EDGE('',*,*,#1977,.F.);
#758=ORIENTED_EDGE('',*,*,#1983,.F.);
#759=ORIENTED_EDGE('',*,*,#1929,.F.);
#760=ORIENTED_EDGE('',*,*,#1987,.T.);
#761=ORIENTED_EDGE('',*,*,#1978,.F.);
#762=ORIENTED_EDGE('',*,*,#1986,.F.);
#763=ORIENTED_EDGE('',*,*,#1928,.F.);
#764=ORIENTED_EDGE('',*,*,#1988,.T.);
#765=ORIENTED_EDGE('',*,*,#1979,.F.);
#766=ORIENTED_EDGE('',*,*,#1987,.F.);
#767=ORIENTED_EDGE('',*,*,#1927,.F.);
#768=ORIENTED_EDGE('',*,*,#1985,.T.);
#769=ORIENTED_EDGE('',*,*,#1980,.F.);
#770=ORIENTED_EDGE('',*,*,#1988,.F.);
#771=ORIENTED_EDGE('',*,*,#1989,.T.);
#772=ORIENTED_EDGE('',*,*,#1990,.T.);
#773=ORIENTED_EDGE('',*,*,#1991,.T.);
#774=ORIENTED_EDGE('',*,*,#1992,.T.);
#775=ORIENTED_EDGE('',*,*,#1993,.T.);
#776=ORIENTED_EDGE('',*,*,#1994,.T.);
#777=ORIENTED_EDGE('',*,*,#1907,.F.);
#778=ORIENTED_EDGE('',*,*,#1995,.T.);
#779=ORIENTED_EDGE('',*,*,#1994,.F.);
#780=ORIENTED_EDGE('',*,*,#1996,.F.);
#781=ORIENTED_EDGE('',*,*,#1908,.F.);
#782=ORIENTED_EDGE('',*,*,#1996,.T.);
#783=ORIENTED_EDGE('',*,*,#1993,.F.);
#784=ORIENTED_EDGE('',*,*,#1997,.F.);
#785=ORIENTED_EDGE('',*,*,#1906,.F.);
#786=ORIENTED_EDGE('',*,*,#1998,.T.);
#787=ORIENTED_EDGE('',*,*,#1989,.F.);
#788=ORIENTED_EDGE('',*,*,#1995,.F.);
#789=ORIENTED_EDGE('',*,*,#1911,.F.);
#790=ORIENTED_EDGE('',*,*,#1999,.T.);
#791=ORIENTED_EDGE('',*,*,#1990,.F.);
#792=ORIENTED_EDGE('',*,*,#1998,.F.);
#793=ORIENTED_EDGE('',*,*,#1910,.F.);
#794=ORIENTED_EDGE('',*,*,#2000,.T.);
#795=ORIENTED_EDGE('',*,*,#1991,.F.);
#796=ORIENTED_EDGE('',*,*,#1999,.F.);
#797=ORIENTED_EDGE('',*,*,#1909,.F.);
#798=ORIENTED_EDGE('',*,*,#1997,.T.);
#799=ORIENTED_EDGE('',*,*,#1992,.F.);
#800=ORIENTED_EDGE('',*,*,#2000,.F.);
#801=ORIENTED_EDGE('',*,*,#2001,.T.);
#802=ORIENTED_EDGE('',*,*,#2002,.T.);
#803=ORIENTED_EDGE('',*,*,#2003,.T.);
#804=ORIENTED_EDGE('',*,*,#2004,.T.);
#805=ORIENTED_EDGE('',*,*,#2005,.T.);
#806=ORIENTED_EDGE('',*,*,#2006,.T.);
#807=ORIENTED_EDGE('',*,*,#1898,.F.);
#808=ORIENTED_EDGE('',*,*,#2007,.T.);
#809=ORIENTED_EDGE('',*,*,#2006,.F.);
#810=ORIENTED_EDGE('',*,*,#2008,.F.);
#811=ORIENTED_EDGE('',*,*,#1899,.F.);
#812=ORIENTED_EDGE('',*,*,#2008,.T.);
#813=ORIENTED_EDGE('',*,*,#2005,.F.);
#814=ORIENTED_EDGE('',*,*,#2009,.F.);
#815=ORIENTED_EDGE('',*,*,#1897,.F.);
#816=ORIENTED_EDGE('',*,*,#2010,.T.);
#817=ORIENTED_EDGE('',*,*,#2001,.F.);
#818=ORIENTED_EDGE('',*,*,#2007,.F.);
#819=ORIENTED_EDGE('',*,*,#1902,.F.);
#820=ORIENTED_EDGE('',*,*,#2011,.T.);
#821=ORIENTED_EDGE('',*,*,#2002,.F.);
#822=ORIENTED_EDGE('',*,*,#2010,.F.);
#823=ORIENTED_EDGE('',*,*,#1901,.F.);
#824=ORIENTED_EDGE('',*,*,#2012,.T.);
#825=ORIENTED_EDGE('',*,*,#2003,.F.);
#826=ORIENTED_EDGE('',*,*,#2011,.F.);
#827=ORIENTED_EDGE('',*,*,#1900,.F.);
#828=ORIENTED_EDGE('',*,*,#2009,.T.);
#829=ORIENTED_EDGE('',*,*,#2004,.F.);
#830=ORIENTED_EDGE('',*,*,#2012,.F.);
#831=ORIENTED_EDGE('',*,*,#2013,.T.);
#832=ORIENTED_EDGE('',*,*,#2014,.T.);
#833=ORIENTED_EDGE('',*,*,#2015,.T.);
#834=ORIENTED_EDGE('',*,*,#2016,.T.);
#835=ORIENTED_EDGE('',*,*,#2017,.T.);
#836=ORIENTED_EDGE('',*,*,#2018,.T.);
#837=ORIENTED_EDGE('',*,*,#2019,.T.);
#838=ORIENTED_EDGE('',*,*,#2020,.T.);
#839=ORIENTED_EDGE('',*,*,#2021,.T.);
#840=ORIENTED_EDGE('',*,*,#2022,.T.);
#841=ORIENTED_EDGE('',*,*,#2018,.F.);
#842=ORIENTED_EDGE('',*,*,#2023,.F.);
#843=ORIENTED_EDGE('',*,*,#2024,.T.);
#844=ORIENTED_EDGE('',*,*,#2023,.T.);
#845=ORIENTED_EDGE('',*,*,#2017,.F.);
#846=ORIENTED_EDGE('',*,*,#2025,.F.);
#847=ORIENTED_EDGE('',*,*,#2026,.T.);
#848=ORIENTED_EDGE('',*,*,#2027,.T.);
#849=ORIENTED_EDGE('',*,*,#2028,.T.);
#850=ORIENTED_EDGE('',*,*,#2029,.T.);
#851=ORIENTED_EDGE('',*,*,#2030,.T.);
#852=ORIENTED_EDGE('',*,*,#2031,.T.);
#853=ORIENTED_EDGE('',*,*,#2032,.T.);
#854=ORIENTED_EDGE('',*,*,#2033,.T.);
#855=ORIENTED_EDGE('',*,*,#2034,.T.);
#856=ORIENTED_EDGE('',*,*,#2034,.F.);
#857=ORIENTED_EDGE('',*,*,#2035,.F.);
#858=ORIENTED_EDGE('',*,*,#2036,.F.);
#859=ORIENTED_EDGE('',*,*,#2037,.T.);
#860=ORIENTED_EDGE('',*,*,#2033,.F.);
#861=ORIENTED_EDGE('',*,*,#2038,.F.);
#862=ORIENTED_EDGE('',*,*,#2039,.F.);
#863=ORIENTED_EDGE('',*,*,#2035,.T.);
#864=ORIENTED_EDGE('',*,*,#2032,.F.);
#865=ORIENTED_EDGE('',*,*,#2040,.F.);
#866=ORIENTED_EDGE('',*,*,#2041,.F.);
#867=ORIENTED_EDGE('',*,*,#2038,.T.);
#868=ORIENTED_EDGE('',*,*,#2031,.F.);
#869=ORIENTED_EDGE('',*,*,#2042,.F.);
#870=ORIENTED_EDGE('',*,*,#2043,.F.);
#871=ORIENTED_EDGE('',*,*,#2040,.T.);
#872=ORIENTED_EDGE('',*,*,#2030,.F.);
#873=ORIENTED_EDGE('',*,*,#2044,.F.);
#874=ORIENTED_EDGE('',*,*,#2045,.F.);
#875=ORIENTED_EDGE('',*,*,#2042,.T.);
#876=ORIENTED_EDGE('',*,*,#2029,.F.);
#877=ORIENTED_EDGE('',*,*,#2046,.F.);
#878=ORIENTED_EDGE('',*,*,#2047,.F.);
#879=ORIENTED_EDGE('',*,*,#2044,.T.);
#880=ORIENTED_EDGE('',*,*,#2028,.F.);
#881=ORIENTED_EDGE('',*,*,#2048,.F.);
#882=ORIENTED_EDGE('',*,*,#2049,.F.);
#883=ORIENTED_EDGE('',*,*,#2046,.T.);
#884=ORIENTED_EDGE('',*,*,#2027,.F.);
#885=ORIENTED_EDGE('',*,*,#2037,.F.);
#886=ORIENTED_EDGE('',*,*,#2050,.F.);
#887=ORIENTED_EDGE('',*,*,#2048,.T.);
#888=ORIENTED_EDGE('',*,*,#2051,.F.);
#889=ORIENTED_EDGE('',*,*,#2052,.F.);
#890=ORIENTED_EDGE('',*,*,#2053,.F.);
#891=ORIENTED_EDGE('',*,*,#2054,.T.);
#892=ORIENTED_EDGE('',*,*,#2055,.F.);
#893=ORIENTED_EDGE('',*,*,#2056,.F.);
#894=ORIENTED_EDGE('',*,*,#2057,.F.);
#895=ORIENTED_EDGE('',*,*,#2052,.T.);
#896=ORIENTED_EDGE('',*,*,#2058,.F.);
#897=ORIENTED_EDGE('',*,*,#2059,.F.);
#898=ORIENTED_EDGE('',*,*,#2060,.F.);
#899=ORIENTED_EDGE('',*,*,#2056,.T.);
#900=ORIENTED_EDGE('',*,*,#2061,.F.);
#901=ORIENTED_EDGE('',*,*,#2062,.F.);
#902=ORIENTED_EDGE('',*,*,#1880,.F.);
#903=ORIENTED_EDGE('',*,*,#2063,.T.);
#904=ORIENTED_EDGE('',*,*,#2064,.F.);
#905=ORIENTED_EDGE('',*,*,#2065,.F.);
#906=ORIENTED_EDGE('',*,*,#1881,.F.);
#907=ORIENTED_EDGE('',*,*,#2062,.T.);
#908=ORIENTED_EDGE('',*,*,#2066,.F.);
#909=ORIENTED_EDGE('',*,*,#2067,.F.);
#910=ORIENTED_EDGE('',*,*,#1882,.F.);
#911=ORIENTED_EDGE('',*,*,#2065,.T.);
#912=ORIENTED_EDGE('',*,*,#2068,.T.);
#913=ORIENTED_EDGE('',*,*,#2069,.T.);
#914=ORIENTED_EDGE('',*,*,#2058,.T.);
#915=ORIENTED_EDGE('',*,*,#2055,.T.);
#916=ORIENTED_EDGE('',*,*,#2051,.T.);
#917=ORIENTED_EDGE('',*,*,#2070,.T.);
#918=ORIENTED_EDGE('',*,*,#2071,.T.);
#919=ORIENTED_EDGE('',*,*,#2072,.T.);
#920=ORIENTED_EDGE('',*,*,#2015,.F.);
#921=ORIENTED_EDGE('',*,*,#2073,.F.);
#922=ORIENTED_EDGE('',*,*,#2074,.T.);
#923=ORIENTED_EDGE('',*,*,#2025,.T.);
#924=ORIENTED_EDGE('',*,*,#2020,.F.);
#925=ORIENTED_EDGE('',*,*,#2075,.F.);
#926=ORIENTED_EDGE('',*,*,#2076,.T.);
#927=ORIENTED_EDGE('',*,*,#2077,.T.);
#928=ORIENTED_EDGE('',*,*,#2075,.T.);
#929=ORIENTED_EDGE('',*,*,#2019,.F.);
#930=ORIENTED_EDGE('',*,*,#2022,.F.);
#931=ORIENTED_EDGE('',*,*,#2078,.T.);
#932=ORIENTED_EDGE('',*,*,#2079,.F.);
#933=ORIENTED_EDGE('',*,*,#2071,.F.);
#934=ORIENTED_EDGE('',*,*,#2080,.F.);
#935=ORIENTED_EDGE('',*,*,#2081,.T.);
#936=ORIENTED_EDGE('',*,*,#2082,.F.);
#937=ORIENTED_EDGE('',*,*,#2083,.T.);
#938=ORIENTED_EDGE('',*,*,#2026,.F.);
#939=ORIENTED_EDGE('',*,*,#2074,.F.);
#940=ORIENTED_EDGE('',*,*,#2077,.F.);
#941=ORIENTED_EDGE('',*,*,#2084,.T.);
#942=ORIENTED_EDGE('',*,*,#2085,.T.);
#943=ORIENTED_EDGE('',*,*,#2086,.T.);
#944=ORIENTED_EDGE('',*,*,#2087,.T.);
#945=ORIENTED_EDGE('',*,*,#2088,.T.);
#946=ORIENTED_EDGE('',*,*,#2089,.T.);
#947=ORIENTED_EDGE('',*,*,#2090,.T.);
#948=ORIENTED_EDGE('',*,*,#2091,.T.);
#949=ORIENTED_EDGE('',*,*,#2092,.T.);
#950=ORIENTED_EDGE('',*,*,#2093,.T.);
#951=ORIENTED_EDGE('',*,*,#2094,.T.);
#952=ORIENTED_EDGE('',*,*,#2095,.T.);
#953=ORIENTED_EDGE('',*,*,#2096,.T.);
#954=ORIENTED_EDGE('',*,*,#2097,.T.);
#955=ORIENTED_EDGE('',*,*,#2098,.T.);
#956=ORIENTED_EDGE('',*,*,#2099,.T.);
#957=ORIENTED_EDGE('',*,*,#2100,.T.);
#958=ORIENTED_EDGE('',*,*,#2101,.T.);
#959=ORIENTED_EDGE('',*,*,#2097,.F.);
#960=ORIENTED_EDGE('',*,*,#2102,.F.);
#961=ORIENTED_EDGE('',*,*,#1864,.F.);
#962=ORIENTED_EDGE('',*,*,#2103,.T.);
#963=ORIENTED_EDGE('',*,*,#2096,.F.);
#964=ORIENTED_EDGE('',*,*,#2104,.F.);
#965=ORIENTED_EDGE('',*,*,#1865,.F.);
#966=ORIENTED_EDGE('',*,*,#2102,.T.);
#967=ORIENTED_EDGE('',*,*,#2095,.F.);
#968=ORIENTED_EDGE('',*,*,#2105,.F.);
#969=ORIENTED_EDGE('',*,*,#1866,.F.);
#970=ORIENTED_EDGE('',*,*,#2104,.T.);
#971=ORIENTED_EDGE('',*,*,#2094,.F.);
#972=ORIENTED_EDGE('',*,*,#2106,.F.);
#973=ORIENTED_EDGE('',*,*,#1867,.F.);
#974=ORIENTED_EDGE('',*,*,#2105,.T.);
#975=ORIENTED_EDGE('',*,*,#2093,.F.);
#976=ORIENTED_EDGE('',*,*,#2107,.F.);
#977=ORIENTED_EDGE('',*,*,#1868,.F.);
#978=ORIENTED_EDGE('',*,*,#2106,.T.);
#979=ORIENTED_EDGE('',*,*,#2092,.F.);
#980=ORIENTED_EDGE('',*,*,#2108,.F.);
#981=ORIENTED_EDGE('',*,*,#1869,.F.);
#982=ORIENTED_EDGE('',*,*,#2107,.T.);
#983=ORIENTED_EDGE('',*,*,#2091,.F.);
#984=ORIENTED_EDGE('',*,*,#2109,.F.);
#985=ORIENTED_EDGE('',*,*,#1870,.F.);
#986=ORIENTED_EDGE('',*,*,#2108,.T.);
#987=ORIENTED_EDGE('',*,*,#2090,.F.);
#988=ORIENTED_EDGE('',*,*,#2110,.F.);
#989=ORIENTED_EDGE('',*,*,#1871,.F.);
#990=ORIENTED_EDGE('',*,*,#2109,.T.);
#991=ORIENTED_EDGE('',*,*,#2089,.F.);
#992=ORIENTED_EDGE('',*,*,#2111,.F.);
#993=ORIENTED_EDGE('',*,*,#1872,.F.);
#994=ORIENTED_EDGE('',*,*,#2110,.T.);
#995=ORIENTED_EDGE('',*,*,#2099,.F.);
#996=ORIENTED_EDGE('',*,*,#2112,.F.);
#997=ORIENTED_EDGE('',*,*,#1862,.F.);
#998=ORIENTED_EDGE('',*,*,#2113,.T.);
#999=ORIENTED_EDGE('',*,*,#2098,.F.);
#1000=ORIENTED_EDGE('',*,*,#2103,.F.);
#1001=ORIENTED_EDGE('',*,*,#1863,.F.);
#1002=ORIENTED_EDGE('',*,*,#2112,.T.);
#1003=ORIENTED_EDGE('',*,*,#2114,.F.);
#1004=ORIENTED_EDGE('',*,*,#2115,.F.);
#1005=ORIENTED_EDGE('',*,*,#2116,.F.);
#1006=ORIENTED_EDGE('',*,*,#2117,.T.);
#1007=ORIENTED_EDGE('',*,*,#2118,.F.);
#1008=ORIENTED_EDGE('',*,*,#2119,.F.);
#1009=ORIENTED_EDGE('',*,*,#2120,.F.);
#1010=ORIENTED_EDGE('',*,*,#2115,.T.);
#1011=ORIENTED_EDGE('',*,*,#2121,.F.);
#1012=ORIENTED_EDGE('',*,*,#2122,.F.);
#1013=ORIENTED_EDGE('',*,*,#2123,.F.);
#1014=ORIENTED_EDGE('',*,*,#2119,.T.);
#1015=ORIENTED_EDGE('',*,*,#2124,.T.);
#1016=ORIENTED_EDGE('',*,*,#1873,.F.);
#1017=ORIENTED_EDGE('',*,*,#2111,.T.);
#1018=ORIENTED_EDGE('',*,*,#2088,.F.);
#1019=ORIENTED_EDGE('',*,*,#2125,.F.);
#1020=ORIENTED_EDGE('',*,*,#2117,.F.);
#1021=ORIENTED_EDGE('',*,*,#2126,.F.);
#1022=ORIENTED_EDGE('',*,*,#2127,.T.);
#1023=ORIENTED_EDGE('',*,*,#2128,.F.);
#1024=ORIENTED_EDGE('',*,*,#2122,.T.);
#1025=ORIENTED_EDGE('',*,*,#2129,.F.);
#1026=ORIENTED_EDGE('',*,*,#2130,.F.);
#1027=ORIENTED_EDGE('',*,*,#2131,.F.);
#1028=ORIENTED_EDGE('',*,*,#2100,.F.);
#1029=ORIENTED_EDGE('',*,*,#2113,.F.);
#1030=ORIENTED_EDGE('',*,*,#1861,.F.);
#1031=ORIENTED_EDGE('',*,*,#2124,.F.);
#1032=ORIENTED_EDGE('',*,*,#2132,.F.);
#1033=ORIENTED_EDGE('',*,*,#2133,.F.);
#1034=ORIENTED_EDGE('',*,*,#1874,.F.);
#1035=ORIENTED_EDGE('',*,*,#2134,.T.);
#1036=ORIENTED_EDGE('',*,*,#2135,.T.);
#1037=ORIENTED_EDGE('',*,*,#1876,.F.);
#1038=ORIENTED_EDGE('',*,*,#2136,.F.);
#1039=ORIENTED_EDGE('',*,*,#2137,.F.);
#1040=ORIENTED_EDGE('',*,*,#2138,.T.);
#1041=ORIENTED_EDGE('',*,*,#2139,.F.);
#1042=ORIENTED_EDGE('',*,*,#1859,.F.);
#1043=ORIENTED_EDGE('',*,*,#2135,.F.);
#1044=ORIENTED_EDGE('',*,*,#2140,.T.);
#1045=ORIENTED_EDGE('',*,*,#2141,.F.);
#1046=ORIENTED_EDGE('',*,*,#2142,.T.);
#1047=ORIENTED_EDGE('',*,*,#2143,.F.);
#1048=ORIENTED_EDGE('',*,*,#2144,.T.);
#1049=ORIENTED_EDGE('',*,*,#2145,.T.);
#1050=ORIENTED_EDGE('',*,*,#1878,.F.);
#1051=ORIENTED_EDGE('',*,*,#2146,.T.);
#1052=ORIENTED_EDGE('',*,*,#1884,.F.);
#1053=ORIENTED_EDGE('',*,*,#2147,.T.);
#1054=ORIENTED_EDGE('',*,*,#2148,.T.);
#1055=ORIENTED_EDGE('',*,*,#2149,.T.);
#1056=ORIENTED_EDGE('',*,*,#2150,.T.);
#1057=ORIENTED_EDGE('',*,*,#2137,.T.);
#1058=ORIENTED_EDGE('',*,*,#2151,.F.);
#1059=ORIENTED_EDGE('',*,*,#2152,.T.);
#1060=ORIENTED_EDGE('',*,*,#2149,.F.);
#1061=ORIENTED_EDGE('',*,*,#2153,.F.);
#1062=ORIENTED_EDGE('',*,*,#1885,.F.);
#1063=ORIENTED_EDGE('',*,*,#2146,.F.);
#1064=ORIENTED_EDGE('',*,*,#2152,.F.);
#1065=ORIENTED_EDGE('',*,*,#2154,.T.);
#1066=ORIENTED_EDGE('',*,*,#2148,.F.);
#1067=ORIENTED_EDGE('',*,*,#2155,.F.);
#1068=ORIENTED_EDGE('',*,*,#2156,.F.);
#1069=ORIENTED_EDGE('',*,*,#2050,.T.);
#1070=ORIENTED_EDGE('',*,*,#2036,.T.);
#1071=ORIENTED_EDGE('',*,*,#2039,.T.);
#1072=ORIENTED_EDGE('',*,*,#2041,.T.);
#1073=ORIENTED_EDGE('',*,*,#2043,.T.);
#1074=ORIENTED_EDGE('',*,*,#2045,.T.);
#1075=ORIENTED_EDGE('',*,*,#2047,.T.);
#1076=ORIENTED_EDGE('',*,*,#2049,.T.);
#1077=ORIENTED_EDGE('',*,*,#2157,.T.);
#1078=ORIENTED_EDGE('',*,*,#2141,.T.);
#1079=ORIENTED_EDGE('',*,*,#2158,.T.);
#1080=ORIENTED_EDGE('',*,*,#2156,.T.);
#1081=ORIENTED_EDGE('',*,*,#2159,.T.);
#1082=ORIENTED_EDGE('',*,*,#2053,.T.);
#1083=ORIENTED_EDGE('',*,*,#2057,.T.);
#1084=ORIENTED_EDGE('',*,*,#2060,.T.);
#1085=ORIENTED_EDGE('',*,*,#2160,.T.);
#1086=ORIENTED_EDGE('',*,*,#2161,.T.);
#1087=ORIENTED_EDGE('',*,*,#2140,.F.);
#1088=ORIENTED_EDGE('',*,*,#2134,.F.);
#1089=ORIENTED_EDGE('',*,*,#2150,.F.);
#1090=ORIENTED_EDGE('',*,*,#2154,.F.);
#1091=ORIENTED_EDGE('',*,*,#2158,.F.);
#1092=ORIENTED_EDGE('',*,*,#2162,.T.);
#1093=ORIENTED_EDGE('',*,*,#1886,.T.);
#1094=ORIENTED_EDGE('',*,*,#2153,.T.);
#1095=ORIENTED_EDGE('',*,*,#2151,.T.);
#1096=ORIENTED_EDGE('',*,*,#2136,.T.);
#1097=ORIENTED_EDGE('',*,*,#1875,.F.);
#1098=ORIENTED_EDGE('',*,*,#2133,.T.);
#1099=ORIENTED_EDGE('',*,*,#2163,.F.);
#1100=ORIENTED_EDGE('',*,*,#2164,.T.);
#1101=ORIENTED_EDGE('',*,*,#2165,.T.);
#1102=ORIENTED_EDGE('',*,*,#2166,.T.);
#1103=ORIENTED_EDGE('',*,*,#2143,.T.);
#1104=ORIENTED_EDGE('',*,*,#2167,.T.);
#1105=ORIENTED_EDGE('',*,*,#2163,.T.);
#1106=ORIENTED_EDGE('',*,*,#2132,.T.);
#1107=ORIENTED_EDGE('',*,*,#2126,.T.);
#1108=ORIENTED_EDGE('',*,*,#2116,.T.);
#1109=ORIENTED_EDGE('',*,*,#2120,.T.);
#1110=ORIENTED_EDGE('',*,*,#2123,.T.);
#1111=ORIENTED_EDGE('',*,*,#2128,.T.);
#1112=ORIENTED_EDGE('',*,*,#2168,.T.);
#1113=ORIENTED_EDGE('',*,*,#2162,.F.);
#1114=ORIENTED_EDGE('',*,*,#2167,.F.);
#1115=ORIENTED_EDGE('',*,*,#2142,.F.);
#1116=ORIENTED_EDGE('',*,*,#1877,.F.);
#1117=ORIENTED_EDGE('',*,*,#2169,.T.);
#1118=ORIENTED_EDGE('',*,*,#2161,.F.);
#1119=ORIENTED_EDGE('',*,*,#2170,.F.);
#1120=ORIENTED_EDGE('',*,*,#2144,.F.);
#1121=ORIENTED_EDGE('',*,*,#2171,.T.);
#1122=ORIENTED_EDGE('',*,*,#2168,.F.);
#1123=ORIENTED_EDGE('',*,*,#2127,.F.);
#1124=ORIENTED_EDGE('',*,*,#1860,.F.);
#1125=ORIENTED_EDGE('',*,*,#2139,.T.);
#1126=ORIENTED_EDGE('',*,*,#2169,.F.);
#1127=ORIENTED_EDGE('',*,*,#2166,.F.);
#1128=ORIENTED_EDGE('',*,*,#2171,.F.);
#1129=ORIENTED_EDGE('',*,*,#2138,.F.);
#1130=ORIENTED_EDGE('',*,*,#2157,.F.);
#1131=ORIENTED_EDGE('',*,*,#2085,.F.);
#1132=ORIENTED_EDGE('',*,*,#2172,.F.);
#1133=ORIENTED_EDGE('',*,*,#2173,.F.);
#1134=ORIENTED_EDGE('',*,*,#2063,.F.);
#1135=ORIENTED_EDGE('',*,*,#1879,.F.);
#1136=ORIENTED_EDGE('',*,*,#2145,.F.);
#1137=ORIENTED_EDGE('',*,*,#2170,.T.);
#1138=ORIENTED_EDGE('',*,*,#2160,.F.);
#1139=ORIENTED_EDGE('',*,*,#2059,.T.);
#1140=ORIENTED_EDGE('',*,*,#2069,.F.);
#1141=ORIENTED_EDGE('',*,*,#2174,.F.);
#1142=ORIENTED_EDGE('',*,*,#2175,.F.);
#1143=ORIENTED_EDGE('',*,*,#2176,.T.);
#1144=ORIENTED_EDGE('',*,*,#2066,.T.);
#1145=ORIENTED_EDGE('',*,*,#2064,.T.);
#1146=ORIENTED_EDGE('',*,*,#2061,.T.);
#1147=ORIENTED_EDGE('',*,*,#2173,.T.);
#1148=ORIENTED_EDGE('',*,*,#2084,.F.);
#1149=ORIENTED_EDGE('',*,*,#2076,.F.);
#1150=ORIENTED_EDGE('',*,*,#2021,.F.);
#1151=ORIENTED_EDGE('',*,*,#2024,.F.);
#1152=ORIENTED_EDGE('',*,*,#2083,.F.);
#1153=ORIENTED_EDGE('',*,*,#2177,.F.);
#1154=ORIENTED_EDGE('',*,*,#2175,.T.);
#1155=ORIENTED_EDGE('',*,*,#2172,.T.);
#1156=ORIENTED_EDGE('',*,*,#2070,.F.);
#1157=ORIENTED_EDGE('',*,*,#2054,.F.);
#1158=ORIENTED_EDGE('',*,*,#2159,.F.);
#1159=ORIENTED_EDGE('',*,*,#2155,.T.);
#1160=ORIENTED_EDGE('',*,*,#2147,.F.);
#1161=ORIENTED_EDGE('',*,*,#1883,.F.);
#1162=ORIENTED_EDGE('',*,*,#2067,.T.);
#1163=ORIENTED_EDGE('',*,*,#2176,.F.);
#1164=ORIENTED_EDGE('',*,*,#2177,.T.);
#1165=ORIENTED_EDGE('',*,*,#2082,.T.);
#1166=ORIENTED_EDGE('',*,*,#2178,.T.);
#1167=ORIENTED_EDGE('',*,*,#2179,.T.);
#1168=ORIENTED_EDGE('',*,*,#2080,.T.);
#1169=ORIENTED_EDGE('',*,*,#2073,.T.);
#1170=ORIENTED_EDGE('',*,*,#2014,.F.);
#1171=ORIENTED_EDGE('',*,*,#2180,.F.);
#1172=ORIENTED_EDGE('',*,*,#2181,.T.);
#1173=ORIENTED_EDGE('',*,*,#2180,.T.);
#1174=ORIENTED_EDGE('',*,*,#2013,.F.);
#1175=ORIENTED_EDGE('',*,*,#2182,.F.);
#1176=ORIENTED_EDGE('',*,*,#2183,.T.);
#1177=ORIENTED_EDGE('',*,*,#2182,.T.);
#1178=ORIENTED_EDGE('',*,*,#2016,.F.);
#1179=ORIENTED_EDGE('',*,*,#2072,.F.);
#1180=ORIENTED_EDGE('',*,*,#2079,.T.);
#1181=ORIENTED_EDGE('',*,*,#2078,.F.);
#1182=ORIENTED_EDGE('',*,*,#2174,.T.);
#1183=ORIENTED_EDGE('',*,*,#2068,.F.);
#1184=ORIENTED_EDGE('',*,*,#2178,.F.);
#1185=ORIENTED_EDGE('',*,*,#2081,.F.);
#1186=ORIENTED_EDGE('',*,*,#2179,.F.);
#1187=ORIENTED_EDGE('',*,*,#2181,.F.);
#1188=ORIENTED_EDGE('',*,*,#2183,.F.);
#1189=ORIENTED_EDGE('',*,*,#2184,.T.);
#1190=ORIENTED_EDGE('',*,*,#2185,.T.);
#1191=ORIENTED_EDGE('',*,*,#2186,.T.);
#1192=ORIENTED_EDGE('',*,*,#2184,.F.);
#1193=ORIENTED_EDGE('',*,*,#2187,.F.);
#1194=ORIENTED_EDGE('',*,*,#2188,.T.);
#1195=ORIENTED_EDGE('',*,*,#2189,.F.);
#1196=ORIENTED_EDGE('',*,*,#2101,.F.);
#1197=ORIENTED_EDGE('',*,*,#2190,.T.);
#1198=ORIENTED_EDGE('',*,*,#2131,.T.);
#1199=ORIENTED_EDGE('',*,*,#2191,.T.);
#1200=ORIENTED_EDGE('',*,*,#2185,.F.);
#1201=ORIENTED_EDGE('',*,*,#2190,.F.);
#1202=ORIENTED_EDGE('',*,*,#2130,.T.);
#1203=ORIENTED_EDGE('',*,*,#2187,.T.);
#1204=ORIENTED_EDGE('',*,*,#2186,.F.);
#1205=ORIENTED_EDGE('',*,*,#2191,.F.);
#1206=ORIENTED_EDGE('',*,*,#2192,.T.);
#1207=ORIENTED_EDGE('',*,*,#2188,.F.);
#1208=ORIENTED_EDGE('',*,*,#2129,.T.);
#1209=ORIENTED_EDGE('',*,*,#2121,.T.);
#1210=ORIENTED_EDGE('',*,*,#2118,.T.);
#1211=ORIENTED_EDGE('',*,*,#2114,.T.);
#1212=ORIENTED_EDGE('',*,*,#2125,.T.);
#1213=ORIENTED_EDGE('',*,*,#2087,.F.);
#1214=ORIENTED_EDGE('',*,*,#2086,.F.);
#1215=ORIENTED_EDGE('',*,*,#2189,.T.);
#1216=ORIENTED_EDGE('',*,*,#2192,.F.);
#1217=ORIENTED_EDGE('',*,*,#2193,.T.);
#1218=ORIENTED_EDGE('',*,*,#1858,.F.);
#1219=ORIENTED_EDGE('',*,*,#2193,.F.);
#1220=ORIENTED_EDGE('',*,*,#2194,.T.);
#1221=ORIENTED_EDGE('',*,*,#1857,.F.);
#1222=ORIENTED_EDGE('',*,*,#2194,.F.);
#1223=ORIENTED_EDGE('',*,*,#2195,.T.);
#1224=ORIENTED_EDGE('',*,*,#1856,.F.);
#1225=ORIENTED_EDGE('',*,*,#2195,.F.);
#1226=ORIENTED_EDGE('',*,*,#2196,.T.);
#1227=ORIENTED_EDGE('',*,*,#1855,.F.);
#1228=ORIENTED_EDGE('',*,*,#2196,.F.);
#1229=ORIENTED_EDGE('',*,*,#2197,.T.);
#1230=ORIENTED_EDGE('',*,*,#1854,.F.);
#1231=ORIENTED_EDGE('',*,*,#2197,.F.);
#1232=ORIENTED_EDGE('',*,*,#1939,.T.);
#1233=ORIENTED_EDGE('',*,*,#2165,.F.);
#1234=ORIENTED_EDGE('',*,*,#1940,.F.);
#1235=ORIENTED_EDGE('',*,*,#2198,.T.);
#1236=ORIENTED_EDGE('',*,*,#1932,.T.);
#1237=ORIENTED_EDGE('',*,*,#2198,.F.);
#1238=ORIENTED_EDGE('',*,*,#1930,.T.);
#1239=ORIENTED_EDGE('',*,*,#2164,.F.);
#1240=ORIENTED_EDGE('',*,*,#1931,.F.);
#1241=ORIENTED_EDGE('',*,*,#2199,.T.);
#1242=ORIENTED_EDGE('',*,*,#1923,.T.);
#1243=ORIENTED_EDGE('',*,*,#2199,.F.);
#1244=ORIENTED_EDGE('',*,*,#1921,.T.);
#1245=ORIENTED_EDGE('',*,*,#1853,.F.);
#1246=ORIENTED_EDGE('',*,*,#1922,.F.);
#1247=ORIENTED_EDGE('',*,*,#2200,.T.);
#1248=ORIENTED_EDGE('',*,*,#1914,.T.);
#1249=ORIENTED_EDGE('',*,*,#2200,.F.);
#1250=ORIENTED_EDGE('',*,*,#1912,.T.);
#1251=ORIENTED_EDGE('',*,*,#1852,.F.);
#1252=ORIENTED_EDGE('',*,*,#1913,.F.);
#1253=ORIENTED_EDGE('',*,*,#2201,.T.);
#1254=ORIENTED_EDGE('',*,*,#1905,.T.);
#1255=ORIENTED_EDGE('',*,*,#2201,.F.);
#1256=ORIENTED_EDGE('',*,*,#1851,.F.);
#1257=ORIENTED_EDGE('',*,*,#1903,.T.);
#1258=ORIENTED_EDGE('',*,*,#1904,.F.);
#1259=ORIENTED_EDGE('',*,*,#2202,.T.);
#1260=ORIENTED_EDGE('',*,*,#1896,.T.);
#1261=ORIENTED_EDGE('',*,*,#2202,.F.);
#1262=ORIENTED_EDGE('',*,*,#1894,.T.);
#1263=ORIENTED_EDGE('',*,*,#1850,.F.);
#1264=ORIENTED_EDGE('',*,*,#1895,.F.);
#1265=ORIENTED_EDGE('',*,*,#2203,.T.);
#1266=ORIENTED_EDGE('',*,*,#1887,.T.);
#1267=ORIENTED_EDGE('',*,*,#2203,.F.);
#1268=ORIENTED_EDGE('',*,*,#2204,.F.);
#1269=ORIENTED_EDGE('',*,*,#1849,.F.);
#1270=ORIENTED_EDGE('',*,*,#2204,.T.);
#1271=ORIENTED_EDGE('',*,*,#2205,.F.);
#1272=ORIENTED_EDGE('',*,*,#1848,.F.);
#1273=ORIENTED_EDGE('',*,*,#2205,.T.);
#1274=ORIENTED_EDGE('',*,*,#2206,.F.);
#1275=ORIENTED_EDGE('',*,*,#1847,.F.);
#1276=ORIENTED_EDGE('',*,*,#2206,.T.);
#1277=ORIENTED_EDGE('',*,*,#2207,.F.);
#1278=ORIENTED_EDGE('',*,*,#1846,.F.);
#1279=ORIENTED_EDGE('',*,*,#2207,.T.);
#1280=ORIENTED_EDGE('',*,*,#2208,.F.);
#1281=ORIENTED_EDGE('',*,*,#2209,.F.);
#1282=ORIENTED_EDGE('',*,*,#2210,.F.);
#1283=ORIENTED_EDGE('',*,*,#2211,.F.);
#1284=ORIENTED_EDGE('',*,*,#2212,.F.);
#1285=ORIENTED_EDGE('',*,*,#2213,.F.);
#1286=ORIENTED_EDGE('',*,*,#2214,.F.);
#1287=ORIENTED_EDGE('',*,*,#2215,.F.);
#1288=ORIENTED_EDGE('',*,*,#2216,.F.);
#1289=ORIENTED_EDGE('',*,*,#2217,.F.);
#1290=ORIENTED_EDGE('',*,*,#2218,.F.);
#1291=ORIENTED_EDGE('',*,*,#2219,.F.);
#1292=ORIENTED_EDGE('',*,*,#2220,.F.);
#1293=ORIENTED_EDGE('',*,*,#2221,.F.);
#1294=ORIENTED_EDGE('',*,*,#2222,.F.);
#1295=ORIENTED_EDGE('',*,*,#2223,.F.);
#1296=ORIENTED_EDGE('',*,*,#2224,.F.);
#1297=ORIENTED_EDGE('',*,*,#2225,.F.);
#1298=ORIENTED_EDGE('',*,*,#2226,.F.);
#1299=ORIENTED_EDGE('',*,*,#2227,.F.);
#1300=ORIENTED_EDGE('',*,*,#2228,.F.);
#1301=ORIENTED_EDGE('',*,*,#2229,.F.);
#1302=ORIENTED_EDGE('',*,*,#2230,.F.);
#1303=ORIENTED_EDGE('',*,*,#2231,.F.);
#1304=ORIENTED_EDGE('',*,*,#2232,.T.);
#1305=ORIENTED_EDGE('',*,*,#2221,.T.);
#1306=ORIENTED_EDGE('',*,*,#2233,.F.);
#1307=ORIENTED_EDGE('',*,*,#2208,.T.);
#1308=ORIENTED_EDGE('',*,*,#2234,.T.);
#1309=ORIENTED_EDGE('',*,*,#2222,.T.);
#1310=ORIENTED_EDGE('',*,*,#2234,.F.);
#1311=ORIENTED_EDGE('',*,*,#2219,.T.);
#1312=ORIENTED_EDGE('',*,*,#2235,.T.);
#1313=ORIENTED_EDGE('',*,*,#2223,.T.);
#1314=ORIENTED_EDGE('',*,*,#2235,.F.);
#1315=ORIENTED_EDGE('',*,*,#2218,.T.);
#1316=ORIENTED_EDGE('',*,*,#2236,.T.);
#1317=ORIENTED_EDGE('',*,*,#2224,.T.);
#1318=ORIENTED_EDGE('',*,*,#2236,.F.);
#1319=ORIENTED_EDGE('',*,*,#2217,.T.);
#1320=ORIENTED_EDGE('',*,*,#2237,.T.);
#1321=ORIENTED_EDGE('',*,*,#2225,.T.);
#1322=ORIENTED_EDGE('',*,*,#2237,.F.);
#1323=ORIENTED_EDGE('',*,*,#2216,.T.);
#1324=ORIENTED_EDGE('',*,*,#2238,.T.);
#1325=ORIENTED_EDGE('',*,*,#2226,.T.);
#1326=ORIENTED_EDGE('',*,*,#2238,.F.);
#1327=ORIENTED_EDGE('',*,*,#2215,.T.);
#1328=ORIENTED_EDGE('',*,*,#2239,.T.);
#1329=ORIENTED_EDGE('',*,*,#2227,.T.);
#1330=ORIENTED_EDGE('',*,*,#2239,.F.);
#1331=ORIENTED_EDGE('',*,*,#2214,.T.);
#1332=ORIENTED_EDGE('',*,*,#2240,.T.);
#1333=ORIENTED_EDGE('',*,*,#2228,.T.);
#1334=ORIENTED_EDGE('',*,*,#2240,.F.);
#1335=ORIENTED_EDGE('',*,*,#2213,.T.);
#1336=ORIENTED_EDGE('',*,*,#2241,.T.);
#1337=ORIENTED_EDGE('',*,*,#2229,.T.);
#1338=ORIENTED_EDGE('',*,*,#2241,.F.);
#1339=ORIENTED_EDGE('',*,*,#2212,.T.);
#1340=ORIENTED_EDGE('',*,*,#2242,.T.);
#1341=ORIENTED_EDGE('',*,*,#2230,.T.);
#1342=ORIENTED_EDGE('',*,*,#2242,.F.);
#1343=ORIENTED_EDGE('',*,*,#2211,.T.);
#1344=ORIENTED_EDGE('',*,*,#2243,.T.);
#1345=ORIENTED_EDGE('',*,*,#2231,.T.);
#1346=ORIENTED_EDGE('',*,*,#2243,.F.);
#1347=ORIENTED_EDGE('',*,*,#2210,.T.);
#1348=ORIENTED_EDGE('',*,*,#2244,.T.);
#1349=ORIENTED_EDGE('',*,*,#2220,.T.);
#1350=ORIENTED_EDGE('',*,*,#2244,.F.);
#1351=ORIENTED_EDGE('',*,*,#2209,.T.);
#1352=ORIENTED_EDGE('',*,*,#2233,.T.);
#1353=ORIENTED_EDGE('',*,*,#2245,.T.);
#1354=ORIENTED_EDGE('',*,*,#2246,.T.);
#1355=ORIENTED_EDGE('',*,*,#2247,.T.);
#1356=ORIENTED_EDGE('',*,*,#2248,.F.);
#1357=ORIENTED_EDGE('',*,*,#2249,.T.);
#1358=ORIENTED_EDGE('',*,*,#2250,.T.);
#1359=ORIENTED_EDGE('',*,*,#2251,.T.);
#1360=ORIENTED_EDGE('',*,*,#2252,.T.);
#1361=ORIENTED_EDGE('',*,*,#2253,.T.);
#1362=ORIENTED_EDGE('',*,*,#2254,.T.);
#1363=ORIENTED_EDGE('',*,*,#2255,.T.);
#1364=ORIENTED_EDGE('',*,*,#2256,.T.);
#1365=ORIENTED_EDGE('',*,*,#2257,.T.);
#1366=ORIENTED_EDGE('',*,*,#2257,.F.);
#1367=ORIENTED_EDGE('',*,*,#2253,.F.);
#1368=ORIENTED_EDGE('',*,*,#2256,.F.);
#1369=ORIENTED_EDGE('',*,*,#2252,.F.);
#1370=ORIENTED_EDGE('',*,*,#2255,.F.);
#1371=ORIENTED_EDGE('',*,*,#2251,.F.);
#1372=ORIENTED_EDGE('',*,*,#2254,.F.);
#1373=ORIENTED_EDGE('',*,*,#2250,.F.);
#1374=ORIENTED_EDGE('',*,*,#2249,.F.);
#1375=ORIENTED_EDGE('',*,*,#2246,.F.);
#1376=ORIENTED_EDGE('',*,*,#2232,.F.);
#1377=ORIENTED_EDGE('',*,*,#2258,.F.);
#1378=ORIENTED_EDGE('',*,*,#2259,.F.);
#1379=ORIENTED_EDGE('',*,*,#2258,.T.);
#1380=ORIENTED_EDGE('',*,*,#2259,.T.);
#1381=ORIENTED_EDGE('',*,*,#2260,.F.);
#1382=ORIENTED_EDGE('',*,*,#2260,.T.);
#1383=ORIENTED_EDGE('',*,*,#2261,.F.);
#1384=ORIENTED_EDGE('',*,*,#2261,.T.);
#1385=ORIENTED_EDGE('',*,*,#2247,.F.);
#1386=ORIENTED_EDGE('',*,*,#2248,.T.);
#1387=ORIENTED_EDGE('',*,*,#2262,.F.);
#1388=ORIENTED_EDGE('',*,*,#2262,.T.);
#1389=ORIENTED_EDGE('',*,*,#2245,.F.);
#1390=ORIENTED_EDGE('',*,*,#2263,.T.);
#1391=ORIENTED_EDGE('',*,*,#2264,.T.);
#1392=ORIENTED_EDGE('',*,*,#2265,.T.);
#1393=ORIENTED_EDGE('',*,*,#2266,.F.);
#1394=ORIENTED_EDGE('',*,*,#2267,.F.);
#1395=ORIENTED_EDGE('',*,*,#2268,.F.);
#1396=ORIENTED_EDGE('',*,*,#2269,.F.);
#1397=ORIENTED_EDGE('',*,*,#2270,.F.);
#1398=ORIENTED_EDGE('',*,*,#2268,.T.);
#1399=ORIENTED_EDGE('',*,*,#2271,.F.);
#1400=ORIENTED_EDGE('',*,*,#2272,.T.);
#1401=ORIENTED_EDGE('',*,*,#2273,.F.);
#1402=ORIENTED_EDGE('',*,*,#2270,.T.);
#1403=ORIENTED_EDGE('',*,*,#2274,.F.);
#1404=ORIENTED_EDGE('',*,*,#2275,.T.);
#1405=ORIENTED_EDGE('',*,*,#2276,.T.);
#1406=ORIENTED_EDGE('',*,*,#2267,.T.);
#1407=ORIENTED_EDGE('',*,*,#2276,.F.);
#1408=ORIENTED_EDGE('',*,*,#2277,.T.);
#1409=ORIENTED_EDGE('',*,*,#2271,.T.);
#1410=ORIENTED_EDGE('',*,*,#2278,.F.);
#1411=ORIENTED_EDGE('',*,*,#2279,.T.);
#1412=ORIENTED_EDGE('',*,*,#2280,.F.);
#1413=ORIENTED_EDGE('',*,*,#2281,.T.);
#1414=ORIENTED_EDGE('',*,*,#2282,.F.);
#1415=ORIENTED_EDGE('',*,*,#2283,.T.);
#1416=ORIENTED_EDGE('',*,*,#2284,.F.);
#1417=ORIENTED_EDGE('',*,*,#2285,.T.);
#1418=ORIENTED_EDGE('',*,*,#2286,.F.);
#1419=ORIENTED_EDGE('',*,*,#2287,.F.);
#1420=ORIENTED_EDGE('',*,*,#2288,.F.);
#1421=ORIENTED_EDGE('',*,*,#2289,.T.);
#1422=ORIENTED_EDGE('',*,*,#2290,.F.);
#1423=ORIENTED_EDGE('',*,*,#2291,.F.);
#1424=ORIENTED_EDGE('',*,*,#2292,.F.);
#1425=ORIENTED_EDGE('',*,*,#2287,.T.);
#1426=ORIENTED_EDGE('',*,*,#2293,.F.);
#1427=ORIENTED_EDGE('',*,*,#2294,.F.);
#1428=ORIENTED_EDGE('',*,*,#2295,.F.);
#1429=ORIENTED_EDGE('',*,*,#2291,.T.);
#1430=ORIENTED_EDGE('',*,*,#2296,.F.);
#1431=ORIENTED_EDGE('',*,*,#2297,.F.);
#1432=ORIENTED_EDGE('',*,*,#2298,.F.);
#1433=ORIENTED_EDGE('',*,*,#2294,.T.);
#1434=ORIENTED_EDGE('',*,*,#2299,.F.);
#1435=ORIENTED_EDGE('',*,*,#2300,.F.);
#1436=ORIENTED_EDGE('',*,*,#2301,.F.);
#1437=ORIENTED_EDGE('',*,*,#2297,.T.);
#1438=ORIENTED_EDGE('',*,*,#2302,.F.);
#1439=ORIENTED_EDGE('',*,*,#2303,.F.);
#1440=ORIENTED_EDGE('',*,*,#2304,.F.);
#1441=ORIENTED_EDGE('',*,*,#2300,.T.);
#1442=ORIENTED_EDGE('',*,*,#2305,.F.);
#1443=ORIENTED_EDGE('',*,*,#2306,.F.);
#1444=ORIENTED_EDGE('',*,*,#2307,.F.);
#1445=ORIENTED_EDGE('',*,*,#2303,.T.);
#1446=ORIENTED_EDGE('',*,*,#2308,.F.);
#1447=ORIENTED_EDGE('',*,*,#2289,.F.);
#1448=ORIENTED_EDGE('',*,*,#2309,.F.);
#1449=ORIENTED_EDGE('',*,*,#2306,.T.);
#1450=ORIENTED_EDGE('',*,*,#2310,.F.);
#1451=ORIENTED_EDGE('',*,*,#2311,.F.);
#1452=ORIENTED_EDGE('',*,*,#2308,.T.);
#1453=ORIENTED_EDGE('',*,*,#2305,.T.);
#1454=ORIENTED_EDGE('',*,*,#2302,.T.);
#1455=ORIENTED_EDGE('',*,*,#2299,.T.);
#1456=ORIENTED_EDGE('',*,*,#2296,.T.);
#1457=ORIENTED_EDGE('',*,*,#2293,.T.);
#1458=ORIENTED_EDGE('',*,*,#2290,.T.);
#1459=ORIENTED_EDGE('',*,*,#2286,.T.);
#1460=ORIENTED_EDGE('',*,*,#2312,.T.);
#1461=ORIENTED_EDGE('',*,*,#2313,.F.);
#1462=ORIENTED_EDGE('',*,*,#2314,.F.);
#1463=ORIENTED_EDGE('',*,*,#2315,.T.);
#1464=ORIENTED_EDGE('',*,*,#2316,.F.);
#1465=ORIENTED_EDGE('',*,*,#2317,.F.);
#1466=ORIENTED_EDGE('',*,*,#2318,.T.);
#1467=ORIENTED_EDGE('',*,*,#2319,.T.);
#1468=ORIENTED_EDGE('',*,*,#2320,.T.);
#1469=ORIENTED_EDGE('',*,*,#2321,.T.);
#1470=ORIENTED_EDGE('',*,*,#2322,.T.);
#1471=ORIENTED_EDGE('',*,*,#2314,.T.);
#1472=ORIENTED_EDGE('',*,*,#2323,.F.);
#1473=ORIENTED_EDGE('',*,*,#2324,.F.);
#1474=ORIENTED_EDGE('',*,*,#2322,.F.);
#1475=ORIENTED_EDGE('',*,*,#2325,.F.);
#1476=ORIENTED_EDGE('',*,*,#2326,.F.);
#1477=ORIENTED_EDGE('',*,*,#2315,.F.);
#1478=ORIENTED_EDGE('',*,*,#2327,.T.);
#1479=ORIENTED_EDGE('',*,*,#2328,.F.);
#1480=ORIENTED_EDGE('',*,*,#2329,.T.);
#1481=ORIENTED_EDGE('',*,*,#2272,.F.);
#1482=ORIENTED_EDGE('',*,*,#2277,.F.);
#1483=ORIENTED_EDGE('',*,*,#2275,.F.);
#1484=ORIENTED_EDGE('',*,*,#2330,.T.);
#1485=ORIENTED_EDGE('',*,*,#2316,.T.);
#1486=ORIENTED_EDGE('',*,*,#2326,.T.);
#1487=ORIENTED_EDGE('',*,*,#2331,.F.);
#1488=ORIENTED_EDGE('',*,*,#2309,.T.);
#1489=ORIENTED_EDGE('',*,*,#2288,.T.);
#1490=ORIENTED_EDGE('',*,*,#2292,.T.);
#1491=ORIENTED_EDGE('',*,*,#2295,.T.);
#1492=ORIENTED_EDGE('',*,*,#2298,.T.);
#1493=ORIENTED_EDGE('',*,*,#2301,.T.);
#1494=ORIENTED_EDGE('',*,*,#2304,.T.);
#1495=ORIENTED_EDGE('',*,*,#2307,.T.);
#1496=ORIENTED_EDGE('',*,*,#2332,.T.);
#1497=ORIENTED_EDGE('',*,*,#2331,.T.);
#1498=ORIENTED_EDGE('',*,*,#2325,.T.);
#1499=ORIENTED_EDGE('',*,*,#2321,.F.);
#1500=ORIENTED_EDGE('',*,*,#2320,.F.);
#1501=ORIENTED_EDGE('',*,*,#2333,.F.);
#1502=ORIENTED_EDGE('',*,*,#2327,.F.);
#1503=ORIENTED_EDGE('',*,*,#2332,.F.);
#1504=ORIENTED_EDGE('',*,*,#2334,.T.);
#1505=ORIENTED_EDGE('',*,*,#2335,.F.);
#1506=ORIENTED_EDGE('',*,*,#2323,.T.);
#1507=ORIENTED_EDGE('',*,*,#2313,.T.);
#1508=ORIENTED_EDGE('',*,*,#2336,.T.);
#1509=ORIENTED_EDGE('',*,*,#2264,.F.);
#1510=ORIENTED_EDGE('',*,*,#2336,.F.);
#1511=ORIENTED_EDGE('',*,*,#2312,.F.);
#1512=ORIENTED_EDGE('',*,*,#2337,.F.);
#1513=ORIENTED_EDGE('',*,*,#2265,.F.);
#1514=ORIENTED_EDGE('',*,*,#2338,.T.);
#1515=ORIENTED_EDGE('',*,*,#2266,.T.);
#1516=ORIENTED_EDGE('',*,*,#2337,.T.);
#1517=ORIENTED_EDGE('',*,*,#2317,.T.);
#1518=ORIENTED_EDGE('',*,*,#2330,.F.);
#1519=ORIENTED_EDGE('',*,*,#2274,.T.);
#1520=ORIENTED_EDGE('',*,*,#2269,.T.);
#1521=ORIENTED_EDGE('',*,*,#2273,.T.);
#1522=ORIENTED_EDGE('',*,*,#2329,.F.);
#1523=ORIENTED_EDGE('',*,*,#2339,.F.);
#1524=ORIENTED_EDGE('',*,*,#2340,.T.);
#1525=ORIENTED_EDGE('',*,*,#2339,.T.);
#1526=ORIENTED_EDGE('',*,*,#2328,.T.);
#1527=ORIENTED_EDGE('',*,*,#2333,.T.);
#1528=ORIENTED_EDGE('',*,*,#2324,.T.);
#1529=ORIENTED_EDGE('',*,*,#2335,.T.);
#1530=ORIENTED_EDGE('',*,*,#2334,.F.);
#1531=ORIENTED_EDGE('',*,*,#2263,.F.);
#1532=ORIENTED_EDGE('',*,*,#2338,.F.);
#1533=ORIENTED_EDGE('',*,*,#2340,.F.);
#1534=ORIENTED_EDGE('',*,*,#2284,.T.);
#1535=ORIENTED_EDGE('',*,*,#2318,.F.);
#1536=ORIENTED_EDGE('',*,*,#2282,.T.);
#1537=ORIENTED_EDGE('',*,*,#2285,.F.);
#1538=ORIENTED_EDGE('',*,*,#2310,.T.);
#1539=ORIENTED_EDGE('',*,*,#2283,.F.);
#1540=ORIENTED_EDGE('',*,*,#2319,.F.);
#1541=ORIENTED_EDGE('',*,*,#2280,.T.);
#1542=ORIENTED_EDGE('',*,*,#2278,.T.);
#1543=ORIENTED_EDGE('',*,*,#2281,.F.);
#1544=ORIENTED_EDGE('',*,*,#2311,.T.);
#1545=ORIENTED_EDGE('',*,*,#2279,.F.);
#1546=ORIENTED_EDGE('',*,*,#2341,.F.);
#1547=ORIENTED_EDGE('',*,*,#2342,.F.);
#1548=ORIENTED_EDGE('',*,*,#2343,.F.);
#1549=ORIENTED_EDGE('',*,*,#2344,.F.);
#1550=ORIENTED_EDGE('',*,*,#2345,.F.);
#1551=ORIENTED_EDGE('',*,*,#2346,.F.);
#1552=ORIENTED_EDGE('',*,*,#2347,.T.);
#1553=ORIENTED_EDGE('',*,*,#2348,.T.);
#1554=ORIENTED_EDGE('',*,*,#2349,.T.);
#1555=ORIENTED_EDGE('',*,*,#2350,.T.);
#1556=ORIENTED_EDGE('',*,*,#2351,.F.);
#1557=ORIENTED_EDGE('',*,*,#2344,.T.);
#1558=ORIENTED_EDGE('',*,*,#2352,.T.);
#1559=ORIENTED_EDGE('',*,*,#2353,.T.);
#1560=ORIENTED_EDGE('',*,*,#2352,.F.);
#1561=ORIENTED_EDGE('',*,*,#2343,.T.);
#1562=ORIENTED_EDGE('',*,*,#2354,.T.);
#1563=ORIENTED_EDGE('',*,*,#2355,.T.);
#1564=ORIENTED_EDGE('',*,*,#2354,.F.);
#1565=ORIENTED_EDGE('',*,*,#2342,.T.);
#1566=ORIENTED_EDGE('',*,*,#2356,.T.);
#1567=ORIENTED_EDGE('',*,*,#2357,.T.);
#1568=ORIENTED_EDGE('',*,*,#2356,.F.);
#1569=ORIENTED_EDGE('',*,*,#2341,.T.);
#1570=ORIENTED_EDGE('',*,*,#2358,.T.);
#1571=ORIENTED_EDGE('',*,*,#2359,.T.);
#1572=ORIENTED_EDGE('',*,*,#2360,.F.);
#1573=ORIENTED_EDGE('',*,*,#2345,.T.);
#1574=ORIENTED_EDGE('',*,*,#2351,.T.);
#1575=ORIENTED_EDGE('',*,*,#2361,.T.);
#1576=ORIENTED_EDGE('',*,*,#2362,.F.);
#1577=ORIENTED_EDGE('',*,*,#2363,.T.);
#1578=ORIENTED_EDGE('',*,*,#2364,.T.);
#1579=ORIENTED_EDGE('',*,*,#2365,.T.);
#1580=ORIENTED_EDGE('',*,*,#2366,.T.);
#1581=ORIENTED_EDGE('',*,*,#2358,.F.);
#1582=ORIENTED_EDGE('',*,*,#2346,.T.);
#1583=ORIENTED_EDGE('',*,*,#2360,.T.);
#1584=ORIENTED_EDGE('',*,*,#2367,.T.);
#1585=ORIENTED_EDGE('',*,*,#2368,.F.);
#1586=ORIENTED_EDGE('',*,*,#2369,.T.);
#1587=ORIENTED_EDGE('',*,*,#2362,.T.);
#1588=ORIENTED_EDGE('',*,*,#2370,.T.);
#1589=ORIENTED_EDGE('',*,*,#2371,.T.);
#1590=ORIENTED_EDGE('',*,*,#2372,.T.);
#1591=ORIENTED_EDGE('',*,*,#2373,.F.);
#1592=ORIENTED_EDGE('',*,*,#2355,.F.);
#1593=ORIENTED_EDGE('',*,*,#2357,.F.);
#1594=ORIENTED_EDGE('',*,*,#2366,.F.);
#1595=ORIENTED_EDGE('',*,*,#2359,.F.);
#1596=ORIENTED_EDGE('',*,*,#2350,.F.);
#1597=ORIENTED_EDGE('',*,*,#2353,.F.);
#1598=ORIENTED_EDGE('',*,*,#2374,.T.);
#1599=ORIENTED_EDGE('',*,*,#2375,.F.);
#1600=ORIENTED_EDGE('',*,*,#2376,.T.);
#1601=ORIENTED_EDGE('',*,*,#2368,.T.);
#1602=ORIENTED_EDGE('',*,*,#2377,.T.);
#1603=ORIENTED_EDGE('',*,*,#2378,.T.);
#1604=ORIENTED_EDGE('',*,*,#2369,.F.);
#1605=ORIENTED_EDGE('',*,*,#2376,.F.);
#1606=ORIENTED_EDGE('',*,*,#2379,.F.);
#1607=ORIENTED_EDGE('',*,*,#2380,.F.);
#1608=ORIENTED_EDGE('',*,*,#2381,.F.);
#1609=ORIENTED_EDGE('',*,*,#2363,.F.);
#1610=ORIENTED_EDGE('',*,*,#2382,.T.);
#1611=ORIENTED_EDGE('',*,*,#2383,.T.);
#1612=ORIENTED_EDGE('',*,*,#2364,.F.);
#1613=ORIENTED_EDGE('',*,*,#2381,.T.);
#1614=ORIENTED_EDGE('',*,*,#2384,.T.);
#1615=ORIENTED_EDGE('',*,*,#2385,.T.);
#1616=ORIENTED_EDGE('',*,*,#2386,.T.);
#1617=ORIENTED_EDGE('',*,*,#2384,.F.);
#1618=ORIENTED_EDGE('',*,*,#2380,.T.);
#1619=ORIENTED_EDGE('',*,*,#2387,.T.);
#1620=ORIENTED_EDGE('',*,*,#2388,.T.);
#1621=ORIENTED_EDGE('',*,*,#2389,.T.);
#1622=ORIENTED_EDGE('',*,*,#2387,.F.);
#1623=ORIENTED_EDGE('',*,*,#2379,.T.);
#1624=ORIENTED_EDGE('',*,*,#2375,.T.);
#1625=ORIENTED_EDGE('',*,*,#2386,.F.);
#1626=ORIENTED_EDGE('',*,*,#2390,.F.);
#1627=ORIENTED_EDGE('',*,*,#2382,.F.);
#1628=ORIENTED_EDGE('',*,*,#2389,.F.);
#1629=ORIENTED_EDGE('',*,*,#2391,.F.);
#1630=ORIENTED_EDGE('',*,*,#2385,.F.);
#1631=ORIENTED_EDGE('',*,*,#2374,.F.);
#1632=ORIENTED_EDGE('',*,*,#2392,.F.);
#1633=ORIENTED_EDGE('',*,*,#2388,.F.);
#1634=ORIENTED_EDGE('',*,*,#2377,.F.);
#1635=ORIENTED_EDGE('',*,*,#2367,.F.);
#1636=ORIENTED_EDGE('',*,*,#2393,.F.);
#1637=ORIENTED_EDGE('',*,*,#2370,.F.);
#1638=ORIENTED_EDGE('',*,*,#2361,.F.);
#1639=ORIENTED_EDGE('',*,*,#2394,.F.);
#1640=ORIENTED_EDGE('',*,*,#2365,.F.);
#1641=ORIENTED_EDGE('',*,*,#2383,.F.);
#1642=ORIENTED_EDGE('',*,*,#2395,.F.);
#1643=ORIENTED_EDGE('',*,*,#2347,.F.);
#1644=ORIENTED_EDGE('',*,*,#2349,.F.);
#1645=ORIENTED_EDGE('',*,*,#2396,.F.);
#1646=ORIENTED_EDGE('',*,*,#2391,.T.);
#1647=ORIENTED_EDGE('',*,*,#2392,.T.);
#1648=ORIENTED_EDGE('',*,*,#2393,.T.);
#1649=ORIENTED_EDGE('',*,*,#2394,.T.);
#1650=ORIENTED_EDGE('',*,*,#2395,.T.);
#1651=ORIENTED_EDGE('',*,*,#2390,.T.);
#1652=ORIENTED_EDGE('',*,*,#2396,.T.);
#1653=ORIENTED_EDGE('',*,*,#2348,.F.);
#1654=ORIENTED_EDGE('',*,*,#2378,.F.);
#1655=ORIENTED_EDGE('',*,*,#2372,.F.);
#1656=ORIENTED_EDGE('',*,*,#2373,.T.);
#1657=ORIENTED_EDGE('',*,*,#2371,.F.);
#1658=ORIENTED_EDGE('',*,*,#2397,.F.);
#1659=ORIENTED_EDGE('',*,*,#2398,.F.);
#1660=ORIENTED_EDGE('',*,*,#2399,.F.);
#1661=ORIENTED_EDGE('',*,*,#2400,.F.);
#1662=ORIENTED_EDGE('',*,*,#2401,.F.);
#1663=ORIENTED_EDGE('',*,*,#2402,.F.);
#1664=ORIENTED_EDGE('',*,*,#2403,.F.);
#1665=ORIENTED_EDGE('',*,*,#2404,.F.);
#1666=ORIENTED_EDGE('',*,*,#2405,.F.);
#1667=ORIENTED_EDGE('',*,*,#2406,.F.);
#1668=ORIENTED_EDGE('',*,*,#2407,.F.);
#1669=ORIENTED_EDGE('',*,*,#2408,.F.);
#1670=ORIENTED_EDGE('',*,*,#2409,.F.);
#1671=ORIENTED_EDGE('',*,*,#2410,.F.);
#1672=ORIENTED_EDGE('',*,*,#2411,.F.);
#1673=ORIENTED_EDGE('',*,*,#2412,.F.);
#1674=ORIENTED_EDGE('',*,*,#2413,.F.);
#1675=ORIENTED_EDGE('',*,*,#2414,.F.);
#1676=ORIENTED_EDGE('',*,*,#2415,.F.);
#1677=ORIENTED_EDGE('',*,*,#2416,.F.);
#1678=ORIENTED_EDGE('',*,*,#2417,.F.);
#1679=ORIENTED_EDGE('',*,*,#2418,.F.);
#1680=ORIENTED_EDGE('',*,*,#2419,.F.);
#1681=ORIENTED_EDGE('',*,*,#2420,.F.);
#1682=ORIENTED_EDGE('',*,*,#2421,.T.);
#1683=ORIENTED_EDGE('',*,*,#2410,.T.);
#1684=ORIENTED_EDGE('',*,*,#2422,.F.);
#1685=ORIENTED_EDGE('',*,*,#2397,.T.);
#1686=ORIENTED_EDGE('',*,*,#2423,.T.);
#1687=ORIENTED_EDGE('',*,*,#2411,.T.);
#1688=ORIENTED_EDGE('',*,*,#2423,.F.);
#1689=ORIENTED_EDGE('',*,*,#2408,.T.);
#1690=ORIENTED_EDGE('',*,*,#2424,.T.);
#1691=ORIENTED_EDGE('',*,*,#2412,.T.);
#1692=ORIENTED_EDGE('',*,*,#2424,.F.);
#1693=ORIENTED_EDGE('',*,*,#2407,.T.);
#1694=ORIENTED_EDGE('',*,*,#2425,.T.);
#1695=ORIENTED_EDGE('',*,*,#2413,.T.);
#1696=ORIENTED_EDGE('',*,*,#2425,.F.);
#1697=ORIENTED_EDGE('',*,*,#2406,.T.);
#1698=ORIENTED_EDGE('',*,*,#2426,.T.);
#1699=ORIENTED_EDGE('',*,*,#2414,.T.);
#1700=ORIENTED_EDGE('',*,*,#2426,.F.);
#1701=ORIENTED_EDGE('',*,*,#2405,.T.);
#1702=ORIENTED_EDGE('',*,*,#2427,.T.);
#1703=ORIENTED_EDGE('',*,*,#2415,.T.);
#1704=ORIENTED_EDGE('',*,*,#2427,.F.);
#1705=ORIENTED_EDGE('',*,*,#2404,.T.);
#1706=ORIENTED_EDGE('',*,*,#2428,.T.);
#1707=ORIENTED_EDGE('',*,*,#2416,.T.);
#1708=ORIENTED_EDGE('',*,*,#2428,.F.);
#1709=ORIENTED_EDGE('',*,*,#2403,.T.);
#1710=ORIENTED_EDGE('',*,*,#2429,.T.);
#1711=ORIENTED_EDGE('',*,*,#2417,.T.);
#1712=ORIENTED_EDGE('',*,*,#2429,.F.);
#1713=ORIENTED_EDGE('',*,*,#2402,.T.);
#1714=ORIENTED_EDGE('',*,*,#2430,.T.);
#1715=ORIENTED_EDGE('',*,*,#2418,.T.);
#1716=ORIENTED_EDGE('',*,*,#2430,.F.);
#1717=ORIENTED_EDGE('',*,*,#2401,.T.);
#1718=ORIENTED_EDGE('',*,*,#2431,.T.);
#1719=ORIENTED_EDGE('',*,*,#2419,.T.);
#1720=ORIENTED_EDGE('',*,*,#2431,.F.);
#1721=ORIENTED_EDGE('',*,*,#2400,.T.);
#1722=ORIENTED_EDGE('',*,*,#2432,.T.);
#1723=ORIENTED_EDGE('',*,*,#2420,.T.);
#1724=ORIENTED_EDGE('',*,*,#2432,.F.);
#1725=ORIENTED_EDGE('',*,*,#2399,.T.);
#1726=ORIENTED_EDGE('',*,*,#2433,.T.);
#1727=ORIENTED_EDGE('',*,*,#2409,.T.);
#1728=ORIENTED_EDGE('',*,*,#2433,.F.);
#1729=ORIENTED_EDGE('',*,*,#2398,.T.);
#1730=ORIENTED_EDGE('',*,*,#2422,.T.);
#1731=ORIENTED_EDGE('',*,*,#2434,.T.);
#1732=ORIENTED_EDGE('',*,*,#2435,.T.);
#1733=ORIENTED_EDGE('',*,*,#2436,.T.);
#1734=ORIENTED_EDGE('',*,*,#2437,.F.);
#1735=ORIENTED_EDGE('',*,*,#2438,.T.);
#1736=ORIENTED_EDGE('',*,*,#2439,.T.);
#1737=ORIENTED_EDGE('',*,*,#2440,.T.);
#1738=ORIENTED_EDGE('',*,*,#2441,.T.);
#1739=ORIENTED_EDGE('',*,*,#2442,.T.);
#1740=ORIENTED_EDGE('',*,*,#2443,.T.);
#1741=ORIENTED_EDGE('',*,*,#2444,.T.);
#1742=ORIENTED_EDGE('',*,*,#2445,.T.);
#1743=ORIENTED_EDGE('',*,*,#2446,.T.);
#1744=ORIENTED_EDGE('',*,*,#2446,.F.);
#1745=ORIENTED_EDGE('',*,*,#2442,.F.);
#1746=ORIENTED_EDGE('',*,*,#2445,.F.);
#1747=ORIENTED_EDGE('',*,*,#2441,.F.);
#1748=ORIENTED_EDGE('',*,*,#2444,.F.);
#1749=ORIENTED_EDGE('',*,*,#2440,.F.);
#1750=ORIENTED_EDGE('',*,*,#2443,.F.);
#1751=ORIENTED_EDGE('',*,*,#2439,.F.);
#1752=ORIENTED_EDGE('',*,*,#2438,.F.);
#1753=ORIENTED_EDGE('',*,*,#2435,.F.);
#1754=ORIENTED_EDGE('',*,*,#2421,.F.);
#1755=ORIENTED_EDGE('',*,*,#2447,.F.);
#1756=ORIENTED_EDGE('',*,*,#2448,.F.);
#1757=ORIENTED_EDGE('',*,*,#2447,.T.);
#1758=ORIENTED_EDGE('',*,*,#2448,.T.);
#1759=ORIENTED_EDGE('',*,*,#2449,.F.);
#1760=ORIENTED_EDGE('',*,*,#2449,.T.);
#1761=ORIENTED_EDGE('',*,*,#2450,.F.);
#1762=ORIENTED_EDGE('',*,*,#2450,.T.);
#1763=ORIENTED_EDGE('',*,*,#2436,.F.);
#1764=ORIENTED_EDGE('',*,*,#2437,.T.);
#1765=ORIENTED_EDGE('',*,*,#2451,.F.);
#1766=ORIENTED_EDGE('',*,*,#2451,.T.);
#1767=ORIENTED_EDGE('',*,*,#2434,.F.);
#1768=EDGE_CURVE('',#2452,#2453,#2953,.T.);
#1769=EDGE_CURVE('',#2453,#2454,#2954,.T.);
#1770=EDGE_CURVE('',#2454,#2455,#2955,.T.);
#1771=EDGE_CURVE('',#2452,#2455,#2956,.T.);
#1772=EDGE_CURVE('',#2456,#2457,#2957,.T.);
#1773=EDGE_CURVE('',#2458,#2456,#2958,.T.);
#1774=EDGE_CURVE('',#2459,#2458,#2959,.T.);
#1775=EDGE_CURVE('',#2457,#2459,#2960,.T.);
#1776=EDGE_CURVE('',#2460,#2456,#2961,.T.);
#1777=EDGE_CURVE('',#2460,#2461,#2962,.T.);
#1778=EDGE_CURVE('',#2458,#2461,#2963,.T.);
#1779=EDGE_CURVE('',#2462,#2459,#2964,.T.);
#1780=EDGE_CURVE('',#2462,#2463,#2965,.T.);
#1781=EDGE_CURVE('',#2463,#2457,#2966,.T.);
#1782=EDGE_CURVE('',#2463,#2460,#2967,.T.);
#1783=EDGE_CURVE('',#2464,#2464,#196,.T.);
#1784=EDGE_CURVE('',#2465,#2465,#197,.T.);
#1785=EDGE_CURVE('',#2466,#2466,#198,.T.);
#1786=EDGE_CURVE('',#2467,#2467,#199,.T.);
#1787=EDGE_CURVE('',#2468,#2468,#200,.T.);
#1788=EDGE_CURVE('',#2469,#2469,#201,.T.);
#1789=EDGE_CURVE('',#2470,#2470,#202,.T.);
#1790=EDGE_CURVE('',#2471,#2471,#203,.T.);
#1791=EDGE_CURVE('',#2472,#2473,#204,.T.);
#1792=EDGE_CURVE('',#2474,#2472,#2968,.T.);
#1793=EDGE_CURVE('',#2475,#2474,#205,.T.);
#1794=EDGE_CURVE('',#2475,#2473,#2969,.T.);
#1795=EDGE_CURVE('',#2476,#2472,#2970,.T.);
#1796=EDGE_CURVE('',#2477,#2476,#2971,.T.);
#1797=EDGE_CURVE('',#2474,#2477,#2972,.T.);
#1798=EDGE_CURVE('',#2478,#2476,#206,.T.);
#1799=EDGE_CURVE('',#2479,#2478,#2973,.T.);
#1800=EDGE_CURVE('',#2477,#2479,#207,.T.);
#1801=EDGE_CURVE('',#2480,#2478,#2974,.T.);
#1802=EDGE_CURVE('',#2481,#2480,#2975,.T.);
#1803=EDGE_CURVE('',#2479,#2481,#2976,.T.);
#1804=EDGE_CURVE('',#2482,#2480,#208,.T.);
#1805=EDGE_CURVE('',#2483,#2482,#2977,.T.);
#1806=EDGE_CURVE('',#2481,#2483,#209,.T.);
#1807=EDGE_CURVE('',#2484,#2482,#2978,.T.);
#1808=EDGE_CURVE('',#2485,#2484,#2979,.T.);
#1809=EDGE_CURVE('',#2483,#2485,#2980,.T.);
#1810=EDGE_CURVE('',#2486,#2484,#210,.T.);
#1811=EDGE_CURVE('',#2487,#2486,#2981,.T.);
#1812=EDGE_CURVE('',#2485,#2487,#211,.T.);
#1813=EDGE_CURVE('',#2473,#2486,#2982,.T.);
#1814=EDGE_CURVE('',#2487,#2475,#2983,.T.);
#1815=EDGE_CURVE('',#2488,#2488,#212,.T.);
#1816=EDGE_CURVE('',#2489,#2489,#213,.T.);
#1817=EDGE_CURVE('',#2490,#2491,#2984,.T.);
#1818=EDGE_CURVE('',#2492,#2491,#2985,.T.);
#1819=EDGE_CURVE('',#2493,#2492,#2986,.T.);
#1820=EDGE_CURVE('',#2493,#2494,#2987,.T.);
#1821=EDGE_CURVE('',#2495,#2494,#2988,.T.);
#1822=EDGE_CURVE('',#2490,#2495,#2989,.T.);
#1823=EDGE_CURVE('',#2496,#2496,#214,.T.);
#1824=EDGE_CURVE('',#2497,#2497,#215,.T.);
#1825=EDGE_CURVE('',#2498,#2499,#2990,.T.);
#1826=EDGE_CURVE('',#2499,#2500,#2991,.T.);
#1827=EDGE_CURVE('',#2500,#2493,#2992,.T.);
#1828=EDGE_CURVE('',#2501,#2492,#2993,.T.);
#1829=EDGE_CURVE('',#2498,#2501,#2994,.T.);
#1830=EDGE_CURVE('',#2502,#2500,#2995,.T.);
#1831=EDGE_CURVE('',#2494,#2502,#2996,.T.);
#1832=EDGE_CURVE('',#2503,#2504,#2997,.T.);
#1833=EDGE_CURVE('',#2505,#2504,#2998,.T.);
#1834=EDGE_CURVE('',#2505,#2461,#2999,.T.);
#1835=EDGE_CURVE('',#2462,#2495,#3000,.T.);
#1836=EDGE_CURVE('',#2503,#2502,#3001,.T.);
#1837=EDGE_CURVE('',#2499,#2503,#3002,.T.);
#1838=EDGE_CURVE('',#2504,#2498,#3003,.T.);
#1839=EDGE_CURVE('',#2453,#2506,#3004,.T.);
#1840=EDGE_CURVE('',#2501,#2506,#3005,.T.);
#1841=EDGE_CURVE('',#2491,#2454,#3006,.T.);
#1842=EDGE_CURVE('',#2455,#2490,#3007,.T.);
#1843=EDGE_CURVE('',#2507,#2452,#3008,.T.);
#1844=EDGE_CURVE('',#2507,#2505,#3009,.T.);
#1845=EDGE_CURVE('',#2506,#2507,#3010,.T.);
#1846=EDGE_CURVE('',#2508,#2508,#216,.F.);
#1847=EDGE_CURVE('',#2509,#2509,#217,.F.);
#1848=EDGE_CURVE('',#2510,#2510,#218,.F.);
#1849=EDGE_CURVE('',#2511,#2511,#219,.F.);
#1850=EDGE_CURVE('',#2512,#2512,#220,.T.);
#1851=EDGE_CURVE('',#2513,#2513,#221,.T.);
#1852=EDGE_CURVE('',#2514,#2514,#222,.T.);
#1853=EDGE_CURVE('',#2515,#2515,#223,.T.);
#1854=EDGE_CURVE('',#2516,#2516,#224,.T.);
#1855=EDGE_CURVE('',#2517,#2517,#225,.T.);
#1856=EDGE_CURVE('',#2518,#2518,#226,.T.);
#1857=EDGE_CURVE('',#2519,#2519,#227,.T.);
#1858=EDGE_CURVE('',#2520,#2520,#228,.T.);
#1859=EDGE_CURVE('',#2521,#2522,#3011,.T.);
#1860=EDGE_CURVE('',#2522,#2523,#3012,.T.);
#1861=EDGE_CURVE('',#2523,#2524,#3013,.T.);
#1862=EDGE_CURVE('',#2524,#2525,#229,.T.);
#1863=EDGE_CURVE('',#2525,#2526,#3014,.T.);
#1864=EDGE_CURVE('',#2526,#2527,#230,.T.);
#1865=EDGE_CURVE('',#2527,#2528,#3015,.T.);
#1866=EDGE_CURVE('',#2528,#2529,#231,.T.);
#1867=EDGE_CURVE('',#2529,#2530,#3016,.T.);
#1868=EDGE_CURVE('',#2530,#2531,#232,.T.);
#1869=EDGE_CURVE('',#2531,#2532,#3017,.T.);
#1870=EDGE_CURVE('',#2532,#2533,#233,.T.);
#1871=EDGE_CURVE('',#2533,#2534,#3018,.T.);
#1872=EDGE_CURVE('',#2534,#2535,#234,.T.);
#1873=EDGE_CURVE('',#2535,#2536,#3019,.T.);
#1874=EDGE_CURVE('',#2536,#2537,#3020,.T.);
#1875=EDGE_CURVE('',#2537,#2538,#3021,.T.);
#1876=EDGE_CURVE('',#2538,#2521,#3022,.T.);
#1877=EDGE_CURVE('',#2539,#2540,#3023,.T.);
#1878=EDGE_CURVE('',#2540,#2541,#3024,.T.);
#1879=EDGE_CURVE('',#2541,#2542,#3025,.T.);
#1880=EDGE_CURVE('',#2542,#2543,#235,.T.);
#1881=EDGE_CURVE('',#2543,#2544,#3026,.T.);
#1882=EDGE_CURVE('',#2544,#2545,#236,.T.);
#1883=EDGE_CURVE('',#2545,#2546,#3027,.T.);
#1884=EDGE_CURVE('',#2546,#2547,#3028,.T.);
#1885=EDGE_CURVE('',#2547,#2548,#3029,.T.);
#1886=EDGE_CURVE('',#2539,#2548,#3030,.T.);
#1887=EDGE_CURVE('',#2549,#2549,#237,.T.);
#1888=EDGE_CURVE('',#2550,#2551,#3031,.T.);
#1889=EDGE_CURVE('',#2551,#2552,#3032,.T.);
#1890=EDGE_CURVE('',#2552,#2553,#3033,.T.);
#1891=EDGE_CURVE('',#2553,#2554,#3034,.T.);
#1892=EDGE_CURVE('',#2554,#2555,#3035,.T.);
#1893=EDGE_CURVE('',#2555,#2550,#3036,.T.);
#1894=EDGE_CURVE('',#2556,#2556,#238,.T.);
#1895=EDGE_CURVE('',#2557,#2557,#239,.T.);
#1896=EDGE_CURVE('',#2558,#2558,#240,.T.);
#1897=EDGE_CURVE('',#2559,#2560,#3037,.T.);
#1898=EDGE_CURVE('',#2560,#2561,#3038,.T.);
#1899=EDGE_CURVE('',#2561,#2562,#3039,.T.);
#1900=EDGE_CURVE('',#2562,#2563,#3040,.T.);
#1901=EDGE_CURVE('',#2563,#2564,#3041,.T.);
#1902=EDGE_CURVE('',#2564,#2559,#3042,.T.);
#1903=EDGE_CURVE('',#2565,#2565,#241,.T.);
#1904=EDGE_CURVE('',#2566,#2566,#242,.T.);
#1905=EDGE_CURVE('',#2567,#2567,#243,.T.);
#1906=EDGE_CURVE('',#2568,#2569,#3043,.T.);
#1907=EDGE_CURVE('',#2569,#2570,#3044,.T.);
#1908=EDGE_CURVE('',#2570,#2571,#3045,.T.);
#1909=EDGE_CURVE('',#2571,#2572,#3046,.T.);
#1910=EDGE_CURVE('',#2572,#2573,#3047,.T.);
#1911=EDGE_CURVE('',#2573,#2568,#3048,.T.);
#1912=EDGE_CURVE('',#2574,#2574,#244,.T.);
#1913=EDGE_CURVE('',#2575,#2575,#245,.T.);
#1914=EDGE_CURVE('',#2576,#2576,#246,.T.);
#1915=EDGE_CURVE('',#2577,#2578,#3049,.T.);
#1916=EDGE_CURVE('',#2578,#2579,#3050,.T.);
#1917=EDGE_CURVE('',#2579,#2580,#3051,.T.);
#1918=EDGE_CURVE('',#2580,#2581,#3052,.T.);
#1919=EDGE_CURVE('',#2581,#2582,#3053,.T.);
#1920=EDGE_CURVE('',#2582,#2577,#3054,.T.);
#1921=EDGE_CURVE('',#2583,#2583,#247,.T.);
#1922=EDGE_CURVE('',#2584,#2584,#248,.T.);
#1923=EDGE_CURVE('',#2585,#2585,#249,.T.);
#1924=EDGE_CURVE('',#2586,#2587,#3055,.T.);
#1925=EDGE_CURVE('',#2587,#2588,#3056,.T.);
#1926=EDGE_CURVE('',#2588,#2589,#3057,.T.);
#1927=EDGE_CURVE('',#2589,#2590,#3058,.T.);
#1928=EDGE_CURVE('',#2590,#2591,#3059,.T.);
#1929=EDGE_CURVE('',#2591,#2586,#3060,.T.);
#1930=EDGE_CURVE('',#2592,#2592,#250,.T.);
#1931=EDGE_CURVE('',#2593,#2593,#251,.T.);
#1932=EDGE_CURVE('',#2594,#2594,#252,.T.);
#1933=EDGE_CURVE('',#2595,#2596,#3061,.T.);
#1934=EDGE_CURVE('',#2596,#2597,#3062,.T.);
#1935=EDGE_CURVE('',#2597,#2598,#3063,.T.);
#1936=EDGE_CURVE('',#2598,#2599,#3064,.T.);
#1937=EDGE_CURVE('',#2599,#2600,#3065,.T.);
#1938=EDGE_CURVE('',#2600,#2595,#3066,.T.);
#1939=EDGE_CURVE('',#2601,#2601,#253,.T.);
#1940=EDGE_CURVE('',#2602,#2602,#254,.T.);
#1941=EDGE_CURVE('',#2603,#2604,#3067,.T.);
#1942=EDGE_CURVE('',#2604,#2605,#3068,.T.);
#1943=EDGE_CURVE('',#2605,#2606,#3069,.T.);
#1944=EDGE_CURVE('',#2606,#2607,#3070,.T.);
#1945=EDGE_CURVE('',#2607,#2608,#3071,.T.);
#1946=EDGE_CURVE('',#2608,#2603,#3072,.T.);
#1947=EDGE_CURVE('',#2551,#2603,#3073,.T.);
#1948=EDGE_CURVE('',#2552,#2608,#3074,.T.);
#1949=EDGE_CURVE('',#2553,#2607,#3075,.T.);
#1950=EDGE_CURVE('',#2550,#2604,#3076,.T.);
#1951=EDGE_CURVE('',#2555,#2605,#3077,.T.);
#1952=EDGE_CURVE('',#2554,#2606,#3078,.T.);
#1953=EDGE_CURVE('',#2609,#2610,#3079,.T.);
#1954=EDGE_CURVE('',#2610,#2611,#3080,.T.);
#1955=EDGE_CURVE('',#2611,#2612,#3081,.T.);
#1956=EDGE_CURVE('',#2612,#2613,#3082,.T.);
#1957=EDGE_CURVE('',#2613,#2614,#3083,.T.);
#1958=EDGE_CURVE('',#2614,#2609,#3084,.T.);
#1959=EDGE_CURVE('',#2578,#2609,#3085,.T.);
#1960=EDGE_CURVE('',#2579,#2614,#3086,.T.);
#1961=EDGE_CURVE('',#2580,#2613,#3087,.T.);
#1962=EDGE_CURVE('',#2577,#2610,#3088,.T.);
#1963=EDGE_CURVE('',#2582,#2611,#3089,.T.);
#1964=EDGE_CURVE('',#2581,#2612,#3090,.T.);
#1965=EDGE_CURVE('',#2615,#2616,#3091,.T.);
#1966=EDGE_CURVE('',#2616,#2617,#3092,.T.);
#1967=EDGE_CURVE('',#2617,#2618,#3093,.T.);
#1968=EDGE_CURVE('',#2618,#2619,#3094,.T.);
#1969=EDGE_CURVE('',#2619,#2620,#3095,.T.);
#1970=EDGE_CURVE('',#2620,#2615,#3096,.T.);
#1971=EDGE_CURVE('',#2596,#2615,#3097,.T.);
#1972=EDGE_CURVE('',#2597,#2620,#3098,.T.);
#1973=EDGE_CURVE('',#2598,#2619,#3099,.T.);
#1974=EDGE_CURVE('',#2595,#2616,#3100,.T.);
#1975=EDGE_CURVE('',#2600,#2617,#3101,.T.);
#1976=EDGE_CURVE('',#2599,#2618,#3102,.T.);
#1977=EDGE_CURVE('',#2621,#2622,#3103,.T.);
#1978=EDGE_CURVE('',#2622,#2623,#3104,.T.);
#1979=EDGE_CURVE('',#2623,#2624,#3105,.T.);
#1980=EDGE_CURVE('',#2624,#2625,#3106,.T.);
#1981=EDGE_CURVE('',#2625,#2626,#3107,.T.);
#1982=EDGE_CURVE('',#2626,#2621,#3108,.T.);
#1983=EDGE_CURVE('',#2587,#2621,#3109,.T.);
#1984=EDGE_CURVE('',#2588,#2626,#3110,.T.);
#1985=EDGE_CURVE('',#2589,#2625,#3111,.T.);
#1986=EDGE_CURVE('',#2586,#2622,#3112,.T.);
#1987=EDGE_CURVE('',#2591,#2623,#3113,.T.);
#1988=EDGE_CURVE('',#2590,#2624,#3114,.T.);
#1989=EDGE_CURVE('',#2627,#2628,#3115,.T.);
#1990=EDGE_CURVE('',#2628,#2629,#3116,.T.);
#1991=EDGE_CURVE('',#2629,#2630,#3117,.T.);
#1992=EDGE_CURVE('',#2630,#2631,#3118,.T.);
#1993=EDGE_CURVE('',#2631,#2632,#3119,.T.);
#1994=EDGE_CURVE('',#2632,#2627,#3120,.T.);
#1995=EDGE_CURVE('',#2569,#2627,#3121,.T.);
#1996=EDGE_CURVE('',#2570,#2632,#3122,.T.);
#1997=EDGE_CURVE('',#2571,#2631,#3123,.T.);
#1998=EDGE_CURVE('',#2568,#2628,#3124,.T.);
#1999=EDGE_CURVE('',#2573,#2629,#3125,.T.);
#2000=EDGE_CURVE('',#2572,#2630,#3126,.T.);
#2001=EDGE_CURVE('',#2633,#2634,#3127,.T.);
#2002=EDGE_CURVE('',#2634,#2635,#3128,.T.);
#2003=EDGE_CURVE('',#2635,#2636,#3129,.T.);
#2004=EDGE_CURVE('',#2636,#2637,#3130,.T.);
#2005=EDGE_CURVE('',#2637,#2638,#3131,.T.);
#2006=EDGE_CURVE('',#2638,#2633,#3132,.T.);
#2007=EDGE_CURVE('',#2560,#2633,#3133,.T.);
#2008=EDGE_CURVE('',#2561,#2638,#3134,.T.);
#2009=EDGE_CURVE('',#2562,#2637,#3135,.T.);
#2010=EDGE_CURVE('',#2559,#2634,#3136,.T.);
#2011=EDGE_CURVE('',#2564,#2635,#3137,.T.);
#2012=EDGE_CURVE('',#2563,#2636,#3138,.T.);
#2013=EDGE_CURVE('',#2639,#2640,#3139,.T.);
#2014=EDGE_CURVE('',#2640,#2641,#3140,.T.);
#2015=EDGE_CURVE('',#2641,#2642,#3141,.T.);
#2016=EDGE_CURVE('',#2642,#2639,#3142,.T.);
#2017=EDGE_CURVE('',#2643,#2644,#3143,.T.);
#2018=EDGE_CURVE('',#2644,#2645,#3144,.T.);
#2019=EDGE_CURVE('',#2645,#2646,#3145,.T.);
#2020=EDGE_CURVE('',#2646,#2643,#3146,.T.);
#2021=EDGE_CURVE('',#2647,#2648,#3147,.T.);
#2022=EDGE_CURVE('',#2648,#2645,#3148,.T.);
#2023=EDGE_CURVE('',#2647,#2644,#3149,.T.);
#2024=EDGE_CURVE('',#2649,#2647,#255,.T.);
#2025=EDGE_CURVE('',#2650,#2643,#3150,.T.);
#2026=EDGE_CURVE('',#2650,#2649,#3151,.T.);
#2027=EDGE_CURVE('',#2651,#2652,#3152,.T.);
#2028=EDGE_CURVE('',#2652,#2653,#256,.T.);
#2029=EDGE_CURVE('',#2653,#2654,#3153,.T.);
#2030=EDGE_CURVE('',#2654,#2655,#257,.T.);
#2031=EDGE_CURVE('',#2655,#2656,#3154,.T.);
#2032=EDGE_CURVE('',#2656,#2657,#258,.T.);
#2033=EDGE_CURVE('',#2657,#2658,#3155,.T.);
#2034=EDGE_CURVE('',#2658,#2651,#259,.T.);
#2035=EDGE_CURVE('',#2659,#2658,#3156,.T.);
#2036=EDGE_CURVE('',#2660,#2659,#260,.T.);
#2037=EDGE_CURVE('',#2660,#2651,#3157,.T.);
#2038=EDGE_CURVE('',#2661,#2657,#3158,.T.);
#2039=EDGE_CURVE('',#2659,#2661,#3159,.T.);
#2040=EDGE_CURVE('',#2662,#2656,#3160,.T.);
#2041=EDGE_CURVE('',#2661,#2662,#261,.T.);
#2042=EDGE_CURVE('',#2663,#2655,#3161,.T.);
#2043=EDGE_CURVE('',#2662,#2663,#3162,.T.);
#2044=EDGE_CURVE('',#2664,#2654,#3163,.T.);
#2045=EDGE_CURVE('',#2663,#2664,#262,.T.);
#2046=EDGE_CURVE('',#2665,#2653,#3164,.T.);
#2047=EDGE_CURVE('',#2664,#2665,#3165,.T.);
#2048=EDGE_CURVE('',#2666,#2652,#3166,.T.);
#2049=EDGE_CURVE('',#2665,#2666,#263,.T.);
#2050=EDGE_CURVE('',#2666,#2660,#3167,.T.);
#2051=EDGE_CURVE('',#2667,#2668,#264,.T.);
#2052=EDGE_CURVE('',#2669,#2667,#3168,.T.);
#2053=EDGE_CURVE('',#2670,#2669,#265,.T.);
#2054=EDGE_CURVE('',#2670,#2668,#3169,.T.);
#2055=EDGE_CURVE('',#2671,#2667,#3170,.T.);
#2056=EDGE_CURVE('',#2672,#2671,#3171,.T.);
#2057=EDGE_CURVE('',#2669,#2672,#3172,.T.);
#2058=EDGE_CURVE('',#2673,#2671,#266,.T.);
#2059=EDGE_CURVE('',#2674,#2673,#3173,.T.);
#2060=EDGE_CURVE('',#2672,#2674,#267,.T.);
#2061=EDGE_CURVE('',#2675,#2676,#268,.T.);
#2062=EDGE_CURVE('',#2543,#2675,#3174,.T.);
#2063=EDGE_CURVE('',#2542,#2676,#3175,.T.);
#2064=EDGE_CURVE('',#2677,#2675,#3176,.T.);
#2065=EDGE_CURVE('',#2544,#2677,#3177,.T.);
#2066=EDGE_CURVE('',#2678,#2677,#269,.T.);
#2067=EDGE_CURVE('',#2545,#2678,#3178,.T.);
#2068=EDGE_CURVE('',#2679,#2680,#3179,.T.);
#2069=EDGE_CURVE('',#2680,#2673,#3180,.T.);
#2070=EDGE_CURVE('',#2668,#2679,#3181,.T.);
#2071=EDGE_CURVE('',#2681,#2682,#3182,.T.);
#2072=EDGE_CURVE('',#2682,#2642,#3183,.T.);
#2073=EDGE_CURVE('',#2681,#2641,#3184,.T.);
#2074=EDGE_CURVE('',#2683,#2650,#3185,.T.);
#2075=EDGE_CURVE('',#2683,#2646,#3186,.T.);
#2076=EDGE_CURVE('',#2648,#2684,#270,.T.);
#2077=EDGE_CURVE('',#2684,#2683,#3187,.T.);
#2078=EDGE_CURVE('',#2685,#2686,#3188,.T.);
#2079=EDGE_CURVE('',#2682,#2686,#3189,.T.);
#2080=EDGE_CURVE('',#2687,#2681,#3190,.T.);
#2081=EDGE_CURVE('',#2687,#2688,#3191,.T.);
#2082=EDGE_CURVE('',#2689,#2688,#3192,.T.);
#2083=EDGE_CURVE('',#2689,#2649,#3193,.T.);
#2084=EDGE_CURVE('',#2684,#2690,#3194,.T.);
#2085=EDGE_CURVE('',#2690,#2685,#3195,.T.);
#2086=EDGE_CURVE('',#2691,#2692,#3196,.T.);
#2087=EDGE_CURVE('',#2692,#2693,#3197,.T.);
#2088=EDGE_CURVE('',#2693,#2694,#3198,.T.);
#2089=EDGE_CURVE('',#2694,#2695,#271,.T.);
#2090=EDGE_CURVE('',#2695,#2696,#3199,.T.);
#2091=EDGE_CURVE('',#2696,#2697,#272,.T.);
#2092=EDGE_CURVE('',#2697,#2698,#3200,.T.);
#2093=EDGE_CURVE('',#2698,#2699,#273,.T.);
#2094=EDGE_CURVE('',#2699,#2700,#3201,.T.);
#2095=EDGE_CURVE('',#2700,#2701,#274,.T.);
#2096=EDGE_CURVE('',#2701,#2702,#3202,.T.);
#2097=EDGE_CURVE('',#2702,#2703,#275,.T.);
#2098=EDGE_CURVE('',#2703,#2704,#3203,.T.);
#2099=EDGE_CURVE('',#2704,#2705,#276,.T.);
#2100=EDGE_CURVE('',#2705,#2706,#3204,.T.);
#2101=EDGE_CURVE('',#2706,#2691,#3205,.T.);
#2102=EDGE_CURVE('',#2527,#2702,#3206,.T.);
#2103=EDGE_CURVE('',#2526,#2703,#3207,.T.);
#2104=EDGE_CURVE('',#2528,#2701,#3208,.T.);
#2105=EDGE_CURVE('',#2529,#2700,#3209,.T.);
#2106=EDGE_CURVE('',#2530,#2699,#3210,.T.);
#2107=EDGE_CURVE('',#2531,#2698,#3211,.T.);
#2108=EDGE_CURVE('',#2532,#2697,#3212,.T.);
#2109=EDGE_CURVE('',#2533,#2696,#3213,.T.);
#2110=EDGE_CURVE('',#2534,#2695,#3214,.T.);
#2111=EDGE_CURVE('',#2535,#2694,#3215,.T.);
#2112=EDGE_CURVE('',#2525,#2704,#3216,.T.);
#2113=EDGE_CURVE('',#2524,#2705,#3217,.T.);
#2114=EDGE_CURVE('',#2707,#2708,#277,.T.);
#2115=EDGE_CURVE('',#2709,#2707,#3218,.T.);
#2116=EDGE_CURVE('',#2710,#2709,#278,.T.);
#2117=EDGE_CURVE('',#2710,#2708,#3219,.T.);
#2118=EDGE_CURVE('',#2711,#2707,#3220,.T.);
#2119=EDGE_CURVE('',#2712,#2711,#3221,.T.);
#2120=EDGE_CURVE('',#2709,#2712,#3222,.T.);
#2121=EDGE_CURVE('',#2713,#2711,#279,.T.);
#2122=EDGE_CURVE('',#2714,#2713,#3223,.T.);
#2123=EDGE_CURVE('',#2712,#2714,#280,.T.);
#2124=EDGE_CURVE('',#2715,#2536,#3224,.T.);
#2125=EDGE_CURVE('',#2708,#2693,#3225,.T.);
#2126=EDGE_CURVE('',#2715,#2710,#3226,.T.);
#2127=EDGE_CURVE('',#2523,#2716,#3227,.T.);
#2128=EDGE_CURVE('',#2714,#2716,#3228,.T.);
#2129=EDGE_CURVE('',#2717,#2713,#3229,.T.);
#2130=EDGE_CURVE('',#2718,#2717,#3230,.T.);
#2131=EDGE_CURVE('',#2706,#2718,#3231,.T.);
#2132=EDGE_CURVE('',#2719,#2715,#3232,.T.);
#2133=EDGE_CURVE('',#2537,#2719,#3233,.T.);
#2134=EDGE_CURVE('',#2720,#2721,#3234,.T.);
#2135=EDGE_CURVE('',#2721,#2521,#3235,.T.);
#2136=EDGE_CURVE('',#2722,#2538,#3236,.T.);
#2137=EDGE_CURVE('',#2720,#2722,#3237,.T.);
#2138=EDGE_CURVE('',#2723,#2724,#3238,.T.);
#2139=EDGE_CURVE('',#2522,#2724,#3239,.T.);
#2140=EDGE_CURVE('',#2721,#2725,#3240,.T.);
#2141=EDGE_CURVE('',#2723,#2725,#3241,.T.);
#2142=EDGE_CURVE('',#2540,#2726,#3242,.T.);
#2143=EDGE_CURVE('',#2727,#2726,#3243,.T.);
#2144=EDGE_CURVE('',#2727,#2728,#3244,.T.);
#2145=EDGE_CURVE('',#2728,#2541,#3245,.T.);
#2146=EDGE_CURVE('',#2729,#2547,#3246,.T.);
#2147=EDGE_CURVE('',#2546,#2730,#3247,.T.);
#2148=EDGE_CURVE('',#2730,#2731,#3248,.T.);
#2149=EDGE_CURVE('',#2731,#2729,#3249,.T.);
#2150=EDGE_CURVE('',#2731,#2720,#3250,.T.);
#2151=EDGE_CURVE('',#2732,#2722,#3251,.T.);
#2152=EDGE_CURVE('',#2732,#2729,#3252,.T.);
#2153=EDGE_CURVE('',#2548,#2732,#3253,.T.);
#2154=EDGE_CURVE('',#2733,#2731,#3254,.T.);
#2155=EDGE_CURVE('',#2734,#2730,#3255,.T.);
#2156=EDGE_CURVE('',#2733,#2734,#3256,.T.);
#2157=EDGE_CURVE('',#2735,#2723,#3257,.T.);
#2158=EDGE_CURVE('',#2725,#2733,#3258,.T.);
#2159=EDGE_CURVE('',#2734,#2670,#3259,.T.);
#2160=EDGE_CURVE('',#2674,#2736,#3260,.T.);
#2161=EDGE_CURVE('',#2736,#2735,#3261,.T.);
#2162=EDGE_CURVE('',#2737,#2539,#3262,.T.);
#2163=EDGE_CURVE('',#2737,#2719,#3263,.T.);
#2164=EDGE_CURVE('',#2738,#2738,#41,.T.);
#2165=EDGE_CURVE('',#2739,#2739,#42,.T.);
#2166=EDGE_CURVE('',#2740,#2727,#3264,.T.);
#2167=EDGE_CURVE('',#2726,#2737,#3265,.T.);
#2168=EDGE_CURVE('',#2716,#2740,#3266,.T.);
#2169=EDGE_CURVE('',#2727,#2735,#3267,.T.);
#2170=EDGE_CURVE('',#2728,#2736,#3268,.T.);
#2171=EDGE_CURVE('',#2724,#2740,#3269,.T.);
#2172=EDGE_CURVE('',#2741,#2690,#281,.T.);
#2173=EDGE_CURVE('',#2676,#2741,#3270,.T.);
#2174=EDGE_CURVE('',#2685,#2680,#282,.T.);
#2175=EDGE_CURVE('',#2742,#2741,#3271,.T.);
#2176=EDGE_CURVE('',#2742,#2678,#3272,.T.);
#2177=EDGE_CURVE('',#2742,#2689,#283,.T.);
#2178=EDGE_CURVE('',#2688,#2679,#284,.T.);
#2179=EDGE_CURVE('',#2743,#2687,#285,.T.);
#2180=EDGE_CURVE('',#2743,#2640,#3273,.T.);
#2181=EDGE_CURVE('',#2744,#2743,#3274,.T.);
#2182=EDGE_CURVE('',#2744,#2639,#3275,.T.);
#2183=EDGE_CURVE('',#2686,#2744,#286,.T.);
#2184=EDGE_CURVE('',#2745,#2746,#287,.T.);
#2185=EDGE_CURVE('',#2746,#2747,#3276,.T.);
#2186=EDGE_CURVE('',#2747,#2745,#3277,.T.);
#2187=EDGE_CURVE('',#2717,#2745,#3278,.T.);
#2188=EDGE_CURVE('',#2717,#2748,#3279,.T.);
#2189=EDGE_CURVE('',#2691,#2748,#288,.T.);
#2190=EDGE_CURVE('',#2706,#2746,#3280,.T.);
#2191=EDGE_CURVE('',#2718,#2747,#3281,.T.);
#2192=EDGE_CURVE('',#2692,#2748,#3282,.T.);
#2193=EDGE_CURVE('',#2749,#2749,#289,.T.);
#2194=EDGE_CURVE('',#2751,#2751,#290,.T.);
#2195=EDGE_CURVE('',#2753,#2753,#291,.T.);
#2196=EDGE_CURVE('',#2755,#2755,#292,.T.);
#2197=EDGE_CURVE('',#2757,#2757,#293,.T.);
#2198=EDGE_CURVE('',#2759,#2759,#294,.T.);
#2199=EDGE_CURVE('',#2760,#2760,#295,.T.);
#2200=EDGE_CURVE('',#2761,#2761,#296,.T.);
#2201=EDGE_CURVE('',#2762,#2762,#297,.T.);
#2202=EDGE_CURVE('',#2763,#2763,#298,.T.);
#2203=EDGE_CURVE('',#2764,#2764,#299,.T.);
#2204=EDGE_CURVE('',#2766,#2766,#300,.T.);
#2205=EDGE_CURVE('',#2768,#2768,#301,.T.);
#2206=EDGE_CURVE('',#2770,#2770,#302,.T.);
#2207=EDGE_CURVE('',#2772,#2772,#303,.T.);
#2208=EDGE_CURVE('',#2773,#2774,#3283,.T.);
#2209=EDGE_CURVE('',#2775,#2773,#304,.T.);
#2210=EDGE_CURVE('',#2776,#2775,#3284,.T.);
#2211=EDGE_CURVE('',#2777,#2776,#305,.T.);
#2212=EDGE_CURVE('',#2778,#2777,#3285,.T.);
#2213=EDGE_CURVE('',#2779,#2778,#306,.T.);
#2214=EDGE_CURVE('',#2780,#2779,#3286,.T.);
#2215=EDGE_CURVE('',#2781,#2780,#307,.T.);
#2216=EDGE_CURVE('',#2782,#2781,#3287,.T.);
#2217=EDGE_CURVE('',#2783,#2782,#308,.T.);
#2218=EDGE_CURVE('',#2784,#2783,#3288,.T.);
#2219=EDGE_CURVE('',#2774,#2784,#309,.T.);
#2220=EDGE_CURVE('',#2785,#2786,#310,.T.);
#2221=EDGE_CURVE('',#2787,#2785,#3289,.T.);
#2222=EDGE_CURVE('',#2788,#2787,#311,.T.);
#2223=EDGE_CURVE('',#2789,#2788,#3290,.T.);
#2224=EDGE_CURVE('',#2790,#2789,#312,.T.);
#2225=EDGE_CURVE('',#2791,#2790,#3291,.T.);
#2226=EDGE_CURVE('',#2792,#2791,#313,.T.);
#2227=EDGE_CURVE('',#2793,#2792,#3292,.T.);
#2228=EDGE_CURVE('',#2794,#2793,#314,.T.);
#2229=EDGE_CURVE('',#2795,#2794,#3293,.T.);
#2230=EDGE_CURVE('',#2796,#2795,#315,.T.);
#2231=EDGE_CURVE('',#2786,#2796,#3294,.T.);
#2232=EDGE_CURVE('',#2797,#2797,#316,.T.);
#2233=EDGE_CURVE('',#2773,#2785,#3295,.T.);
#2234=EDGE_CURVE('',#2774,#2787,#3296,.T.);
#2235=EDGE_CURVE('',#2784,#2788,#3297,.T.);
#2236=EDGE_CURVE('',#2783,#2789,#3298,.T.);
#2237=EDGE_CURVE('',#2782,#2790,#3299,.T.);
#2238=EDGE_CURVE('',#2781,#2791,#3300,.T.);
#2239=EDGE_CURVE('',#2780,#2792,#3301,.T.);
#2240=EDGE_CURVE('',#2779,#2793,#3302,.T.);
#2241=EDGE_CURVE('',#2778,#2794,#3303,.T.);
#2242=EDGE_CURVE('',#2777,#2795,#3304,.T.);
#2243=EDGE_CURVE('',#2776,#2796,#3305,.T.);
#2244=EDGE_CURVE('',#2775,#2786,#3306,.T.);
#2245=EDGE_CURVE('',#2798,#2798,#317,.T.);
#2246=EDGE_CURVE('',#2799,#2799,#318,.T.);
#2247=EDGE_CURVE('',#2800,#2800,#319,.T.);
#2248=EDGE_CURVE('',#2801,#2801,#320,.T.);
#2249=EDGE_CURVE('',#2802,#2802,#321,.T.);
#2250=EDGE_CURVE('',#2803,#2803,#322,.T.);
#2251=EDGE_CURVE('',#2804,#2804,#323,.T.);
#2252=EDGE_CURVE('',#2805,#2805,#324,.T.);
#2253=EDGE_CURVE('',#2806,#2806,#325,.T.);
#2254=EDGE_CURVE('',#2807,#2807,#326,.T.);
#2255=EDGE_CURVE('',#2808,#2808,#327,.T.);
#2256=EDGE_CURVE('',#2809,#2809,#328,.T.);
#2257=EDGE_CURVE('',#2810,#2810,#329,.T.);
#2258=EDGE_CURVE('',#2811,#2811,#330,.T.);
#2259=EDGE_CURVE('',#2812,#2812,#331,.T.);
#2260=EDGE_CURVE('',#2813,#2813,#332,.T.);
#2261=EDGE_CURVE('',#2814,#2814,#333,.T.);
#2262=EDGE_CURVE('',#2815,#2815,#334,.T.);
#2263=EDGE_CURVE('',#2816,#2817,#3307,.T.);
#2264=EDGE_CURVE('',#2817,#2818,#3308,.T.);
#2265=EDGE_CURVE('',#2818,#2819,#3309,.T.);
#2266=EDGE_CURVE('',#2816,#2819,#3310,.T.);
#2267=EDGE_CURVE('',#2820,#2821,#3311,.T.);
#2268=EDGE_CURVE('',#2822,#2820,#3312,.T.);
#2269=EDGE_CURVE('',#2823,#2822,#3313,.T.);
#2270=EDGE_CURVE('',#2821,#2823,#3314,.T.);
#2271=EDGE_CURVE('',#2824,#2820,#3315,.T.);
#2272=EDGE_CURVE('',#2824,#2825,#3316,.T.);
#2273=EDGE_CURVE('',#2822,#2825,#3317,.T.);
#2274=EDGE_CURVE('',#2826,#2823,#3318,.T.);
#2275=EDGE_CURVE('',#2826,#2827,#3319,.T.);
#2276=EDGE_CURVE('',#2827,#2821,#3320,.T.);
#2277=EDGE_CURVE('',#2827,#2824,#3321,.T.);
#2278=EDGE_CURVE('',#2828,#2828,#335,.T.);
#2279=EDGE_CURVE('',#2829,#2829,#336,.T.);
#2280=EDGE_CURVE('',#2830,#2830,#337,.T.);
#2281=EDGE_CURVE('',#2831,#2831,#338,.T.);
#2282=EDGE_CURVE('',#2832,#2832,#339,.T.);
#2283=EDGE_CURVE('',#2833,#2833,#340,.T.);
#2284=EDGE_CURVE('',#2834,#2834,#341,.T.);
#2285=EDGE_CURVE('',#2835,#2835,#342,.T.);
#2286=EDGE_CURVE('',#2836,#2837,#343,.T.);
#2287=EDGE_CURVE('',#2838,#2836,#3322,.T.);
#2288=EDGE_CURVE('',#2839,#2838,#344,.T.);
#2289=EDGE_CURVE('',#2839,#2837,#3323,.T.);
#2290=EDGE_CURVE('',#2840,#2836,#3324,.T.);
#2291=EDGE_CURVE('',#2841,#2840,#3325,.T.);
#2292=EDGE_CURVE('',#2838,#2841,#3326,.T.);
#2293=EDGE_CURVE('',#2842,#2840,#345,.T.);
#2294=EDGE_CURVE('',#2843,#2842,#3327,.T.);
#2295=EDGE_CURVE('',#2841,#2843,#346,.T.);
#2296=EDGE_CURVE('',#2844,#2842,#3328,.T.);
#2297=EDGE_CURVE('',#2845,#2844,#3329,.T.);
#2298=EDGE_CURVE('',#2843,#2845,#3330,.T.);
#2299=EDGE_CURVE('',#2846,#2844,#347,.T.);
#2300=EDGE_CURVE('',#2847,#2846,#3331,.T.);
#2301=EDGE_CURVE('',#2845,#2847,#348,.T.);
#2302=EDGE_CURVE('',#2848,#2846,#3332,.T.);
#2303=EDGE_CURVE('',#2849,#2848,#3333,.T.);
#2304=EDGE_CURVE('',#2847,#2849,#3334,.T.);
#2305=EDGE_CURVE('',#2850,#2848,#349,.T.);
#2306=EDGE_CURVE('',#2851,#2850,#3335,.T.);
#2307=EDGE_CURVE('',#2849,#2851,#350,.T.);
#2308=EDGE_CURVE('',#2837,#2850,#3336,.T.);
#2309=EDGE_CURVE('',#2851,#2839,#3337,.T.);
#2310=EDGE_CURVE('',#2852,#2852,#351,.T.);
#2311=EDGE_CURVE('',#2853,#2853,#352,.T.);
#2312=EDGE_CURVE('',#2854,#2855,#3338,.T.);
#2313=EDGE_CURVE('',#2856,#2855,#3339,.T.);
#2314=EDGE_CURVE('',#2857,#2856,#3340,.T.);
#2315=EDGE_CURVE('',#2857,#2858,#3341,.T.);
#2316=EDGE_CURVE('',#2859,#2858,#3342,.T.);
#2317=EDGE_CURVE('',#2854,#2859,#3343,.T.);
#2318=EDGE_CURVE('',#2860,#2860,#353,.T.);
#2319=EDGE_CURVE('',#2861,#2861,#354,.T.);
#2320=EDGE_CURVE('',#2862,#2863,#3344,.T.);
#2321=EDGE_CURVE('',#2863,#2864,#3345,.T.);
#2322=EDGE_CURVE('',#2864,#2857,#3346,.T.);
#2323=EDGE_CURVE('',#2865,#2856,#3347,.T.);
#2324=EDGE_CURVE('',#2862,#2865,#3348,.T.);
#2325=EDGE_CURVE('',#2866,#2864,#3349,.T.);
#2326=EDGE_CURVE('',#2858,#2866,#3350,.T.);
#2327=EDGE_CURVE('',#2867,#2868,#3351,.T.);
#2328=EDGE_CURVE('',#2869,#2868,#3352,.T.);
#2329=EDGE_CURVE('',#2869,#2825,#3353,.T.);
#2330=EDGE_CURVE('',#2826,#2859,#3354,.T.);
#2331=EDGE_CURVE('',#2867,#2866,#3355,.T.);
#2332=EDGE_CURVE('',#2863,#2867,#3356,.T.);
#2333=EDGE_CURVE('',#2868,#2862,#3357,.T.);
#2334=EDGE_CURVE('',#2817,#2870,#3358,.T.);
#2335=EDGE_CURVE('',#2865,#2870,#3359,.T.);
#2336=EDGE_CURVE('',#2855,#2818,#3360,.T.);
#2337=EDGE_CURVE('',#2819,#2854,#3361,.T.);
#2338=EDGE_CURVE('',#2871,#2816,#3362,.T.);
#2339=EDGE_CURVE('',#2871,#2869,#3363,.T.);
#2340=EDGE_CURVE('',#2870,#2871,#3364,.T.);
#2341=EDGE_CURVE('',#2872,#2873,#3365,.T.);
#2342=EDGE_CURVE('',#2874,#2872,#3366,.T.);
#2343=EDGE_CURVE('',#2875,#2874,#3367,.T.);
#2344=EDGE_CURVE('',#2876,#2875,#3368,.T.);
#2345=EDGE_CURVE('',#2877,#2876,#3369,.T.);
#2346=EDGE_CURVE('',#2873,#2877,#3370,.T.);
#2347=EDGE_CURVE('',#2878,#2878,#355,.T.);
#2348=EDGE_CURVE('',#2879,#2879,#356,.T.);
#2349=EDGE_CURVE('',#2880,#2880,#357,.T.);
#2350=EDGE_CURVE('',#2881,#2882,#3371,.T.);
#2351=EDGE_CURVE('',#2876,#2882,#3372,.T.);
#2352=EDGE_CURVE('',#2875,#2881,#3373,.T.);
#2353=EDGE_CURVE('',#2883,#2881,#3374,.T.);
#2354=EDGE_CURVE('',#2874,#2883,#3375,.T.);
#2355=EDGE_CURVE('',#2884,#2883,#3376,.T.);
#2356=EDGE_CURVE('',#2872,#2884,#3377,.T.);
#2357=EDGE_CURVE('',#2885,#2884,#3378,.T.);
#2358=EDGE_CURVE('',#2873,#2885,#3379,.T.);
#2359=EDGE_CURVE('',#2882,#2886,#3380,.T.);
#2360=EDGE_CURVE('',#2877,#2886,#3381,.T.);
#2361=EDGE_CURVE('',#2887,#2888,#3382,.T.);
#2362=EDGE_CURVE('',#2889,#2888,#3383,.T.);
#2363=EDGE_CURVE('',#2889,#2890,#3384,.T.);
#2364=EDGE_CURVE('',#2890,#2891,#3385,.T.);
#2365=EDGE_CURVE('',#2891,#2887,#3386,.T.);
#2366=EDGE_CURVE('',#2886,#2885,#3387,.T.);
#2367=EDGE_CURVE('',#2892,#2893,#3388,.T.);
#2368=EDGE_CURVE('',#2894,#2893,#3389,.T.);
#2369=EDGE_CURVE('',#2894,#2889,#3390,.T.);
#2370=EDGE_CURVE('',#2888,#2892,#3391,.T.);
#2371=EDGE_CURVE('',#2895,#2895,#358,.T.);
#2372=EDGE_CURVE('',#2896,#2896,#359,.T.);
#2373=EDGE_CURVE('',#2897,#2897,#360,.T.);
#2374=EDGE_CURVE('',#2898,#2899,#3392,.T.);
#2375=EDGE_CURVE('',#2900,#2899,#3393,.T.);
#2376=EDGE_CURVE('',#2900,#2894,#3394,.T.);
#2377=EDGE_CURVE('',#2893,#2898,#3395,.T.);
#2378=EDGE_CURVE('',#2901,#2901,#361,.T.);
#2379=EDGE_CURVE('',#2902,#2900,#3396,.T.);
#2380=EDGE_CURVE('',#2903,#2902,#3397,.T.);
#2381=EDGE_CURVE('',#2890,#2903,#3398,.T.);
#2382=EDGE_CURVE('',#2904,#2905,#3399,.T.);
#2383=EDGE_CURVE('',#2905,#2891,#3400,.T.);
#2384=EDGE_CURVE('',#2903,#2904,#3401,.T.);
#2385=EDGE_CURVE('',#2906,#2907,#3402,.T.);
#2386=EDGE_CURVE('',#2907,#2904,#3403,.T.);
#2387=EDGE_CURVE('',#2902,#2906,#3404,.T.);
#2388=EDGE_CURVE('',#2899,#2908,#3405,.T.);
#2389=EDGE_CURVE('',#2908,#2906,#3406,.T.);
#2390=EDGE_CURVE('',#2905,#2907,#362,.T.);
#2391=EDGE_CURVE('',#2907,#2908,#363,.T.);
#2392=EDGE_CURVE('',#2908,#2898,#364,.T.);
#2393=EDGE_CURVE('',#2898,#2892,#365,.T.);
#2394=EDGE_CURVE('',#2892,#2887,#366,.T.);
#2395=EDGE_CURVE('',#2887,#2905,#367,.T.);
#2396=EDGE_CURVE('',#2909,#2909,#368,.T.);
#2397=EDGE_CURVE('',#2910,#2911,#3407,.T.);
#2398=EDGE_CURVE('',#2912,#2910,#369,.T.);
#2399=EDGE_CURVE('',#2913,#2912,#3408,.T.);
#2400=EDGE_CURVE('',#2914,#2913,#370,.T.);
#2401=EDGE_CURVE('',#2915,#2914,#3409,.T.);
#2402=EDGE_CURVE('',#2916,#2915,#371,.T.);
#2403=EDGE_CURVE('',#2917,#2916,#3410,.T.);
#2404=EDGE_CURVE('',#2918,#2917,#372,.T.);
#2405=EDGE_CURVE('',#2919,#2918,#3411,.T.);
#2406=EDGE_CURVE('',#2920,#2919,#373,.T.);
#2407=EDGE_CURVE('',#2921,#2920,#3412,.T.);
#2408=EDGE_CURVE('',#2911,#2921,#374,.T.);
#2409=EDGE_CURVE('',#2922,#2923,#375,.T.);
#2410=EDGE_CURVE('',#2924,#2922,#3413,.T.);
#2411=EDGE_CURVE('',#2925,#2924,#376,.T.);
#2412=EDGE_CURVE('',#2926,#2925,#3414,.T.);
#2413=EDGE_CURVE('',#2927,#2926,#377,.T.);
#2414=EDGE_CURVE('',#2928,#2927,#3415,.T.);
#2415=EDGE_CURVE('',#2929,#2928,#378,.T.);
#2416=EDGE_CURVE('',#2930,#2929,#3416,.T.);
#2417=EDGE_CURVE('',#2931,#2930,#379,.T.);
#2418=EDGE_CURVE('',#2932,#2931,#3417,.T.);
#2419=EDGE_CURVE('',#2933,#2932,#380,.T.);
#2420=EDGE_CURVE('',#2923,#2933,#3418,.T.);
#2421=EDGE_CURVE('',#2934,#2934,#381,.T.);
#2422=EDGE_CURVE('',#2910,#2922,#3419,.T.);
#2423=EDGE_CURVE('',#2911,#2924,#3420,.T.);
#2424=EDGE_CURVE('',#2921,#2925,#3421,.T.);
#2425=EDGE_CURVE('',#2920,#2926,#3422,.T.);
#2426=EDGE_CURVE('',#2919,#2927,#3423,.T.);
#2427=EDGE_CURVE('',#2918,#2928,#3424,.T.);
#2428=EDGE_CURVE('',#2917,#2929,#3425,.T.);
#2429=EDGE_CURVE('',#2916,#2930,#3426,.T.);
#2430=EDGE_CURVE('',#2915,#2931,#3427,.T.);
#2431=EDGE_CURVE('',#2914,#2932,#3428,.T.);
#2432=EDGE_CURVE('',#2913,#2933,#3429,.T.);
#2433=EDGE_CURVE('',#2912,#2923,#3430,.T.);
#2434=EDGE_CURVE('',#2935,#2935,#382,.T.);
#2435=EDGE_CURVE('',#2936,#2936,#383,.T.);
#2436=EDGE_CURVE('',#2937,#2937,#384,.T.);
#2437=EDGE_CURVE('',#2938,#2938,#385,.T.);
#2438=EDGE_CURVE('',#2939,#2939,#386,.T.);
#2439=EDGE_CURVE('',#2940,#2940,#387,.T.);
#2440=EDGE_CURVE('',#2941,#2941,#388,.T.);
#2441=EDGE_CURVE('',#2942,#2942,#389,.T.);
#2442=EDGE_CURVE('',#2943,#2943,#390,.T.);
#2443=EDGE_CURVE('',#2944,#2944,#391,.T.);
#2444=EDGE_CURVE('',#2945,#2945,#392,.T.);
#2445=EDGE_CURVE('',#2946,#2946,#393,.T.);
#2446=EDGE_CURVE('',#2947,#2947,#394,.T.);
#2447=EDGE_CURVE('',#2948,#2948,#395,.T.);
#2448=EDGE_CURVE('',#2949,#2949,#396,.T.);
#2449=EDGE_CURVE('',#2950,#2950,#397,.T.);
#2450=EDGE_CURVE('',#2951,#2951,#398,.T.);
#2451=EDGE_CURVE('',#2952,#2952,#399,.T.);
#2452=VERTEX_POINT('',#7673);
#2453=VERTEX_POINT('',#7674);
#2454=VERTEX_POINT('',#7676);
#2455=VERTEX_POINT('',#7678);
#2456=VERTEX_POINT('',#7682);
#2457=VERTEX_POINT('',#7683);
#2458=VERTEX_POINT('',#7685);
#2459=VERTEX_POINT('',#7687);
#2460=VERTEX_POINT('',#7691);
#2461=VERTEX_POINT('',#7693);
#2462=VERTEX_POINT('',#7697);
#2463=VERTEX_POINT('',#7699);
#2464=VERTEX_POINT('',#7705);
#2465=VERTEX_POINT('',#7707);
#2466=VERTEX_POINT('',#7710);
#2467=VERTEX_POINT('',#7712);
#2468=VERTEX_POINT('',#7715);
#2469=VERTEX_POINT('',#7717);
#2470=VERTEX_POINT('',#7720);
#2471=VERTEX_POINT('',#7722);
#2472=VERTEX_POINT('',#7725);
#2473=VERTEX_POINT('',#7726);
#2474=VERTEX_POINT('',#7728);
#2475=VERTEX_POINT('',#7730);
#2476=VERTEX_POINT('',#7734);
#2477=VERTEX_POINT('',#7736);
#2478=VERTEX_POINT('',#7740);
#2479=VERTEX_POINT('',#7742);
#2480=VERTEX_POINT('',#7746);
#2481=VERTEX_POINT('',#7748);
#2482=VERTEX_POINT('',#7752);
#2483=VERTEX_POINT('',#7754);
#2484=VERTEX_POINT('',#7758);
#2485=VERTEX_POINT('',#7760);
#2486=VERTEX_POINT('',#7764);
#2487=VERTEX_POINT('',#7766);
#2488=VERTEX_POINT('',#7773);
#2489=VERTEX_POINT('',#7775);
#2490=VERTEX_POINT('',#7778);
#2491=VERTEX_POINT('',#7779);
#2492=VERTEX_POINT('',#7781);
#2493=VERTEX_POINT('',#7783);
#2494=VERTEX_POINT('',#7785);
#2495=VERTEX_POINT('',#7787);
#2496=VERTEX_POINT('',#7791);
#2497=VERTEX_POINT('',#7793);
#2498=VERTEX_POINT('',#7795);
#2499=VERTEX_POINT('',#7796);
#2500=VERTEX_POINT('',#7798);
#2501=VERTEX_POINT('',#7801);
#2502=VERTEX_POINT('',#7805);
#2503=VERTEX_POINT('',#7809);
#2504=VERTEX_POINT('',#7810);
#2505=VERTEX_POINT('',#7812);
#2506=VERTEX_POINT('',#7822);
#2507=VERTEX_POINT('',#7829);
#2508=VERTEX_POINT('',#7843);
#2509=VERTEX_POINT('',#7845);
#2510=VERTEX_POINT('',#7847);
#2511=VERTEX_POINT('',#7849);
#2512=VERTEX_POINT('',#7851);
#2513=VERTEX_POINT('',#7853);
#2514=VERTEX_POINT('',#7855);
#2515=VERTEX_POINT('',#7857);
#2516=VERTEX_POINT('',#7859);
#2517=VERTEX_POINT('',#7861);
#2518=VERTEX_POINT('',#7863);
#2519=VERTEX_POINT('',#7865);
#2520=VERTEX_POINT('',#7867);
#2521=VERTEX_POINT('',#7869);
#2522=VERTEX_POINT('',#7870);
#2523=VERTEX_POINT('',#7872);
#2524=VERTEX_POINT('',#7874);
#2525=VERTEX_POINT('',#7876);
#2526=VERTEX_POINT('',#7878);
#2527=VERTEX_POINT('',#7880);
#2528=VERTEX_POINT('',#7882);
#2529=VERTEX_POINT('',#7884);
#2530=VERTEX_POINT('',#7886);
#2531=VERTEX_POINT('',#7888);
#2532=VERTEX_POINT('',#7890);
#2533=VERTEX_POINT('',#7892);
#2534=VERTEX_POINT('',#7894);
#2535=VERTEX_POINT('',#7896);
#2536=VERTEX_POINT('',#7898);
#2537=VERTEX_POINT('',#7900);
#2538=VERTEX_POINT('',#7902);
#2539=VERTEX_POINT('',#7906);
#2540=VERTEX_POINT('',#7907);
#2541=VERTEX_POINT('',#7909);
#2542=VERTEX_POINT('',#7911);
#2543=VERTEX_POINT('',#7913);
#2544=VERTEX_POINT('',#7915);
#2545=VERTEX_POINT('',#7917);
#2546=VERTEX_POINT('',#7919);
#2547=VERTEX_POINT('',#7921);
#2548=VERTEX_POINT('',#7923);
#2549=VERTEX_POINT('',#7927);
#2550=VERTEX_POINT('',#7929);
#2551=VERTEX_POINT('',#7930);
#2552=VERTEX_POINT('',#7932);
#2553=VERTEX_POINT('',#7934);
#2554=VERTEX_POINT('',#7936);
#2555=VERTEX_POINT('',#7938);
#2556=VERTEX_POINT('',#7942);
#2557=VERTEX_POINT('',#7944);
#2558=VERTEX_POINT('',#7947);
#2559=VERTEX_POINT('',#7949);
#2560=VERTEX_POINT('',#7950);
#2561=VERTEX_POINT('',#7952);
#2562=VERTEX_POINT('',#7954);
#2563=VERTEX_POINT('',#7956);
#2564=VERTEX_POINT('',#7958);
#2565=VERTEX_POINT('',#7962);
#2566=VERTEX_POINT('',#7964);
#2567=VERTEX_POINT('',#7967);
#2568=VERTEX_POINT('',#7969);
#2569=VERTEX_POINT('',#7970);
#2570=VERTEX_POINT('',#7972);
#2571=VERTEX_POINT('',#7974);
#2572=VERTEX_POINT('',#7976);
#2573=VERTEX_POINT('',#7978);
#2574=VERTEX_POINT('',#7982);
#2575=VERTEX_POINT('',#7984);
#2576=VERTEX_POINT('',#7987);
#2577=VERTEX_POINT('',#7989);
#2578=VERTEX_POINT('',#7990);
#2579=VERTEX_POINT('',#7992);
#2580=VERTEX_POINT('',#7994);
#2581=VERTEX_POINT('',#7996);
#2582=VERTEX_POINT('',#7998);
#2583=VERTEX_POINT('',#8002);
#2584=VERTEX_POINT('',#8004);
#2585=VERTEX_POINT('',#8007);
#2586=VERTEX_POINT('',#8009);
#2587=VERTEX_POINT('',#8010);
#2588=VERTEX_POINT('',#8012);
#2589=VERTEX_POINT('',#8014);
#2590=VERTEX_POINT('',#8016);
#2591=VERTEX_POINT('',#8018);
#2592=VERTEX_POINT('',#8022);
#2593=VERTEX_POINT('',#8024);
#2594=VERTEX_POINT('',#8027);
#2595=VERTEX_POINT('',#8029);
#2596=VERTEX_POINT('',#8030);
#2597=VERTEX_POINT('',#8032);
#2598=VERTEX_POINT('',#8034);
#2599=VERTEX_POINT('',#8036);
#2600=VERTEX_POINT('',#8038);
#2601=VERTEX_POINT('',#8042);
#2602=VERTEX_POINT('',#8044);
#2603=VERTEX_POINT('',#8047);
#2604=VERTEX_POINT('',#8048);
#2605=VERTEX_POINT('',#8050);
#2606=VERTEX_POINT('',#8052);
#2607=VERTEX_POINT('',#8054);
#2608=VERTEX_POINT('',#8056);
#2609=VERTEX_POINT('',#8072);
#2610=VERTEX_POINT('',#8073);
#2611=VERTEX_POINT('',#8075);
#2612=VERTEX_POINT('',#8077);
#2613=VERTEX_POINT('',#8079);
#2614=VERTEX_POINT('',#8081);
#2615=VERTEX_POINT('',#8097);
#2616=VERTEX_POINT('',#8098);
#2617=VERTEX_POINT('',#8100);
#2618=VERTEX_POINT('',#8102);
#2619=VERTEX_POINT('',#8104);
#2620=VERTEX_POINT('',#8106);
#2621=VERTEX_POINT('',#8122);
#2622=VERTEX_POINT('',#8123);
#2623=VERTEX_POINT('',#8125);
#2624=VERTEX_POINT('',#8127);
#2625=VERTEX_POINT('',#8129);
#2626=VERTEX_POINT('',#8131);
#2627=VERTEX_POINT('',#8147);
#2628=VERTEX_POINT('',#8148);
#2629=VERTEX_POINT('',#8150);
#2630=VERTEX_POINT('',#8152);
#2631=VERTEX_POINT('',#8154);
#2632=VERTEX_POINT('',#8156);
#2633=VERTEX_POINT('',#8172);
#2634=VERTEX_POINT('',#8173);
#2635=VERTEX_POINT('',#8175);
#2636=VERTEX_POINT('',#8177);
#2637=VERTEX_POINT('',#8179);
#2638=VERTEX_POINT('',#8181);
#2639=VERTEX_POINT('',#8197);
#2640=VERTEX_POINT('',#8198);
#2641=VERTEX_POINT('',#8200);
#2642=VERTEX_POINT('',#8202);
#2643=VERTEX_POINT('',#8206);
#2644=VERTEX_POINT('',#8207);
#2645=VERTEX_POINT('',#8209);
#2646=VERTEX_POINT('',#8211);
#2647=VERTEX_POINT('',#8215);
#2648=VERTEX_POINT('',#8216);
#2649=VERTEX_POINT('',#8221);
#2650=VERTEX_POINT('',#8223);
#2651=VERTEX_POINT('',#8227);
#2652=VERTEX_POINT('',#8228);
#2653=VERTEX_POINT('',#8230);
#2654=VERTEX_POINT('',#8232);
#2655=VERTEX_POINT('',#8234);
#2656=VERTEX_POINT('',#8236);
#2657=VERTEX_POINT('',#8238);
#2658=VERTEX_POINT('',#8240);
#2659=VERTEX_POINT('',#8244);
#2660=VERTEX_POINT('',#8246);
#2661=VERTEX_POINT('',#8250);
#2662=VERTEX_POINT('',#8254);
#2663=VERTEX_POINT('',#8258);
#2664=VERTEX_POINT('',#8262);
#2665=VERTEX_POINT('',#8266);
#2666=VERTEX_POINT('',#8270);
#2667=VERTEX_POINT('',#8276);
#2668=VERTEX_POINT('',#8277);
#2669=VERTEX_POINT('',#8279);
#2670=VERTEX_POINT('',#8281);
#2671=VERTEX_POINT('',#8285);
#2672=VERTEX_POINT('',#8287);
#2673=VERTEX_POINT('',#8291);
#2674=VERTEX_POINT('',#8293);
#2675=VERTEX_POINT('',#8297);
#2676=VERTEX_POINT('',#8298);
#2677=VERTEX_POINT('',#8303);
#2678=VERTEX_POINT('',#8307);
#2679=VERTEX_POINT('',#8311);
#2680=VERTEX_POINT('',#8312);
#2681=VERTEX_POINT('',#8317);
#2682=VERTEX_POINT('',#8318);
#2683=VERTEX_POINT('',#8323);
#2684=VERTEX_POINT('',#8327);
#2685=VERTEX_POINT('',#8331);
#2686=VERTEX_POINT('',#8332);
#2687=VERTEX_POINT('',#8335);
#2688=VERTEX_POINT('',#8337);
#2689=VERTEX_POINT('',#8339);
#2690=VERTEX_POINT('',#8342);
#2691=VERTEX_POINT('',#8346);
#2692=VERTEX_POINT('',#8347);
#2693=VERTEX_POINT('',#8349);
#2694=VERTEX_POINT('',#8351);
#2695=VERTEX_POINT('',#8353);
#2696=VERTEX_POINT('',#8355);
#2697=VERTEX_POINT('',#8357);
#2698=VERTEX_POINT('',#8359);
#2699=VERTEX_POINT('',#8361);
#2700=VERTEX_POINT('',#8363);
#2701=VERTEX_POINT('',#8365);
#2702=VERTEX_POINT('',#8367);
#2703=VERTEX_POINT('',#8369);
#2704=VERTEX_POINT('',#8371);
#2705=VERTEX_POINT('',#8373);
#2706=VERTEX_POINT('',#8375);
#2707=VERTEX_POINT('',#8402);
#2708=VERTEX_POINT('',#8403);
#2709=VERTEX_POINT('',#8405);
#2710=VERTEX_POINT('',#8407);
#2711=VERTEX_POINT('',#8411);
#2712=VERTEX_POINT('',#8413);
#2713=VERTEX_POINT('',#8417);
#2714=VERTEX_POINT('',#8419);
#2715=VERTEX_POINT('',#8423);
#2716=VERTEX_POINT('',#8428);
#2717=VERTEX_POINT('',#8431);
#2718=VERTEX_POINT('',#8433);
#2719=VERTEX_POINT('',#8437);
#2720=VERTEX_POINT('',#8441);
#2721=VERTEX_POINT('',#8442);
#2722=VERTEX_POINT('',#8445);
#2723=VERTEX_POINT('',#8449);
#2724=VERTEX_POINT('',#8450);
#2725=VERTEX_POINT('',#8453);
#2726=VERTEX_POINT('',#8457);
#2727=VERTEX_POINT('',#8459);
#2728=VERTEX_POINT('',#8461);
#2729=VERTEX_POINT('',#8465);
#2730=VERTEX_POINT('',#8467);
#2731=VERTEX_POINT('',#8469);
#2732=VERTEX_POINT('',#8474);
#2733=VERTEX_POINT('',#8480);
#2734=VERTEX_POINT('',#8482);
#2735=VERTEX_POINT('',#8486);
#2736=VERTEX_POINT('',#8490);
#2737=VERTEX_POINT('',#8495);
#2738=VERTEX_POINT('',#8498);
#2739=VERTEX_POINT('',#8500);
#2740=VERTEX_POINT('',#8503);
#2741=VERTEX_POINT('',#8515);
#2742=VERTEX_POINT('',#8520);
#2743=VERTEX_POINT('',#8528);
#2744=VERTEX_POINT('',#8532);
#2745=VERTEX_POINT('',#8539);
#2746=VERTEX_POINT('',#8540);
#2747=VERTEX_POINT('',#8542);
#2748=VERTEX_POINT('',#8547);
#2749=VERTEX_POINT('',#8558);
#2750=VERTEX_POINT('',#8560);
#2751=VERTEX_POINT('',#8563);
#2752=VERTEX_POINT('',#8565);
#2753=VERTEX_POINT('',#8568);
#2754=VERTEX_POINT('',#8570);
#2755=VERTEX_POINT('',#8573);
#2756=VERTEX_POINT('',#8575);
#2757=VERTEX_POINT('',#8578);
#2758=VERTEX_POINT('',#8580);
#2759=VERTEX_POINT('',#8584);
#2760=VERTEX_POINT('',#8589);
#2761=VERTEX_POINT('',#8594);
#2762=VERTEX_POINT('',#8599);
#2763=VERTEX_POINT('',#8604);
#2764=VERTEX_POINT('',#8609);
#2765=VERTEX_POINT('',#8612);
#2766=VERTEX_POINT('',#8614);
#2767=VERTEX_POINT('',#8617);
#2768=VERTEX_POINT('',#8619);
#2769=VERTEX_POINT('',#8622);
#2770=VERTEX_POINT('',#8624);
#2771=VERTEX_POINT('',#8627);
#2772=VERTEX_POINT('',#8629);
#2773=VERTEX_POINT('',#8634);
#2774=VERTEX_POINT('',#8635);
#2775=VERTEX_POINT('',#8637);
#2776=VERTEX_POINT('',#8639);
#2777=VERTEX_POINT('',#8641);
#2778=VERTEX_POINT('',#8643);
#2779=VERTEX_POINT('',#8645);
#2780=VERTEX_POINT('',#8647);
#2781=VERTEX_POINT('',#8649);
#2782=VERTEX_POINT('',#8651);
#2783=VERTEX_POINT('',#8653);
#2784=VERTEX_POINT('',#8655);
#2785=VERTEX_POINT('',#8659);
#2786=VERTEX_POINT('',#8660);
#2787=VERTEX_POINT('',#8662);
#2788=VERTEX_POINT('',#8664);
#2789=VERTEX_POINT('',#8666);
#2790=VERTEX_POINT('',#8668);
#2791=VERTEX_POINT('',#8670);
#2792=VERTEX_POINT('',#8672);
#2793=VERTEX_POINT('',#8674);
#2794=VERTEX_POINT('',#8676);
#2795=VERTEX_POINT('',#8678);
#2796=VERTEX_POINT('',#8680);
#2797=VERTEX_POINT('',#8683);
#2798=VERTEX_POINT('',#8710);
#2799=VERTEX_POINT('',#8712);
#2800=VERTEX_POINT('',#8715);
#2801=VERTEX_POINT('',#8717);
#2802=VERTEX_POINT('',#8720);
#2803=VERTEX_POINT('',#8722);
#2804=VERTEX_POINT('',#8724);
#2805=VERTEX_POINT('',#8726);
#2806=VERTEX_POINT('',#8728);
#2807=VERTEX_POINT('',#8731);
#2808=VERTEX_POINT('',#8734);
#2809=VERTEX_POINT('',#8737);
#2810=VERTEX_POINT('',#8740);
#2811=VERTEX_POINT('',#8748);
#2812=VERTEX_POINT('',#8751);
#2813=VERTEX_POINT('',#8754);
#2814=VERTEX_POINT('',#8757);
#2815=VERTEX_POINT('',#8761);
#2816=VERTEX_POINT('',#8766);
#2817=VERTEX_POINT('',#8767);
#2818=VERTEX_POINT('',#8769);
#2819=VERTEX_POINT('',#8771);
#2820=VERTEX_POINT('',#8775);
#2821=VERTEX_POINT('',#8776);
#2822=VERTEX_POINT('',#8778);
#2823=VERTEX_POINT('',#8780);
#2824=VERTEX_POINT('',#8784);
#2825=VERTEX_POINT('',#8786);
#2826=VERTEX_POINT('',#8790);
#2827=VERTEX_POINT('',#8792);
#2828=VERTEX_POINT('',#8798);
#2829=VERTEX_POINT('',#8800);
#2830=VERTEX_POINT('',#8803);
#2831=VERTEX_POINT('',#8805);
#2832=VERTEX_POINT('',#8808);
#2833=VERTEX_POINT('',#8810);
#2834=VERTEX_POINT('',#8813);
#2835=VERTEX_POINT('',#8815);
#2836=VERTEX_POINT('',#8818);
#2837=VERTEX_POINT('',#8819);
#2838=VERTEX_POINT('',#8821);
#2839=VERTEX_POINT('',#8823);
#2840=VERTEX_POINT('',#8827);
#2841=VERTEX_POINT('',#8829);
#2842=VERTEX_POINT('',#8833);
#2843=VERTEX_POINT('',#8835);
#2844=VERTEX_POINT('',#8839);
#2845=VERTEX_POINT('',#8841);
#2846=VERTEX_POINT('',#8845);
#2847=VERTEX_POINT('',#8847);
#2848=VERTEX_POINT('',#8851);
#2849=VERTEX_POINT('',#8853);
#2850=VERTEX_POINT('',#8857);
#2851=VERTEX_POINT('',#8859);
#2852=VERTEX_POINT('',#8866);
#2853=VERTEX_POINT('',#8868);
#2854=VERTEX_POINT('',#8871);
#2855=VERTEX_POINT('',#8872);
#2856=VERTEX_POINT('',#8874);
#2857=VERTEX_POINT('',#8876);
#2858=VERTEX_POINT('',#8878);
#2859=VERTEX_POINT('',#8880);
#2860=VERTEX_POINT('',#8884);
#2861=VERTEX_POINT('',#8886);
#2862=VERTEX_POINT('',#8888);
#2863=VERTEX_POINT('',#8889);
#2864=VERTEX_POINT('',#8891);
#2865=VERTEX_POINT('',#8894);
#2866=VERTEX_POINT('',#8898);
#2867=VERTEX_POINT('',#8902);
#2868=VERTEX_POINT('',#8903);
#2869=VERTEX_POINT('',#8905);
#2870=VERTEX_POINT('',#8915);
#2871=VERTEX_POINT('',#8922);
#2872=VERTEX_POINT('',#8936);
#2873=VERTEX_POINT('',#8937);
#2874=VERTEX_POINT('',#8939);
#2875=VERTEX_POINT('',#8941);
#2876=VERTEX_POINT('',#8943);
#2877=VERTEX_POINT('',#8945);
#2878=VERTEX_POINT('',#8948);
#2879=VERTEX_POINT('',#8951);
#2880=VERTEX_POINT('',#8953);
#2881=VERTEX_POINT('',#8956);
#2882=VERTEX_POINT('',#8957);
#2883=VERTEX_POINT('',#8962);
#2884=VERTEX_POINT('',#8966);
#2885=VERTEX_POINT('',#8970);
#2886=VERTEX_POINT('',#8974);
#2887=VERTEX_POINT('',#8978);
#2888=VERTEX_POINT('',#8979);
#2889=VERTEX_POINT('',#8981);
#2890=VERTEX_POINT('',#8983);
#2891=VERTEX_POINT('',#8985);
#2892=VERTEX_POINT('',#8991);
#2893=VERTEX_POINT('',#8992);
#2894=VERTEX_POINT('',#8994);
#2895=VERTEX_POINT('',#8999);
#2896=VERTEX_POINT('',#9001);
#2897=VERTEX_POINT('',#9004);
#2898=VERTEX_POINT('',#9007);
#2899=VERTEX_POINT('',#9008);
#2900=VERTEX_POINT('',#9010);
#2901=VERTEX_POINT('',#9015);
#2902=VERTEX_POINT('',#9017);
#2903=VERTEX_POINT('',#9019);
#2904=VERTEX_POINT('',#9023);
#2905=VERTEX_POINT('',#9024);
#2906=VERTEX_POINT('',#9029);
#2907=VERTEX_POINT('',#9030);
#2908=VERTEX_POINT('',#9035);
#2909=VERTEX_POINT('',#9052);
#2910=VERTEX_POINT('',#9059);
#2911=VERTEX_POINT('',#9060);
#2912=VERTEX_POINT('',#9062);
#2913=VERTEX_POINT('',#9064);
#2914=VERTEX_POINT('',#9066);
#2915=VERTEX_POINT('',#9068);
#2916=VERTEX_POINT('',#9070);
#2917=VERTEX_POINT('',#9072);
#2918=VERTEX_POINT('',#9074);
#2919=VERTEX_POINT('',#9076);
#2920=VERTEX_POINT('',#9078);
#2921=VERTEX_POINT('',#9080);
#2922=VERTEX_POINT('',#9084);
#2923=VERTEX_POINT('',#9085);
#2924=VERTEX_POINT('',#9087);
#2925=VERTEX_POINT('',#9089);
#2926=VERTEX_POINT('',#9091);
#2927=VERTEX_POINT('',#9093);
#2928=VERTEX_POINT('',#9095);
#2929=VERTEX_POINT('',#9097);
#2930=VERTEX_POINT('',#9099);
#2931=VERTEX_POINT('',#9101);
#2932=VERTEX_POINT('',#9103);
#2933=VERTEX_POINT('',#9105);
#2934=VERTEX_POINT('',#9108);
#2935=VERTEX_POINT('',#9135);
#2936=VERTEX_POINT('',#9137);
#2937=VERTEX_POINT('',#9140);
#2938=VERTEX_POINT('',#9142);
#2939=VERTEX_POINT('',#9145);
#2940=VERTEX_POINT('',#9147);
#2941=VERTEX_POINT('',#9149);
#2942=VERTEX_POINT('',#9151);
#2943=VERTEX_POINT('',#9153);
#2944=VERTEX_POINT('',#9156);
#2945=VERTEX_POINT('',#9159);
#2946=VERTEX_POINT('',#9162);
#2947=VERTEX_POINT('',#9165);
#2948=VERTEX_POINT('',#9173);
#2949=VERTEX_POINT('',#9176);
#2950=VERTEX_POINT('',#9179);
#2951=VERTEX_POINT('',#9182);
#2952=VERTEX_POINT('',#9186);
#2953=LINE('',#7672,#3431);
#2954=LINE('',#7675,#3432);
#2955=LINE('',#7677,#3433);
#2956=LINE('',#7679,#3434);
#2957=LINE('',#7681,#3435);
#2958=LINE('',#7684,#3436);
#2959=LINE('',#7686,#3437);
#2960=LINE('',#7688,#3438);
#2961=LINE('',#7690,#3439);
#2962=LINE('',#7692,#3440);
#2963=LINE('',#7694,#3441);
#2964=LINE('',#7696,#3442);
#2965=LINE('',#7698,#3443);
#2966=LINE('',#7700,#3444);
#2967=LINE('',#7702,#3445);
#2968=LINE('',#7727,#3446);
#2969=LINE('',#7731,#3447);
#2970=LINE('',#7733,#3448);
#2971=LINE('',#7735,#3449);
#2972=LINE('',#7737,#3450);
#2973=LINE('',#7741,#3451);
#2974=LINE('',#7745,#3452);
#2975=LINE('',#7747,#3453);
#2976=LINE('',#7749,#3454);
#2977=LINE('',#7753,#3455);
#2978=LINE('',#7757,#3456);
#2979=LINE('',#7759,#3457);
#2980=LINE('',#7761,#3458);
#2981=LINE('',#7765,#3459);
#2982=LINE('',#7769,#3460);
#2983=LINE('',#7770,#3461);
#2984=LINE('',#7777,#3462);
#2985=LINE('',#7780,#3463);
#2986=LINE('',#7782,#3464);
#2987=LINE('',#7784,#3465);
#2988=LINE('',#7786,#3466);
#2989=LINE('',#7788,#3467);
#2990=LINE('',#7794,#3468);
#2991=LINE('',#7797,#3469);
#2992=LINE('',#7799,#3470);
#2993=LINE('',#7800,#3471);
#2994=LINE('',#7802,#3472);
#2995=LINE('',#7804,#3473);
#2996=LINE('',#7806,#3474);
#2997=LINE('',#7808,#3475);
#2998=LINE('',#7811,#3476);
#2999=LINE('',#7813,#3477);
#3000=LINE('',#7814,#3478);
#3001=LINE('',#7815,#3479);
#3002=LINE('',#7817,#3480);
#3003=LINE('',#7819,#3481);
#3004=LINE('',#7821,#3482);
#3005=LINE('',#7823,#3483);
#3006=LINE('',#7824,#3484);
#3007=LINE('',#7826,#3485);
#3008=LINE('',#7828,#3486);
#3009=LINE('',#7830,#3487);
#3010=LINE('',#7832,#3488);
#3011=LINE('',#7868,#3489);
#3012=LINE('',#7871,#3490);
#3013=LINE('',#7873,#3491);
#3014=LINE('',#7877,#3492);
#3015=LINE('',#7881,#3493);
#3016=LINE('',#7885,#3494);
#3017=LINE('',#7889,#3495);
#3018=LINE('',#7893,#3496);
#3019=LINE('',#7897,#3497);
#3020=LINE('',#7899,#3498);
#3021=LINE('',#7901,#3499);
#3022=LINE('',#7903,#3500);
#3023=LINE('',#7905,#3501);
#3024=LINE('',#7908,#3502);
#3025=LINE('',#7910,#3503);
#3026=LINE('',#7914,#3504);
#3027=LINE('',#7918,#3505);
#3028=LINE('',#7920,#3506);
#3029=LINE('',#7922,#3507);
#3030=LINE('',#7924,#3508);
#3031=LINE('',#7928,#3509);
#3032=LINE('',#7931,#3510);
#3033=LINE('',#7933,#3511);
#3034=LINE('',#7935,#3512);
#3035=LINE('',#7937,#3513);
#3036=LINE('',#7939,#3514);
#3037=LINE('',#7948,#3515);
#3038=LINE('',#7951,#3516);
#3039=LINE('',#7953,#3517);
#3040=LINE('',#7955,#3518);
#3041=LINE('',#7957,#3519);
#3042=LINE('',#7959,#3520);
#3043=LINE('',#7968,#3521);
#3044=LINE('',#7971,#3522);
#3045=LINE('',#7973,#3523);
#3046=LINE('',#7975,#3524);
#3047=LINE('',#7977,#3525);
#3048=LINE('',#7979,#3526);
#3049=LINE('',#7988,#3527);
#3050=LINE('',#7991,#3528);
#3051=LINE('',#7993,#3529);
#3052=LINE('',#7995,#3530);
#3053=LINE('',#7997,#3531);
#3054=LINE('',#7999,#3532);
#3055=LINE('',#8008,#3533);
#3056=LINE('',#8011,#3534);
#3057=LINE('',#8013,#3535);
#3058=LINE('',#8015,#3536);
#3059=LINE('',#8017,#3537);
#3060=LINE('',#8019,#3538);
#3061=LINE('',#8028,#3539);
#3062=LINE('',#8031,#3540);
#3063=LINE('',#8033,#3541);
#3064=LINE('',#8035,#3542);
#3065=LINE('',#8037,#3543);
#3066=LINE('',#8039,#3544);
#3067=LINE('',#8046,#3545);
#3068=LINE('',#8049,#3546);
#3069=LINE('',#8051,#3547);
#3070=LINE('',#8053,#3548);
#3071=LINE('',#8055,#3549);
#3072=LINE('',#8057,#3550);
#3073=LINE('',#8059,#3551);
#3074=LINE('',#8060,#3552);
#3075=LINE('',#8062,#3553);
#3076=LINE('',#8064,#3554);
#3077=LINE('',#8066,#3555);
#3078=LINE('',#8068,#3556);
#3079=LINE('',#8071,#3557);
#3080=LINE('',#8074,#3558);
#3081=LINE('',#8076,#3559);
#3082=LINE('',#8078,#3560);
#3083=LINE('',#8080,#3561);
#3084=LINE('',#8082,#3562);
#3085=LINE('',#8084,#3563);
#3086=LINE('',#8085,#3564);
#3087=LINE('',#8087,#3565);
#3088=LINE('',#8089,#3566);
#3089=LINE('',#8091,#3567);
#3090=LINE('',#8093,#3568);
#3091=LINE('',#8096,#3569);
#3092=LINE('',#8099,#3570);
#3093=LINE('',#8101,#3571);
#3094=LINE('',#8103,#3572);
#3095=LINE('',#8105,#3573);
#3096=LINE('',#8107,#3574);
#3097=LINE('',#8109,#3575);
#3098=LINE('',#8110,#3576);
#3099=LINE('',#8112,#3577);
#3100=LINE('',#8114,#3578);
#3101=LINE('',#8116,#3579);
#3102=LINE('',#8118,#3580);
#3103=LINE('',#8121,#3581);
#3104=LINE('',#8124,#3582);
#3105=LINE('',#8126,#3583);
#3106=LINE('',#8128,#3584);
#3107=LINE('',#8130,#3585);
#3108=LINE('',#8132,#3586);
#3109=LINE('',#8134,#3587);
#3110=LINE('',#8135,#3588);
#3111=LINE('',#8137,#3589);
#3112=LINE('',#8139,#3590);
#3113=LINE('',#8141,#3591);
#3114=LINE('',#8143,#3592);
#3115=LINE('',#8146,#3593);
#3116=LINE('',#8149,#3594);
#3117=LINE('',#8151,#3595);
#3118=LINE('',#8153,#3596);
#3119=LINE('',#8155,#3597);
#3120=LINE('',#8157,#3598);
#3121=LINE('',#8159,#3599);
#3122=LINE('',#8160,#3600);
#3123=LINE('',#8162,#3601);
#3124=LINE('',#8164,#3602);
#3125=LINE('',#8166,#3603);
#3126=LINE('',#8168,#3604);
#3127=LINE('',#8171,#3605);
#3128=LINE('',#8174,#3606);
#3129=LINE('',#8176,#3607);
#3130=LINE('',#8178,#3608);
#3131=LINE('',#8180,#3609);
#3132=LINE('',#8182,#3610);
#3133=LINE('',#8184,#3611);
#3134=LINE('',#8185,#3612);
#3135=LINE('',#8187,#3613);
#3136=LINE('',#8189,#3614);
#3137=LINE('',#8191,#3615);
#3138=LINE('',#8193,#3616);
#3139=LINE('',#8196,#3617);
#3140=LINE('',#8199,#3618);
#3141=LINE('',#8201,#3619);
#3142=LINE('',#8203,#3620);
#3143=LINE('',#8205,#3621);
#3144=LINE('',#8208,#3622);
#3145=LINE('',#8210,#3623);
#3146=LINE('',#8212,#3624);
#3147=LINE('',#8214,#3625);
#3148=LINE('',#8217,#3626);
#3149=LINE('',#8218,#3627);
#3150=LINE('',#8222,#3628);
#3151=LINE('',#8224,#3629);
#3152=LINE('',#8226,#3630);
#3153=LINE('',#8231,#3631);
#3154=LINE('',#8235,#3632);
#3155=LINE('',#8239,#3633);
#3156=LINE('',#8243,#3634);
#3157=LINE('',#8247,#3635);
#3158=LINE('',#8249,#3636);
#3159=LINE('',#8251,#3637);
#3160=LINE('',#8253,#3638);
#3161=LINE('',#8257,#3639);
#3162=LINE('',#8259,#3640);
#3163=LINE('',#8261,#3641);
#3164=LINE('',#8265,#3642);
#3165=LINE('',#8267,#3643);
#3166=LINE('',#8269,#3644);
#3167=LINE('',#8273,#3645);
#3168=LINE('',#8278,#3646);
#3169=LINE('',#8282,#3647);
#3170=LINE('',#8284,#3648);
#3171=LINE('',#8286,#3649);
#3172=LINE('',#8288,#3650);
#3173=LINE('',#8292,#3651);
#3174=LINE('',#8299,#3652);
#3175=LINE('',#8300,#3653);
#3176=LINE('',#8302,#3654);
#3177=LINE('',#8304,#3655);
#3178=LINE('',#8308,#3656);
#3179=LINE('',#8310,#3657);
#3180=LINE('',#8313,#3658);
#3181=LINE('',#8314,#3659);
#3182=LINE('',#8316,#3660);
#3183=LINE('',#8319,#3661);
#3184=LINE('',#8320,#3662);
#3185=LINE('',#8322,#3663);
#3186=LINE('',#8324,#3664);
#3187=LINE('',#8328,#3665);
#3188=LINE('',#8330,#3666);
#3189=LINE('',#8333,#3667);
#3190=LINE('',#8334,#3668);
#3191=LINE('',#8336,#3669);
#3192=LINE('',#8338,#3670);
#3193=LINE('',#8340,#3671);
#3194=LINE('',#8341,#3672);
#3195=LINE('',#8343,#3673);
#3196=LINE('',#8345,#3674);
#3197=LINE('',#8348,#3675);
#3198=LINE('',#8350,#3676);
#3199=LINE('',#8354,#3677);
#3200=LINE('',#8358,#3678);
#3201=LINE('',#8362,#3679);
#3202=LINE('',#8366,#3680);
#3203=LINE('',#8370,#3681);
#3204=LINE('',#8374,#3682);
#3205=LINE('',#8376,#3683);
#3206=LINE('',#8378,#3684);
#3207=LINE('',#8379,#3685);
#3208=LINE('',#8381,#3686);
#3209=LINE('',#8383,#3687);
#3210=LINE('',#8385,#3688);
#3211=LINE('',#8387,#3689);
#3212=LINE('',#8389,#3690);
#3213=LINE('',#8391,#3691);
#3214=LINE('',#8393,#3692);
#3215=LINE('',#8395,#3693);
#3216=LINE('',#8397,#3694);
#3217=LINE('',#8398,#3695);
#3218=LINE('',#8404,#3696);
#3219=LINE('',#8408,#3697);
#3220=LINE('',#8410,#3698);
#3221=LINE('',#8412,#3699);
#3222=LINE('',#8414,#3700);
#3223=LINE('',#8418,#3701);
#3224=LINE('',#8422,#3702);
#3225=LINE('',#8424,#3703);
#3226=LINE('',#8425,#3704);
#3227=LINE('',#8427,#3705);
#3228=LINE('',#8429,#3706);
#3229=LINE('',#8430,#3707);
#3230=LINE('',#8432,#3708);
#3231=LINE('',#8434,#3709);
#3232=LINE('',#8436,#3710);
#3233=LINE('',#8438,#3711);
#3234=LINE('',#8440,#3712);
#3235=LINE('',#8443,#3713);
#3236=LINE('',#8444,#3714);
#3237=LINE('',#8446,#3715);
#3238=LINE('',#8448,#3716);
#3239=LINE('',#8451,#3717);
#3240=LINE('',#8452,#3718);
#3241=LINE('',#8454,#3719);
#3242=LINE('',#8456,#3720);
#3243=LINE('',#8458,#3721);
#3244=LINE('',#8460,#3722);
#3245=LINE('',#8462,#3723);
#3246=LINE('',#8464,#3724);
#3247=LINE('',#8466,#3725);
#3248=LINE('',#8468,#3726);
#3249=LINE('',#8470,#3727);
#3250=LINE('',#8472,#3728);
#3251=LINE('',#8473,#3729);
#3252=LINE('',#8475,#3730);
#3253=LINE('',#8477,#3731);
#3254=LINE('',#8479,#3732);
#3255=LINE('',#8481,#3733);
#3256=LINE('',#8483,#3734);
#3257=LINE('',#8485,#3735);
#3258=LINE('',#8487,#3736);
#3259=LINE('',#8488,#3737);
#3260=LINE('',#8489,#3738);
#3261=LINE('',#8491,#3739);
#3262=LINE('',#8494,#3740);
#3263=LINE('',#8496,#3741);
#3264=LINE('',#8502,#3742);
#3265=LINE('',#8504,#3743);
#3266=LINE('',#8505,#3744);
#3267=LINE('',#8508,#3745);
#3268=LINE('',#8509,#3746);
#3269=LINE('',#8511,#3747);
#3270=LINE('',#8516,#3748);
#3271=LINE('',#8519,#3749);
#3272=LINE('',#8521,#3750);
#3273=LINE('',#8529,#3751);
#3274=LINE('',#8531,#3752);
#3275=LINE('',#8533,#3753);
#3276=LINE('',#8541,#3754);
#3277=LINE('',#8543,#3755);
#3278=LINE('',#8545,#3756);
#3279=LINE('',#8546,#3757);
#3280=LINE('',#8549,#3758);
#3281=LINE('',#8551,#3759);
#3282=LINE('',#8554,#3760);
#3283=LINE('',#8633,#3761);
#3284=LINE('',#8638,#3762);
#3285=LINE('',#8642,#3763);
#3286=LINE('',#8646,#3764);
#3287=LINE('',#8650,#3765);
#3288=LINE('',#8654,#3766);
#3289=LINE('',#8661,#3767);
#3290=LINE('',#8665,#3768);
#3291=LINE('',#8669,#3769);
#3292=LINE('',#8673,#3770);
#3293=LINE('',#8677,#3771);
#3294=LINE('',#8681,#3772);
#3295=LINE('',#8685,#3773);
#3296=LINE('',#8686,#3774);
#3297=LINE('',#8688,#3775);
#3298=LINE('',#8690,#3776);
#3299=LINE('',#8692,#3777);
#3300=LINE('',#8694,#3778);
#3301=LINE('',#8696,#3779);
#3302=LINE('',#8698,#3780);
#3303=LINE('',#8700,#3781);
#3304=LINE('',#8702,#3782);
#3305=LINE('',#8704,#3783);
#3306=LINE('',#8706,#3784);
#3307=LINE('',#8765,#3785);
#3308=LINE('',#8768,#3786);
#3309=LINE('',#8770,#3787);
#3310=LINE('',#8772,#3788);
#3311=LINE('',#8774,#3789);
#3312=LINE('',#8777,#3790);
#3313=LINE('',#8779,#3791);
#3314=LINE('',#8781,#3792);
#3315=LINE('',#8783,#3793);
#3316=LINE('',#8785,#3794);
#3317=LINE('',#8787,#3795);
#3318=LINE('',#8789,#3796);
#3319=LINE('',#8791,#3797);
#3320=LINE('',#8793,#3798);
#3321=LINE('',#8795,#3799);
#3322=LINE('',#8820,#3800);
#3323=LINE('',#8824,#3801);
#3324=LINE('',#8826,#3802);
#3325=LINE('',#8828,#3803);
#3326=LINE('',#8830,#3804);
#3327=LINE('',#8834,#3805);
#3328=LINE('',#8838,#3806);
#3329=LINE('',#8840,#3807);
#3330=LINE('',#8842,#3808);
#3331=LINE('',#8846,#3809);
#3332=LINE('',#8850,#3810);
#3333=LINE('',#8852,#3811);
#3334=LINE('',#8854,#3812);
#3335=LINE('',#8858,#3813);
#3336=LINE('',#8862,#3814);
#3337=LINE('',#8863,#3815);
#3338=LINE('',#8870,#3816);
#3339=LINE('',#8873,#3817);
#3340=LINE('',#8875,#3818);
#3341=LINE('',#8877,#3819);
#3342=LINE('',#8879,#3820);
#3343=LINE('',#8881,#3821);
#3344=LINE('',#8887,#3822);
#3345=LINE('',#8890,#3823);
#3346=LINE('',#8892,#3824);
#3347=LINE('',#8893,#3825);
#3348=LINE('',#8895,#3826);
#3349=LINE('',#8897,#3827);
#3350=LINE('',#8899,#3828);
#3351=LINE('',#8901,#3829);
#3352=LINE('',#8904,#3830);
#3353=LINE('',#8906,#3831);
#3354=LINE('',#8907,#3832);
#3355=LINE('',#8908,#3833);
#3356=LINE('',#8910,#3834);
#3357=LINE('',#8912,#3835);
#3358=LINE('',#8914,#3836);
#3359=LINE('',#8916,#3837);
#3360=LINE('',#8917,#3838);
#3361=LINE('',#8919,#3839);
#3362=LINE('',#8921,#3840);
#3363=LINE('',#8923,#3841);
#3364=LINE('',#8925,#3842);
#3365=LINE('',#8935,#3843);
#3366=LINE('',#8938,#3844);
#3367=LINE('',#8940,#3845);
#3368=LINE('',#8942,#3846);
#3369=LINE('',#8944,#3847);
#3370=LINE('',#8946,#3848);
#3371=LINE('',#8955,#3849);
#3372=LINE('',#8958,#3850);
#3373=LINE('',#8959,#3851);
#3374=LINE('',#8961,#3852);
#3375=LINE('',#8963,#3853);
#3376=LINE('',#8965,#3854);
#3377=LINE('',#8967,#3855);
#3378=LINE('',#8969,#3856);
#3379=LINE('',#8971,#3857);
#3380=LINE('',#8973,#3858);
#3381=LINE('',#8975,#3859);
#3382=LINE('',#8977,#3860);
#3383=LINE('',#8980,#3861);
#3384=LINE('',#8982,#3862);
#3385=LINE('',#8984,#3863);
#3386=LINE('',#8986,#3864);
#3387=LINE('',#8988,#3865);
#3388=LINE('',#8990,#3866);
#3389=LINE('',#8993,#3867);
#3390=LINE('',#8995,#3868);
#3391=LINE('',#8996,#3869);
#3392=LINE('',#9006,#3870);
#3393=LINE('',#9009,#3871);
#3394=LINE('',#9011,#3872);
#3395=LINE('',#9012,#3873);
#3396=LINE('',#9016,#3874);
#3397=LINE('',#9018,#3875);
#3398=LINE('',#9020,#3876);
#3399=LINE('',#9022,#3877);
#3400=LINE('',#9025,#3878);
#3401=LINE('',#9026,#3879);
#3402=LINE('',#9028,#3880);
#3403=LINE('',#9031,#3881);
#3404=LINE('',#9032,#3882);
#3405=LINE('',#9034,#3883);
#3406=LINE('',#9036,#3884);
#3407=LINE('',#9058,#3885);
#3408=LINE('',#9063,#3886);
#3409=LINE('',#9067,#3887);
#3410=LINE('',#9071,#3888);
#3411=LINE('',#9075,#3889);
#3412=LINE('',#9079,#3890);
#3413=LINE('',#9086,#3891);
#3414=LINE('',#9090,#3892);
#3415=LINE('',#9094,#3893);
#3416=LINE('',#9098,#3894);
#3417=LINE('',#9102,#3895);
#3418=LINE('',#9106,#3896);
#3419=LINE('',#9110,#3897);
#3420=LINE('',#9111,#3898);
#3421=LINE('',#9113,#3899);
#3422=LINE('',#9115,#3900);
#3423=LINE('',#9117,#3901);
#3424=LINE('',#9119,#3902);
#3425=LINE('',#9121,#3903);
#3426=LINE('',#9123,#3904);
#3427=LINE('',#9125,#3905);
#3428=LINE('',#9127,#3906);
#3429=LINE('',#9129,#3907);
#3430=LINE('',#9131,#3908);
#3431=VECTOR('',#6116,1000.);
#3432=VECTOR('',#6117,1000.);
#3433=VECTOR('',#6118,1000.);
#3434=VECTOR('',#6119,1000.);
#3435=VECTOR('',#6122,1000.);
#3436=VECTOR('',#6123,1000.);
#3437=VECTOR('',#6124,1000.);
#3438=VECTOR('',#6125,1000.);
#3439=VECTOR('',#6128,1000.);
#3440=VECTOR('',#6129,1000.);
#3441=VECTOR('',#6130,1000.);
#3442=VECTOR('',#6133,1000.);
#3443=VECTOR('',#6134,1000.);
#3444=VECTOR('',#6135,1000.);
#3445=VECTOR('',#6138,1000.);
#3446=VECTOR('',#6167,1000.);
#3447=VECTOR('',#6170,1000.);
#3448=VECTOR('',#6173,1000.);
#3449=VECTOR('',#6174,1000.);
#3450=VECTOR('',#6175,1000.);
#3451=VECTOR('',#6180,1000.);
#3452=VECTOR('',#6185,1000.);
#3453=VECTOR('',#6186,1000.);
#3454=VECTOR('',#6187,1000.);
#3455=VECTOR('',#6192,1000.);
#3456=VECTOR('',#6197,1000.);
#3457=VECTOR('',#6198,1000.);
#3458=VECTOR('',#6199,1000.);
#3459=VECTOR('',#6204,1000.);
#3460=VECTOR('',#6209,1000.);
#3461=VECTOR('',#6210,1000.);
#3462=VECTOR('',#6219,1000.);
#3463=VECTOR('',#6220,1000.);
#3464=VECTOR('',#6221,1000.);
#3465=VECTOR('',#6222,1000.);
#3466=VECTOR('',#6223,1000.);
#3467=VECTOR('',#6224,1000.);
#3468=VECTOR('',#6231,1000.);
#3469=VECTOR('',#6232,1000.);
#3470=VECTOR('',#6233,1000.);
#3471=VECTOR('',#6234,1000.);
#3472=VECTOR('',#6235,1000.);
#3473=VECTOR('',#6238,1000.);
#3474=VECTOR('',#6239,1000.);
#3475=VECTOR('',#6242,1000.);
#3476=VECTOR('',#6243,1000.);
#3477=VECTOR('',#6244,1000.);
#3478=VECTOR('',#6245,1000.);
#3479=VECTOR('',#6246,1000.);
#3480=VECTOR('',#6249,1000.);
#3481=VECTOR('',#6252,1000.);
#3482=VECTOR('',#6255,1000.);
#3483=VECTOR('',#6256,1000.);
#3484=VECTOR('',#6257,1000.);
#3485=VECTOR('',#6260,1000.);
#3486=VECTOR('',#6263,1000.);
#3487=VECTOR('',#6264,1000.);
#3488=VECTOR('',#6267,1000.);
#3489=VECTOR('',#6312,1000.);
#3490=VECTOR('',#6313,1000.);
#3491=VECTOR('',#6314,1000.);
#3492=VECTOR('',#6317,1000.);
#3493=VECTOR('',#6320,1000.);
#3494=VECTOR('',#6323,1000.);
#3495=VECTOR('',#6326,1000.);
#3496=VECTOR('',#6329,1000.);
#3497=VECTOR('',#6332,1000.);
#3498=VECTOR('',#6333,1000.);
#3499=VECTOR('',#6334,1000.);
#3500=VECTOR('',#6335,1000.);
#3501=VECTOR('',#6338,1000.);
#3502=VECTOR('',#6339,1000.);
#3503=VECTOR('',#6340,1000.);
#3504=VECTOR('',#6343,1000.);
#3505=VECTOR('',#6346,1000.);
#3506=VECTOR('',#6347,1000.);
#3507=VECTOR('',#6348,1000.);
#3508=VECTOR('',#6349,1000.);
#3509=VECTOR('',#6354,1000.);
#3510=VECTOR('',#6355,1000.);
#3511=VECTOR('',#6356,1000.);
#3512=VECTOR('',#6357,1000.);
#3513=VECTOR('',#6358,1000.);
#3514=VECTOR('',#6359,1000.);
#3515=VECTOR('',#6370,1000.);
#3516=VECTOR('',#6371,1000.);
#3517=VECTOR('',#6372,1000.);
#3518=VECTOR('',#6373,1000.);
#3519=VECTOR('',#6374,1000.);
#3520=VECTOR('',#6375,1000.);
#3521=VECTOR('',#6386,1000.);
#3522=VECTOR('',#6387,1000.);
#3523=VECTOR('',#6388,1000.);
#3524=VECTOR('',#6389,1000.);
#3525=VECTOR('',#6390,1000.);
#3526=VECTOR('',#6391,1000.);
#3527=VECTOR('',#6402,1000.);
#3528=VECTOR('',#6403,1000.);
#3529=VECTOR('',#6404,1000.);
#3530=VECTOR('',#6405,1000.);
#3531=VECTOR('',#6406,1000.);
#3532=VECTOR('',#6407,1000.);
#3533=VECTOR('',#6418,1000.);
#3534=VECTOR('',#6419,1000.);
#3535=VECTOR('',#6420,1000.);
#3536=VECTOR('',#6421,1000.);
#3537=VECTOR('',#6422,1000.);
#3538=VECTOR('',#6423,1000.);
#3539=VECTOR('',#6434,1000.);
#3540=VECTOR('',#6435,1000.);
#3541=VECTOR('',#6436,1000.);
#3542=VECTOR('',#6437,1000.);
#3543=VECTOR('',#6438,1000.);
#3544=VECTOR('',#6439,1000.);
#3545=VECTOR('',#6448,1000.);
#3546=VECTOR('',#6449,1000.);
#3547=VECTOR('',#6450,1000.);
#3548=VECTOR('',#6451,1000.);
#3549=VECTOR('',#6452,1000.);
#3550=VECTOR('',#6453,1000.);
#3551=VECTOR('',#6456,1000.);
#3552=VECTOR('',#6457,1000.);
#3553=VECTOR('',#6460,1000.);
#3554=VECTOR('',#6463,1000.);
#3555=VECTOR('',#6466,1000.);
#3556=VECTOR('',#6469,1000.);
#3557=VECTOR('',#6474,1000.);
#3558=VECTOR('',#6475,1000.);
#3559=VECTOR('',#6476,1000.);
#3560=VECTOR('',#6477,1000.);
#3561=VECTOR('',#6478,1000.);
#3562=VECTOR('',#6479,1000.);
#3563=VECTOR('',#6482,1000.);
#3564=VECTOR('',#6483,1000.);
#3565=VECTOR('',#6486,1000.);
#3566=VECTOR('',#6489,1000.);
#3567=VECTOR('',#6492,1000.);
#3568=VECTOR('',#6495,1000.);
#3569=VECTOR('',#6500,1000.);
#3570=VECTOR('',#6501,1000.);
#3571=VECTOR('',#6502,1000.);
#3572=VECTOR('',#6503,1000.);
#3573=VECTOR('',#6504,1000.);
#3574=VECTOR('',#6505,1000.);
#3575=VECTOR('',#6508,1000.);
#3576=VECTOR('',#6509,1000.);
#3577=VECTOR('',#6512,1000.);
#3578=VECTOR('',#6515,1000.);
#3579=VECTOR('',#6518,1000.);
#3580=VECTOR('',#6521,1000.);
#3581=VECTOR('',#6526,1000.);
#3582=VECTOR('',#6527,1000.);
#3583=VECTOR('',#6528,1000.);
#3584=VECTOR('',#6529,1000.);
#3585=VECTOR('',#6530,1000.);
#3586=VECTOR('',#6531,1000.);
#3587=VECTOR('',#6534,1000.);
#3588=VECTOR('',#6535,1000.);
#3589=VECTOR('',#6538,1000.);
#3590=VECTOR('',#6541,1000.);
#3591=VECTOR('',#6544,1000.);
#3592=VECTOR('',#6547,1000.);
#3593=VECTOR('',#6552,1000.);
#3594=VECTOR('',#6553,1000.);
#3595=VECTOR('',#6554,1000.);
#3596=VECTOR('',#6555,1000.);
#3597=VECTOR('',#6556,1000.);
#3598=VECTOR('',#6557,1000.);
#3599=VECTOR('',#6560,1000.);
#3600=VECTOR('',#6561,1000.);
#3601=VECTOR('',#6564,1000.);
#3602=VECTOR('',#6567,1000.);
#3603=VECTOR('',#6570,1000.);
#3604=VECTOR('',#6573,1000.);
#3605=VECTOR('',#6578,1000.);
#3606=VECTOR('',#6579,1000.);
#3607=VECTOR('',#6580,1000.);
#3608=VECTOR('',#6581,1000.);
#3609=VECTOR('',#6582,1000.);
#3610=VECTOR('',#6583,1000.);
#3611=VECTOR('',#6586,1000.);
#3612=VECTOR('',#6587,1000.);
#3613=VECTOR('',#6590,1000.);
#3614=VECTOR('',#6593,1000.);
#3615=VECTOR('',#6596,1000.);
#3616=VECTOR('',#6599,1000.);
#3617=VECTOR('',#6604,1000.);
#3618=VECTOR('',#6605,1000.);
#3619=VECTOR('',#6606,1000.);
#3620=VECTOR('',#6607,1000.);
#3621=VECTOR('',#6610,1000.);
#3622=VECTOR('',#6611,1000.);
#3623=VECTOR('',#6612,1000.);
#3624=VECTOR('',#6613,1000.);
#3625=VECTOR('',#6616,1000.);
#3626=VECTOR('',#6617,1000.);
#3627=VECTOR('',#6618,1000.);
#3628=VECTOR('',#6623,1000.);
#3629=VECTOR('',#6624,1000.);
#3630=VECTOR('',#6627,1000.);
#3631=VECTOR('',#6630,1000.);
#3632=VECTOR('',#6633,1000.);
#3633=VECTOR('',#6636,1000.);
#3634=VECTOR('',#6641,1000.);
#3635=VECTOR('',#6644,1000.);
#3636=VECTOR('',#6647,1000.);
#3637=VECTOR('',#6648,1000.);
#3638=VECTOR('',#6651,1000.);
#3639=VECTOR('',#6656,1000.);
#3640=VECTOR('',#6657,1000.);
#3641=VECTOR('',#6660,1000.);
#3642=VECTOR('',#6665,1000.);
#3643=VECTOR('',#6666,1000.);
#3644=VECTOR('',#6669,1000.);
#3645=VECTOR('',#6674,1000.);
#3646=VECTOR('',#6679,1000.);
#3647=VECTOR('',#6682,1000.);
#3648=VECTOR('',#6685,1000.);
#3649=VECTOR('',#6686,1000.);
#3650=VECTOR('',#6687,1000.);
#3651=VECTOR('',#6692,1000.);
#3652=VECTOR('',#6699,1000.);
#3653=VECTOR('',#6700,1000.);
#3654=VECTOR('',#6703,1000.);
#3655=VECTOR('',#6704,1000.);
#3656=VECTOR('',#6709,1000.);
#3657=VECTOR('',#6712,1000.);
#3658=VECTOR('',#6713,1000.);
#3659=VECTOR('',#6714,1000.);
#3660=VECTOR('',#6717,1000.);
#3661=VECTOR('',#6718,1000.);
#3662=VECTOR('',#6719,1000.);
#3663=VECTOR('',#6722,1000.);
#3664=VECTOR('',#6723,1000.);
#3665=VECTOR('',#6728,1000.);
#3666=VECTOR('',#6731,1000.);
#3667=VECTOR('',#6732,1000.);
#3668=VECTOR('',#6733,1000.);
#3669=VECTOR('',#6734,1000.);
#3670=VECTOR('',#6735,1000.);
#3671=VECTOR('',#6736,1000.);
#3672=VECTOR('',#6737,1000.);
#3673=VECTOR('',#6738,1000.);
#3674=VECTOR('',#6741,1000.);
#3675=VECTOR('',#6742,1000.);
#3676=VECTOR('',#6743,1000.);
#3677=VECTOR('',#6746,1000.);
#3678=VECTOR('',#6749,1000.);
#3679=VECTOR('',#6752,1000.);
#3680=VECTOR('',#6755,1000.);
#3681=VECTOR('',#6758,1000.);
#3682=VECTOR('',#6761,1000.);
#3683=VECTOR('',#6762,1000.);
#3684=VECTOR('',#6765,1000.);
#3685=VECTOR('',#6766,1000.);
#3686=VECTOR('',#6769,1000.);
#3687=VECTOR('',#6772,1000.);
#3688=VECTOR('',#6775,1000.);
#3689=VECTOR('',#6778,1000.);
#3690=VECTOR('',#6781,1000.);
#3691=VECTOR('',#6784,1000.);
#3692=VECTOR('',#6787,1000.);
#3693=VECTOR('',#6790,1000.);
#3694=VECTOR('',#6793,1000.);
#3695=VECTOR('',#6794,1000.);
#3696=VECTOR('',#6801,1000.);
#3697=VECTOR('',#6804,1000.);
#3698=VECTOR('',#6807,1000.);
#3699=VECTOR('',#6808,1000.);
#3700=VECTOR('',#6809,1000.);
#3701=VECTOR('',#6814,1000.);
#3702=VECTOR('',#6819,1000.);
#3703=VECTOR('',#6820,1000.);
#3704=VECTOR('',#6821,1000.);
#3705=VECTOR('',#6824,1000.);
#3706=VECTOR('',#6825,1000.);
#3707=VECTOR('',#6826,1000.);
#3708=VECTOR('',#6827,1000.);
#3709=VECTOR('',#6828,1000.);
#3710=VECTOR('',#6831,1000.);
#3711=VECTOR('',#6832,1000.);
#3712=VECTOR('',#6835,1000.);
#3713=VECTOR('',#6836,1000.);
#3714=VECTOR('',#6837,1000.);
#3715=VECTOR('',#6838,1000.);
#3716=VECTOR('',#6841,1000.);
#3717=VECTOR('',#6842,1000.);
#3718=VECTOR('',#6843,1000.);
#3719=VECTOR('',#6844,1000.);
#3720=VECTOR('',#6847,1000.);
#3721=VECTOR('',#6848,1000.);
#3722=VECTOR('',#6849,1000.);
#3723=VECTOR('',#6850,1000.);
#3724=VECTOR('',#6853,1000.);
#3725=VECTOR('',#6854,1000.);
#3726=VECTOR('',#6855,1000.);
#3727=VECTOR('',#6856,1000.);
#3728=VECTOR('',#6859,1000.);
#3729=VECTOR('',#6860,1000.);
#3730=VECTOR('',#6861,1000.);
#3731=VECTOR('',#6864,1000.);
#3732=VECTOR('',#6867,1000.);
#3733=VECTOR('',#6868,1000.);
#3734=VECTOR('',#6869,1000.);
#3735=VECTOR('',#6872,1000.);
#3736=VECTOR('',#6873,1000.);
#3737=VECTOR('',#6874,1000.);
#3738=VECTOR('',#6875,1000.);
#3739=VECTOR('',#6876,1000.);
#3740=VECTOR('',#6881,1000.);
#3741=VECTOR('',#6882,1000.);
#3742=VECTOR('',#6889,1000.);
#3743=VECTOR('',#6890,1000.);
#3744=VECTOR('',#6891,1000.);
#3745=VECTOR('',#6896,1000.);
#3746=VECTOR('',#6897,1000.);
#3747=VECTOR('',#6900,1000.);
#3748=VECTOR('',#6907,1000.);
#3749=VECTOR('',#6912,1000.);
#3750=VECTOR('',#6913,1000.);
#3751=VECTOR('',#6926,1000.);
#3752=VECTOR('',#6929,1000.);
#3753=VECTOR('',#6930,1000.);
#3754=VECTOR('',#6941,1000.);
#3755=VECTOR('',#6942,1000.);
#3756=VECTOR('',#6945,1000.);
#3757=VECTOR('',#6946,1000.);
#3758=VECTOR('',#6949,1000.);
#3759=VECTOR('',#6952,1000.);
#3760=VECTOR('',#6957,1000.);
#3761=VECTOR('',#7066,1000.);
#3762=VECTOR('',#7069,1000.);
#3763=VECTOR('',#7072,1000.);
#3764=VECTOR('',#7075,1000.);
#3765=VECTOR('',#7078,1000.);
#3766=VECTOR('',#7081,1000.);
#3767=VECTOR('',#7088,1000.);
#3768=VECTOR('',#7091,1000.);
#3769=VECTOR('',#7094,1000.);
#3770=VECTOR('',#7097,1000.);
#3771=VECTOR('',#7100,1000.);
#3772=VECTOR('',#7103,1000.);
#3773=VECTOR('',#7108,1000.);
#3774=VECTOR('',#7109,1000.);
#3775=VECTOR('',#7112,1000.);
#3776=VECTOR('',#7115,1000.);
#3777=VECTOR('',#7118,1000.);
#3778=VECTOR('',#7121,1000.);
#3779=VECTOR('',#7124,1000.);
#3780=VECTOR('',#7127,1000.);
#3781=VECTOR('',#7130,1000.);
#3782=VECTOR('',#7133,1000.);
#3783=VECTOR('',#7136,1000.);
#3784=VECTOR('',#7139,1000.);
#3785=VECTOR('',#7220,1000.);
#3786=VECTOR('',#7221,1000.);
#3787=VECTOR('',#7222,1000.);
#3788=VECTOR('',#7223,1000.);
#3789=VECTOR('',#7226,1000.);
#3790=VECTOR('',#7227,1000.);
#3791=VECTOR('',#7228,1000.);
#3792=VECTOR('',#7229,1000.);
#3793=VECTOR('',#7232,1000.);
#3794=VECTOR('',#7233,1000.);
#3795=VECTOR('',#7234,1000.);
#3796=VECTOR('',#7237,1000.);
#3797=VECTOR('',#7238,1000.);
#3798=VECTOR('',#7239,1000.);
#3799=VECTOR('',#7242,1000.);
#3800=VECTOR('',#7271,1000.);
#3801=VECTOR('',#7274,1000.);
#3802=VECTOR('',#7277,1000.);
#3803=VECTOR('',#7278,1000.);
#3804=VECTOR('',#7279,1000.);
#3805=VECTOR('',#7284,1000.);
#3806=VECTOR('',#7289,1000.);
#3807=VECTOR('',#7290,1000.);
#3808=VECTOR('',#7291,1000.);
#3809=VECTOR('',#7296,1000.);
#3810=VECTOR('',#7301,1000.);
#3811=VECTOR('',#7302,1000.);
#3812=VECTOR('',#7303,1000.);
#3813=VECTOR('',#7308,1000.);
#3814=VECTOR('',#7313,1000.);
#3815=VECTOR('',#7314,1000.);
#3816=VECTOR('',#7323,1000.);
#3817=VECTOR('',#7324,1000.);
#3818=VECTOR('',#7325,1000.);
#3819=VECTOR('',#7326,1000.);
#3820=VECTOR('',#7327,1000.);
#3821=VECTOR('',#7328,1000.);
#3822=VECTOR('',#7335,1000.);
#3823=VECTOR('',#7336,1000.);
#3824=VECTOR('',#7337,1000.);
#3825=VECTOR('',#7338,1000.);
#3826=VECTOR('',#7339,1000.);
#3827=VECTOR('',#7342,1000.);
#3828=VECTOR('',#7343,1000.);
#3829=VECTOR('',#7346,1000.);
#3830=VECTOR('',#7347,1000.);
#3831=VECTOR('',#7348,1000.);
#3832=VECTOR('',#7349,1000.);
#3833=VECTOR('',#7350,1000.);
#3834=VECTOR('',#7353,1000.);
#3835=VECTOR('',#7356,1000.);
#3836=VECTOR('',#7359,1000.);
#3837=VECTOR('',#7360,1000.);
#3838=VECTOR('',#7361,1000.);
#3839=VECTOR('',#7364,1000.);
#3840=VECTOR('',#7367,1000.);
#3841=VECTOR('',#7368,1000.);
#3842=VECTOR('',#7371,1000.);
#3843=VECTOR('',#7390,1000.);
#3844=VECTOR('',#7391,1000.);
#3845=VECTOR('',#7392,1000.);
#3846=VECTOR('',#7393,1000.);
#3847=VECTOR('',#7394,1000.);
#3848=VECTOR('',#7395,1000.);
#3849=VECTOR('',#7406,1000.);
#3850=VECTOR('',#7407,1000.);
#3851=VECTOR('',#7408,1000.);
#3852=VECTOR('',#7411,1000.);
#3853=VECTOR('',#7412,1000.);
#3854=VECTOR('',#7415,1000.);
#3855=VECTOR('',#7416,1000.);
#3856=VECTOR('',#7419,1000.);
#3857=VECTOR('',#7420,1000.);
#3858=VECTOR('',#7423,1000.);
#3859=VECTOR('',#7424,1000.);
#3860=VECTOR('',#7427,1000.);
#3861=VECTOR('',#7428,1000.);
#3862=VECTOR('',#7429,1000.);
#3863=VECTOR('',#7430,1000.);
#3864=VECTOR('',#7431,1000.);
#3865=VECTOR('',#7434,1000.);
#3866=VECTOR('',#7437,1000.);
#3867=VECTOR('',#7438,1000.);
#3868=VECTOR('',#7439,1000.);
#3869=VECTOR('',#7440,1000.);
#3870=VECTOR('',#7453,1000.);
#3871=VECTOR('',#7454,1000.);
#3872=VECTOR('',#7455,1000.);
#3873=VECTOR('',#7456,1000.);
#3874=VECTOR('',#7461,1000.);
#3875=VECTOR('',#7462,1000.);
#3876=VECTOR('',#7463,1000.);
#3877=VECTOR('',#7466,1000.);
#3878=VECTOR('',#7467,1000.);
#3879=VECTOR('',#7468,1000.);
#3880=VECTOR('',#7471,1000.);
#3881=VECTOR('',#7472,1000.);
#3882=VECTOR('',#7473,1000.);
#3883=VECTOR('',#7476,1000.);
#3884=VECTOR('',#7477,1000.);
#3885=VECTOR('',#7518,1000.);
#3886=VECTOR('',#7521,1000.);
#3887=VECTOR('',#7524,1000.);
#3888=VECTOR('',#7527,1000.);
#3889=VECTOR('',#7530,1000.);
#3890=VECTOR('',#7533,1000.);
#3891=VECTOR('',#7540,1000.);
#3892=VECTOR('',#7543,1000.);
#3893=VECTOR('',#7546,1000.);
#3894=VECTOR('',#7549,1000.);
#3895=VECTOR('',#7552,1000.);
#3896=VECTOR('',#7555,1000.);
#3897=VECTOR('',#7560,1000.);
#3898=VECTOR('',#7561,1000.);
#3899=VECTOR('',#7564,1000.);
#3900=VECTOR('',#7567,1000.);
#3901=VECTOR('',#7570,1000.);
#3902=VECTOR('',#7573,1000.);
#3903=VECTOR('',#7576,1000.);
#3904=VECTOR('',#7579,1000.);
#3905=VECTOR('',#7582,1000.);
#3906=VECTOR('',#7585,1000.);
#3907=VECTOR('',#7588,1000.);
#3908=VECTOR('',#7591,1000.);
#3909=EDGE_LOOP('',(#400,#401,#402,#403));
#3910=EDGE_LOOP('',(#404,#405,#406,#407));
#3911=EDGE_LOOP('',(#408,#409,#410,#411));
#3912=EDGE_LOOP('',(#412,#413,#414,#415));
#3913=EDGE_LOOP('',(#416,#417,#418,#419));
#3914=EDGE_LOOP('',(#420));
#3915=EDGE_LOOP('',(#421));
#3916=EDGE_LOOP('',(#422));
#3917=EDGE_LOOP('',(#423));
#3918=EDGE_LOOP('',(#424));
#3919=EDGE_LOOP('',(#425));
#3920=EDGE_LOOP('',(#426));
#3921=EDGE_LOOP('',(#427));
#3922=EDGE_LOOP('',(#428,#429,#430,#431));
#3923=EDGE_LOOP('',(#432,#433,#434,#435));
#3924=EDGE_LOOP('',(#436,#437,#438,#439));
#3925=EDGE_LOOP('',(#440,#441,#442,#443));
#3926=EDGE_LOOP('',(#444,#445,#446,#447));
#3927=EDGE_LOOP('',(#448,#449,#450,#451));
#3928=EDGE_LOOP('',(#452,#453,#454,#455));
#3929=EDGE_LOOP('',(#456,#457,#458,#459));
#3930=EDGE_LOOP('',(#460));
#3931=EDGE_LOOP('',(#461));
#3932=EDGE_LOOP('',(#462,#463,#464,#465,#466,#467,#468,#469));
#3933=EDGE_LOOP('',(#470,#471,#472,#473,#474,#475));
#3934=EDGE_LOOP('',(#476));
#3935=EDGE_LOOP('',(#477));
#3936=EDGE_LOOP('',(#478,#479,#480,#481,#482,#483));
#3937=EDGE_LOOP('',(#484,#485,#486,#487));
#3938=EDGE_LOOP('',(#488,#489,#490,#491,#492,#493,#494,#495,#496,#497));
#3939=EDGE_LOOP('',(#498,#499,#500,#501,#502,#503,#504,#505));
#3940=EDGE_LOOP('',(#506,#507,#508,#509));
#3941=EDGE_LOOP('',(#510,#511,#512,#513));
#3942=EDGE_LOOP('',(#514,#515,#516,#517,#518,#519));
#3943=EDGE_LOOP('',(#520,#521,#522,#523));
#3944=EDGE_LOOP('',(#524,#525,#526,#527,#528,#529,#530,#531,#532,#533));
#3945=EDGE_LOOP('',(#534,#535,#536,#537,#538,#539));
#3946=EDGE_LOOP('',(#540,#541,#542,#543));
#3947=EDGE_LOOP('',(#544));
#3948=EDGE_LOOP('',(#545));
#3949=EDGE_LOOP('',(#546));
#3950=EDGE_LOOP('',(#547));
#3951=EDGE_LOOP('',(#548));
#3952=EDGE_LOOP('',(#549));
#3953=EDGE_LOOP('',(#550));
#3954=EDGE_LOOP('',(#551));
#3955=EDGE_LOOP('',(#552));
#3956=EDGE_LOOP('',(#553));
#3957=EDGE_LOOP('',(#554));
#3958=EDGE_LOOP('',(#555));
#3959=EDGE_LOOP('',(#556));
#3960=EDGE_LOOP('',(#557));
#3961=EDGE_LOOP('',(#558));
#3962=EDGE_LOOP('',(#559));
#3963=EDGE_LOOP('',(#560));
#3964=EDGE_LOOP('',(#561));
#3965=EDGE_LOOP('',(#562));
#3966=EDGE_LOOP('',(#563));
#3967=EDGE_LOOP('',(#564));
#3968=EDGE_LOOP('',(#565));
#3969=EDGE_LOOP('',(#566));
#3970=EDGE_LOOP('',(#567));
#3971=EDGE_LOOP('',(#568));
#3972=EDGE_LOOP('',(#569,#570,#571,#572,#573,#574,#575,#576,#577,#578,#579,
#580,#581,#582,#583,#584,#585,#586));
#3973=EDGE_LOOP('',(#587,#588,#589,#590,#591,#592,#593,#594,#595,#596));
#3974=EDGE_LOOP('',(#597));
#3975=EDGE_LOOP('',(#598,#599,#600,#601,#602,#603));
#3976=EDGE_LOOP('',(#604));
#3977=EDGE_LOOP('',(#605));
#3978=EDGE_LOOP('',(#606));
#3979=EDGE_LOOP('',(#607,#608,#609,#610,#611,#612));
#3980=EDGE_LOOP('',(#613));
#3981=EDGE_LOOP('',(#614));
#3982=EDGE_LOOP('',(#615));
#3983=EDGE_LOOP('',(#616,#617,#618,#619,#620,#621));
#3984=EDGE_LOOP('',(#622));
#3985=EDGE_LOOP('',(#623));
#3986=EDGE_LOOP('',(#624));
#3987=EDGE_LOOP('',(#625,#626,#627,#628,#629,#630));
#3988=EDGE_LOOP('',(#631));
#3989=EDGE_LOOP('',(#632));
#3990=EDGE_LOOP('',(#633));
#3991=EDGE_LOOP('',(#634,#635,#636,#637,#638,#639));
#3992=EDGE_LOOP('',(#640));
#3993=EDGE_LOOP('',(#641));
#3994=EDGE_LOOP('',(#642));
#3995=EDGE_LOOP('',(#643,#644,#645,#646,#647,#648));
#3996=EDGE_LOOP('',(#649));
#3997=EDGE_LOOP('',(#650));
#3998=EDGE_LOOP('',(#651,#652,#653,#654,#655,#656));
#3999=EDGE_LOOP('',(#657,#658,#659,#660));
#4000=EDGE_LOOP('',(#661,#662,#663,#664));
#4001=EDGE_LOOP('',(#665,#666,#667,#668));
#4002=EDGE_LOOP('',(#669,#670,#671,#672));
#4003=EDGE_LOOP('',(#673,#674,#675,#676));
#4004=EDGE_LOOP('',(#677,#678,#679,#680));
#4005=EDGE_LOOP('',(#681,#682,#683,#684,#685,#686));
#4006=EDGE_LOOP('',(#687,#688,#689,#690));
#4007=EDGE_LOOP('',(#691,#692,#693,#694));
#4008=EDGE_LOOP('',(#695,#696,#697,#698));
#4009=EDGE_LOOP('',(#699,#700,#701,#702));
#4010=EDGE_LOOP('',(#703,#704,#705,#706));
#4011=EDGE_LOOP('',(#707,#708,#709,#710));
#4012=EDGE_LOOP('',(#711,#712,#713,#714,#715,#716));
#4013=EDGE_LOOP('',(#717,#718,#719,#720));
#4014=EDGE_LOOP('',(#721,#722,#723,#724));
#4015=EDGE_LOOP('',(#725,#726,#727,#728));
#4016=EDGE_LOOP('',(#729,#730,#731,#732));
#4017=EDGE_LOOP('',(#733,#734,#735,#736));
#4018=EDGE_LOOP('',(#737,#738,#739,#740));
#4019=EDGE_LOOP('',(#741,#742,#743,#744,#745,#746));
#4020=EDGE_LOOP('',(#747,#748,#749,#750));
#4021=EDGE_LOOP('',(#751,#752,#753,#754));
#4022=EDGE_LOOP('',(#755,#756,#757,#758));
#4023=EDGE_LOOP('',(#759,#760,#761,#762));
#4024=EDGE_LOOP('',(#763,#764,#765,#766));
#4025=EDGE_LOOP('',(#767,#768,#769,#770));
#4026=EDGE_LOOP('',(#771,#772,#773,#774,#775,#776));
#4027=EDGE_LOOP('',(#777,#778,#779,#780));
#4028=EDGE_LOOP('',(#781,#782,#783,#784));
#4029=EDGE_LOOP('',(#785,#786,#787,#788));
#4030=EDGE_LOOP('',(#789,#790,#791,#792));
#4031=EDGE_LOOP('',(#793,#794,#795,#796));
#4032=EDGE_LOOP('',(#797,#798,#799,#800));
#4033=EDGE_LOOP('',(#801,#802,#803,#804,#805,#806));
#4034=EDGE_LOOP('',(#807,#808,#809,#810));
#4035=EDGE_LOOP('',(#811,#812,#813,#814));
#4036=EDGE_LOOP('',(#815,#816,#817,#818));
#4037=EDGE_LOOP('',(#819,#820,#821,#822));
#4038=EDGE_LOOP('',(#823,#824,#825,#826));
#4039=EDGE_LOOP('',(#827,#828,#829,#830));
#4040=EDGE_LOOP('',(#831,#832,#833,#834));
#4041=EDGE_LOOP('',(#835,#836,#837,#838));
#4042=EDGE_LOOP('',(#839,#840,#841,#842));
#4043=EDGE_LOOP('',(#843,#844,#845,#846,#847));
#4044=EDGE_LOOP('',(#848,#849,#850,#851,#852,#853,#854,#855));
#4045=EDGE_LOOP('',(#856,#857,#858,#859));
#4046=EDGE_LOOP('',(#860,#861,#862,#863));
#4047=EDGE_LOOP('',(#864,#865,#866,#867));
#4048=EDGE_LOOP('',(#868,#869,#870,#871));
#4049=EDGE_LOOP('',(#872,#873,#874,#875));
#4050=EDGE_LOOP('',(#876,#877,#878,#879));
#4051=EDGE_LOOP('',(#880,#881,#882,#883));
#4052=EDGE_LOOP('',(#884,#885,#886,#887));
#4053=EDGE_LOOP('',(#888,#889,#890,#891));
#4054=EDGE_LOOP('',(#892,#893,#894,#895));
#4055=EDGE_LOOP('',(#896,#897,#898,#899));
#4056=EDGE_LOOP('',(#900,#901,#902,#903));
#4057=EDGE_LOOP('',(#904,#905,#906,#907));
#4058=EDGE_LOOP('',(#908,#909,#910,#911));
#4059=EDGE_LOOP('',(#912,#913,#914,#915,#916,#917));
#4060=EDGE_LOOP('',(#918,#919,#920,#921));
#4061=EDGE_LOOP('',(#922,#923,#924,#925));
#4062=EDGE_LOOP('',(#926,#927,#928,#929,#930));
#4063=EDGE_LOOP('',(#931,#932,#933,#934,#935,#936,#937,#938,#939,#940,#941,
#942));
#4064=EDGE_LOOP('',(#943,#944,#945,#946,#947,#948,#949,#950,#951,#952,#953,
#954,#955,#956,#957,#958));
#4065=EDGE_LOOP('',(#959,#960,#961,#962));
#4066=EDGE_LOOP('',(#963,#964,#965,#966));
#4067=EDGE_LOOP('',(#967,#968,#969,#970));
#4068=EDGE_LOOP('',(#971,#972,#973,#974));
#4069=EDGE_LOOP('',(#975,#976,#977,#978));
#4070=EDGE_LOOP('',(#979,#980,#981,#982));
#4071=EDGE_LOOP('',(#983,#984,#985,#986));
#4072=EDGE_LOOP('',(#987,#988,#989,#990));
#4073=EDGE_LOOP('',(#991,#992,#993,#994));
#4074=EDGE_LOOP('',(#995,#996,#997,#998));
#4075=EDGE_LOOP('',(#999,#1000,#1001,#1002));
#4076=EDGE_LOOP('',(#1003,#1004,#1005,#1006));
#4077=EDGE_LOOP('',(#1007,#1008,#1009,#1010));
#4078=EDGE_LOOP('',(#1011,#1012,#1013,#1014));
#4079=EDGE_LOOP('',(#1015,#1016,#1017,#1018,#1019,#1020,#1021));
#4080=EDGE_LOOP('',(#1022,#1023,#1024,#1025,#1026,#1027,#1028,#1029,#1030));
#4081=EDGE_LOOP('',(#1031,#1032,#1033,#1034));
#4082=EDGE_LOOP('',(#1035,#1036,#1037,#1038,#1039));
#4083=EDGE_LOOP('',(#1040,#1041,#1042,#1043,#1044,#1045));
#4084=EDGE_LOOP('',(#1046,#1047,#1048,#1049,#1050));
#4085=EDGE_LOOP('',(#1051,#1052,#1053,#1054,#1055));
#4086=EDGE_LOOP('',(#1056,#1057,#1058,#1059,#1060));
#4087=EDGE_LOOP('',(#1061,#1062,#1063,#1064));
#4088=EDGE_LOOP('',(#1065,#1066,#1067,#1068));
#4089=EDGE_LOOP('',(#1069,#1070,#1071,#1072,#1073,#1074,#1075,#1076));
#4090=EDGE_LOOP('',(#1077,#1078,#1079,#1080,#1081,#1082,#1083,#1084,#1085,
#1086));
#4091=EDGE_LOOP('',(#1087,#1088,#1089,#1090,#1091));
#4092=EDGE_LOOP('',(#1092,#1093,#1094,#1095,#1096,#1097,#1098,#1099));
#4093=EDGE_LOOP('',(#1100));
#4094=EDGE_LOOP('',(#1101));
#4095=EDGE_LOOP('',(#1102,#1103,#1104,#1105,#1106,#1107,#1108,#1109,#1110,
#1111,#1112));
#4096=EDGE_LOOP('',(#1113,#1114,#1115,#1116));
#4097=EDGE_LOOP('',(#1117,#1118,#1119,#1120));
#4098=EDGE_LOOP('',(#1121,#1122,#1123,#1124,#1125));
#4099=EDGE_LOOP('',(#1126,#1127,#1128,#1129,#1130));
#4100=EDGE_LOOP('',(#1131,#1132,#1133,#1134,#1135,#1136,#1137,#1138,#1139,
#1140,#1141));
#4101=EDGE_LOOP('',(#1142,#1143,#1144,#1145,#1146,#1147));
#4102=EDGE_LOOP('',(#1148,#1149,#1150,#1151,#1152,#1153,#1154,#1155));
#4103=EDGE_LOOP('',(#1156,#1157,#1158,#1159,#1160,#1161,#1162,#1163,#1164,
#1165,#1166));
#4104=EDGE_LOOP('',(#1167,#1168,#1169,#1170,#1171));
#4105=EDGE_LOOP('',(#1172,#1173,#1174,#1175));
#4106=EDGE_LOOP('',(#1176,#1177,#1178,#1179,#1180));
#4107=EDGE_LOOP('',(#1181,#1182,#1183,#1184,#1185,#1186,#1187,#1188));
#4108=EDGE_LOOP('',(#1189,#1190,#1191));
#4109=EDGE_LOOP('',(#1192,#1193,#1194,#1195,#1196,#1197));
#4110=EDGE_LOOP('',(#1198,#1199,#1200,#1201));
#4111=EDGE_LOOP('',(#1202,#1203,#1204,#1205));
#4112=EDGE_LOOP('',(#1206,#1207,#1208,#1209,#1210,#1211,#1212,#1213));
#4113=EDGE_LOOP('',(#1214,#1215,#1216));
#4114=EDGE_LOOP('',(#1217));
#4115=EDGE_LOOP('',(#1218));
#4116=EDGE_LOOP('',(#1219));
#4117=EDGE_LOOP('',(#1220));
#4118=EDGE_LOOP('',(#1221));
#4119=EDGE_LOOP('',(#1222));
#4120=EDGE_LOOP('',(#1223));
#4121=EDGE_LOOP('',(#1224));
#4122=EDGE_LOOP('',(#1225));
#4123=EDGE_LOOP('',(#1226));
#4124=EDGE_LOOP('',(#1227));
#4125=EDGE_LOOP('',(#1228));
#4126=EDGE_LOOP('',(#1229));
#4127=EDGE_LOOP('',(#1230));
#4128=EDGE_LOOP('',(#1231));
#4129=EDGE_LOOP('',(#1232));
#4130=EDGE_LOOP('',(#1233));
#4131=EDGE_LOOP('',(#1234));
#4132=EDGE_LOOP('',(#1235));
#4133=EDGE_LOOP('',(#1236));
#4134=EDGE_LOOP('',(#1237));
#4135=EDGE_LOOP('',(#1238));
#4136=EDGE_LOOP('',(#1239));
#4137=EDGE_LOOP('',(#1240));
#4138=EDGE_LOOP('',(#1241));
#4139=EDGE_LOOP('',(#1242));
#4140=EDGE_LOOP('',(#1243));
#4141=EDGE_LOOP('',(#1244));
#4142=EDGE_LOOP('',(#1245));
#4143=EDGE_LOOP('',(#1246));
#4144=EDGE_LOOP('',(#1247));
#4145=EDGE_LOOP('',(#1248));
#4146=EDGE_LOOP('',(#1249));
#4147=EDGE_LOOP('',(#1250));
#4148=EDGE_LOOP('',(#1251));
#4149=EDGE_LOOP('',(#1252));
#4150=EDGE_LOOP('',(#1253));
#4151=EDGE_LOOP('',(#1254));
#4152=EDGE_LOOP('',(#1255));
#4153=EDGE_LOOP('',(#1256));
#4154=EDGE_LOOP('',(#1257));
#4155=EDGE_LOOP('',(#1258));
#4156=EDGE_LOOP('',(#1259));
#4157=EDGE_LOOP('',(#1260));
#4158=EDGE_LOOP('',(#1261));
#4159=EDGE_LOOP('',(#1262));
#4160=EDGE_LOOP('',(#1263));
#4161=EDGE_LOOP('',(#1264));
#4162=EDGE_LOOP('',(#1265));
#4163=EDGE_LOOP('',(#1266));
#4164=EDGE_LOOP('',(#1267));
#4165=EDGE_LOOP('',(#1268));
#4166=EDGE_LOOP('',(#1269));
#4167=EDGE_LOOP('',(#1270));
#4168=EDGE_LOOP('',(#1271));
#4169=EDGE_LOOP('',(#1272));
#4170=EDGE_LOOP('',(#1273));
#4171=EDGE_LOOP('',(#1274));
#4172=EDGE_LOOP('',(#1275));
#4173=EDGE_LOOP('',(#1276));
#4174=EDGE_LOOP('',(#1277));
#4175=EDGE_LOOP('',(#1278));
#4176=EDGE_LOOP('',(#1279));
#4177=EDGE_LOOP('',(#1280,#1281,#1282,#1283,#1284,#1285,#1286,#1287,#1288,
#1289,#1290,#1291));
#4178=EDGE_LOOP('',(#1292,#1293,#1294,#1295,#1296,#1297,#1298,#1299,#1300,
#1301,#1302,#1303));
#4179=EDGE_LOOP('',(#1304));
#4180=EDGE_LOOP('',(#1305,#1306,#1307,#1308));
#4181=EDGE_LOOP('',(#1309,#1310,#1311,#1312));
#4182=EDGE_LOOP('',(#1313,#1314,#1315,#1316));
#4183=EDGE_LOOP('',(#1317,#1318,#1319,#1320));
#4184=EDGE_LOOP('',(#1321,#1322,#1323,#1324));
#4185=EDGE_LOOP('',(#1325,#1326,#1327,#1328));
#4186=EDGE_LOOP('',(#1329,#1330,#1331,#1332));
#4187=EDGE_LOOP('',(#1333,#1334,#1335,#1336));
#4188=EDGE_LOOP('',(#1337,#1338,#1339,#1340));
#4189=EDGE_LOOP('',(#1341,#1342,#1343,#1344));
#4190=EDGE_LOOP('',(#1345,#1346,#1347,#1348));
#4191=EDGE_LOOP('',(#1349,#1350,#1351,#1352));
#4192=EDGE_LOOP('',(#1353));
#4193=EDGE_LOOP('',(#1354));
#4194=EDGE_LOOP('',(#1355));
#4195=EDGE_LOOP('',(#1356));
#4196=EDGE_LOOP('',(#1357));
#4197=EDGE_LOOP('',(#1358));
#4198=EDGE_LOOP('',(#1359));
#4199=EDGE_LOOP('',(#1360));
#4200=EDGE_LOOP('',(#1361));
#4201=EDGE_LOOP('',(#1362));
#4202=EDGE_LOOP('',(#1363));
#4203=EDGE_LOOP('',(#1364));
#4204=EDGE_LOOP('',(#1365));
#4205=EDGE_LOOP('',(#1366));
#4206=EDGE_LOOP('',(#1367));
#4207=EDGE_LOOP('',(#1368));
#4208=EDGE_LOOP('',(#1369));
#4209=EDGE_LOOP('',(#1370));
#4210=EDGE_LOOP('',(#1371));
#4211=EDGE_LOOP('',(#1372));
#4212=EDGE_LOOP('',(#1373));
#4213=EDGE_LOOP('',(#1374));
#4214=EDGE_LOOP('',(#1375));
#4215=EDGE_LOOP('',(#1376));
#4216=EDGE_LOOP('',(#1377));
#4217=EDGE_LOOP('',(#1378));
#4218=EDGE_LOOP('',(#1379));
#4219=EDGE_LOOP('',(#1380));
#4220=EDGE_LOOP('',(#1381));
#4221=EDGE_LOOP('',(#1382));
#4222=EDGE_LOOP('',(#1383));
#4223=EDGE_LOOP('',(#1384));
#4224=EDGE_LOOP('',(#1385));
#4225=EDGE_LOOP('',(#1386));
#4226=EDGE_LOOP('',(#1387));
#4227=EDGE_LOOP('',(#1388));
#4228=EDGE_LOOP('',(#1389));
#4229=EDGE_LOOP('',(#1390,#1391,#1392,#1393));
#4230=EDGE_LOOP('',(#1394,#1395,#1396,#1397));
#4231=EDGE_LOOP('',(#1398,#1399,#1400,#1401));
#4232=EDGE_LOOP('',(#1402,#1403,#1404,#1405));
#4233=EDGE_LOOP('',(#1406,#1407,#1408,#1409));
#4234=EDGE_LOOP('',(#1410));
#4235=EDGE_LOOP('',(#1411));
#4236=EDGE_LOOP('',(#1412));
#4237=EDGE_LOOP('',(#1413));
#4238=EDGE_LOOP('',(#1414));
#4239=EDGE_LOOP('',(#1415));
#4240=EDGE_LOOP('',(#1416));
#4241=EDGE_LOOP('',(#1417));
#4242=EDGE_LOOP('',(#1418,#1419,#1420,#1421));
#4243=EDGE_LOOP('',(#1422,#1423,#1424,#1425));
#4244=EDGE_LOOP('',(#1426,#1427,#1428,#1429));
#4245=EDGE_LOOP('',(#1430,#1431,#1432,#1433));
#4246=EDGE_LOOP('',(#1434,#1435,#1436,#1437));
#4247=EDGE_LOOP('',(#1438,#1439,#1440,#1441));
#4248=EDGE_LOOP('',(#1442,#1443,#1444,#1445));
#4249=EDGE_LOOP('',(#1446,#1447,#1448,#1449));
#4250=EDGE_LOOP('',(#1450));
#4251=EDGE_LOOP('',(#1451));
#4252=EDGE_LOOP('',(#1452,#1453,#1454,#1455,#1456,#1457,#1458,#1459));
#4253=EDGE_LOOP('',(#1460,#1461,#1462,#1463,#1464,#1465));
#4254=EDGE_LOOP('',(#1466));
#4255=EDGE_LOOP('',(#1467));
#4256=EDGE_LOOP('',(#1468,#1469,#1470,#1471,#1472,#1473));
#4257=EDGE_LOOP('',(#1474,#1475,#1476,#1477));
#4258=EDGE_LOOP('',(#1478,#1479,#1480,#1481,#1482,#1483,#1484,#1485,#1486,
#1487));
#4259=EDGE_LOOP('',(#1488,#1489,#1490,#1491,#1492,#1493,#1494,#1495));
#4260=EDGE_LOOP('',(#1496,#1497,#1498,#1499));
#4261=EDGE_LOOP('',(#1500,#1501,#1502,#1503));
#4262=EDGE_LOOP('',(#1504,#1505,#1506,#1507,#1508,#1509));
#4263=EDGE_LOOP('',(#1510,#1511,#1512,#1513));
#4264=EDGE_LOOP('',(#1514,#1515,#1516,#1517,#1518,#1519,#1520,#1521,#1522,
#1523));
#4265=EDGE_LOOP('',(#1524,#1525,#1526,#1527,#1528,#1529));
#4266=EDGE_LOOP('',(#1530,#1531,#1532,#1533));
#4267=EDGE_LOOP('',(#1534));
#4268=EDGE_LOOP('',(#1535));
#4269=EDGE_LOOP('',(#1536));
#4270=EDGE_LOOP('',(#1537));
#4271=EDGE_LOOP('',(#1538));
#4272=EDGE_LOOP('',(#1539));
#4273=EDGE_LOOP('',(#1540));
#4274=EDGE_LOOP('',(#1541));
#4275=EDGE_LOOP('',(#1542));
#4276=EDGE_LOOP('',(#1543));
#4277=EDGE_LOOP('',(#1544));
#4278=EDGE_LOOP('',(#1545));
#4279=EDGE_LOOP('',(#1546,#1547,#1548,#1549,#1550,#1551));
#4280=EDGE_LOOP('',(#1552));
#4281=EDGE_LOOP('',(#1553));
#4282=EDGE_LOOP('',(#1554));
#4283=EDGE_LOOP('',(#1555,#1556,#1557,#1558));
#4284=EDGE_LOOP('',(#1559,#1560,#1561,#1562));
#4285=EDGE_LOOP('',(#1563,#1564,#1565,#1566));
#4286=EDGE_LOOP('',(#1567,#1568,#1569,#1570));
#4287=EDGE_LOOP('',(#1571,#1572,#1573,#1574));
#4288=EDGE_LOOP('',(#1575,#1576,#1577,#1578,#1579));
#4289=EDGE_LOOP('',(#1580,#1581,#1582,#1583));
#4290=EDGE_LOOP('',(#1584,#1585,#1586,#1587,#1588));
#4291=EDGE_LOOP('',(#1589));
#4292=EDGE_LOOP('',(#1590));
#4293=EDGE_LOOP('',(#1591));
#4294=EDGE_LOOP('',(#1592,#1593,#1594,#1595,#1596,#1597));
#4295=EDGE_LOOP('',(#1598,#1599,#1600,#1601,#1602));
#4296=EDGE_LOOP('',(#1603));
#4297=EDGE_LOOP('',(#1604,#1605,#1606,#1607,#1608,#1609));
#4298=EDGE_LOOP('',(#1610,#1611,#1612,#1613,#1614));
#4299=EDGE_LOOP('',(#1615,#1616,#1617,#1618,#1619));
#4300=EDGE_LOOP('',(#1620,#1621,#1622,#1623,#1624));
#4301=EDGE_LOOP('',(#1625,#1626,#1627));
#4302=EDGE_LOOP('',(#1628,#1629,#1630));
#4303=EDGE_LOOP('',(#1631,#1632,#1633));
#4304=EDGE_LOOP('',(#1634,#1635,#1636));
#4305=EDGE_LOOP('',(#1637,#1638,#1639));
#4306=EDGE_LOOP('',(#1640,#1641,#1642));
#4307=EDGE_LOOP('',(#1643));
#4308=EDGE_LOOP('',(#1644));
#4309=EDGE_LOOP('',(#1645));
#4310=EDGE_LOOP('',(#1646,#1647,#1648,#1649,#1650,#1651));
#4311=EDGE_LOOP('',(#1652));
#4312=EDGE_LOOP('',(#1653));
#4313=EDGE_LOOP('',(#1654));
#4314=EDGE_LOOP('',(#1655));
#4315=EDGE_LOOP('',(#1656));
#4316=EDGE_LOOP('',(#1657));
#4317=EDGE_LOOP('',(#1658,#1659,#1660,#1661,#1662,#1663,#1664,#1665,#1666,
#1667,#1668,#1669));
#4318=EDGE_LOOP('',(#1670,#1671,#1672,#1673,#1674,#1675,#1676,#1677,#1678,
#1679,#1680,#1681));
#4319=EDGE_LOOP('',(#1682));
#4320=EDGE_LOOP('',(#1683,#1684,#1685,#1686));
#4321=EDGE_LOOP('',(#1687,#1688,#1689,#1690));
#4322=EDGE_LOOP('',(#1691,#1692,#1693,#1694));
#4323=EDGE_LOOP('',(#1695,#1696,#1697,#1698));
#4324=EDGE_LOOP('',(#1699,#1700,#1701,#1702));
#4325=EDGE_LOOP('',(#1703,#1704,#1705,#1706));
#4326=EDGE_LOOP('',(#1707,#1708,#1709,#1710));
#4327=EDGE_LOOP('',(#1711,#1712,#1713,#1714));
#4328=EDGE_LOOP('',(#1715,#1716,#1717,#1718));
#4329=EDGE_LOOP('',(#1719,#1720,#1721,#1722));
#4330=EDGE_LOOP('',(#1723,#1724,#1725,#1726));
#4331=EDGE_LOOP('',(#1727,#1728,#1729,#1730));
#4332=EDGE_LOOP('',(#1731));
#4333=EDGE_LOOP('',(#1732));
#4334=EDGE_LOOP('',(#1733));
#4335=EDGE_LOOP('',(#1734));
#4336=EDGE_LOOP('',(#1735));
#4337=EDGE_LOOP('',(#1736));
#4338=EDGE_LOOP('',(#1737));
#4339=EDGE_LOOP('',(#1738));
#4340=EDGE_LOOP('',(#1739));
#4341=EDGE_LOOP('',(#1740));
#4342=EDGE_LOOP('',(#1741));
#4343=EDGE_LOOP('',(#1742));
#4344=EDGE_LOOP('',(#1743));
#4345=EDGE_LOOP('',(#1744));
#4346=EDGE_LOOP('',(#1745));
#4347=EDGE_LOOP('',(#1746));
#4348=EDGE_LOOP('',(#1747));
#4349=EDGE_LOOP('',(#1748));
#4350=EDGE_LOOP('',(#1749));
#4351=EDGE_LOOP('',(#1750));
#4352=EDGE_LOOP('',(#1751));
#4353=EDGE_LOOP('',(#1752));
#4354=EDGE_LOOP('',(#1753));
#4355=EDGE_LOOP('',(#1754));
#4356=EDGE_LOOP('',(#1755));
#4357=EDGE_LOOP('',(#1756));
#4358=EDGE_LOOP('',(#1757));
#4359=EDGE_LOOP('',(#1758));
#4360=EDGE_LOOP('',(#1759));
#4361=EDGE_LOOP('',(#1760));
#4362=EDGE_LOOP('',(#1761));
#4363=EDGE_LOOP('',(#1762));
#4364=EDGE_LOOP('',(#1763));
#4365=EDGE_LOOP('',(#1764));
#4366=EDGE_LOOP('',(#1765));
#4367=EDGE_LOOP('',(#1766));
#4368=EDGE_LOOP('',(#1767));
#4369=FACE_BOUND('',#3909,.T.);
#4370=FACE_BOUND('',#3910,.T.);
#4371=FACE_BOUND('',#3911,.T.);
#4372=FACE_BOUND('',#3912,.T.);
#4373=FACE_BOUND('',#3913,.T.);
#4374=FACE_BOUND('',#3914,.T.);
#4375=FACE_BOUND('',#3915,.T.);
#4376=FACE_BOUND('',#3916,.T.);
#4377=FACE_BOUND('',#3917,.T.);
#4378=FACE_BOUND('',#3918,.T.);
#4379=FACE_BOUND('',#3919,.T.);
#4380=FACE_BOUND('',#3920,.T.);
#4381=FACE_BOUND('',#3921,.T.);
#4382=FACE_BOUND('',#3922,.T.);
#4383=FACE_BOUND('',#3923,.T.);
#4384=FACE_BOUND('',#3924,.T.);
#4385=FACE_BOUND('',#3925,.T.);
#4386=FACE_BOUND('',#3926,.T.);
#4387=FACE_BOUND('',#3927,.T.);
#4388=FACE_BOUND('',#3928,.T.);
#4389=FACE_BOUND('',#3929,.T.);
#4390=FACE_BOUND('',#3930,.T.);
#4391=FACE_BOUND('',#3931,.T.);
#4392=FACE_BOUND('',#3932,.T.);
#4393=FACE_BOUND('',#3933,.T.);
#4394=FACE_BOUND('',#3934,.T.);
#4395=FACE_BOUND('',#3935,.T.);
#4396=FACE_BOUND('',#3936,.T.);
#4397=FACE_BOUND('',#3937,.T.);
#4398=FACE_BOUND('',#3938,.T.);
#4399=FACE_BOUND('',#3939,.T.);
#4400=FACE_BOUND('',#3940,.T.);
#4401=FACE_BOUND('',#3941,.T.);
#4402=FACE_BOUND('',#3942,.T.);
#4403=FACE_BOUND('',#3943,.T.);
#4404=FACE_BOUND('',#3944,.T.);
#4405=FACE_BOUND('',#3945,.T.);
#4406=FACE_BOUND('',#3946,.T.);
#4407=FACE_BOUND('',#3947,.T.);
#4408=FACE_BOUND('',#3948,.T.);
#4409=FACE_BOUND('',#3949,.T.);
#4410=FACE_BOUND('',#3950,.T.);
#4411=FACE_BOUND('',#3951,.T.);
#4412=FACE_BOUND('',#3952,.T.);
#4413=FACE_BOUND('',#3953,.T.);
#4414=FACE_BOUND('',#3954,.T.);
#4415=FACE_BOUND('',#3955,.T.);
#4416=FACE_BOUND('',#3956,.T.);
#4417=FACE_BOUND('',#3957,.T.);
#4418=FACE_BOUND('',#3958,.T.);
#4419=FACE_BOUND('',#3959,.T.);
#4420=FACE_BOUND('',#3960,.T.);
#4421=FACE_BOUND('',#3961,.T.);
#4422=FACE_BOUND('',#3962,.T.);
#4423=FACE_BOUND('',#3963,.T.);
#4424=FACE_BOUND('',#3964,.T.);
#4425=FACE_BOUND('',#3965,.T.);
#4426=FACE_BOUND('',#3966,.T.);
#4427=FACE_BOUND('',#3967,.T.);
#4428=FACE_BOUND('',#3968,.T.);
#4429=FACE_BOUND('',#3969,.T.);
#4430=FACE_BOUND('',#3970,.T.);
#4431=FACE_BOUND('',#3971,.T.);
#4432=FACE_BOUND('',#3972,.T.);
#4433=FACE_BOUND('',#3973,.T.);
#4434=FACE_BOUND('',#3974,.T.);
#4435=FACE_BOUND('',#3975,.T.);
#4436=FACE_BOUND('',#3976,.T.);
#4437=FACE_BOUND('',#3977,.T.);
#4438=FACE_BOUND('',#3978,.T.);
#4439=FACE_BOUND('',#3979,.T.);
#4440=FACE_BOUND('',#3980,.T.);
#4441=FACE_BOUND('',#3981,.T.);
#4442=FACE_BOUND('',#3982,.T.);
#4443=FACE_BOUND('',#3983,.T.);
#4444=FACE_BOUND('',#3984,.T.);
#4445=FACE_BOUND('',#3985,.T.);
#4446=FACE_BOUND('',#3986,.T.);
#4447=FACE_BOUND('',#3987,.T.);
#4448=FACE_BOUND('',#3988,.T.);
#4449=FACE_BOUND('',#3989,.T.);
#4450=FACE_BOUND('',#3990,.T.);
#4451=FACE_BOUND('',#3991,.T.);
#4452=FACE_BOUND('',#3992,.T.);
#4453=FACE_BOUND('',#3993,.T.);
#4454=FACE_BOUND('',#3994,.T.);
#4455=FACE_BOUND('',#3995,.T.);
#4456=FACE_BOUND('',#3996,.T.);
#4457=FACE_BOUND('',#3997,.T.);
#4458=FACE_BOUND('',#3998,.T.);
#4459=FACE_BOUND('',#3999,.T.);
#4460=FACE_BOUND('',#4000,.T.);
#4461=FACE_BOUND('',#4001,.T.);
#4462=FACE_BOUND('',#4002,.T.);
#4463=FACE_BOUND('',#4003,.T.);
#4464=FACE_BOUND('',#4004,.T.);
#4465=FACE_BOUND('',#4005,.T.);
#4466=FACE_BOUND('',#4006,.T.);
#4467=FACE_BOUND('',#4007,.T.);
#4468=FACE_BOUND('',#4008,.T.);
#4469=FACE_BOUND('',#4009,.T.);
#4470=FACE_BOUND('',#4010,.T.);
#4471=FACE_BOUND('',#4011,.T.);
#4472=FACE_BOUND('',#4012,.T.);
#4473=FACE_BOUND('',#4013,.T.);
#4474=FACE_BOUND('',#4014,.T.);
#4475=FACE_BOUND('',#4015,.T.);
#4476=FACE_BOUND('',#4016,.T.);
#4477=FACE_BOUND('',#4017,.T.);
#4478=FACE_BOUND('',#4018,.T.);
#4479=FACE_BOUND('',#4019,.T.);
#4480=FACE_BOUND('',#4020,.T.);
#4481=FACE_BOUND('',#4021,.T.);
#4482=FACE_BOUND('',#4022,.T.);
#4483=FACE_BOUND('',#4023,.T.);
#4484=FACE_BOUND('',#4024,.T.);
#4485=FACE_BOUND('',#4025,.T.);
#4486=FACE_BOUND('',#4026,.T.);
#4487=FACE_BOUND('',#4027,.T.);
#4488=FACE_BOUND('',#4028,.T.);
#4489=FACE_BOUND('',#4029,.T.);
#4490=FACE_BOUND('',#4030,.T.);
#4491=FACE_BOUND('',#4031,.T.);
#4492=FACE_BOUND('',#4032,.T.);
#4493=FACE_BOUND('',#4033,.T.);
#4494=FACE_BOUND('',#4034,.T.);
#4495=FACE_BOUND('',#4035,.T.);
#4496=FACE_BOUND('',#4036,.T.);
#4497=FACE_BOUND('',#4037,.T.);
#4498=FACE_BOUND('',#4038,.T.);
#4499=FACE_BOUND('',#4039,.T.);
#4500=FACE_BOUND('',#4040,.T.);
#4501=FACE_BOUND('',#4041,.T.);
#4502=FACE_BOUND('',#4042,.T.);
#4503=FACE_BOUND('',#4043,.T.);
#4504=FACE_BOUND('',#4044,.T.);
#4505=FACE_BOUND('',#4045,.T.);
#4506=FACE_BOUND('',#4046,.T.);
#4507=FACE_BOUND('',#4047,.T.);
#4508=FACE_BOUND('',#4048,.T.);
#4509=FACE_BOUND('',#4049,.T.);
#4510=FACE_BOUND('',#4050,.T.);
#4511=FACE_BOUND('',#4051,.T.);
#4512=FACE_BOUND('',#4052,.T.);
#4513=FACE_BOUND('',#4053,.T.);
#4514=FACE_BOUND('',#4054,.T.);
#4515=FACE_BOUND('',#4055,.T.);
#4516=FACE_BOUND('',#4056,.T.);
#4517=FACE_BOUND('',#4057,.T.);
#4518=FACE_BOUND('',#4058,.T.);
#4519=FACE_BOUND('',#4059,.T.);
#4520=FACE_BOUND('',#4060,.T.);
#4521=FACE_BOUND('',#4061,.T.);
#4522=FACE_BOUND('',#4062,.T.);
#4523=FACE_BOUND('',#4063,.T.);
#4524=FACE_BOUND('',#4064,.T.);
#4525=FACE_BOUND('',#4065,.T.);
#4526=FACE_BOUND('',#4066,.T.);
#4527=FACE_BOUND('',#4067,.T.);
#4528=FACE_BOUND('',#4068,.T.);
#4529=FACE_BOUND('',#4069,.T.);
#4530=FACE_BOUND('',#4070,.T.);
#4531=FACE_BOUND('',#4071,.T.);
#4532=FACE_BOUND('',#4072,.T.);
#4533=FACE_BOUND('',#4073,.T.);
#4534=FACE_BOUND('',#4074,.T.);
#4535=FACE_BOUND('',#4075,.T.);
#4536=FACE_BOUND('',#4076,.T.);
#4537=FACE_BOUND('',#4077,.T.);
#4538=FACE_BOUND('',#4078,.T.);
#4539=FACE_BOUND('',#4079,.T.);
#4540=FACE_BOUND('',#4080,.T.);
#4541=FACE_BOUND('',#4081,.T.);
#4542=FACE_BOUND('',#4082,.T.);
#4543=FACE_BOUND('',#4083,.T.);
#4544=FACE_BOUND('',#4084,.T.);
#4545=FACE_BOUND('',#4085,.T.);
#4546=FACE_BOUND('',#4086,.T.);
#4547=FACE_BOUND('',#4087,.T.);
#4548=FACE_BOUND('',#4088,.T.);
#4549=FACE_BOUND('',#4089,.T.);
#4550=FACE_BOUND('',#4090,.T.);
#4551=FACE_BOUND('',#4091,.T.);
#4552=FACE_BOUND('',#4092,.T.);
#4553=FACE_BOUND('',#4093,.T.);
#4554=FACE_BOUND('',#4094,.T.);
#4555=FACE_BOUND('',#4095,.T.);
#4556=FACE_BOUND('',#4096,.T.);
#4557=FACE_BOUND('',#4097,.T.);
#4558=FACE_BOUND('',#4098,.T.);
#4559=FACE_BOUND('',#4099,.T.);
#4560=FACE_BOUND('',#4100,.T.);
#4561=FACE_BOUND('',#4101,.T.);
#4562=FACE_BOUND('',#4102,.T.);
#4563=FACE_BOUND('',#4103,.T.);
#4564=FACE_BOUND('',#4104,.T.);
#4565=FACE_BOUND('',#4105,.T.);
#4566=FACE_BOUND('',#4106,.T.);
#4567=FACE_BOUND('',#4107,.T.);
#4568=FACE_BOUND('',#4108,.T.);
#4569=FACE_BOUND('',#4109,.T.);
#4570=FACE_BOUND('',#4110,.T.);
#4571=FACE_BOUND('',#4111,.T.);
#4572=FACE_BOUND('',#4112,.T.);
#4573=FACE_BOUND('',#4113,.T.);
#4574=FACE_BOUND('',#4114,.T.);
#4575=FACE_BOUND('',#4115,.T.);
#4576=FACE_BOUND('',#4116,.T.);
#4577=FACE_BOUND('',#17,.T.);
#4578=FACE_BOUND('',#4117,.T.);
#4579=FACE_BOUND('',#4118,.T.);
#4580=FACE_BOUND('',#4119,.T.);
#4581=FACE_BOUND('',#18,.T.);
#4582=FACE_BOUND('',#4120,.T.);
#4583=FACE_BOUND('',#4121,.T.);
#4584=FACE_BOUND('',#19,.T.);
#4585=FACE_BOUND('',#4122,.T.);
#4586=FACE_BOUND('',#4123,.T.);
#4587=FACE_BOUND('',#4124,.T.);
#4588=FACE_BOUND('',#4125,.T.);
#4589=FACE_BOUND('',#20,.T.);
#4590=FACE_BOUND('',#4126,.T.);
#4591=FACE_BOUND('',#4127,.T.);
#4592=FACE_BOUND('',#4128,.T.);
#4593=FACE_BOUND('',#21,.T.);
#4594=FACE_BOUND('',#4129,.T.);
#4595=FACE_BOUND('',#4130,.T.);
#4596=FACE_BOUND('',#4131,.T.);
#4597=FACE_BOUND('',#4132,.T.);
#4598=FACE_BOUND('',#4133,.T.);
#4599=FACE_BOUND('',#4134,.T.);
#4600=FACE_BOUND('',#4135,.T.);
#4601=FACE_BOUND('',#4136,.T.);
#4602=FACE_BOUND('',#4137,.T.);
#4603=FACE_BOUND('',#4138,.T.);
#4604=FACE_BOUND('',#4139,.T.);
#4605=FACE_BOUND('',#4140,.T.);
#4606=FACE_BOUND('',#4141,.T.);
#4607=FACE_BOUND('',#4142,.T.);
#4608=FACE_BOUND('',#4143,.T.);
#4609=FACE_BOUND('',#4144,.T.);
#4610=FACE_BOUND('',#4145,.T.);
#4611=FACE_BOUND('',#4146,.T.);
#4612=FACE_BOUND('',#4147,.T.);
#4613=FACE_BOUND('',#4148,.T.);
#4614=FACE_BOUND('',#4149,.T.);
#4615=FACE_BOUND('',#4150,.T.);
#4616=FACE_BOUND('',#4151,.T.);
#4617=FACE_BOUND('',#4152,.T.);
#4618=FACE_BOUND('',#4153,.T.);
#4619=FACE_BOUND('',#4154,.T.);
#4620=FACE_BOUND('',#4155,.T.);
#4621=FACE_BOUND('',#4156,.T.);
#4622=FACE_BOUND('',#4157,.T.);
#4623=FACE_BOUND('',#4158,.T.);
#4624=FACE_BOUND('',#4159,.T.);
#4625=FACE_BOUND('',#4160,.T.);
#4626=FACE_BOUND('',#4161,.T.);
#4627=FACE_BOUND('',#4162,.T.);
#4628=FACE_BOUND('',#4163,.T.);
#4629=FACE_BOUND('',#4164,.T.);
#4630=FACE_BOUND('',#22,.T.);
#4631=FACE_BOUND('',#4165,.T.);
#4632=FACE_BOUND('',#4166,.T.);
#4633=FACE_BOUND('',#4167,.T.);
#4634=FACE_BOUND('',#23,.T.);
#4635=FACE_BOUND('',#4168,.T.);
#4636=FACE_BOUND('',#4169,.T.);
#4637=FACE_BOUND('',#4170,.T.);
#4638=FACE_BOUND('',#24,.T.);
#4639=FACE_BOUND('',#4171,.T.);
#4640=FACE_BOUND('',#4172,.T.);
#4641=FACE_BOUND('',#4173,.T.);
#4642=FACE_BOUND('',#25,.T.);
#4643=FACE_BOUND('',#4174,.T.);
#4644=FACE_BOUND('',#4175,.T.);
#4645=FACE_BOUND('',#4176,.T.);
#4646=FACE_BOUND('',#4177,.T.);
#4647=FACE_BOUND('',#4178,.T.);
#4648=FACE_BOUND('',#4179,.T.);
#4649=FACE_BOUND('',#4180,.T.);
#4650=FACE_BOUND('',#4181,.T.);
#4651=FACE_BOUND('',#4182,.T.);
#4652=FACE_BOUND('',#4183,.T.);
#4653=FACE_BOUND('',#4184,.T.);
#4654=FACE_BOUND('',#4185,.T.);
#4655=FACE_BOUND('',#4186,.T.);
#4656=FACE_BOUND('',#4187,.T.);
#4657=FACE_BOUND('',#4188,.T.);
#4658=FACE_BOUND('',#4189,.T.);
#4659=FACE_BOUND('',#4190,.T.);
#4660=FACE_BOUND('',#4191,.T.);
#4661=FACE_BOUND('',#4192,.T.);
#4662=FACE_BOUND('',#4193,.T.);
#4663=FACE_BOUND('',#4194,.T.);
#4664=FACE_BOUND('',#4195,.T.);
#4665=FACE_BOUND('',#4196,.T.);
#4666=FACE_BOUND('',#4197,.T.);
#4667=FACE_BOUND('',#4198,.T.);
#4668=FACE_BOUND('',#4199,.T.);
#4669=FACE_BOUND('',#4200,.T.);
#4670=FACE_BOUND('',#4201,.T.);
#4671=FACE_BOUND('',#4202,.T.);
#4672=FACE_BOUND('',#4203,.T.);
#4673=FACE_BOUND('',#4204,.T.);
#4674=FACE_BOUND('',#4205,.T.);
#4675=FACE_BOUND('',#4206,.T.);
#4676=FACE_BOUND('',#4207,.T.);
#4677=FACE_BOUND('',#4208,.T.);
#4678=FACE_BOUND('',#4209,.T.);
#4679=FACE_BOUND('',#4210,.T.);
#4680=FACE_BOUND('',#4211,.T.);
#4681=FACE_BOUND('',#4212,.T.);
#4682=FACE_BOUND('',#4213,.T.);
#4683=FACE_BOUND('',#4214,.T.);
#4684=FACE_BOUND('',#4215,.T.);
#4685=FACE_BOUND('',#4216,.T.);
#4686=FACE_BOUND('',#4217,.T.);
#4687=FACE_BOUND('',#4218,.T.);
#4688=FACE_BOUND('',#4219,.T.);
#4689=FACE_BOUND('',#4220,.T.);
#4690=FACE_BOUND('',#4221,.T.);
#4691=FACE_BOUND('',#4222,.T.);
#4692=FACE_BOUND('',#4223,.T.);
#4693=FACE_BOUND('',#4224,.T.);
#4694=FACE_BOUND('',#4225,.T.);
#4695=FACE_BOUND('',#4226,.T.);
#4696=FACE_BOUND('',#4227,.T.);
#4697=FACE_BOUND('',#4228,.T.);
#4698=FACE_BOUND('',#4229,.T.);
#4699=FACE_BOUND('',#4230,.T.);
#4700=FACE_BOUND('',#4231,.T.);
#4701=FACE_BOUND('',#4232,.T.);
#4702=FACE_BOUND('',#4233,.T.);
#4703=FACE_BOUND('',#4234,.T.);
#4704=FACE_BOUND('',#4235,.T.);
#4705=FACE_BOUND('',#4236,.T.);
#4706=FACE_BOUND('',#4237,.T.);
#4707=FACE_BOUND('',#4238,.T.);
#4708=FACE_BOUND('',#4239,.T.);
#4709=FACE_BOUND('',#4240,.T.);
#4710=FACE_BOUND('',#4241,.T.);
#4711=FACE_BOUND('',#4242,.T.);
#4712=FACE_BOUND('',#4243,.T.);
#4713=FACE_BOUND('',#4244,.T.);
#4714=FACE_BOUND('',#4245,.T.);
#4715=FACE_BOUND('',#4246,.T.);
#4716=FACE_BOUND('',#4247,.T.);
#4717=FACE_BOUND('',#4248,.T.);
#4718=FACE_BOUND('',#4249,.T.);
#4719=FACE_BOUND('',#4250,.T.);
#4720=FACE_BOUND('',#4251,.T.);
#4721=FACE_BOUND('',#4252,.T.);
#4722=FACE_BOUND('',#4253,.T.);
#4723=FACE_BOUND('',#4254,.T.);
#4724=FACE_BOUND('',#4255,.T.);
#4725=FACE_BOUND('',#4256,.T.);
#4726=FACE_BOUND('',#4257,.T.);
#4727=FACE_BOUND('',#4258,.T.);
#4728=FACE_BOUND('',#4259,.T.);
#4729=FACE_BOUND('',#4260,.T.);
#4730=FACE_BOUND('',#4261,.T.);
#4731=FACE_BOUND('',#4262,.T.);
#4732=FACE_BOUND('',#4263,.T.);
#4733=FACE_BOUND('',#4264,.T.);
#4734=FACE_BOUND('',#4265,.T.);
#4735=FACE_BOUND('',#4266,.T.);
#4736=FACE_BOUND('',#4267,.T.);
#4737=FACE_BOUND('',#4268,.T.);
#4738=FACE_BOUND('',#4269,.T.);
#4739=FACE_BOUND('',#4270,.T.);
#4740=FACE_BOUND('',#4271,.T.);
#4741=FACE_BOUND('',#4272,.T.);
#4742=FACE_BOUND('',#4273,.T.);
#4743=FACE_BOUND('',#4274,.T.);
#4744=FACE_BOUND('',#4275,.T.);
#4745=FACE_BOUND('',#4276,.T.);
#4746=FACE_BOUND('',#4277,.T.);
#4747=FACE_BOUND('',#4278,.T.);
#4748=FACE_BOUND('',#4279,.T.);
#4749=FACE_BOUND('',#4280,.T.);
#4750=FACE_BOUND('',#4281,.T.);
#4751=FACE_BOUND('',#4282,.T.);
#4752=FACE_BOUND('',#4283,.T.);
#4753=FACE_BOUND('',#4284,.T.);
#4754=FACE_BOUND('',#4285,.T.);
#4755=FACE_BOUND('',#4286,.T.);
#4756=FACE_BOUND('',#4287,.T.);
#4757=FACE_BOUND('',#4288,.T.);
#4758=FACE_BOUND('',#4289,.T.);
#4759=FACE_BOUND('',#4290,.T.);
#4760=FACE_BOUND('',#4291,.T.);
#4761=FACE_BOUND('',#4292,.T.);
#4762=FACE_BOUND('',#4293,.T.);
#4763=FACE_BOUND('',#4294,.T.);
#4764=FACE_BOUND('',#4295,.T.);
#4765=FACE_BOUND('',#4296,.T.);
#4766=FACE_BOUND('',#4297,.T.);
#4767=FACE_BOUND('',#4298,.T.);
#4768=FACE_BOUND('',#4299,.T.);
#4769=FACE_BOUND('',#4300,.T.);
#4770=FACE_BOUND('',#4301,.T.);
#4771=FACE_BOUND('',#4302,.T.);
#4772=FACE_BOUND('',#4303,.T.);
#4773=FACE_BOUND('',#4304,.T.);
#4774=FACE_BOUND('',#4305,.T.);
#4775=FACE_BOUND('',#4306,.T.);
#4776=FACE_BOUND('',#4307,.T.);
#4777=FACE_BOUND('',#4308,.T.);
#4778=FACE_BOUND('',#4309,.T.);
#4779=FACE_BOUND('',#4310,.T.);
#4780=FACE_BOUND('',#4311,.T.);
#4781=FACE_BOUND('',#4312,.T.);
#4782=FACE_BOUND('',#4313,.T.);
#4783=FACE_BOUND('',#4314,.T.);
#4784=FACE_BOUND('',#4315,.T.);
#4785=FACE_BOUND('',#4316,.T.);
#4786=FACE_BOUND('',#4317,.T.);
#4787=FACE_BOUND('',#4318,.T.);
#4788=FACE_BOUND('',#4319,.T.);
#4789=FACE_BOUND('',#4320,.T.);
#4790=FACE_BOUND('',#4321,.T.);
#4791=FACE_BOUND('',#4322,.T.);
#4792=FACE_BOUND('',#4323,.T.);
#4793=FACE_BOUND('',#4324,.T.);
#4794=FACE_BOUND('',#4325,.T.);
#4795=FACE_BOUND('',#4326,.T.);
#4796=FACE_BOUND('',#4327,.T.);
#4797=FACE_BOUND('',#4328,.T.);
#4798=FACE_BOUND('',#4329,.T.);
#4799=FACE_BOUND('',#4330,.T.);
#4800=FACE_BOUND('',#4331,.T.);
#4801=FACE_BOUND('',#4332,.T.);
#4802=FACE_BOUND('',#4333,.T.);
#4803=FACE_BOUND('',#4334,.T.);
#4804=FACE_BOUND('',#4335,.T.);
#4805=FACE_BOUND('',#4336,.T.);
#4806=FACE_BOUND('',#4337,.T.);
#4807=FACE_BOUND('',#4338,.T.);
#4808=FACE_BOUND('',#4339,.T.);
#4809=FACE_BOUND('',#4340,.T.);
#4810=FACE_BOUND('',#4341,.T.);
#4811=FACE_BOUND('',#4342,.T.);
#4812=FACE_BOUND('',#4343,.T.);
#4813=FACE_BOUND('',#4344,.T.);
#4814=FACE_BOUND('',#4345,.T.);
#4815=FACE_BOUND('',#4346,.T.);
#4816=FACE_BOUND('',#4347,.T.);
#4817=FACE_BOUND('',#4348,.T.);
#4818=FACE_BOUND('',#4349,.T.);
#4819=FACE_BOUND('',#4350,.T.);
#4820=FACE_BOUND('',#4351,.T.);
#4821=FACE_BOUND('',#4352,.T.);
#4822=FACE_BOUND('',#4353,.T.);
#4823=FACE_BOUND('',#4354,.T.);
#4824=FACE_BOUND('',#4355,.T.);
#4825=FACE_BOUND('',#4356,.T.);
#4826=FACE_BOUND('',#4357,.T.);
#4827=FACE_BOUND('',#4358,.T.);
#4828=FACE_BOUND('',#4359,.T.);
#4829=FACE_BOUND('',#4360,.T.);
#4830=FACE_BOUND('',#4361,.T.);
#4831=FACE_BOUND('',#4362,.T.);
#4832=FACE_BOUND('',#4363,.T.);
#4833=FACE_BOUND('',#4364,.T.);
#4834=FACE_BOUND('',#4365,.T.);
#4835=FACE_BOUND('',#4366,.T.);
#4836=FACE_BOUND('',#4367,.T.);
#4837=FACE_BOUND('',#4368,.T.);
#4838=PLANE('',#5573);
#4839=PLANE('',#5574);
#4840=PLANE('',#5575);
#4841=PLANE('',#5576);
#4842=PLANE('',#5577);
#4843=PLANE('',#5578);
#4844=PLANE('',#5581);
#4845=PLANE('',#5584);
#4846=PLANE('',#5587);
#4847=PLANE('',#5593);
#4848=PLANE('',#5597);
#4849=PLANE('',#5601);
#4850=PLANE('',#5605);
#4851=PLANE('',#5606);
#4852=PLANE('',#5609);
#4853=PLANE('',#5610);
#4854=PLANE('',#5613);
#4855=PLANE('',#5614);
#4856=PLANE('',#5615);
#4857=PLANE('',#5616);
#4858=PLANE('',#5617);
#4859=PLANE('',#5618);
#4860=PLANE('',#5619);
#4861=PLANE('',#5620);
#4862=PLANE('',#5621);
#4863=PLANE('',#5629);
#4864=PLANE('',#5649);
#4865=PLANE('',#5652);
#4866=PLANE('',#5654);
#4867=PLANE('',#5657);
#4868=PLANE('',#5659);
#4869=PLANE('',#5662);
#4870=PLANE('',#5664);
#4871=PLANE('',#5667);
#4872=PLANE('',#5669);
#4873=PLANE('',#5672);
#4874=PLANE('',#5674);
#4875=PLANE('',#5677);
#4876=PLANE('',#5679);
#4877=PLANE('',#5682);
#4878=PLANE('',#5683);
#4879=PLANE('',#5684);
#4880=PLANE('',#5685);
#4881=PLANE('',#5686);
#4882=PLANE('',#5687);
#4883=PLANE('',#5688);
#4884=PLANE('',#5689);
#4885=PLANE('',#5690);
#4886=PLANE('',#5691);
#4887=PLANE('',#5692);
#4888=PLANE('',#5693);
#4889=PLANE('',#5694);
#4890=PLANE('',#5695);
#4891=PLANE('',#5696);
#4892=PLANE('',#5697);
#4893=PLANE('',#5698);
#4894=PLANE('',#5699);
#4895=PLANE('',#5700);
#4896=PLANE('',#5701);
#4897=PLANE('',#5702);
#4898=PLANE('',#5703);
#4899=PLANE('',#5704);
#4900=PLANE('',#5705);
#4901=PLANE('',#5706);
#4902=PLANE('',#5707);
#4903=PLANE('',#5708);
#4904=PLANE('',#5709);
#4905=PLANE('',#5710);
#4906=PLANE('',#5711);
#4907=PLANE('',#5712);
#4908=PLANE('',#5713);
#4909=PLANE('',#5714);
#4910=PLANE('',#5715);
#4911=PLANE('',#5716);
#4912=PLANE('',#5717);
#4913=PLANE('',#5718);
#4914=PLANE('',#5719);
#4915=PLANE('',#5720);
#4916=PLANE('',#5721);
#4917=PLANE('',#5722);
#4918=PLANE('',#5723);
#4919=PLANE('',#5724);
#4920=PLANE('',#5725);
#4921=PLANE('',#5726);
#4922=PLANE('',#5727);
#4923=PLANE('',#5729);
#4924=PLANE('',#5736);
#4925=PLANE('',#5739);
#4926=PLANE('',#5742);
#4927=PLANE('',#5745);
#4928=PLANE('',#5749);
#4929=PLANE('',#5755);
#4930=PLANE('',#5758);
#4931=PLANE('',#5759);
#4932=PLANE('',#5760);
#4933=PLANE('',#5761);
#4934=PLANE('',#5763);
#4935=PLANE('',#5764);
#4936=PLANE('',#5772);
#4937=PLANE('',#5774);
#4938=PLANE('',#5776);
#4939=PLANE('',#5778);
#4940=PLANE('',#5781);
#4941=PLANE('',#5785);
#4942=PLANE('',#5789);
#4943=PLANE('',#5790);
#4944=PLANE('',#5791);
#4945=PLANE('',#5792);
#4946=PLANE('',#5793);
#4947=PLANE('',#5794);
#4948=PLANE('',#5795);
#4949=PLANE('',#5796);
#4950=PLANE('',#5797);
#4951=PLANE('',#5798);
#4952=PLANE('',#5799);
#4953=PLANE('',#5800);
#4954=PLANE('',#5801);
#4955=PLANE('',#5804);
#4956=PLANE('',#5805);
#4957=PLANE('',#5806);
#4958=PLANE('',#5807);
#4959=PLANE('',#5808);
#4960=PLANE('',#5809);
#4961=PLANE('',#5812);
#4962=PLANE('',#5815);
#4963=PLANE('',#5817);
#4964=PLANE('',#5819);
#4965=PLANE('',#5820);
#4966=PLANE('',#5823);
#4967=PLANE('',#5827);
#4968=PLANE('',#5828);
#4969=PLANE('',#5829);
#4970=PLANE('',#5830);
#4971=PLANE('',#5883);
#4972=PLANE('',#5890);
#4973=PLANE('',#5898);
#4974=PLANE('',#5900);
#4975=PLANE('',#5902);
#4976=PLANE('',#5904);
#4977=PLANE('',#5906);
#4978=PLANE('',#5908);
#4979=PLANE('',#5910);
#4980=PLANE('',#5913);
#4981=PLANE('',#5916);
#4982=PLANE('',#5922);
#4983=PLANE('',#5924);
#4984=PLANE('',#5926);
#4985=PLANE('',#5928);
#4986=PLANE('',#5948);
#4987=PLANE('',#5949);
#4988=PLANE('',#5950);
#4989=PLANE('',#5951);
#4990=PLANE('',#5952);
#4991=PLANE('',#5953);
#4992=PLANE('',#5956);
#4993=PLANE('',#5959);
#4994=PLANE('',#5962);
#4995=PLANE('',#5968);
#4996=PLANE('',#5972);
#4997=PLANE('',#5976);
#4998=PLANE('',#5980);
#4999=PLANE('',#5981);
#5000=PLANE('',#5984);
#5001=PLANE('',#5985);
#5002=PLANE('',#5988);
#5003=PLANE('',#5989);
#5004=PLANE('',#5990);
#5005=PLANE('',#5991);
#5006=PLANE('',#5992);
#5007=PLANE('',#5993);
#5008=PLANE('',#5994);
#5009=PLANE('',#5995);
#5010=PLANE('',#5996);
#5011=PLANE('',#6004);
#5012=PLANE('',#6006);
#5013=PLANE('',#6009);
#5014=PLANE('',#6010);
#5015=PLANE('',#6011);
#5016=PLANE('',#6012);
#5017=PLANE('',#6013);
#5018=PLANE('',#6014);
#5019=PLANE('',#6015);
#5020=PLANE('',#6016);
#5021=PLANE('',#6017);
#5022=PLANE('',#6020);
#5023=PLANE('',#6022);
#5024=PLANE('',#6023);
#5025=PLANE('',#6025);
#5026=PLANE('',#6026);
#5027=PLANE('',#6027);
#5028=PLANE('',#6028);
#5029=PLANE('',#6030);
#5030=PLANE('',#6032);
#5031=PLANE('',#6034);
#5032=PLANE('',#6036);
#5033=PLANE('',#6038);
#5034=PLANE('',#6047);
#5035=PLANE('',#6054);
#5036=PLANE('',#6062);
#5037=PLANE('',#6064);
#5038=PLANE('',#6066);
#5039=PLANE('',#6068);
#5040=PLANE('',#6070);
#5041=PLANE('',#6072);
#5042=PLANE('',#6074);
#5043=PLANE('',#6077);
#5044=PLANE('',#6080);
#5045=PLANE('',#6086);
#5046=PLANE('',#6088);
#5047=PLANE('',#6090);
#5048=PLANE('',#6092);
#5049=ADVANCED_FACE('',(#4369),#4838,.T.);
#5050=ADVANCED_FACE('',(#4370),#4839,.T.);
#5051=ADVANCED_FACE('',(#4371),#4840,.T.);
#5052=ADVANCED_FACE('',(#4372),#4841,.T.);
#5053=ADVANCED_FACE('',(#4373),#4842,.T.);
#5054=ADVANCED_FACE('',(#4374,#4375),#4843,.F.);
#5055=ADVANCED_FACE('',(#4376,#4377),#4844,.F.);
#5056=ADVANCED_FACE('',(#4378,#4379),#4845,.F.);
#5057=ADVANCED_FACE('',(#4380,#4381),#4846,.F.);
#5058=ADVANCED_FACE('',(#4382),#102,.F.);
#5059=ADVANCED_FACE('',(#4383),#4847,.F.);
#5060=ADVANCED_FACE('',(#4384),#103,.F.);
#5061=ADVANCED_FACE('',(#4385),#4848,.F.);
#5062=ADVANCED_FACE('',(#4386),#104,.F.);
#5063=ADVANCED_FACE('',(#4387),#4849,.F.);
#5064=ADVANCED_FACE('',(#4388),#105,.F.);
#5065=ADVANCED_FACE('',(#4389),#4850,.F.);
#5066=ADVANCED_FACE('',(#4390,#4391,#4392),#4851,.F.);
#5067=ADVANCED_FACE('',(#4393),#4852,.F.);
#5068=ADVANCED_FACE('',(#4394,#4395,#4396),#4853,.T.);
#5069=ADVANCED_FACE('',(#4397),#4854,.F.);
#5070=ADVANCED_FACE('',(#4398,#4399),#4855,.T.);
#5071=ADVANCED_FACE('',(#4400),#4856,.T.);
#5072=ADVANCED_FACE('',(#4401),#4857,.F.);
#5073=ADVANCED_FACE('',(#4402),#4858,.T.);
#5074=ADVANCED_FACE('',(#4403),#4859,.F.);
#5075=ADVANCED_FACE('',(#4404),#4860,.T.);
#5076=ADVANCED_FACE('',(#4405),#4861,.T.);
#5077=ADVANCED_FACE('',(#4406),#4862,.F.);
#5078=ADVANCED_FACE('',(#4407,#4408),#106,.F.);
#5079=ADVANCED_FACE('',(#4409,#4410),#107,.F.);
#5080=ADVANCED_FACE('',(#4411,#4412),#108,.F.);
#5081=ADVANCED_FACE('',(#4413,#4414),#109,.F.);
#5082=ADVANCED_FACE('',(#4415,#4416),#110,.F.);
#5083=ADVANCED_FACE('',(#4417,#4418),#111,.F.);
#5084=ADVANCED_FACE('',(#4419,#4420,#4421,#4422,#4423,#4424,#4425,#4426,
#4427,#4428,#4429,#4430,#4431,#4432),#4863,.T.);
#5085=ADVANCED_FACE('',(#4433),#4864,.T.);
#5086=ADVANCED_FACE('',(#4434,#4435),#4865,.T.);
#5087=ADVANCED_FACE('',(#4436,#4437),#4866,.F.);
#5088=ADVANCED_FACE('',(#4438,#4439),#4867,.T.);
#5089=ADVANCED_FACE('',(#4440,#4441),#4868,.F.);
#5090=ADVANCED_FACE('',(#4442,#4443),#4869,.T.);
#5091=ADVANCED_FACE('',(#4444,#4445),#4870,.F.);
#5092=ADVANCED_FACE('',(#4446,#4447),#4871,.T.);
#5093=ADVANCED_FACE('',(#4448,#4449),#4872,.F.);
#5094=ADVANCED_FACE('',(#4450,#4451),#4873,.F.);
#5095=ADVANCED_FACE('',(#4452,#4453),#4874,.F.);
#5096=ADVANCED_FACE('',(#4454,#4455),#4875,.F.);
#5097=ADVANCED_FACE('',(#4456,#4457),#4876,.F.);
#5098=ADVANCED_FACE('',(#4458),#4877,.T.);
#5099=ADVANCED_FACE('',(#4459),#4878,.F.);
#5100=ADVANCED_FACE('',(#4460),#4879,.F.);
#5101=ADVANCED_FACE('',(#4461),#4880,.F.);
#5102=ADVANCED_FACE('',(#4462),#4881,.F.);
#5103=ADVANCED_FACE('',(#4463),#4882,.F.);
#5104=ADVANCED_FACE('',(#4464),#4883,.F.);
#5105=ADVANCED_FACE('',(#4465),#4884,.T.);
#5106=ADVANCED_FACE('',(#4466),#4885,.F.);
#5107=ADVANCED_FACE('',(#4467),#4886,.F.);
#5108=ADVANCED_FACE('',(#4468),#4887,.F.);
#5109=ADVANCED_FACE('',(#4469),#4888,.F.);
#5110=ADVANCED_FACE('',(#4470),#4889,.F.);
#5111=ADVANCED_FACE('',(#4471),#4890,.F.);
#5112=ADVANCED_FACE('',(#4472),#4891,.T.);
#5113=ADVANCED_FACE('',(#4473),#4892,.F.);
#5114=ADVANCED_FACE('',(#4474),#4893,.F.);
#5115=ADVANCED_FACE('',(#4475),#4894,.F.);
#5116=ADVANCED_FACE('',(#4476),#4895,.F.);
#5117=ADVANCED_FACE('',(#4477),#4896,.F.);
#5118=ADVANCED_FACE('',(#4478),#4897,.F.);
#5119=ADVANCED_FACE('',(#4479),#4898,.T.);
#5120=ADVANCED_FACE('',(#4480),#4899,.F.);
#5121=ADVANCED_FACE('',(#4481),#4900,.F.);
#5122=ADVANCED_FACE('',(#4482),#4901,.F.);
#5123=ADVANCED_FACE('',(#4483),#4902,.F.);
#5124=ADVANCED_FACE('',(#4484),#4903,.F.);
#5125=ADVANCED_FACE('',(#4485),#4904,.F.);
#5126=ADVANCED_FACE('',(#4486),#4905,.T.);
#5127=ADVANCED_FACE('',(#4487),#4906,.F.);
#5128=ADVANCED_FACE('',(#4488),#4907,.F.);
#5129=ADVANCED_FACE('',(#4489),#4908,.F.);
#5130=ADVANCED_FACE('',(#4490),#4909,.F.);
#5131=ADVANCED_FACE('',(#4491),#4910,.F.);
#5132=ADVANCED_FACE('',(#4492),#4911,.F.);
#5133=ADVANCED_FACE('',(#4493),#4912,.T.);
#5134=ADVANCED_FACE('',(#4494),#4913,.F.);
#5135=ADVANCED_FACE('',(#4495),#4914,.F.);
#5136=ADVANCED_FACE('',(#4496),#4915,.F.);
#5137=ADVANCED_FACE('',(#4497),#4916,.F.);
#5138=ADVANCED_FACE('',(#4498),#4917,.F.);
#5139=ADVANCED_FACE('',(#4499),#4918,.F.);
#5140=ADVANCED_FACE('',(#4500),#4919,.F.);
#5141=ADVANCED_FACE('',(#4501),#4920,.F.);
#5142=ADVANCED_FACE('',(#4502),#4921,.F.);
#5143=ADVANCED_FACE('',(#4503),#4922,.F.);
#5144=ADVANCED_FACE('',(#4504),#4923,.F.);
#5145=ADVANCED_FACE('',(#4505),#112,.F.);
#5146=ADVANCED_FACE('',(#4506),#4924,.F.);
#5147=ADVANCED_FACE('',(#4507),#113,.F.);
#5148=ADVANCED_FACE('',(#4508),#4925,.F.);
#5149=ADVANCED_FACE('',(#4509),#114,.F.);
#5150=ADVANCED_FACE('',(#4510),#4926,.F.);
#5151=ADVANCED_FACE('',(#4511),#115,.F.);
#5152=ADVANCED_FACE('',(#4512),#4927,.F.);
#5153=ADVANCED_FACE('',(#4513),#116,.F.);
#5154=ADVANCED_FACE('',(#4514),#4928,.F.);
#5155=ADVANCED_FACE('',(#4515),#117,.F.);
#5156=ADVANCED_FACE('',(#4516),#118,.F.);
#5157=ADVANCED_FACE('',(#4517),#4929,.F.);
#5158=ADVANCED_FACE('',(#4518),#119,.F.);
#5159=ADVANCED_FACE('',(#4519),#4930,.F.);
#5160=ADVANCED_FACE('',(#4520),#4931,.T.);
#5161=ADVANCED_FACE('',(#4521),#4932,.F.);
#5162=ADVANCED_FACE('',(#4522),#4933,.F.);
#5163=ADVANCED_FACE('',(#4523),#4934,.F.);
#5164=ADVANCED_FACE('',(#4524),#4935,.T.);
#5165=ADVANCED_FACE('',(#4525),#120,.F.);
#5166=ADVANCED_FACE('',(#4526),#4936,.F.);
#5167=ADVANCED_FACE('',(#4527),#121,.F.);
#5168=ADVANCED_FACE('',(#4528),#4937,.F.);
#5169=ADVANCED_FACE('',(#4529),#122,.F.);
#5170=ADVANCED_FACE('',(#4530),#4938,.F.);
#5171=ADVANCED_FACE('',(#4531),#123,.T.);
#5172=ADVANCED_FACE('',(#4532),#4939,.F.);
#5173=ADVANCED_FACE('',(#4533),#124,.F.);
#5174=ADVANCED_FACE('',(#4534),#125,.T.);
#5175=ADVANCED_FACE('',(#4535),#4940,.F.);
#5176=ADVANCED_FACE('',(#4536),#126,.F.);
#5177=ADVANCED_FACE('',(#4537),#4941,.F.);
#5178=ADVANCED_FACE('',(#4538),#127,.F.);
#5179=ADVANCED_FACE('',(#4539),#4942,.F.);
#5180=ADVANCED_FACE('',(#4540),#4943,.F.);
#5181=ADVANCED_FACE('',(#4541),#4944,.F.);
#5182=ADVANCED_FACE('',(#4542),#4945,.F.);
#5183=ADVANCED_FACE('',(#4543),#4946,.F.);
#5184=ADVANCED_FACE('',(#4544),#4947,.T.);
#5185=ADVANCED_FACE('',(#4545),#4948,.T.);
#5186=ADVANCED_FACE('',(#4546),#4949,.F.);
#5187=ADVANCED_FACE('',(#4547),#4950,.F.);
#5188=ADVANCED_FACE('',(#4548),#4951,.F.);
#5189=ADVANCED_FACE('',(#4549,#4550),#4952,.T.);
#5190=ADVANCED_FACE('',(#4551),#4953,.F.);
#5191=ADVANCED_FACE('',(#4552,#4553,#4554),#4954,.T.);
#5192=ADVANCED_FACE('',(#4555),#4955,.T.);
#5193=ADVANCED_FACE('',(#4556),#4956,.F.);
#5194=ADVANCED_FACE('',(#4557),#4957,.F.);
#5195=ADVANCED_FACE('',(#4558),#4958,.F.);
#5196=ADVANCED_FACE('',(#4559),#4959,.F.);
#5197=ADVANCED_FACE('',(#4560),#4960,.F.);
#5198=ADVANCED_FACE('',(#4561),#4961,.T.);
#5199=ADVANCED_FACE('',(#4562),#128,.T.);
#5200=ADVANCED_FACE('',(#4563),#4962,.F.);
#5201=ADVANCED_FACE('',(#4564),#4963,.F.);
#5202=ADVANCED_FACE('',(#4565),#4964,.F.);
#5203=ADVANCED_FACE('',(#4566),#4965,.F.);
#5204=ADVANCED_FACE('',(#4567),#129,.T.);
#5205=ADVANCED_FACE('',(#4568),#4966,.T.);
#5206=ADVANCED_FACE('',(#4569),#130,.T.);
#5207=ADVANCED_FACE('',(#4570),#4967,.F.);
#5208=ADVANCED_FACE('',(#4571),#4968,.F.);
#5209=ADVANCED_FACE('',(#4572),#4969,.T.);
#5210=ADVANCED_FACE('',(#4573),#4970,.F.);
#5211=ADVANCED_FACE('',(#4574,#4575),#131,.F.);
#5212=ADVANCED_FACE('',(#4576,#4577),#26,.F.);
#5213=ADVANCED_FACE('',(#4578,#4579),#132,.F.);
#5214=ADVANCED_FACE('',(#4580,#4581),#27,.F.);
#5215=ADVANCED_FACE('',(#4582,#4583),#133,.F.);
#5216=ADVANCED_FACE('',(#4584,#4585),#28,.F.);
#5217=ADVANCED_FACE('',(#4586,#4587),#134,.F.);
#5218=ADVANCED_FACE('',(#4588,#4589),#29,.F.);
#5219=ADVANCED_FACE('',(#4590,#4591),#135,.F.);
#5220=ADVANCED_FACE('',(#4592,#4593),#30,.F.);
#5221=ADVANCED_FACE('',(#4594,#4595),#136,.F.);
#5222=ADVANCED_FACE('',(#4596,#4597),#137,.T.);
#5223=ADVANCED_FACE('',(#4598,#4599),#10,.T.);
#5224=ADVANCED_FACE('',(#4600,#4601),#138,.F.);
#5225=ADVANCED_FACE('',(#4602,#4603),#139,.T.);
#5226=ADVANCED_FACE('',(#4604,#4605),#11,.T.);
#5227=ADVANCED_FACE('',(#4606,#4607),#140,.F.);
#5228=ADVANCED_FACE('',(#4608,#4609),#141,.T.);
#5229=ADVANCED_FACE('',(#4610,#4611),#12,.T.);
#5230=ADVANCED_FACE('',(#4612,#4613),#142,.F.);
#5231=ADVANCED_FACE('',(#4614,#4615),#143,.T.);
#5232=ADVANCED_FACE('',(#4616,#4617),#13,.T.);
#5233=ADVANCED_FACE('',(#4618,#4619),#144,.F.);
#5234=ADVANCED_FACE('',(#4620,#4621),#145,.T.);
#5235=ADVANCED_FACE('',(#4622,#4623),#14,.T.);
#5236=ADVANCED_FACE('',(#4624,#4625),#146,.F.);
#5237=ADVANCED_FACE('',(#4626,#4627),#147,.T.);
#5238=ADVANCED_FACE('',(#4628,#4629),#15,.T.);
#5239=ADVANCED_FACE('',(#4630,#4631),#31,.F.);
#5240=ADVANCED_FACE('',(#4632,#4633),#148,.F.);
#5241=ADVANCED_FACE('',(#4634,#4635),#32,.F.);
#5242=ADVANCED_FACE('',(#4636,#4637),#149,.F.);
#5243=ADVANCED_FACE('',(#4638,#4639),#33,.F.);
#5244=ADVANCED_FACE('',(#4640,#4641),#150,.F.);
#5245=ADVANCED_FACE('',(#4642,#4643),#34,.F.);
#5246=ADVANCED_FACE('',(#4644,#4645),#151,.F.);
#5247=ADVANCED_FACE('',(#4646),#4971,.F.);
#5248=ADVANCED_FACE('',(#4647,#4648),#4972,.T.);
#5249=ADVANCED_FACE('',(#4649),#4973,.T.);
#5250=ADVANCED_FACE('',(#4650),#152,.T.);
#5251=ADVANCED_FACE('',(#4651),#4974,.T.);
#5252=ADVANCED_FACE('',(#4652),#153,.T.);
#5253=ADVANCED_FACE('',(#4653),#4975,.T.);
#5254=ADVANCED_FACE('',(#4654),#154,.T.);
#5255=ADVANCED_FACE('',(#4655),#4976,.T.);
#5256=ADVANCED_FACE('',(#4656),#155,.T.);
#5257=ADVANCED_FACE('',(#4657),#4977,.T.);
#5258=ADVANCED_FACE('',(#4658),#156,.T.);
#5259=ADVANCED_FACE('',(#4659),#4978,.T.);
#5260=ADVANCED_FACE('',(#4660),#157,.T.);
#5261=ADVANCED_FACE('',(#4661,#4662),#4979,.T.);
#5262=ADVANCED_FACE('',(#4663,#4664),#4980,.T.);
#5263=ADVANCED_FACE('',(#4665,#4666,#4667,#4668,#4669),#4981,.T.);
#5264=ADVANCED_FACE('',(#4670),#4982,.T.);
#5265=ADVANCED_FACE('',(#4671),#4983,.T.);
#5266=ADVANCED_FACE('',(#4672),#4984,.T.);
#5267=ADVANCED_FACE('',(#4673),#4985,.T.);
#5268=ADVANCED_FACE('',(#4674,#4675),#158,.T.);
#5269=ADVANCED_FACE('',(#4676,#4677),#159,.T.);
#5270=ADVANCED_FACE('',(#4678,#4679),#160,.T.);
#5271=ADVANCED_FACE('',(#4680,#4681),#161,.T.);
#5272=ADVANCED_FACE('',(#4682,#4683),#162,.F.);
#5273=ADVANCED_FACE('',(#4684,#4685),#163,.T.);
#5274=ADVANCED_FACE('',(#4686,#4687),#35,.T.);
#5275=ADVANCED_FACE('',(#4688,#4689),#164,.T.);
#5276=ADVANCED_FACE('',(#4690,#4691),#36,.T.);
#5277=ADVANCED_FACE('',(#4692,#4693),#165,.T.);
#5278=ADVANCED_FACE('',(#4694,#4695),#166,.T.);
#5279=ADVANCED_FACE('',(#4696,#4697),#37,.T.);
#5280=ADVANCED_FACE('',(#4698),#4986,.T.);
#5281=ADVANCED_FACE('',(#4699),#4987,.T.);
#5282=ADVANCED_FACE('',(#4700),#4988,.T.);
#5283=ADVANCED_FACE('',(#4701),#4989,.T.);
#5284=ADVANCED_FACE('',(#4702),#4990,.T.);
#5285=ADVANCED_FACE('',(#4703,#4704),#4991,.F.);
#5286=ADVANCED_FACE('',(#4705,#4706),#4992,.F.);
#5287=ADVANCED_FACE('',(#4707,#4708),#4993,.F.);
#5288=ADVANCED_FACE('',(#4709,#4710),#4994,.F.);
#5289=ADVANCED_FACE('',(#4711),#167,.F.);
#5290=ADVANCED_FACE('',(#4712),#4995,.F.);
#5291=ADVANCED_FACE('',(#4713),#168,.F.);
#5292=ADVANCED_FACE('',(#4714),#4996,.F.);
#5293=ADVANCED_FACE('',(#4715),#169,.F.);
#5294=ADVANCED_FACE('',(#4716),#4997,.F.);
#5295=ADVANCED_FACE('',(#4717),#170,.F.);
#5296=ADVANCED_FACE('',(#4718),#4998,.F.);
#5297=ADVANCED_FACE('',(#4719,#4720,#4721),#4999,.F.);
#5298=ADVANCED_FACE('',(#4722),#5000,.F.);
#5299=ADVANCED_FACE('',(#4723,#4724,#4725),#5001,.T.);
#5300=ADVANCED_FACE('',(#4726),#5002,.F.);
#5301=ADVANCED_FACE('',(#4727,#4728),#5003,.T.);
#5302=ADVANCED_FACE('',(#4729),#5004,.T.);
#5303=ADVANCED_FACE('',(#4730),#5005,.F.);
#5304=ADVANCED_FACE('',(#4731),#5006,.T.);
#5305=ADVANCED_FACE('',(#4732),#5007,.F.);
#5306=ADVANCED_FACE('',(#4733),#5008,.T.);
#5307=ADVANCED_FACE('',(#4734),#5009,.T.);
#5308=ADVANCED_FACE('',(#4735),#5010,.F.);
#5309=ADVANCED_FACE('',(#4736,#4737),#171,.F.);
#5310=ADVANCED_FACE('',(#4738,#4739),#172,.F.);
#5311=ADVANCED_FACE('',(#4740,#4741),#173,.F.);
#5312=ADVANCED_FACE('',(#4742,#4743),#174,.F.);
#5313=ADVANCED_FACE('',(#4744,#4745),#175,.F.);
#5314=ADVANCED_FACE('',(#4746,#4747),#176,.F.);
#5315=ADVANCED_FACE('',(#4748,#4749),#5011,.F.);
#5316=ADVANCED_FACE('',(#4750,#4751),#5012,.T.);
#5317=ADVANCED_FACE('',(#4752),#5013,.T.);
#5318=ADVANCED_FACE('',(#4753),#5014,.T.);
#5319=ADVANCED_FACE('',(#4754),#5015,.T.);
#5320=ADVANCED_FACE('',(#4755),#5016,.T.);
#5321=ADVANCED_FACE('',(#4756),#5017,.T.);
#5322=ADVANCED_FACE('',(#4757),#5018,.T.);
#5323=ADVANCED_FACE('',(#4758),#5019,.T.);
#5324=ADVANCED_FACE('',(#4759),#5020,.T.);
#5325=ADVANCED_FACE('',(#4760,#4761),#5021,.F.);
#5326=ADVANCED_FACE('',(#4762,#4763),#5022,.F.);
#5327=ADVANCED_FACE('',(#4764),#5023,.T.);
#5328=ADVANCED_FACE('',(#4765,#4766),#5024,.F.);
#5329=ADVANCED_FACE('',(#4767),#5025,.T.);
#5330=ADVANCED_FACE('',(#4768),#5026,.T.);
#5331=ADVANCED_FACE('',(#4769),#5027,.T.);
#5332=ADVANCED_FACE('',(#4770),#5028,.F.);
#5333=ADVANCED_FACE('',(#4771),#5029,.F.);
#5334=ADVANCED_FACE('',(#4772),#5030,.F.);
#5335=ADVANCED_FACE('',(#4773),#5031,.F.);
#5336=ADVANCED_FACE('',(#4774),#5032,.F.);
#5337=ADVANCED_FACE('',(#4775),#5033,.F.);
#5338=ADVANCED_FACE('',(#4776,#4777),#177,.F.);
#5339=ADVANCED_FACE('',(#4778,#4779),#178,.T.);
#5340=ADVANCED_FACE('',(#4780,#4781),#16,.T.);
#5341=ADVANCED_FACE('',(#4782,#4783),#179,.T.);
#5342=ADVANCED_FACE('',(#4784,#4785),#180,.T.);
#5343=ADVANCED_FACE('',(#4786),#5034,.F.);
#5344=ADVANCED_FACE('',(#4787,#4788),#5035,.T.);
#5345=ADVANCED_FACE('',(#4789),#5036,.T.);
#5346=ADVANCED_FACE('',(#4790),#181,.T.);
#5347=ADVANCED_FACE('',(#4791),#5037,.T.);
#5348=ADVANCED_FACE('',(#4792),#182,.T.);
#5349=ADVANCED_FACE('',(#4793),#5038,.T.);
#5350=ADVANCED_FACE('',(#4794),#183,.T.);
#5351=ADVANCED_FACE('',(#4795),#5039,.T.);
#5352=ADVANCED_FACE('',(#4796),#184,.T.);
#5353=ADVANCED_FACE('',(#4797),#5040,.T.);
#5354=ADVANCED_FACE('',(#4798),#185,.T.);
#5355=ADVANCED_FACE('',(#4799),#5041,.T.);
#5356=ADVANCED_FACE('',(#4800),#186,.T.);
#5357=ADVANCED_FACE('',(#4801,#4802),#5042,.T.);
#5358=ADVANCED_FACE('',(#4803,#4804),#5043,.T.);
#5359=ADVANCED_FACE('',(#4805,#4806,#4807,#4808,#4809),#5044,.T.);
#5360=ADVANCED_FACE('',(#4810),#5045,.T.);
#5361=ADVANCED_FACE('',(#4811),#5046,.T.);
#5362=ADVANCED_FACE('',(#4812),#5047,.T.);
#5363=ADVANCED_FACE('',(#4813),#5048,.T.);
#5364=ADVANCED_FACE('',(#4814,#4815),#187,.T.);
#5365=ADVANCED_FACE('',(#4816,#4817),#188,.T.);
#5366=ADVANCED_FACE('',(#4818,#4819),#189,.T.);
#5367=ADVANCED_FACE('',(#4820,#4821),#190,.T.);
#5368=ADVANCED_FACE('',(#4822,#4823),#191,.F.);
#5369=ADVANCED_FACE('',(#4824,#4825),#192,.T.);
#5370=ADVANCED_FACE('',(#4826,#4827),#38,.T.);
#5371=ADVANCED_FACE('',(#4828,#4829),#193,.T.);
#5372=ADVANCED_FACE('',(#4830,#4831),#39,.T.);
#5373=ADVANCED_FACE('',(#4832,#4833),#194,.T.);
#5374=ADVANCED_FACE('',(#4834,#4835),#195,.T.);
#5375=ADVANCED_FACE('',(#4836,#4837),#40,.T.);
#5376=CLOSED_SHELL('',(#5049,#5050,#5051,#5052,#5053,#5054,#5055,#5056,
#5057,#5058,#5059,#5060,#5061,#5062,#5063,#5064,#5065,#5066,#5067,#5068,
#5069,#5070,#5071,#5072,#5073,#5074,#5075,#5076,#5077,#5078,#5079,#5080,
#5081,#5082,#5083));
#5377=CLOSED_SHELL('',(#5084,#5085,#5086,#5087,#5088,#5089,#5090,#5091,
#5092,#5093,#5094,#5095,#5096,#5097,#5098,#5099,#5100,#5101,#5102,#5103,
#5104,#5105,#5106,#5107,#5108,#5109,#5110,#5111,#5112,#5113,#5114,#5115,
#5116,#5117,#5118,#5119,#5120,#5121,#5122,#5123,#5124,#5125,#5126,#5127,
#5128,#5129,#5130,#5131,#5132,#5133,#5134,#5135,#5136,#5137,#5138,#5139,
#5140,#5141,#5142,#5143,#5144,#5145,#5146,#5147,#5148,#5149,#5150,#5151,
#5152,#5153,#5154,#5155,#5156,#5157,#5158,#5159,#5160,#5161,#5162,#5163,
#5164,#5165,#5166,#5167,#5168,#5169,#5170,#5171,#5172,#5173,#5174,#5175,
#5176,#5177,#5178,#5179,#5180,#5181,#5182,#5183,#5184,#5185,#5186,#5187,
#5188,#5189,#5190,#5191,#5192,#5193,#5194,#5195,#5196,#5197,#5198,#5199,
#5200,#5201,#5202,#5203,#5204,#5205,#5206,#5207,#5208,#5209,#5210,#5211,
#5212,#5213,#5214,#5215,#5216,#5217,#5218,#5219,#5220,#5221,#5222,#5223,
#5224,#5225,#5226,#5227,#5228,#5229,#5230,#5231,#5232,#5233,#5234,#5235,
#5236,#5237,#5238,#5239,#5240,#5241,#5242,#5243,#5244,#5245,#5246));
#5378=CLOSED_SHELL('',(#5247,#5248,#5249,#5250,#5251,#5252,#5253,#5254,
#5255,#5256,#5257,#5258,#5259,#5260,#5261,#5262,#5263,#5264,#5265,#5266,
#5267,#5268,#5269,#5270,#5271,#5272,#5273,#5274,#5275,#5276,#5277,#5278,
#5279));
#5379=CLOSED_SHELL('',(#5280,#5281,#5282,#5283,#5284,#5285,#5286,#5287,
#5288,#5289,#5290,#5291,#5292,#5293,#5294,#5295,#5296,#5297,#5298,#5299,
#5300,#5301,#5302,#5303,#5304,#5305,#5306,#5307,#5308,#5309,#5310,#5311,
#5312,#5313,#5314));
#5380=CLOSED_SHELL('',(#5315,#5316,#5317,#5318,#5319,#5320,#5321,#5322,
#5323,#5324,#5325,#5326,#5327,#5328,#5329,#5330,#5331,#5332,#5333,#5334,
#5335,#5336,#5337,#5338,#5339,#5340,#5341,#5342));
#5381=CLOSED_SHELL('',(#5343,#5344,#5345,#5346,#5347,#5348,#5349,#5350,
#5351,#5352,#5353,#5354,#5355,#5356,#5357,#5358,#5359,#5360,#5361,#5362,
#5363,#5364,#5365,#5366,#5367,#5368,#5369,#5370,#5371,#5372,#5373,#5374,
#5375));
#5382=STYLED_ITEM('',(#5388),#5552);
#5383=STYLED_ITEM('',(#5390),#5553);
#5384=STYLED_ITEM('',(#5394),#5554);
#5385=STYLED_ITEM('',(#5403),#5555);
#5386=STYLED_ITEM('',(#5405),#5556);
#5387=STYLED_ITEM('',(#5406),#5557);
#5388=PRESENTATION_STYLE_ASSIGNMENT((#5415));
#5389=PRESENTATION_STYLE_ASSIGNMENT((#5416));
#5390=PRESENTATION_STYLE_ASSIGNMENT((#5417));
#5391=PRESENTATION_STYLE_ASSIGNMENT((#5418));
#5392=PRESENTATION_STYLE_ASSIGNMENT((#5419));
#5393=PRESENTATION_STYLE_ASSIGNMENT((#5420));
#5394=PRESENTATION_STYLE_ASSIGNMENT((#5421));
#5395=PRESENTATION_STYLE_ASSIGNMENT((#5422));
#5396=PRESENTATION_STYLE_ASSIGNMENT((#5423));
#5397=PRESENTATION_STYLE_ASSIGNMENT((#5424));
#5398=PRESENTATION_STYLE_ASSIGNMENT((#5425));
#5399=PRESENTATION_STYLE_ASSIGNMENT((#5426));
#5400=PRESENTATION_STYLE_ASSIGNMENT((#5427));
#5401=PRESENTATION_STYLE_ASSIGNMENT((#5428));
#5402=PRESENTATION_STYLE_ASSIGNMENT((#5429));
#5403=PRESENTATION_STYLE_ASSIGNMENT((#5430));
#5404=PRESENTATION_STYLE_ASSIGNMENT((#5431));
#5405=PRESENTATION_STYLE_ASSIGNMENT((#5432));
#5406=PRESENTATION_STYLE_ASSIGNMENT((#5433));
#5407=PRESENTATION_STYLE_ASSIGNMENT((#5434));
#5408=PRESENTATION_STYLE_ASSIGNMENT((#5435));
#5409=PRESENTATION_STYLE_ASSIGNMENT((#5436));
#5410=PRESENTATION_STYLE_ASSIGNMENT((#5437));
#5411=PRESENTATION_STYLE_ASSIGNMENT((#5438));
#5412=PRESENTATION_STYLE_ASSIGNMENT((#5439));
#5413=PRESENTATION_STYLE_ASSIGNMENT((#5440));
#5414=PRESENTATION_STYLE_ASSIGNMENT((#5441));
#5415=SURFACE_STYLE_USAGE(.BOTH.,#5442);
#5416=SURFACE_STYLE_USAGE(.BOTH.,#5443);
#5417=SURFACE_STYLE_USAGE(.BOTH.,#5444);
#5418=SURFACE_STYLE_USAGE(.BOTH.,#5445);
#5419=SURFACE_STYLE_USAGE(.BOTH.,#5446);
#5420=SURFACE_STYLE_USAGE(.BOTH.,#5447);
#5421=SURFACE_STYLE_USAGE(.BOTH.,#5448);
#5422=SURFACE_STYLE_USAGE(.BOTH.,#5449);
#5423=SURFACE_STYLE_USAGE(.BOTH.,#5450);
#5424=SURFACE_STYLE_USAGE(.BOTH.,#5451);
#5425=SURFACE_STYLE_USAGE(.BOTH.,#5452);
#5426=SURFACE_STYLE_USAGE(.BOTH.,#5453);
#5427=SURFACE_STYLE_USAGE(.BOTH.,#5454);
#5428=SURFACE_STYLE_USAGE(.BOTH.,#5455);
#5429=SURFACE_STYLE_USAGE(.BOTH.,#5456);
#5430=SURFACE_STYLE_USAGE(.BOTH.,#5457);
#5431=SURFACE_STYLE_USAGE(.BOTH.,#5458);
#5432=SURFACE_STYLE_USAGE(.BOTH.,#5459);
#5433=SURFACE_STYLE_USAGE(.BOTH.,#5460);
#5434=SURFACE_STYLE_USAGE(.BOTH.,#5461);
#5435=SURFACE_STYLE_USAGE(.BOTH.,#5462);
#5436=SURFACE_STYLE_USAGE(.BOTH.,#5463);
#5437=SURFACE_STYLE_USAGE(.BOTH.,#5464);
#5438=SURFACE_STYLE_USAGE(.BOTH.,#5465);
#5439=SURFACE_STYLE_USAGE(.BOTH.,#5466);
#5440=SURFACE_STYLE_USAGE(.BOTH.,#5467);
#5441=SURFACE_STYLE_USAGE(.BOTH.,#5468);
#5442=SURFACE_SIDE_STYLE('',(#5469));
#5443=SURFACE_SIDE_STYLE('',(#5470));
#5444=SURFACE_SIDE_STYLE('',(#5471));
#5445=SURFACE_SIDE_STYLE('',(#5472));
#5446=SURFACE_SIDE_STYLE('',(#5473));
#5447=SURFACE_SIDE_STYLE('',(#5474));
#5448=SURFACE_SIDE_STYLE('',(#5475));
#5449=SURFACE_SIDE_STYLE('',(#5476));
#5450=SURFACE_SIDE_STYLE('',(#5477));
#5451=SURFACE_SIDE_STYLE('',(#5478));
#5452=SURFACE_SIDE_STYLE('',(#5479));
#5453=SURFACE_SIDE_STYLE('',(#5480));
#5454=SURFACE_SIDE_STYLE('',(#5481));
#5455=SURFACE_SIDE_STYLE('',(#5482));
#5456=SURFACE_SIDE_STYLE('',(#5483));
#5457=SURFACE_SIDE_STYLE('',(#5484));
#5458=SURFACE_SIDE_STYLE('',(#5485));
#5459=SURFACE_SIDE_STYLE('',(#5486));
#5460=SURFACE_SIDE_STYLE('',(#5487));
#5461=SURFACE_SIDE_STYLE('',(#5488));
#5462=SURFACE_SIDE_STYLE('',(#5489));
#5463=SURFACE_SIDE_STYLE('',(#5490));
#5464=SURFACE_SIDE_STYLE('',(#5491));
#5465=SURFACE_SIDE_STYLE('',(#5492));
#5466=SURFACE_SIDE_STYLE('',(#5493));
#5467=SURFACE_SIDE_STYLE('',(#5494));
#5468=SURFACE_SIDE_STYLE('',(#5495));
#5469=SURFACE_STYLE_FILL_AREA(#5496);
#5470=SURFACE_STYLE_FILL_AREA(#5497);
#5471=SURFACE_STYLE_FILL_AREA(#5498);
#5472=SURFACE_STYLE_FILL_AREA(#5499);
#5473=SURFACE_STYLE_FILL_AREA(#5500);
#5474=SURFACE_STYLE_FILL_AREA(#5501);
#5475=SURFACE_STYLE_FILL_AREA(#5502);
#5476=SURFACE_STYLE_FILL_AREA(#5503);
#5477=SURFACE_STYLE_FILL_AREA(#5504);
#5478=SURFACE_STYLE_FILL_AREA(#5505);
#5479=SURFACE_STYLE_FILL_AREA(#5506);
#5480=SURFACE_STYLE_FILL_AREA(#5507);
#5481=SURFACE_STYLE_FILL_AREA(#5508);
#5482=SURFACE_STYLE_FILL_AREA(#5509);
#5483=SURFACE_STYLE_FILL_AREA(#5510);
#5484=SURFACE_STYLE_FILL_AREA(#5511);
#5485=SURFACE_STYLE_FILL_AREA(#5512);
#5486=SURFACE_STYLE_FILL_AREA(#5513);
#5487=SURFACE_STYLE_FILL_AREA(#5514);
#5488=SURFACE_STYLE_FILL_AREA(#5515);
#5489=SURFACE_STYLE_FILL_AREA(#5516);
#5490=SURFACE_STYLE_FILL_AREA(#5517);
#5491=SURFACE_STYLE_FILL_AREA(#5518);
#5492=SURFACE_STYLE_FILL_AREA(#5519);
#5493=SURFACE_STYLE_FILL_AREA(#5520);
#5494=SURFACE_STYLE_FILL_AREA(#5521);
#5495=SURFACE_STYLE_FILL_AREA(#5522);
#5496=FILL_AREA_STYLE('',(#5523));
#5497=FILL_AREA_STYLE('',(#5524));
#5498=FILL_AREA_STYLE('',(#5525));
#5499=FILL_AREA_STYLE('',(#5526));
#5500=FILL_AREA_STYLE('',(#5527));
#5501=FILL_AREA_STYLE('',(#5528));
#5502=FILL_AREA_STYLE('',(#5529));
#5503=FILL_AREA_STYLE('',(#5530));
#5504=FILL_AREA_STYLE('',(#5531));
#5505=FILL_AREA_STYLE('',(#5532));
#5506=FILL_AREA_STYLE('',(#5533));
#5507=FILL_AREA_STYLE('',(#5534));
#5508=FILL_AREA_STYLE('',(#5535));
#5509=FILL_AREA_STYLE('',(#5536));
#5510=FILL_AREA_STYLE('',(#5537));
#5511=FILL_AREA_STYLE('',(#5538));
#5512=FILL_AREA_STYLE('',(#5539));
#5513=FILL_AREA_STYLE('',(#5540));
#5514=FILL_AREA_STYLE('',(#5541));
#5515=FILL_AREA_STYLE('',(#5542));
#5516=FILL_AREA_STYLE('',(#5543));
#5517=FILL_AREA_STYLE('',(#5544));
#5518=FILL_AREA_STYLE('',(#5545));
#5519=FILL_AREA_STYLE('',(#5546));
#5520=FILL_AREA_STYLE('',(#5547));
#5521=FILL_AREA_STYLE('',(#5548));
#5522=FILL_AREA_STYLE('',(#5549));
#5523=FILL_AREA_STYLE_COLOUR('',#5550);
#5524=FILL_AREA_STYLE_COLOUR('',#100);
#5525=FILL_AREA_STYLE_COLOUR('',#5551);
#5526=FILL_AREA_STYLE_COLOUR('',#100);
#5527=FILL_AREA_STYLE_COLOUR('',#100);
#5528=FILL_AREA_STYLE_COLOUR('',#100);
#5529=FILL_AREA_STYLE_COLOUR('',#5550);
#5530=FILL_AREA_STYLE_COLOUR('',#101);
#5531=FILL_AREA_STYLE_COLOUR('',#101);
#5532=FILL_AREA_STYLE_COLOUR('',#101);
#5533=FILL_AREA_STYLE_COLOUR('',#101);
#5534=FILL_AREA_STYLE_COLOUR('',#101);
#5535=FILL_AREA_STYLE_COLOUR('',#101);
#5536=FILL_AREA_STYLE_COLOUR('',#101);
#5537=FILL_AREA_STYLE_COLOUR('',#101);
#5538=FILL_AREA_STYLE_COLOUR('',#5550);
#5539=FILL_AREA_STYLE_COLOUR('',#100);
#5540=FILL_AREA_STYLE_COLOUR('',#5550);
#5541=FILL_AREA_STYLE_COLOUR('',#5550);
#5542=FILL_AREA_STYLE_COLOUR('',#101);
#5543=FILL_AREA_STYLE_COLOUR('',#101);
#5544=FILL_AREA_STYLE_COLOUR('',#101);
#5545=FILL_AREA_STYLE_COLOUR('',#101);
#5546=FILL_AREA_STYLE_COLOUR('',#101);
#5547=FILL_AREA_STYLE_COLOUR('',#101);
#5548=FILL_AREA_STYLE_COLOUR('',#101);
#5549=FILL_AREA_STYLE_COLOUR('',#101);
#5550=COLOUR_RGB('',0.752941176470588,0.752941176470588,0.752941176470588);
#5551=COLOUR_RGB('',0.501960784313726,0.501960784313726,0.501960784313726);
#5552=MANIFOLD_SOLID_BREP('6',#5376);
#5553=MANIFOLD_SOLID_BREP('1',#5377);
#5554=MANIFOLD_SOLID_BREP('4',#5378);
#5555=MANIFOLD_SOLID_BREP('5',#5379);
#5556=MANIFOLD_SOLID_BREP('2',#5380);
#5557=MANIFOLD_SOLID_BREP('3',#5381);
#5558=SHAPE_DEFINITION_REPRESENTATION(#9207,#5565);
#5559=SHAPE_DEFINITION_REPRESENTATION(#9208,#5566);
#5560=SHAPE_DEFINITION_REPRESENTATION(#9210,#5567);
#5561=SHAPE_DEFINITION_REPRESENTATION(#9212,#5568);
#5562=SHAPE_DEFINITION_REPRESENTATION(#9214,#5569);
#5563=SHAPE_DEFINITION_REPRESENTATION(#9216,#5570);
#5564=SHAPE_DEFINITION_REPRESENTATION(#9218,#5571);
#5565=SHAPE_REPRESENTATION('Assembly 1',(#5572,#5628,#5882,#5947,#6003,
#6046,#6111),#9190);
#5566=SHAPE_REPRESENTATION('6',(#5572),#9191);
#5567=SHAPE_REPRESENTATION('1',(#5572),#9192);
#5568=SHAPE_REPRESENTATION('4',(#5572),#9193);
#5569=SHAPE_REPRESENTATION('5',(#5572),#9194);
#5570=SHAPE_REPRESENTATION('2',(#5572),#9195);
#5571=SHAPE_REPRESENTATION('3',(#5572),#9196);
#5572=AXIS2_PLACEMENT_3D('',#7670,#6112,#6113);
#5573=AXIS2_PLACEMENT_3D('',#7671,#6114,#6115);
#5574=AXIS2_PLACEMENT_3D('',#7680,#6120,#6121);
#5575=AXIS2_PLACEMENT_3D('',#7689,#6126,#6127);
#5576=AXIS2_PLACEMENT_3D('',#7695,#6131,#6132);
#5577=AXIS2_PLACEMENT_3D('',#7701,#6136,#6137);
#5578=AXIS2_PLACEMENT_3D('',#7703,#6139,#6140);
#5579=AXIS2_PLACEMENT_3D('',#7704,#6141,#6142);
#5580=AXIS2_PLACEMENT_3D('',#7706,#6143,#6144);
#5581=AXIS2_PLACEMENT_3D('',#7708,#6145,#6146);
#5582=AXIS2_PLACEMENT_3D('',#7709,#6147,#6148);
#5583=AXIS2_PLACEMENT_3D('',#7711,#6149,#6150);
#5584=AXIS2_PLACEMENT_3D('',#7713,#6151,#6152);
#5585=AXIS2_PLACEMENT_3D('',#7714,#6153,#6154);
#5586=AXIS2_PLACEMENT_3D('',#7716,#6155,#6156);
#5587=AXIS2_PLACEMENT_3D('',#7718,#6157,#6158);
#5588=AXIS2_PLACEMENT_3D('',#7719,#6159,#6160);
#5589=AXIS2_PLACEMENT_3D('',#7721,#6161,#6162);
#5590=AXIS2_PLACEMENT_3D('',#7723,#6163,#6164);
#5591=AXIS2_PLACEMENT_3D('',#7724,#6165,#6166);
#5592=AXIS2_PLACEMENT_3D('',#7729,#6168,#6169);
#5593=AXIS2_PLACEMENT_3D('',#7732,#6171,#6172);
#5594=AXIS2_PLACEMENT_3D('',#7738,#6176,#6177);
#5595=AXIS2_PLACEMENT_3D('',#7739,#6178,#6179);
#5596=AXIS2_PLACEMENT_3D('',#7743,#6181,#6182);
#5597=AXIS2_PLACEMENT_3D('',#7744,#6183,#6184);
#5598=AXIS2_PLACEMENT_3D('',#7750,#6188,#6189);
#5599=AXIS2_PLACEMENT_3D('',#7751,#6190,#6191);
#5600=AXIS2_PLACEMENT_3D('',#7755,#6193,#6194);
#5601=AXIS2_PLACEMENT_3D('',#7756,#6195,#6196);
#5602=AXIS2_PLACEMENT_3D('',#7762,#6200,#6201);
#5603=AXIS2_PLACEMENT_3D('',#7763,#6202,#6203);
#5604=AXIS2_PLACEMENT_3D('',#7767,#6205,#6206);
#5605=AXIS2_PLACEMENT_3D('',#7768,#6207,#6208);
#5606=AXIS2_PLACEMENT_3D('',#7771,#6211,#6212);
#5607=AXIS2_PLACEMENT_3D('',#7772,#6213,#6214);
#5608=AXIS2_PLACEMENT_3D('',#7774,#6215,#6216);
#5609=AXIS2_PLACEMENT_3D('',#7776,#6217,#6218);
#5610=AXIS2_PLACEMENT_3D('',#7789,#6225,#6226);
#5611=AXIS2_PLACEMENT_3D('',#7790,#6227,#6228);
#5612=AXIS2_PLACEMENT_3D('',#7792,#6229,#6230);
#5613=AXIS2_PLACEMENT_3D('',#7803,#6236,#6237);
#5614=AXIS2_PLACEMENT_3D('',#7807,#6240,#6241);
#5615=AXIS2_PLACEMENT_3D('',#7816,#6247,#6248);
#5616=AXIS2_PLACEMENT_3D('',#7818,#6250,#6251);
#5617=AXIS2_PLACEMENT_3D('',#7820,#6253,#6254);
#5618=AXIS2_PLACEMENT_3D('',#7825,#6258,#6259);
#5619=AXIS2_PLACEMENT_3D('',#7827,#6261,#6262);
#5620=AXIS2_PLACEMENT_3D('',#7831,#6265,#6266);
#5621=AXIS2_PLACEMENT_3D('',#7833,#6268,#6269);
#5622=AXIS2_PLACEMENT_3D('',#7834,#6270,#6271);
#5623=AXIS2_PLACEMENT_3D('',#7835,#6272,#6273);
#5624=AXIS2_PLACEMENT_3D('',#7836,#6274,#6275);
#5625=AXIS2_PLACEMENT_3D('',#7837,#6276,#6277);
#5626=AXIS2_PLACEMENT_3D('',#7838,#6278,#6279);
#5627=AXIS2_PLACEMENT_3D('',#7839,#6280,#6281);
#5628=AXIS2_PLACEMENT_3D('',#7840,#6282,#6283);
#5629=AXIS2_PLACEMENT_3D('',#7841,#6284,#6285);
#5630=AXIS2_PLACEMENT_3D('',#7842,#6286,#6287);
#5631=AXIS2_PLACEMENT_3D('',#7844,#6288,#6289);
#5632=AXIS2_PLACEMENT_3D('',#7846,#6290,#6291);
#5633=AXIS2_PLACEMENT_3D('',#7848,#6292,#6293);
#5634=AXIS2_PLACEMENT_3D('',#7850,#6294,#6295);
#5635=AXIS2_PLACEMENT_3D('',#7852,#6296,#6297);
#5636=AXIS2_PLACEMENT_3D('',#7854,#6298,#6299);
#5637=AXIS2_PLACEMENT_3D('',#7856,#6300,#6301);
#5638=AXIS2_PLACEMENT_3D('',#7858,#6302,#6303);
#5639=AXIS2_PLACEMENT_3D('',#7860,#6304,#6305);
#5640=AXIS2_PLACEMENT_3D('',#7862,#6306,#6307);
#5641=AXIS2_PLACEMENT_3D('',#7864,#6308,#6309);
#5642=AXIS2_PLACEMENT_3D('',#7866,#6310,#6311);
#5643=AXIS2_PLACEMENT_3D('',#7875,#6315,#6316);
#5644=AXIS2_PLACEMENT_3D('',#7879,#6318,#6319);
#5645=AXIS2_PLACEMENT_3D('',#7883,#6321,#6322);
#5646=AXIS2_PLACEMENT_3D('',#7887,#6324,#6325);
#5647=AXIS2_PLACEMENT_3D('',#7891,#6327,#6328);
#5648=AXIS2_PLACEMENT_3D('',#7895,#6330,#6331);
#5649=AXIS2_PLACEMENT_3D('',#7904,#6336,#6337);
#5650=AXIS2_PLACEMENT_3D('',#7912,#6341,#6342);
#5651=AXIS2_PLACEMENT_3D('',#7916,#6344,#6345);
#5652=AXIS2_PLACEMENT_3D('',#7925,#6350,#6351);
#5653=AXIS2_PLACEMENT_3D('',#7926,#6352,#6353);
#5654=AXIS2_PLACEMENT_3D('',#7940,#6360,#6361);
#5655=AXIS2_PLACEMENT_3D('',#7941,#6362,#6363);
#5656=AXIS2_PLACEMENT_3D('',#7943,#6364,#6365);
#5657=AXIS2_PLACEMENT_3D('',#7945,#6366,#6367);
#5658=AXIS2_PLACEMENT_3D('',#7946,#6368,#6369);
#5659=AXIS2_PLACEMENT_3D('',#7960,#6376,#6377);
#5660=AXIS2_PLACEMENT_3D('',#7961,#6378,#6379);
#5661=AXIS2_PLACEMENT_3D('',#7963,#6380,#6381);
#5662=AXIS2_PLACEMENT_3D('',#7965,#6382,#6383);
#5663=AXIS2_PLACEMENT_3D('',#7966,#6384,#6385);
#5664=AXIS2_PLACEMENT_3D('',#7980,#6392,#6393);
#5665=AXIS2_PLACEMENT_3D('',#7981,#6394,#6395);
#5666=AXIS2_PLACEMENT_3D('',#7983,#6396,#6397);
#5667=AXIS2_PLACEMENT_3D('',#7985,#6398,#6399);
#5668=AXIS2_PLACEMENT_3D('',#7986,#6400,#6401);
#5669=AXIS2_PLACEMENT_3D('',#8000,#6408,#6409);
#5670=AXIS2_PLACEMENT_3D('',#8001,#6410,#6411);
#5671=AXIS2_PLACEMENT_3D('',#8003,#6412,#6413);
#5672=AXIS2_PLACEMENT_3D('',#8005,#6414,#6415);
#5673=AXIS2_PLACEMENT_3D('',#8006,#6416,#6417);
#5674=AXIS2_PLACEMENT_3D('',#8020,#6424,#6425);
#5675=AXIS2_PLACEMENT_3D('',#8021,#6426,#6427);
#5676=AXIS2_PLACEMENT_3D('',#8023,#6428,#6429);
#5677=AXIS2_PLACEMENT_3D('',#8025,#6430,#6431);
#5678=AXIS2_PLACEMENT_3D('',#8026,#6432,#6433);
#5679=AXIS2_PLACEMENT_3D('',#8040,#6440,#6441);
#5680=AXIS2_PLACEMENT_3D('',#8041,#6442,#6443);
#5681=AXIS2_PLACEMENT_3D('',#8043,#6444,#6445);
#5682=AXIS2_PLACEMENT_3D('',#8045,#6446,#6447);
#5683=AXIS2_PLACEMENT_3D('',#8058,#6454,#6455);
#5684=AXIS2_PLACEMENT_3D('',#8061,#6458,#6459);
#5685=AXIS2_PLACEMENT_3D('',#8063,#6461,#6462);
#5686=AXIS2_PLACEMENT_3D('',#8065,#6464,#6465);
#5687=AXIS2_PLACEMENT_3D('',#8067,#6467,#6468);
#5688=AXIS2_PLACEMENT_3D('',#8069,#6470,#6471);
#5689=AXIS2_PLACEMENT_3D('',#8070,#6472,#6473);
#5690=AXIS2_PLACEMENT_3D('',#8083,#6480,#6481);
#5691=AXIS2_PLACEMENT_3D('',#8086,#6484,#6485);
#5692=AXIS2_PLACEMENT_3D('',#8088,#6487,#6488);
#5693=AXIS2_PLACEMENT_3D('',#8090,#6490,#6491);
#5694=AXIS2_PLACEMENT_3D('',#8092,#6493,#6494);
#5695=AXIS2_PLACEMENT_3D('',#8094,#6496,#6497);
#5696=AXIS2_PLACEMENT_3D('',#8095,#6498,#6499);
#5697=AXIS2_PLACEMENT_3D('',#8108,#6506,#6507);
#5698=AXIS2_PLACEMENT_3D('',#8111,#6510,#6511);
#5699=AXIS2_PLACEMENT_3D('',#8113,#6513,#6514);
#5700=AXIS2_PLACEMENT_3D('',#8115,#6516,#6517);
#5701=AXIS2_PLACEMENT_3D('',#8117,#6519,#6520);
#5702=AXIS2_PLACEMENT_3D('',#8119,#6522,#6523);
#5703=AXIS2_PLACEMENT_3D('',#8120,#6524,#6525);
#5704=AXIS2_PLACEMENT_3D('',#8133,#6532,#6533);
#5705=AXIS2_PLACEMENT_3D('',#8136,#6536,#6537);
#5706=AXIS2_PLACEMENT_3D('',#8138,#6539,#6540);
#5707=AXIS2_PLACEMENT_3D('',#8140,#6542,#6543);
#5708=AXIS2_PLACEMENT_3D('',#8142,#6545,#6546);
#5709=AXIS2_PLACEMENT_3D('',#8144,#6548,#6549);
#5710=AXIS2_PLACEMENT_3D('',#8145,#6550,#6551);
#5711=AXIS2_PLACEMENT_3D('',#8158,#6558,#6559);
#5712=AXIS2_PLACEMENT_3D('',#8161,#6562,#6563);
#5713=AXIS2_PLACEMENT_3D('',#8163,#6565,#6566);
#5714=AXIS2_PLACEMENT_3D('',#8165,#6568,#6569);
#5715=AXIS2_PLACEMENT_3D('',#8167,#6571,#6572);
#5716=AXIS2_PLACEMENT_3D('',#8169,#6574,#6575);
#5717=AXIS2_PLACEMENT_3D('',#8170,#6576,#6577);
#5718=AXIS2_PLACEMENT_3D('',#8183,#6584,#6585);
#5719=AXIS2_PLACEMENT_3D('',#8186,#6588,#6589);
#5720=AXIS2_PLACEMENT_3D('',#8188,#6591,#6592);
#5721=AXIS2_PLACEMENT_3D('',#8190,#6594,#6595);
#5722=AXIS2_PLACEMENT_3D('',#8192,#6597,#6598);
#5723=AXIS2_PLACEMENT_3D('',#8194,#6600,#6601);
#5724=AXIS2_PLACEMENT_3D('',#8195,#6602,#6603);
#5725=AXIS2_PLACEMENT_3D('',#8204,#6608,#6609);
#5726=AXIS2_PLACEMENT_3D('',#8213,#6614,#6615);
#5727=AXIS2_PLACEMENT_3D('',#8219,#6619,#6620);
#5728=AXIS2_PLACEMENT_3D('',#8220,#6621,#6622);
#5729=AXIS2_PLACEMENT_3D('',#8225,#6625,#6626);
#5730=AXIS2_PLACEMENT_3D('',#8229,#6628,#6629);
#5731=AXIS2_PLACEMENT_3D('',#8233,#6631,#6632);
#5732=AXIS2_PLACEMENT_3D('',#8237,#6634,#6635);
#5733=AXIS2_PLACEMENT_3D('',#8241,#6637,#6638);
#5734=AXIS2_PLACEMENT_3D('',#8242,#6639,#6640);
#5735=AXIS2_PLACEMENT_3D('',#8245,#6642,#6643);
#5736=AXIS2_PLACEMENT_3D('',#8248,#6645,#6646);
#5737=AXIS2_PLACEMENT_3D('',#8252,#6649,#6650);
#5738=AXIS2_PLACEMENT_3D('',#8255,#6652,#6653);
#5739=AXIS2_PLACEMENT_3D('',#8256,#6654,#6655);
#5740=AXIS2_PLACEMENT_3D('',#8260,#6658,#6659);
#5741=AXIS2_PLACEMENT_3D('',#8263,#6661,#6662);
#5742=AXIS2_PLACEMENT_3D('',#8264,#6663,#6664);
#5743=AXIS2_PLACEMENT_3D('',#8268,#6667,#6668);
#5744=AXIS2_PLACEMENT_3D('',#8271,#6670,#6671);
#5745=AXIS2_PLACEMENT_3D('',#8272,#6672,#6673);
#5746=AXIS2_PLACEMENT_3D('',#8274,#6675,#6676);
#5747=AXIS2_PLACEMENT_3D('',#8275,#6677,#6678);
#5748=AXIS2_PLACEMENT_3D('',#8280,#6680,#6681);
#5749=AXIS2_PLACEMENT_3D('',#8283,#6683,#6684);
#5750=AXIS2_PLACEMENT_3D('',#8289,#6688,#6689);
#5751=AXIS2_PLACEMENT_3D('',#8290,#6690,#6691);
#5752=AXIS2_PLACEMENT_3D('',#8294,#6693,#6694);
#5753=AXIS2_PLACEMENT_3D('',#8295,#6695,#6696);
#5754=AXIS2_PLACEMENT_3D('',#8296,#6697,#6698);
#5755=AXIS2_PLACEMENT_3D('',#8301,#6701,#6702);
#5756=AXIS2_PLACEMENT_3D('',#8305,#6705,#6706);
#5757=AXIS2_PLACEMENT_3D('',#8306,#6707,#6708);
#5758=AXIS2_PLACEMENT_3D('',#8309,#6710,#6711);
#5759=AXIS2_PLACEMENT_3D('',#8315,#6715,#6716);
#5760=AXIS2_PLACEMENT_3D('',#8321,#6720,#6721);
#5761=AXIS2_PLACEMENT_3D('',#8325,#6724,#6725);
#5762=AXIS2_PLACEMENT_3D('',#8326,#6726,#6727);
#5763=AXIS2_PLACEMENT_3D('',#8329,#6729,#6730);
#5764=AXIS2_PLACEMENT_3D('',#8344,#6739,#6740);
#5765=AXIS2_PLACEMENT_3D('',#8352,#6744,#6745);
#5766=AXIS2_PLACEMENT_3D('',#8356,#6747,#6748);
#5767=AXIS2_PLACEMENT_3D('',#8360,#6750,#6751);
#5768=AXIS2_PLACEMENT_3D('',#8364,#6753,#6754);
#5769=AXIS2_PLACEMENT_3D('',#8368,#6756,#6757);
#5770=AXIS2_PLACEMENT_3D('',#8372,#6759,#6760);
#5771=AXIS2_PLACEMENT_3D('',#8377,#6763,#6764);
#5772=AXIS2_PLACEMENT_3D('',#8380,#6767,#6768);
#5773=AXIS2_PLACEMENT_3D('',#8382,#6770,#6771);
#5774=AXIS2_PLACEMENT_3D('',#8384,#6773,#6774);
#5775=AXIS2_PLACEMENT_3D('',#8386,#6776,#6777);
#5776=AXIS2_PLACEMENT_3D('',#8388,#6779,#6780);
#5777=AXIS2_PLACEMENT_3D('',#8390,#6782,#6783);
#5778=AXIS2_PLACEMENT_3D('',#8392,#6785,#6786);
#5779=AXIS2_PLACEMENT_3D('',#8394,#6788,#6789);
#5780=AXIS2_PLACEMENT_3D('',#8396,#6791,#6792);
#5781=AXIS2_PLACEMENT_3D('',#8399,#6795,#6796);
#5782=AXIS2_PLACEMENT_3D('',#8400,#6797,#6798);
#5783=AXIS2_PLACEMENT_3D('',#8401,#6799,#6800);
#5784=AXIS2_PLACEMENT_3D('',#8406,#6802,#6803);
#5785=AXIS2_PLACEMENT_3D('',#8409,#6805,#6806);
#5786=AXIS2_PLACEMENT_3D('',#8415,#6810,#6811);
#5787=AXIS2_PLACEMENT_3D('',#8416,#6812,#6813);
#5788=AXIS2_PLACEMENT_3D('',#8420,#6815,#6816);
#5789=AXIS2_PLACEMENT_3D('',#8421,#6817,#6818);
#5790=AXIS2_PLACEMENT_3D('',#8426,#6822,#6823);
#5791=AXIS2_PLACEMENT_3D('',#8435,#6829,#6830);
#5792=AXIS2_PLACEMENT_3D('',#8439,#6833,#6834);
#5793=AXIS2_PLACEMENT_3D('',#8447,#6839,#6840);
#5794=AXIS2_PLACEMENT_3D('',#8455,#6845,#6846);
#5795=AXIS2_PLACEMENT_3D('',#8463,#6851,#6852);
#5796=AXIS2_PLACEMENT_3D('',#8471,#6857,#6858);
#5797=AXIS2_PLACEMENT_3D('',#8476,#6862,#6863);
#5798=AXIS2_PLACEMENT_3D('',#8478,#6865,#6866);
#5799=AXIS2_PLACEMENT_3D('',#8484,#6870,#6871);
#5800=AXIS2_PLACEMENT_3D('',#8492,#6877,#6878);
#5801=AXIS2_PLACEMENT_3D('',#8493,#6879,#6880);
#5802=AXIS2_PLACEMENT_3D('',#8497,#6883,#6884);
#5803=AXIS2_PLACEMENT_3D('',#8499,#6885,#6886);
#5804=AXIS2_PLACEMENT_3D('',#8501,#6887,#6888);
#5805=AXIS2_PLACEMENT_3D('',#8506,#6892,#6893);
#5806=AXIS2_PLACEMENT_3D('',#8507,#6894,#6895);
#5807=AXIS2_PLACEMENT_3D('',#8510,#6898,#6899);
#5808=AXIS2_PLACEMENT_3D('',#8512,#6901,#6902);
#5809=AXIS2_PLACEMENT_3D('',#8513,#6903,#6904);
#5810=AXIS2_PLACEMENT_3D('',#8514,#6905,#6906);
#5811=AXIS2_PLACEMENT_3D('',#8517,#6908,#6909);
#5812=AXIS2_PLACEMENT_3D('',#8518,#6910,#6911);
#5813=AXIS2_PLACEMENT_3D('',#8522,#6914,#6915);
#5814=AXIS2_PLACEMENT_3D('',#8523,#6916,#6917);
#5815=AXIS2_PLACEMENT_3D('',#8524,#6918,#6919);
#5816=AXIS2_PLACEMENT_3D('',#8525,#6920,#6921);
#5817=AXIS2_PLACEMENT_3D('',#8526,#6922,#6923);
#5818=AXIS2_PLACEMENT_3D('',#8527,#6924,#6925);
#5819=AXIS2_PLACEMENT_3D('',#8530,#6927,#6928);
#5820=AXIS2_PLACEMENT_3D('',#8534,#6931,#6932);
#5821=AXIS2_PLACEMENT_3D('',#8535,#6933,#6934);
#5822=AXIS2_PLACEMENT_3D('',#8536,#6935,#6936);
#5823=AXIS2_PLACEMENT_3D('',#8537,#6937,#6938);
#5824=AXIS2_PLACEMENT_3D('',#8538,#6939,#6940);
#5825=AXIS2_PLACEMENT_3D('',#8544,#6943,#6944);
#5826=AXIS2_PLACEMENT_3D('',#8548,#6947,#6948);
#5827=AXIS2_PLACEMENT_3D('',#8550,#6950,#6951);
#5828=AXIS2_PLACEMENT_3D('',#8552,#6953,#6954);
#5829=AXIS2_PLACEMENT_3D('',#8553,#6955,#6956);
#5830=AXIS2_PLACEMENT_3D('',#8555,#6958,#6959);
#5831=AXIS2_PLACEMENT_3D('',#8556,#6960,#6961);
#5832=AXIS2_PLACEMENT_3D('',#8557,#6962,#6963);
#5833=AXIS2_PLACEMENT_3D('',#8559,#6964,#6965);
#5834=AXIS2_PLACEMENT_3D('',#8561,#6966,#6967);
#5835=AXIS2_PLACEMENT_3D('',#8562,#6968,#6969);
#5836=AXIS2_PLACEMENT_3D('',#8564,#6970,#6971);
#5837=AXIS2_PLACEMENT_3D('',#8566,#6972,#6973);
#5838=AXIS2_PLACEMENT_3D('',#8567,#6974,#6975);
#5839=AXIS2_PLACEMENT_3D('',#8569,#6976,#6977);
#5840=AXIS2_PLACEMENT_3D('',#8571,#6978,#6979);
#5841=AXIS2_PLACEMENT_3D('',#8572,#6980,#6981);
#5842=AXIS2_PLACEMENT_3D('',#8574,#6982,#6983);
#5843=AXIS2_PLACEMENT_3D('',#8576,#6984,#6985);
#5844=AXIS2_PLACEMENT_3D('',#8577,#6986,#6987);
#5845=AXIS2_PLACEMENT_3D('',#8579,#6988,#6989);
#5846=AXIS2_PLACEMENT_3D('',#8581,#6990,#6991);
#5847=AXIS2_PLACEMENT_3D('',#8582,#6992,#6993);
#5848=AXIS2_PLACEMENT_3D('',#8583,#6994,#6995);
#5849=AXIS2_PLACEMENT_3D('',#8585,#6996,#6997);
#5850=AXIS2_PLACEMENT_3D('',#8586,#6998,#6999);
#5851=AXIS2_PLACEMENT_3D('',#8587,#7000,#7001);
#5852=AXIS2_PLACEMENT_3D('',#8588,#7002,#7003);
#5853=AXIS2_PLACEMENT_3D('',#8590,#7004,#7005);
#5854=AXIS2_PLACEMENT_3D('',#8591,#7006,#7007);
#5855=AXIS2_PLACEMENT_3D('',#8592,#7008,#7009);
#5856=AXIS2_PLACEMENT_3D('',#8593,#7010,#7011);
#5857=AXIS2_PLACEMENT_3D('',#8595,#7012,#7013);
#5858=AXIS2_PLACEMENT_3D('',#8596,#7014,#7015);
#5859=AXIS2_PLACEMENT_3D('',#8597,#7016,#7017);
#5860=AXIS2_PLACEMENT_3D('',#8598,#7018,#7019);
#5861=AXIS2_PLACEMENT_3D('',#8600,#7020,#7021);
#5862=AXIS2_PLACEMENT_3D('',#8601,#7022,#7023);
#5863=AXIS2_PLACEMENT_3D('',#8602,#7024,#7025);
#5864=AXIS2_PLACEMENT_3D('',#8603,#7026,#7027);
#5865=AXIS2_PLACEMENT_3D('',#8605,#7028,#7029);
#5866=AXIS2_PLACEMENT_3D('',#8606,#7030,#7031);
#5867=AXIS2_PLACEMENT_3D('',#8607,#7032,#7033);
#5868=AXIS2_PLACEMENT_3D('',#8608,#7034,#7035);
#5869=AXIS2_PLACEMENT_3D('',#8610,#7036,#7037);
#5870=AXIS2_PLACEMENT_3D('',#8611,#7038,#7039);
#5871=AXIS2_PLACEMENT_3D('',#8613,#7040,#7041);
#5872=AXIS2_PLACEMENT_3D('',#8615,#7042,#7043);
#5873=AXIS2_PLACEMENT_3D('',#8616,#7044,#7045);
#5874=AXIS2_PLACEMENT_3D('',#8618,#7046,#7047);
#5875=AXIS2_PLACEMENT_3D('',#8620,#7048,#7049);
#5876=AXIS2_PLACEMENT_3D('',#8621,#7050,#7051);
#5877=AXIS2_PLACEMENT_3D('',#8623,#7052,#7053);
#5878=AXIS2_PLACEMENT_3D('',#8625,#7054,#7055);
#5879=AXIS2_PLACEMENT_3D('',#8626,#7056,#7057);
#5880=AXIS2_PLACEMENT_3D('',#8628,#7058,#7059);
#5881=AXIS2_PLACEMENT_3D('',#8630,#7060,#7061);
#5882=AXIS2_PLACEMENT_3D('',#8631,#7062,#7063);
#5883=AXIS2_PLACEMENT_3D('',#8632,#7064,#7065);
#5884=AXIS2_PLACEMENT_3D('',#8636,#7067,#7068);
#5885=AXIS2_PLACEMENT_3D('',#8640,#7070,#7071);
#5886=AXIS2_PLACEMENT_3D('',#8644,#7073,#7074);
#5887=AXIS2_PLACEMENT_3D('',#8648,#7076,#7077);
#5888=AXIS2_PLACEMENT_3D('',#8652,#7079,#7080);
#5889=AXIS2_PLACEMENT_3D('',#8656,#7082,#7083);
#5890=AXIS2_PLACEMENT_3D('',#8657,#7084,#7085);
#5891=AXIS2_PLACEMENT_3D('',#8658,#7086,#7087);
#5892=AXIS2_PLACEMENT_3D('',#8663,#7089,#7090);
#5893=AXIS2_PLACEMENT_3D('',#8667,#7092,#7093);
#5894=AXIS2_PLACEMENT_3D('',#8671,#7095,#7096);
#5895=AXIS2_PLACEMENT_3D('',#8675,#7098,#7099);
#5896=AXIS2_PLACEMENT_3D('',#8679,#7101,#7102);
#5897=AXIS2_PLACEMENT_3D('',#8682,#7104,#7105);
#5898=AXIS2_PLACEMENT_3D('',#8684,#7106,#7107);
#5899=AXIS2_PLACEMENT_3D('',#8687,#7110,#7111);
#5900=AXIS2_PLACEMENT_3D('',#8689,#7113,#7114);
#5901=AXIS2_PLACEMENT_3D('',#8691,#7116,#7117);
#5902=AXIS2_PLACEMENT_3D('',#8693,#7119,#7120);
#5903=AXIS2_PLACEMENT_3D('',#8695,#7122,#7123);
#5904=AXIS2_PLACEMENT_3D('',#8697,#7125,#7126);
#5905=AXIS2_PLACEMENT_3D('',#8699,#7128,#7129);
#5906=AXIS2_PLACEMENT_3D('',#8701,#7131,#7132);
#5907=AXIS2_PLACEMENT_3D('',#8703,#7134,#7135);
#5908=AXIS2_PLACEMENT_3D('',#8705,#7137,#7138);
#5909=AXIS2_PLACEMENT_3D('',#8707,#7140,#7141);
#5910=AXIS2_PLACEMENT_3D('',#8708,#7142,#7143);
#5911=AXIS2_PLACEMENT_3D('',#8709,#7144,#7145);
#5912=AXIS2_PLACEMENT_3D('',#8711,#7146,#7147);
#5913=AXIS2_PLACEMENT_3D('',#8713,#7148,#7149);
#5914=AXIS2_PLACEMENT_3D('',#8714,#7150,#7151);
#5915=AXIS2_PLACEMENT_3D('',#8716,#7152,#7153);
#5916=AXIS2_PLACEMENT_3D('',#8718,#7154,#7155);
#5917=AXIS2_PLACEMENT_3D('',#8719,#7156,#7157);
#5918=AXIS2_PLACEMENT_3D('',#8721,#7158,#7159);
#5919=AXIS2_PLACEMENT_3D('',#8723,#7160,#7161);
#5920=AXIS2_PLACEMENT_3D('',#8725,#7162,#7163);
#5921=AXIS2_PLACEMENT_3D('',#8727,#7164,#7165);
#5922=AXIS2_PLACEMENT_3D('',#8729,#7166,#7167);
#5923=AXIS2_PLACEMENT_3D('',#8730,#7168,#7169);
#5924=AXIS2_PLACEMENT_3D('',#8732,#7170,#7171);
#5925=AXIS2_PLACEMENT_3D('',#8733,#7172,#7173);
#5926=AXIS2_PLACEMENT_3D('',#8735,#7174,#7175);
#5927=AXIS2_PLACEMENT_3D('',#8736,#7176,#7177);
#5928=AXIS2_PLACEMENT_3D('',#8738,#7178,#7179);
#5929=AXIS2_PLACEMENT_3D('',#8739,#7180,#7181);
#5930=AXIS2_PLACEMENT_3D('',#8741,#7182,#7183);
#5931=AXIS2_PLACEMENT_3D('',#8742,#7184,#7185);
#5932=AXIS2_PLACEMENT_3D('',#8743,#7186,#7187);
#5933=AXIS2_PLACEMENT_3D('',#8744,#7188,#7189);
#5934=AXIS2_PLACEMENT_3D('',#8745,#7190,#7191);
#5935=AXIS2_PLACEMENT_3D('',#8746,#7192,#7193);
#5936=AXIS2_PLACEMENT_3D('',#8747,#7194,#7195);
#5937=AXIS2_PLACEMENT_3D('',#8749,#7196,#7197);
#5938=AXIS2_PLACEMENT_3D('',#8750,#7198,#7199);
#5939=AXIS2_PLACEMENT_3D('',#8752,#7200,#7201);
#5940=AXIS2_PLACEMENT_3D('',#8753,#7202,#7203);
#5941=AXIS2_PLACEMENT_3D('',#8755,#7204,#7205);
#5942=AXIS2_PLACEMENT_3D('',#8756,#7206,#7207);
#5943=AXIS2_PLACEMENT_3D('',#8758,#7208,#7209);
#5944=AXIS2_PLACEMENT_3D('',#8759,#7210,#7211);
#5945=AXIS2_PLACEMENT_3D('',#8760,#7212,#7213);
#5946=AXIS2_PLACEMENT_3D('',#8762,#7214,#7215);
#5947=AXIS2_PLACEMENT_3D('',#8763,#7216,#7217);
#5948=AXIS2_PLACEMENT_3D('',#8764,#7218,#7219);
#5949=AXIS2_PLACEMENT_3D('',#8773,#7224,#7225);
#5950=AXIS2_PLACEMENT_3D('',#8782,#7230,#7231);
#5951=AXIS2_PLACEMENT_3D('',#8788,#7235,#7236);
#5952=AXIS2_PLACEMENT_3D('',#8794,#7240,#7241);
#5953=AXIS2_PLACEMENT_3D('',#8796,#7243,#7244);
#5954=AXIS2_PLACEMENT_3D('',#8797,#7245,#7246);
#5955=AXIS2_PLACEMENT_3D('',#8799,#7247,#7248);
#5956=AXIS2_PLACEMENT_3D('',#8801,#7249,#7250);
#5957=AXIS2_PLACEMENT_3D('',#8802,#7251,#7252);
#5958=AXIS2_PLACEMENT_3D('',#8804,#7253,#7254);
#5959=AXIS2_PLACEMENT_3D('',#8806,#7255,#7256);
#5960=AXIS2_PLACEMENT_3D('',#8807,#7257,#7258);
#5961=AXIS2_PLACEMENT_3D('',#8809,#7259,#7260);
#5962=AXIS2_PLACEMENT_3D('',#8811,#7261,#7262);
#5963=AXIS2_PLACEMENT_3D('',#8812,#7263,#7264);
#5964=AXIS2_PLACEMENT_3D('',#8814,#7265,#7266);
#5965=AXIS2_PLACEMENT_3D('',#8816,#7267,#7268);
#5966=AXIS2_PLACEMENT_3D('',#8817,#7269,#7270);
#5967=AXIS2_PLACEMENT_3D('',#8822,#7272,#7273);
#5968=AXIS2_PLACEMENT_3D('',#8825,#7275,#7276);
#5969=AXIS2_PLACEMENT_3D('',#8831,#7280,#7281);
#5970=AXIS2_PLACEMENT_3D('',#8832,#7282,#7283);
#5971=AXIS2_PLACEMENT_3D('',#8836,#7285,#7286);
#5972=AXIS2_PLACEMENT_3D('',#8837,#7287,#7288);
#5973=AXIS2_PLACEMENT_3D('',#8843,#7292,#7293);
#5974=AXIS2_PLACEMENT_3D('',#8844,#7294,#7295);
#5975=AXIS2_PLACEMENT_3D('',#8848,#7297,#7298);
#5976=AXIS2_PLACEMENT_3D('',#8849,#7299,#7300);
#5977=AXIS2_PLACEMENT_3D('',#8855,#7304,#7305);
#5978=AXIS2_PLACEMENT_3D('',#8856,#7306,#7307);
#5979=AXIS2_PLACEMENT_3D('',#8860,#7309,#7310);
#5980=AXIS2_PLACEMENT_3D('',#8861,#7311,#7312);
#5981=AXIS2_PLACEMENT_3D('',#8864,#7315,#7316);
#5982=AXIS2_PLACEMENT_3D('',#8865,#7317,#7318);
#5983=AXIS2_PLACEMENT_3D('',#8867,#7319,#7320);
#5984=AXIS2_PLACEMENT_3D('',#8869,#7321,#7322);
#5985=AXIS2_PLACEMENT_3D('',#8882,#7329,#7330);
#5986=AXIS2_PLACEMENT_3D('',#8883,#7331,#7332);
#5987=AXIS2_PLACEMENT_3D('',#8885,#7333,#7334);
#5988=AXIS2_PLACEMENT_3D('',#8896,#7340,#7341);
#5989=AXIS2_PLACEMENT_3D('',#8900,#7344,#7345);
#5990=AXIS2_PLACEMENT_3D('',#8909,#7351,#7352);
#5991=AXIS2_PLACEMENT_3D('',#8911,#7354,#7355);
#5992=AXIS2_PLACEMENT_3D('',#8913,#7357,#7358);
#5993=AXIS2_PLACEMENT_3D('',#8918,#7362,#7363);
#5994=AXIS2_PLACEMENT_3D('',#8920,#7365,#7366);
#5995=AXIS2_PLACEMENT_3D('',#8924,#7369,#7370);
#5996=AXIS2_PLACEMENT_3D('',#8926,#7372,#7373);
#5997=AXIS2_PLACEMENT_3D('',#8927,#7374,#7375);
#5998=AXIS2_PLACEMENT_3D('',#8928,#7376,#7377);
#5999=AXIS2_PLACEMENT_3D('',#8929,#7378,#7379);
#6000=AXIS2_PLACEMENT_3D('',#8930,#7380,#7381);
#6001=AXIS2_PLACEMENT_3D('',#8931,#7382,#7383);
#6002=AXIS2_PLACEMENT_3D('',#8932,#7384,#7385);
#6003=AXIS2_PLACEMENT_3D('',#8933,#7386,#7387);
#6004=AXIS2_PLACEMENT_3D('',#8934,#7388,#7389);
#6005=AXIS2_PLACEMENT_3D('',#8947,#7396,#7397);
#6006=AXIS2_PLACEMENT_3D('',#8949,#7398,#7399);
#6007=AXIS2_PLACEMENT_3D('',#8950,#7400,#7401);
#6008=AXIS2_PLACEMENT_3D('',#8952,#7402,#7403);
#6009=AXIS2_PLACEMENT_3D('',#8954,#7404,#7405);
#6010=AXIS2_PLACEMENT_3D('',#8960,#7409,#7410);
#6011=AXIS2_PLACEMENT_3D('',#8964,#7413,#7414);
#6012=AXIS2_PLACEMENT_3D('',#8968,#7417,#7418);
#6013=AXIS2_PLACEMENT_3D('',#8972,#7421,#7422);
#6014=AXIS2_PLACEMENT_3D('',#8976,#7425,#7426);
#6015=AXIS2_PLACEMENT_3D('',#8987,#7432,#7433);
#6016=AXIS2_PLACEMENT_3D('',#8989,#7435,#7436);
#6017=AXIS2_PLACEMENT_3D('',#8997,#7441,#7442);
#6018=AXIS2_PLACEMENT_3D('',#8998,#7443,#7444);
#6019=AXIS2_PLACEMENT_3D('',#9000,#7445,#7446);
#6020=AXIS2_PLACEMENT_3D('',#9002,#7447,#7448);
#6021=AXIS2_PLACEMENT_3D('',#9003,#7449,#7450);
#6022=AXIS2_PLACEMENT_3D('',#9005,#7451,#7452);
#6023=AXIS2_PLACEMENT_3D('',#9013,#7457,#7458);
#6024=AXIS2_PLACEMENT_3D('',#9014,#7459,#7460);
#6025=AXIS2_PLACEMENT_3D('',#9021,#7464,#7465);
#6026=AXIS2_PLACEMENT_3D('',#9027,#7469,#7470);
#6027=AXIS2_PLACEMENT_3D('',#9033,#7474,#7475);
#6028=AXIS2_PLACEMENT_3D('',#9037,#7478,#7479);
#6029=AXIS2_PLACEMENT_3D('',#9038,#7480,#7481);
#6030=AXIS2_PLACEMENT_3D('',#9039,#7482,#7483);
#6031=AXIS2_PLACEMENT_3D('',#9040,#7484,#7485);
#6032=AXIS2_PLACEMENT_3D('',#9041,#7486,#7487);
#6033=AXIS2_PLACEMENT_3D('',#9042,#7488,#7489);
#6034=AXIS2_PLACEMENT_3D('',#9043,#7490,#7491);
#6035=AXIS2_PLACEMENT_3D('',#9044,#7492,#7493);
#6036=AXIS2_PLACEMENT_3D('',#9045,#7494,#7495);
#6037=AXIS2_PLACEMENT_3D('',#9046,#7496,#7497);
#6038=AXIS2_PLACEMENT_3D('',#9047,#7498,#7499);
#6039=AXIS2_PLACEMENT_3D('',#9048,#7500,#7501);
#6040=AXIS2_PLACEMENT_3D('',#9049,#7502,#7503);
#6041=AXIS2_PLACEMENT_3D('',#9050,#7504,#7505);
#6042=AXIS2_PLACEMENT_3D('',#9051,#7506,#7507);
#6043=AXIS2_PLACEMENT_3D('',#9053,#7508,#7509);
#6044=AXIS2_PLACEMENT_3D('',#9054,#7510,#7511);
#6045=AXIS2_PLACEMENT_3D('',#9055,#7512,#7513);
#6046=AXIS2_PLACEMENT_3D('',#9056,#7514,#7515);
#6047=AXIS2_PLACEMENT_3D('',#9057,#7516,#7517);
#6048=AXIS2_PLACEMENT_3D('',#9061,#7519,#7520);
#6049=AXIS2_PLACEMENT_3D('',#9065,#7522,#7523);
#6050=AXIS2_PLACEMENT_3D('',#9069,#7525,#7526);
#6051=AXIS2_PLACEMENT_3D('',#9073,#7528,#7529);
#6052=AXIS2_PLACEMENT_3D('',#9077,#7531,#7532);
#6053=AXIS2_PLACEMENT_3D('',#9081,#7534,#7535);
#6054=AXIS2_PLACEMENT_3D('',#9082,#7536,#7537);
#6055=AXIS2_PLACEMENT_3D('',#9083,#7538,#7539);
#6056=AXIS2_PLACEMENT_3D('',#9088,#7541,#7542);
#6057=AXIS2_PLACEMENT_3D('',#9092,#7544,#7545);
#6058=AXIS2_PLACEMENT_3D('',#9096,#7547,#7548);
#6059=AXIS2_PLACEMENT_3D('',#9100,#7550,#7551);
#6060=AXIS2_PLACEMENT_3D('',#9104,#7553,#7554);
#6061=AXIS2_PLACEMENT_3D('',#9107,#7556,#7557);
#6062=AXIS2_PLACEMENT_3D('',#9109,#7558,#7559);
#6063=AXIS2_PLACEMENT_3D('',#9112,#7562,#7563);
#6064=AXIS2_PLACEMENT_3D('',#9114,#7565,#7566);
#6065=AXIS2_PLACEMENT_3D('',#9116,#7568,#7569);
#6066=AXIS2_PLACEMENT_3D('',#9118,#7571,#7572);
#6067=AXIS2_PLACEMENT_3D('',#9120,#7574,#7575);
#6068=AXIS2_PLACEMENT_3D('',#9122,#7577,#7578);
#6069=AXIS2_PLACEMENT_3D('',#9124,#7580,#7581);
#6070=AXIS2_PLACEMENT_3D('',#9126,#7583,#7584);
#6071=AXIS2_PLACEMENT_3D('',#9128,#7586,#7587);
#6072=AXIS2_PLACEMENT_3D('',#9130,#7589,#7590);
#6073=AXIS2_PLACEMENT_3D('',#9132,#7592,#7593);
#6074=AXIS2_PLACEMENT_3D('',#9133,#7594,#7595);
#6075=AXIS2_PLACEMENT_3D('',#9134,#7596,#7597);
#6076=AXIS2_PLACEMENT_3D('',#9136,#7598,#7599);
#6077=AXIS2_PLACEMENT_3D('',#9138,#7600,#7601);
#6078=AXIS2_PLACEMENT_3D('',#9139,#7602,#7603);
#6079=AXIS2_PLACEMENT_3D('',#9141,#7604,#7605);
#6080=AXIS2_PLACEMENT_3D('',#9143,#7606,#7607);
#6081=AXIS2_PLACEMENT_3D('',#9144,#7608,#7609);
#6082=AXIS2_PLACEMENT_3D('',#9146,#7610,#7611);
#6083=AXIS2_PLACEMENT_3D('',#9148,#7612,#7613);
#6084=AXIS2_PLACEMENT_3D('',#9150,#7614,#7615);
#6085=AXIS2_PLACEMENT_3D('',#9152,#7616,#7617);
#6086=AXIS2_PLACEMENT_3D('',#9154,#7618,#7619);
#6087=AXIS2_PLACEMENT_3D('',#9155,#7620,#7621);
#6088=AXIS2_PLACEMENT_3D('',#9157,#7622,#7623);
#6089=AXIS2_PLACEMENT_3D('',#9158,#7624,#7625);
#6090=AXIS2_PLACEMENT_3D('',#9160,#7626,#7627);
#6091=AXIS2_PLACEMENT_3D('',#9161,#7628,#7629);
#6092=AXIS2_PLACEMENT_3D('',#9163,#7630,#7631);
#6093=AXIS2_PLACEMENT_3D('',#9164,#7632,#7633);
#6094=AXIS2_PLACEMENT_3D('',#9166,#7634,#7635);
#6095=AXIS2_PLACEMENT_3D('',#9167,#7636,#7637);
#6096=AXIS2_PLACEMENT_3D('',#9168,#7638,#7639);
#6097=AXIS2_PLACEMENT_3D('',#9169,#7640,#7641);
#6098=AXIS2_PLACEMENT_3D('',#9170,#7642,#7643);
#6099=AXIS2_PLACEMENT_3D('',#9171,#7644,#7645);
#6100=AXIS2_PLACEMENT_3D('',#9172,#7646,#7647);
#6101=AXIS2_PLACEMENT_3D('',#9174,#7648,#7649);
#6102=AXIS2_PLACEMENT_3D('',#9175,#7650,#7651);
#6103=AXIS2_PLACEMENT_3D('',#9177,#7652,#7653);
#6104=AXIS2_PLACEMENT_3D('',#9178,#7654,#7655);
#6105=AXIS2_PLACEMENT_3D('',#9180,#7656,#7657);
#6106=AXIS2_PLACEMENT_3D('',#9181,#7658,#7659);
#6107=AXIS2_PLACEMENT_3D('',#9183,#7660,#7661);
#6108=AXIS2_PLACEMENT_3D('',#9184,#7662,#7663);
#6109=AXIS2_PLACEMENT_3D('',#9185,#7664,#7665);
#6110=AXIS2_PLACEMENT_3D('',#9187,#7666,#7667);
#6111=AXIS2_PLACEMENT_3D('',#9188,#7668,#7669);
#6112=DIRECTION('',(0.,0.,1.));
#6113=DIRECTION('',(1.,0.,0.));
#6114=DIRECTION('',(1.,0.,0.));
#6115=DIRECTION('',(0.,-1.,0.));
#6116=DIRECTION('',(0.,-1.,0.));
#6117=DIRECTION('',(0.,0.,-1.));
#6118=DIRECTION('',(0.,1.,0.));
#6119=DIRECTION('',(0.,0.,-1.));
#6120=DIRECTION('',(1.,0.,0.));
#6121=DIRECTION('',(0.,0.,-1.));
#6122=DIRECTION('',(0.,0.,-1.));
#6123=DIRECTION('',(0.,1.,1.36108582514596E-16));
#6124=DIRECTION('',(0.,0.,1.));
#6125=DIRECTION('',(0.,-1.,-1.36108582514596E-16));
#6126=DIRECTION('',(0.,-1.36108582514596E-16,1.));
#6127=DIRECTION('',(0.,-1.,-1.36108582514596E-16));
#6128=DIRECTION('',(1.,0.,0.));
#6129=DIRECTION('',(0.,-1.,-1.36108582514596E-16));
#6130=DIRECTION('',(-1.,0.,0.));
#6131=DIRECTION('',(0.,1.36108582514596E-16,-1.));
#6132=DIRECTION('',(0.,1.,1.36108582514596E-16));
#6133=DIRECTION('',(1.,0.,0.));
#6134=DIRECTION('',(0.,1.,1.36108582514596E-16));
#6135=DIRECTION('',(1.,0.,0.));
#6136=DIRECTION('',(0.,1.,0.));
#6137=DIRECTION('',(0.,0.,1.));
#6138=DIRECTION('',(0.,0.,1.));
#6139=DIRECTION('',(1.,0.,0.));
#6140=DIRECTION('',(0.,-1.,2.44921270764475E-16));
#6141=DIRECTION('',(-1.,0.,0.));
#6142=DIRECTION('',(0.,0.,-1.));
#6143=DIRECTION('',(-1.,0.,0.));
#6144=DIRECTION('',(0.,0.,-1.));
#6145=DIRECTION('',(-1.,1.93222281298069E-15,0.));
#6146=DIRECTION('',(1.93222281298069E-15,1.,-2.44921270764475E-16));
#6147=DIRECTION('',(-1.,1.93222281298069E-15,0.));
#6148=DIRECTION('',(-1.93222281298069E-15,-1.,0.));
#6149=DIRECTION('',(-1.,1.93222281298069E-15,0.));
#6150=DIRECTION('',(-1.93222281298069E-15,-1.,0.));
#6151=DIRECTION('',(1.,0.,0.));
#6152=DIRECTION('',(0.,-1.,2.44921270764475E-16));
#6153=DIRECTION('',(-1.,0.,0.));
#6154=DIRECTION('',(0.,1.,0.));
#6155=DIRECTION('',(-1.,0.,0.));
#6156=DIRECTION('',(0.,1.,0.));
#6157=DIRECTION('',(-1.,1.93222281298069E-15,0.));
#6158=DIRECTION('',(1.93222281298069E-15,1.,-2.44921270764475E-16));
#6159=DIRECTION('',(-1.,0.,0.));
#6160=DIRECTION('',(0.,1.,0.));
#6161=DIRECTION('',(-1.,0.,0.));
#6162=DIRECTION('',(0.,1.,0.));
#6163=DIRECTION('',(-1.,0.,0.));
#6164=DIRECTION('',(0.,1.4210854715202E-15,1.));
#6165=DIRECTION('',(-1.,0.,0.));
#6166=DIRECTION('',(0.,1.4210854715202E-15,1.));
#6167=DIRECTION('',(1.,0.,0.));
#6168=DIRECTION('',(1.,0.,0.));
#6169=DIRECTION('',(0.,1.4210854715202E-15,1.));
#6170=DIRECTION('',(1.,0.,0.));
#6171=DIRECTION('',(0.,-1.,0.));
#6172=DIRECTION('',(0.,0.,-1.));
#6173=DIRECTION('',(0.,0.,1.));
#6174=DIRECTION('',(1.,0.,0.));
#6175=DIRECTION('',(0.,0.,-1.));
#6176=DIRECTION('',(-1.,0.,0.));
#6177=DIRECTION('',(0.,-1.,7.105427357601E-16));
#6178=DIRECTION('',(-1.,0.,0.));
#6179=DIRECTION('',(0.,-1.,7.105427357601E-16));
#6180=DIRECTION('',(1.,0.,0.));
#6181=DIRECTION('',(1.,0.,0.));
#6182=DIRECTION('',(0.,-1.,7.105427357601E-16));
#6183=DIRECTION('',(0.,0.,-1.));
#6184=DIRECTION('',(0.,1.,0.));
#6185=DIRECTION('',(0.,-1.,0.));
#6186=DIRECTION('',(1.,0.,0.));
#6187=DIRECTION('',(0.,1.,0.));
#6188=DIRECTION('',(-1.,0.,0.));
#6189=DIRECTION('',(0.,-7.105427357601E-16,-1.));
#6190=DIRECTION('',(-1.,0.,0.));
#6191=DIRECTION('',(0.,-7.105427357601E-16,-1.));
#6192=DIRECTION('',(1.,0.,0.));
#6193=DIRECTION('',(1.,0.,0.));
#6194=DIRECTION('',(0.,-7.105427357601E-16,-1.));
#6195=DIRECTION('',(0.,1.,0.));
#6196=DIRECTION('',(0.,0.,1.));
#6197=DIRECTION('',(0.,0.,-1.));
#6198=DIRECTION('',(1.,0.,0.));
#6199=DIRECTION('',(0.,0.,1.));
#6200=DIRECTION('',(-1.,0.,0.));
#6201=DIRECTION('',(0.,1.,-7.105427357601E-16));
#6202=DIRECTION('',(-1.,0.,0.));
#6203=DIRECTION('',(0.,1.,-7.105427357601E-16));
#6204=DIRECTION('',(1.,0.,0.));
#6205=DIRECTION('',(1.,0.,0.));
#6206=DIRECTION('',(0.,1.,-7.105427357601E-16));
#6207=DIRECTION('',(0.,0.,1.));
#6208=DIRECTION('',(0.,-1.,0.));
#6209=DIRECTION('',(0.,1.,0.));
#6210=DIRECTION('',(0.,-1.,0.));
#6211=DIRECTION('',(1.,0.,0.));
#6212=DIRECTION('',(0.,0.,-1.));
#6213=DIRECTION('',(-1.,0.,0.));
#6214=DIRECTION('',(0.,1.,0.));
#6215=DIRECTION('',(-1.,0.,0.));
#6216=DIRECTION('',(0.,1.,0.));
#6217=DIRECTION('',(0.,0.,1.));
#6218=DIRECTION('',(1.,0.,0.));
#6219=DIRECTION('',(0.,-1.,0.));
#6220=DIRECTION('',(1.,0.,0.));
#6221=DIRECTION('',(0.,1.,0.));
#6222=DIRECTION('',(-1.,0.,0.));
#6223=DIRECTION('',(0.,-1.,0.));
#6224=DIRECTION('',(-1.,0.,0.));
#6225=DIRECTION('',(1.,0.,0.));
#6226=DIRECTION('',(0.,-1.,0.));
#6227=DIRECTION('',(-1.,0.,0.));
#6228=DIRECTION('',(0.,1.,0.));
#6229=DIRECTION('',(-1.,0.,0.));
#6230=DIRECTION('',(0.,1.,0.));
#6231=DIRECTION('',(0.,-0.707106781186548,-0.707106781186547));
#6232=DIRECTION('',(0.,0.,-1.));
#6233=DIRECTION('',(0.,0.707106781186548,-0.707106781186548));
#6234=DIRECTION('',(0.,0.,-1.));
#6235=DIRECTION('',(0.,1.,0.));
#6236=DIRECTION('',(0.,0.707106781186548,0.707106781186548));
#6237=DIRECTION('',(0.,-0.707106781186548,0.707106781186548));
#6238=DIRECTION('',(1.,0.,0.));
#6239=DIRECTION('',(0.,-0.707106781186548,0.707106781186548));
#6240=DIRECTION('',(-1.,0.,0.));
#6241=DIRECTION('',(0.,1.,0.));
#6242=DIRECTION('',(0.,0.707106781186548,0.707106781186547));
#6243=DIRECTION('',(0.,-1.,0.));
#6244=DIRECTION('',(0.,0.,-1.));
#6245=DIRECTION('',(0.,0.,-1.));
#6246=DIRECTION('',(0.,0.,-1.));
#6247=DIRECTION('',(0.,-1.,0.));
#6248=DIRECTION('',(-1.,0.,0.));
#6249=DIRECTION('',(-1.,0.,0.));
#6250=DIRECTION('',(0.,0.707106781186547,-0.707106781186548));
#6251=DIRECTION('',(0.,0.707106781186548,0.707106781186547));
#6252=DIRECTION('',(1.,0.,0.));
#6253=DIRECTION('',(0.,-1.,0.));
#6254=DIRECTION('',(-1.,0.,0.));
#6255=DIRECTION('',(-0.707106781186547,0.,0.707106781186548));
#6256=DIRECTION('',(1.,0.,0.));
#6257=DIRECTION('',(0.707106781186548,0.,0.707106781186548));
#6258=DIRECTION('',(-0.707106781186548,0.,0.707106781186548));
#6259=DIRECTION('',(-0.707106781186548,0.,-0.707106781186548));
#6260=DIRECTION('',(-0.707106781186548,0.,-0.707106781186548));
#6261=DIRECTION('',(0.,1.,0.));
#6262=DIRECTION('',(1.,0.,0.));
#6263=DIRECTION('',(0.707106781186547,0.,-0.707106781186548));
#6264=DIRECTION('',(-1.,0.,0.));
#6265=DIRECTION('',(0.,0.,1.));
#6266=DIRECTION('',(1.,0.,0.));
#6267=DIRECTION('',(0.,1.,0.));
#6268=DIRECTION('',(-0.707106781186548,0.,-0.707106781186547));
#6269=DIRECTION('',(0.707106781186547,0.,-0.707106781186548));
#6270=DIRECTION('',(1.,0.,0.));
#6271=DIRECTION('',(0.,1.,0.));
#6272=DIRECTION('',(1.,0.,0.));
#6273=DIRECTION('',(0.,1.,0.));
#6274=DIRECTION('',(1.,0.,0.));
#6275=DIRECTION('',(0.,1.,0.));
#6276=DIRECTION('',(1.,0.,0.));
#6277=DIRECTION('',(0.,1.,0.));
#6278=DIRECTION('',(1.,0.,0.));
#6279=DIRECTION('',(0.,1.,0.));
#6280=DIRECTION('',(1.,0.,0.));
#6281=DIRECTION('',(0.,1.,0.));
#6282=DIRECTION('',(0.,0.,1.));
#6283=DIRECTION('',(1.,0.,0.));
#6284=DIRECTION('',(0.,1.,0.));
#6285=DIRECTION('',(1.,0.,0.));
#6286=DIRECTION('',(0.,1.,0.));
#6287=DIRECTION('',(0.,0.,1.));
#6288=DIRECTION('',(0.,1.,0.));
#6289=DIRECTION('',(0.,0.,1.));
#6290=DIRECTION('',(0.,1.,0.));
#6291=DIRECTION('',(0.,0.,1.));
#6292=DIRECTION('',(0.,1.,0.));
#6293=DIRECTION('',(0.,0.,1.));
#6294=DIRECTION('',(0.,-1.,0.));
#6295=DIRECTION('',(-1.,0.,0.));
#6296=DIRECTION('',(0.,-1.,0.));
#6297=DIRECTION('',(-1.,0.,0.));
#6298=DIRECTION('',(0.,-1.,0.));
#6299=DIRECTION('',(-1.,0.,0.));
#6300=DIRECTION('',(0.,-1.,0.));
#6301=DIRECTION('',(-1.,0.,0.));
#6302=DIRECTION('',(0.,-1.,0.));
#6303=DIRECTION('',(-1.,0.,-2.44921270764496E-16));
#6304=DIRECTION('',(0.,-1.,0.));
#6305=DIRECTION('',(-1.,0.,-2.44921270764496E-16));
#6306=DIRECTION('',(0.,-1.,0.));
#6307=DIRECTION('',(-1.,0.,-2.44921270764551E-16));
#6308=DIRECTION('',(0.,-1.,0.));
#6309=DIRECTION('',(-1.,0.,0.));
#6310=DIRECTION('',(0.,-1.,0.));
#6311=DIRECTION('',(-1.,0.,-2.44921270764475E-16));
#6312=DIRECTION('',(0.,0.,1.));
#6313=DIRECTION('',(1.,0.,0.));
#6314=DIRECTION('',(0.,0.,-1.));
#6315=DIRECTION('',(0.,1.,0.));
#6316=DIRECTION('',(0.,0.,-1.));
#6317=DIRECTION('',(-1.,0.,0.));
#6318=DIRECTION('',(0.,-1.,0.));
#6319=DIRECTION('',(-1.,0.,3.10862446895043E-15));
#6320=DIRECTION('',(0.,0.,-1.));
#6321=DIRECTION('',(0.,-1.,0.));
#6322=DIRECTION('',(-3.55271367880049E-15,0.,-1.));
#6323=DIRECTION('',(1.,0.,0.));
#6324=DIRECTION('',(0.,-1.,0.));
#6325=DIRECTION('',(0.707106781186548,0.,-0.707106781186547));
#6326=DIRECTION('',(0.707106781186548,0.,0.707106781186548));
#6327=DIRECTION('',(0.,1.,0.));
#6328=DIRECTION('',(8.88178419700123E-16,0.,1.));
#6329=DIRECTION('',(1.,0.,0.));
#6330=DIRECTION('',(0.,-1.,0.));
#6331=DIRECTION('',(1.,0.,-4.44089209850063E-16));
#6332=DIRECTION('',(0.,0.,1.));
#6333=DIRECTION('',(1.,0.,0.));
#6334=DIRECTION('',(0.,0.,-1.));
#6335=DIRECTION('',(-1.,0.,0.));
#6336=DIRECTION('',(1.,0.,0.));
#6337=DIRECTION('',(0.,-1.,0.));
#6338=DIRECTION('',(0.,-1.,0.));
#6339=DIRECTION('',(0.,0.,-1.));
#6340=DIRECTION('',(0.,1.,0.));
#6341=DIRECTION('',(-1.,0.,0.));
#6342=DIRECTION('',(0.,1.,-7.105427357601E-16));
#6343=DIRECTION('',(0.,0.,-1.));
#6344=DIRECTION('',(-1.,0.,0.));
#6345=DIRECTION('',(0.,-7.105427357601E-16,-1.));
#6346=DIRECTION('',(0.,-1.,0.));
#6347=DIRECTION('',(0.,0.,-1.));
#6348=DIRECTION('',(0.,1.,0.));
#6349=DIRECTION('',(0.,0.,-1.));
#6350=DIRECTION('',(0.,1.,0.));
#6351=DIRECTION('',(0.,0.,-1.));
#6352=DIRECTION('',(0.,-1.,0.));
#6353=DIRECTION('',(0.,0.,-1.));
#6354=DIRECTION('',(-0.866025403784439,0.,-0.5));
#6355=DIRECTION('',(0.,0.,-1.));
#6356=DIRECTION('',(0.866025403784439,0.,-0.5));
#6357=DIRECTION('',(0.866025403784439,0.,0.5));
#6358=DIRECTION('',(0.,0.,1.));
#6359=DIRECTION('',(-0.866025403784439,0.,0.5));
#6360=DIRECTION('',(0.,-1.,0.));
#6361=DIRECTION('',(-1.,0.,-2.44921270764475E-16));
#6362=DIRECTION('',(0.,-1.,0.));
#6363=DIRECTION('',(0.,0.,-1.));
#6364=DIRECTION('',(0.,-1.,0.));
#6365=DIRECTION('',(0.,0.,-1.));
#6366=DIRECTION('',(0.,1.,0.));
#6367=DIRECTION('',(0.,0.,-1.));
#6368=DIRECTION('',(0.,-1.,0.));
#6369=DIRECTION('',(0.,0.,-1.));
#6370=DIRECTION('',(-0.866025403784439,0.,-0.5));
#6371=DIRECTION('',(0.,0.,-1.));
#6372=DIRECTION('',(0.866025403784439,0.,-0.5));
#6373=DIRECTION('',(0.866025403784439,0.,0.5));
#6374=DIRECTION('',(0.,0.,1.));
#6375=DIRECTION('',(-0.866025403784439,0.,0.5));
#6376=DIRECTION('',(0.,-1.,0.));
#6377=DIRECTION('',(-1.,0.,-2.44921270764475E-16));
#6378=DIRECTION('',(0.,-1.,0.));
#6379=DIRECTION('',(0.,0.,-1.));
#6380=DIRECTION('',(0.,-1.,0.));
#6381=DIRECTION('',(0.,0.,-1.));
#6382=DIRECTION('',(0.,1.,0.));
#6383=DIRECTION('',(0.,0.,-1.));
#6384=DIRECTION('',(0.,-1.,0.));
#6385=DIRECTION('',(0.,0.,-1.));
#6386=DIRECTION('',(-0.866025403784439,0.,-0.5));
#6387=DIRECTION('',(0.,0.,-1.));
#6388=DIRECTION('',(0.866025403784439,0.,-0.5));
#6389=DIRECTION('',(0.866025403784439,0.,0.5));
#6390=DIRECTION('',(0.,0.,1.));
#6391=DIRECTION('',(-0.866025403784439,0.,0.5));
#6392=DIRECTION('',(0.,-1.,0.));
#6393=DIRECTION('',(-1.,0.,-2.44921270764475E-16));
#6394=DIRECTION('',(0.,-1.,0.));
#6395=DIRECTION('',(0.,0.,-1.));
#6396=DIRECTION('',(0.,-1.,0.));
#6397=DIRECTION('',(0.,0.,-1.));
#6398=DIRECTION('',(0.,1.,0.));
#6399=DIRECTION('',(0.,0.,-1.));
#6400=DIRECTION('',(0.,-1.,0.));
#6401=DIRECTION('',(0.,0.,-1.));
#6402=DIRECTION('',(-0.866025403784439,0.,-0.5));
#6403=DIRECTION('',(0.,0.,-1.));
#6404=DIRECTION('',(0.866025403784439,0.,-0.5));
#6405=DIRECTION('',(0.866025403784439,0.,0.5));
#6406=DIRECTION('',(0.,0.,1.));
#6407=DIRECTION('',(-0.866025403784439,0.,0.5));
#6408=DIRECTION('',(0.,-1.,0.));
#6409=DIRECTION('',(-1.,0.,-2.44921270764475E-16));
#6410=DIRECTION('',(0.,-1.,0.));
#6411=DIRECTION('',(-1.,0.,0.));
#6412=DIRECTION('',(0.,-1.,0.));
#6413=DIRECTION('',(-1.,0.,0.));
#6414=DIRECTION('',(0.,-1.,0.));
#6415=DIRECTION('',(-1.,0.,-2.44921270764475E-16));
#6416=DIRECTION('',(0.,-1.,0.));
#6417=DIRECTION('',(0.,0.,-1.));
#6418=DIRECTION('',(-0.866025403784439,0.,-0.5));
#6419=DIRECTION('',(0.,0.,-1.));
#6420=DIRECTION('',(0.866025403784439,0.,-0.5));
#6421=DIRECTION('',(0.866025403784439,0.,0.5));
#6422=DIRECTION('',(0.,0.,1.));
#6423=DIRECTION('',(-0.866025403784439,0.,0.5));
#6424=DIRECTION('',(0.,-1.,0.));
#6425=DIRECTION('',(-1.,0.,-2.44921270764475E-16));
#6426=DIRECTION('',(0.,-1.,0.));
#6427=DIRECTION('',(0.,0.,-1.));
#6428=DIRECTION('',(0.,-1.,0.));
#6429=DIRECTION('',(0.,0.,-1.));
#6430=DIRECTION('',(0.,-1.,0.));
#6431=DIRECTION('',(-1.,0.,-2.44921270764475E-16));
#6432=DIRECTION('',(0.,-1.,0.));
#6433=DIRECTION('',(-1.,0.,0.));
#6434=DIRECTION('',(-0.866025403784439,0.,-0.5));
#6435=DIRECTION('',(0.,0.,-1.));
#6436=DIRECTION('',(0.866025403784439,0.,-0.5));
#6437=DIRECTION('',(0.866025403784439,0.,0.5));
#6438=DIRECTION('',(0.,0.,1.));
#6439=DIRECTION('',(-0.866025403784439,0.,0.5));
#6440=DIRECTION('',(0.,-1.,0.));
#6441=DIRECTION('',(-1.,0.,-2.44921270764475E-16));
#6442=DIRECTION('',(0.,-1.,0.));
#6443=DIRECTION('',(-1.,0.,0.));
#6444=DIRECTION('',(0.,-1.,0.));
#6445=DIRECTION('',(-1.,0.,0.));
#6446=DIRECTION('',(0.,1.,0.));
#6447=DIRECTION('',(0.,0.,1.));
#6448=DIRECTION('',(0.866025403784439,0.,0.5));
#6449=DIRECTION('',(0.866025403784439,0.,-0.5));
#6450=DIRECTION('',(0.,0.,-1.));
#6451=DIRECTION('',(-0.866025403784439,0.,-0.5));
#6452=DIRECTION('',(-0.866025403784439,0.,0.5));
#6453=DIRECTION('',(0.,0.,1.));
#6454=DIRECTION('',(-1.,0.,0.));
#6455=DIRECTION('',(0.,0.,-1.));
#6456=DIRECTION('',(0.,-1.,0.));
#6457=DIRECTION('',(0.,-1.,0.));
#6458=DIRECTION('',(-0.5,0.,-0.866025403784439));
#6459=DIRECTION('',(0.866025403784439,0.,-0.5));
#6460=DIRECTION('',(0.,-1.,0.));
#6461=DIRECTION('',(-0.5,0.,0.866025403784439));
#6462=DIRECTION('',(-0.866025403784439,0.,-0.5));
#6463=DIRECTION('',(0.,-1.,0.));
#6464=DIRECTION('',(0.5,0.,0.866025403784439));
#6465=DIRECTION('',(-0.866025403784439,0.,0.5));
#6466=DIRECTION('',(0.,-1.,0.));
#6467=DIRECTION('',(1.,0.,0.));
#6468=DIRECTION('',(0.,0.,1.));
#6469=DIRECTION('',(0.,-1.,0.));
#6470=DIRECTION('',(0.5,0.,-0.866025403784439));
#6471=DIRECTION('',(0.866025403784439,0.,0.5));
#6472=DIRECTION('',(0.,1.,0.));
#6473=DIRECTION('',(0.,0.,1.));
#6474=DIRECTION('',(0.866025403784439,0.,0.5));
#6475=DIRECTION('',(0.866025403784439,0.,-0.5));
#6476=DIRECTION('',(0.,0.,-1.));
#6477=DIRECTION('',(-0.866025403784439,0.,-0.5));
#6478=DIRECTION('',(-0.866025403784439,0.,0.5));
#6479=DIRECTION('',(0.,0.,1.));
#6480=DIRECTION('',(-1.,0.,0.));
#6481=DIRECTION('',(0.,0.,-1.));
#6482=DIRECTION('',(0.,-1.,0.));
#6483=DIRECTION('',(0.,-1.,0.));
#6484=DIRECTION('',(-0.5,0.,-0.866025403784439));
#6485=DIRECTION('',(0.866025403784439,0.,-0.5));
#6486=DIRECTION('',(0.,-1.,0.));
#6487=DIRECTION('',(-0.5,0.,0.866025403784439));
#6488=DIRECTION('',(-0.866025403784439,0.,-0.5));
#6489=DIRECTION('',(0.,-1.,0.));
#6490=DIRECTION('',(0.5,0.,0.866025403784439));
#6491=DIRECTION('',(-0.866025403784439,0.,0.5));
#6492=DIRECTION('',(0.,-1.,0.));
#6493=DIRECTION('',(1.,0.,0.));
#6494=DIRECTION('',(0.,0.,1.));
#6495=DIRECTION('',(0.,-1.,0.));
#6496=DIRECTION('',(0.5,0.,-0.866025403784439));
#6497=DIRECTION('',(0.866025403784439,0.,0.5));
#6498=DIRECTION('',(0.,1.,0.));
#6499=DIRECTION('',(0.,0.,1.));
#6500=DIRECTION('',(0.866025403784439,0.,0.5));
#6501=DIRECTION('',(0.866025403784439,0.,-0.5));
#6502=DIRECTION('',(0.,0.,-1.));
#6503=DIRECTION('',(-0.866025403784439,0.,-0.5));
#6504=DIRECTION('',(-0.866025403784439,0.,0.5));
#6505=DIRECTION('',(0.,0.,1.));
#6506=DIRECTION('',(-1.,0.,0.));
#6507=DIRECTION('',(0.,0.,-1.));
#6508=DIRECTION('',(0.,-1.,0.));
#6509=DIRECTION('',(0.,-1.,0.));
#6510=DIRECTION('',(-0.5,0.,-0.866025403784439));
#6511=DIRECTION('',(0.866025403784439,0.,-0.5));
#6512=DIRECTION('',(0.,-1.,0.));
#6513=DIRECTION('',(-0.5,0.,0.866025403784439));
#6514=DIRECTION('',(-0.866025403784439,0.,-0.5));
#6515=DIRECTION('',(0.,-1.,0.));
#6516=DIRECTION('',(0.5,0.,0.866025403784439));
#6517=DIRECTION('',(-0.866025403784439,0.,0.5));
#6518=DIRECTION('',(0.,-1.,0.));
#6519=DIRECTION('',(1.,0.,0.));
#6520=DIRECTION('',(0.,0.,1.));
#6521=DIRECTION('',(0.,-1.,0.));
#6522=DIRECTION('',(0.5,0.,-0.866025403784439));
#6523=DIRECTION('',(0.866025403784439,0.,0.5));
#6524=DIRECTION('',(0.,1.,0.));
#6525=DIRECTION('',(0.,0.,1.));
#6526=DIRECTION('',(0.866025403784439,0.,0.5));
#6527=DIRECTION('',(0.866025403784439,0.,-0.5));
#6528=DIRECTION('',(0.,0.,-1.));
#6529=DIRECTION('',(-0.866025403784439,0.,-0.5));
#6530=DIRECTION('',(-0.866025403784439,0.,0.5));
#6531=DIRECTION('',(0.,0.,1.));
#6532=DIRECTION('',(-1.,0.,0.));
#6533=DIRECTION('',(0.,0.,-1.));
#6534=DIRECTION('',(0.,-1.,0.));
#6535=DIRECTION('',(0.,-1.,0.));
#6536=DIRECTION('',(-0.5,0.,-0.866025403784439));
#6537=DIRECTION('',(0.866025403784439,0.,-0.5));
#6538=DIRECTION('',(0.,-1.,0.));
#6539=DIRECTION('',(-0.5,0.,0.866025403784439));
#6540=DIRECTION('',(-0.866025403784439,0.,-0.5));
#6541=DIRECTION('',(0.,-1.,0.));
#6542=DIRECTION('',(0.5,0.,0.866025403784439));
#6543=DIRECTION('',(-0.866025403784439,0.,0.5));
#6544=DIRECTION('',(0.,-1.,0.));
#6545=DIRECTION('',(1.,0.,0.));
#6546=DIRECTION('',(0.,0.,1.));
#6547=DIRECTION('',(0.,-1.,0.));
#6548=DIRECTION('',(0.5,0.,-0.866025403784439));
#6549=DIRECTION('',(0.866025403784439,0.,0.5));
#6550=DIRECTION('',(0.,1.,0.));
#6551=DIRECTION('',(0.,0.,1.));
#6552=DIRECTION('',(0.866025403784439,0.,0.5));
#6553=DIRECTION('',(0.866025403784439,0.,-0.5));
#6554=DIRECTION('',(0.,0.,-1.));
#6555=DIRECTION('',(-0.866025403784439,0.,-0.5));
#6556=DIRECTION('',(-0.866025403784439,0.,0.5));
#6557=DIRECTION('',(0.,0.,1.));
#6558=DIRECTION('',(-1.,0.,0.));
#6559=DIRECTION('',(0.,0.,-1.));
#6560=DIRECTION('',(0.,-1.,0.));
#6561=DIRECTION('',(0.,-1.,0.));
#6562=DIRECTION('',(-0.5,0.,-0.866025403784439));
#6563=DIRECTION('',(0.866025403784439,0.,-0.5));
#6564=DIRECTION('',(0.,-1.,0.));
#6565=DIRECTION('',(-0.5,0.,0.866025403784439));
#6566=DIRECTION('',(-0.866025403784439,0.,-0.5));
#6567=DIRECTION('',(0.,-1.,0.));
#6568=DIRECTION('',(0.5,0.,0.866025403784439));
#6569=DIRECTION('',(-0.866025403784439,0.,0.5));
#6570=DIRECTION('',(0.,-1.,0.));
#6571=DIRECTION('',(1.,0.,0.));
#6572=DIRECTION('',(0.,0.,1.));
#6573=DIRECTION('',(0.,-1.,0.));
#6574=DIRECTION('',(0.5,0.,-0.866025403784439));
#6575=DIRECTION('',(0.866025403784439,0.,0.5));
#6576=DIRECTION('',(0.,1.,0.));
#6577=DIRECTION('',(0.,0.,1.));
#6578=DIRECTION('',(0.866025403784439,0.,0.5));
#6579=DIRECTION('',(0.866025403784439,0.,-0.5));
#6580=DIRECTION('',(0.,0.,-1.));
#6581=DIRECTION('',(-0.866025403784439,0.,-0.5));
#6582=DIRECTION('',(-0.866025403784439,0.,0.5));
#6583=DIRECTION('',(0.,0.,1.));
#6584=DIRECTION('',(-1.,0.,0.));
#6585=DIRECTION('',(0.,0.,-1.));
#6586=DIRECTION('',(0.,-1.,0.));
#6587=DIRECTION('',(0.,-1.,0.));
#6588=DIRECTION('',(-0.5,0.,-0.866025403784439));
#6589=DIRECTION('',(0.866025403784439,0.,-0.5));
#6590=DIRECTION('',(0.,-1.,0.));
#6591=DIRECTION('',(-0.5,0.,0.866025403784439));
#6592=DIRECTION('',(-0.866025403784439,0.,-0.5));
#6593=DIRECTION('',(0.,-1.,0.));
#6594=DIRECTION('',(0.5,0.,0.866025403784439));
#6595=DIRECTION('',(-0.866025403784439,0.,0.5));
#6596=DIRECTION('',(0.,-1.,0.));
#6597=DIRECTION('',(1.,0.,0.));
#6598=DIRECTION('',(0.,0.,1.));
#6599=DIRECTION('',(0.,-1.,0.));
#6600=DIRECTION('',(0.5,0.,-0.866025403784439));
#6601=DIRECTION('',(0.866025403784439,0.,0.5));
#6602=DIRECTION('',(0.,1.,0.));
#6603=DIRECTION('',(0.,0.,1.));
#6604=DIRECTION('',(0.,0.,-1.));
#6605=DIRECTION('',(1.,0.,0.));
#6606=DIRECTION('',(0.,0.,1.));
#6607=DIRECTION('',(-1.,0.,0.));
#6608=DIRECTION('',(0.,1.,0.));
#6609=DIRECTION('',(0.,0.,1.));
#6610=DIRECTION('',(1.,0.,0.));
#6611=DIRECTION('',(0.,0.,1.));
#6612=DIRECTION('',(-1.,0.,0.));
#6613=DIRECTION('',(0.,0.,-1.));
#6614=DIRECTION('',(1.,0.,0.));
#6615=DIRECTION('',(0.,0.,-1.));
#6616=DIRECTION('',(0.,0.,1.));
#6617=DIRECTION('',(0.,1.,0.));
#6618=DIRECTION('',(0.,1.,0.));
#6619=DIRECTION('',(0.,0.,-1.));
#6620=DIRECTION('',(-1.,0.,0.));
#6621=DIRECTION('',(0.,0.,1.));
#6622=DIRECTION('',(1.,7.1054273576011E-15,0.));
#6623=DIRECTION('',(0.,1.,0.));
#6624=DIRECTION('',(1.,0.,0.));
#6625=DIRECTION('',(1.,0.,0.));
#6626=DIRECTION('',(0.,0.,-1.));
#6627=DIRECTION('',(0.,1.,0.));
#6628=DIRECTION('',(-1.,0.,0.));
#6629=DIRECTION('',(0.,1.,-1.77635683940025E-15));
#6630=DIRECTION('',(0.,0.,-1.));
#6631=DIRECTION('',(-1.,0.,0.));
#6632=DIRECTION('',(0.,-1.77635683940025E-15,-1.));
#6633=DIRECTION('',(0.,-1.,0.));
#6634=DIRECTION('',(-1.,0.,0.));
#6635=DIRECTION('',(0.,-1.,1.77635683940025E-15));
#6636=DIRECTION('',(0.,0.,1.));
#6637=DIRECTION('',(-1.,0.,0.));
#6638=DIRECTION('',(0.,2.22044604925031E-16,1.));
#6639=DIRECTION('',(-1.,0.,0.));
#6640=DIRECTION('',(0.,2.22044604925031E-16,1.));
#6641=DIRECTION('',(1.,0.,0.));
#6642=DIRECTION('',(1.,0.,0.));
#6643=DIRECTION('',(0.,2.22044604925031E-16,1.));
#6644=DIRECTION('',(1.,0.,0.));
#6645=DIRECTION('',(0.,-1.,0.));
#6646=DIRECTION('',(0.,0.,-1.));
#6647=DIRECTION('',(1.,0.,0.));
#6648=DIRECTION('',(0.,0.,-1.));
#6649=DIRECTION('',(-1.,0.,0.));
#6650=DIRECTION('',(0.,-1.,1.77635683940025E-15));
#6651=DIRECTION('',(1.,0.,0.));
#6652=DIRECTION('',(1.,0.,0.));
#6653=DIRECTION('',(0.,-1.,1.77635683940025E-15));
#6654=DIRECTION('',(0.,0.,-1.));
#6655=DIRECTION('',(0.,1.,0.));
#6656=DIRECTION('',(1.,0.,0.));
#6657=DIRECTION('',(0.,1.,0.));
#6658=DIRECTION('',(-1.,0.,0.));
#6659=DIRECTION('',(0.,-1.77635683940025E-15,-1.));
#6660=DIRECTION('',(1.,0.,0.));
#6661=DIRECTION('',(1.,0.,0.));
#6662=DIRECTION('',(0.,-1.77635683940025E-15,-1.));
#6663=DIRECTION('',(0.,1.,0.));
#6664=DIRECTION('',(0.,0.,1.));
#6665=DIRECTION('',(1.,0.,0.));
#6666=DIRECTION('',(0.,0.,1.));
#6667=DIRECTION('',(-1.,0.,0.));
#6668=DIRECTION('',(0.,1.,-1.77635683940025E-15));
#6669=DIRECTION('',(1.,0.,0.));
#6670=DIRECTION('',(1.,0.,0.));
#6671=DIRECTION('',(0.,1.,-1.77635683940025E-15));
#6672=DIRECTION('',(0.,0.,1.));
#6673=DIRECTION('',(0.,-1.,0.));
#6674=DIRECTION('',(0.,-1.,0.));
#6675=DIRECTION('',(1.,0.,0.));
#6676=DIRECTION('',(0.,-7.105427357601E-16,-1.));
#6677=DIRECTION('',(-1.,0.,0.));
#6678=DIRECTION('',(0.,0.,-1.));
#6679=DIRECTION('',(1.,0.,0.));
#6680=DIRECTION('',(1.,0.,0.));
#6681=DIRECTION('',(0.,0.,1.));
#6682=DIRECTION('',(1.,0.,0.));
#6683=DIRECTION('',(0.,1.,0.));
#6684=DIRECTION('',(0.,0.,-1.));
#6685=DIRECTION('',(0.,0.,-1.));
#6686=DIRECTION('',(1.,0.,0.));
#6687=DIRECTION('',(0.,0.,1.));
#6688=DIRECTION('',(1.,0.,0.));
#6689=DIRECTION('',(0.,1.,-7.105427357601E-16));
#6690=DIRECTION('',(-1.,0.,0.));
#6691=DIRECTION('',(0.,0.,-1.));
#6692=DIRECTION('',(1.,0.,0.));
#6693=DIRECTION('',(1.,0.,0.));
#6694=DIRECTION('',(0.,0.,1.));
#6695=DIRECTION('',(1.,0.,0.));
#6696=DIRECTION('',(0.,1.,-7.105427357601E-16));
#6697=DIRECTION('',(1.,0.,0.));
#6698=DIRECTION('',(0.,1.,-7.105427357601E-16));
#6699=DIRECTION('',(-1.,0.,0.));
#6700=DIRECTION('',(-1.,0.,0.));
#6701=DIRECTION('',(0.,1.,0.));
#6702=DIRECTION('',(0.,0.,-1.));
#6703=DIRECTION('',(0.,0.,1.));
#6704=DIRECTION('',(-1.,0.,0.));
#6705=DIRECTION('',(1.,0.,0.));
#6706=DIRECTION('',(0.,-7.105427357601E-16,-1.));
#6707=DIRECTION('',(1.,0.,0.));
#6708=DIRECTION('',(0.,-7.105427357601E-16,-1.));
#6709=DIRECTION('',(-1.,0.,0.));
#6710=DIRECTION('',(1.,0.,0.));
#6711=DIRECTION('',(0.,0.,-1.));
#6712=DIRECTION('',(0.,0.,1.));
#6713=DIRECTION('',(0.,1.,0.));
#6714=DIRECTION('',(0.,-1.,0.));
#6715=DIRECTION('',(-1.,0.,0.));
#6716=DIRECTION('',(0.,0.,1.));
#6717=DIRECTION('',(0.,0.,1.));
#6718=DIRECTION('',(0.,1.,0.));
#6719=DIRECTION('',(0.,1.,0.));
#6720=DIRECTION('',(-1.,0.,0.));
#6721=DIRECTION('',(0.,0.,1.));
#6722=DIRECTION('',(0.,0.,-1.));
#6723=DIRECTION('',(0.,1.,0.));
#6724=DIRECTION('',(0.,0.,1.));
#6725=DIRECTION('',(1.,0.,0.));
#6726=DIRECTION('',(0.,0.,-1.));
#6727=DIRECTION('',(1.,7.1054273576011E-15,0.));
#6728=DIRECTION('',(-1.,0.,0.));
#6729=DIRECTION('',(0.,1.,0.));
#6730=DIRECTION('',(0.,0.,-1.));
#6731=DIRECTION('',(0.,0.,-1.));
#6732=DIRECTION('',(-1.,0.,0.));
#6733=DIRECTION('',(1.,0.,0.));
#6734=DIRECTION('',(0.,0.,-1.));
#6735=DIRECTION('',(-1.,0.,0.));
#6736=DIRECTION('',(0.,0.,1.));
#6737=DIRECTION('',(0.,0.,1.));
#6738=DIRECTION('',(-1.,0.,0.));
#6739=DIRECTION('',(0.,1.,0.));
#6740=DIRECTION('',(0.,0.,-1.));
#6741=DIRECTION('',(0.,0.,1.));
#6742=DIRECTION('',(1.,0.,0.));
#6743=DIRECTION('',(0.,0.,-1.));
#6744=DIRECTION('',(0.,1.,0.));
#6745=DIRECTION('',(0.,0.,1.));
#6746=DIRECTION('',(-1.,0.,0.));
#6747=DIRECTION('',(0.,-1.,0.));
#6748=DIRECTION('',(0.,0.,1.));
#6749=DIRECTION('',(-0.707106781186548,0.,-0.707106781186548));
#6750=DIRECTION('',(0.,1.,0.));
#6751=DIRECTION('',(0.,0.,1.));
#6752=DIRECTION('',(-1.,0.,0.));
#6753=DIRECTION('',(0.,1.,0.));
#6754=DIRECTION('',(0.,0.,1.));
#6755=DIRECTION('',(0.,0.,1.));
#6756=DIRECTION('',(0.,1.,0.));
#6757=DIRECTION('',(0.,0.,1.));
#6758=DIRECTION('',(1.,0.,0.));
#6759=DIRECTION('',(0.,-1.,0.));
#6760=DIRECTION('',(0.,0.,1.));
#6761=DIRECTION('',(0.,0.,1.));
#6762=DIRECTION('',(1.,0.,0.));
#6763=DIRECTION('',(0.,1.,0.));
#6764=DIRECTION('',(-1.,0.,3.10862446895043E-15));
#6765=DIRECTION('',(0.,-1.,0.));
#6766=DIRECTION('',(0.,-1.,0.));
#6767=DIRECTION('',(-1.,0.,0.));
#6768=DIRECTION('',(0.,0.,-1.));
#6769=DIRECTION('',(0.,-1.,0.));
#6770=DIRECTION('',(0.,1.,0.));
#6771=DIRECTION('',(-3.55271367880049E-15,0.,-1.));
#6772=DIRECTION('',(0.,-1.,0.));
#6773=DIRECTION('',(0.,0.,-1.));
#6774=DIRECTION('',(1.,0.,0.));
#6775=DIRECTION('',(0.,-1.,0.));
#6776=DIRECTION('',(0.,1.,0.));
#6777=DIRECTION('',(0.707106781186548,0.,-0.707106781186547));
#6778=DIRECTION('',(0.,-1.,0.));
#6779=DIRECTION('',(0.707106781186548,0.,-0.707106781186548));
#6780=DIRECTION('',(0.707106781186548,0.,0.707106781186548));
#6781=DIRECTION('',(0.,-1.,0.));
#6782=DIRECTION('',(0.,1.,0.));
#6783=DIRECTION('',(8.88178419700123E-16,0.,1.));
#6784=DIRECTION('',(0.,-1.,0.));
#6785=DIRECTION('',(0.,0.,-1.));
#6786=DIRECTION('',(1.,0.,0.));
#6787=DIRECTION('',(0.,-1.,0.));
#6788=DIRECTION('',(0.,1.,0.));
#6789=DIRECTION('',(1.,0.,-4.44089209850063E-16));
#6790=DIRECTION('',(0.,-1.,0.));
#6791=DIRECTION('',(0.,1.,0.));
#6792=DIRECTION('',(0.,0.,-1.));
#6793=DIRECTION('',(0.,-1.,0.));
#6794=DIRECTION('',(0.,-1.,0.));
#6795=DIRECTION('',(0.,0.,1.));
#6796=DIRECTION('',(-1.,0.,0.));
#6797=DIRECTION('',(0.,0.,1.));
#6798=DIRECTION('',(4.44089209850063E-16,-1.,0.));
#6799=DIRECTION('',(0.,0.,1.));
#6800=DIRECTION('',(4.44089209850063E-16,-1.,0.));
#6801=DIRECTION('',(0.,0.,-1.));
#6802=DIRECTION('',(0.,0.,-1.));
#6803=DIRECTION('',(4.44089209850063E-16,-1.,0.));
#6804=DIRECTION('',(0.,0.,-1.));
#6805=DIRECTION('',(0.,-1.,0.));
#6806=DIRECTION('',(-1.,0.,0.));
#6807=DIRECTION('',(1.,0.,0.));
#6808=DIRECTION('',(0.,0.,-1.));
#6809=DIRECTION('',(-1.,0.,0.));
#6810=DIRECTION('',(0.,0.,1.));
#6811=DIRECTION('',(-1.,1.77635683940025E-15,0.));
#6812=DIRECTION('',(0.,0.,1.));
#6813=DIRECTION('',(-1.,1.77635683940025E-15,0.));
#6814=DIRECTION('',(0.,0.,-1.));
#6815=DIRECTION('',(0.,0.,-1.));
#6816=DIRECTION('',(-1.,1.77635683940025E-15,0.));
#6817=DIRECTION('',(1.,0.,0.));
#6818=DIRECTION('',(0.,0.,1.));
#6819=DIRECTION('',(0.,0.707106781186537,-0.707106781186558));
#6820=DIRECTION('',(0.,1.,0.));
#6821=DIRECTION('',(0.,-1.,0.));
#6822=DIRECTION('',(-1.,0.,0.));
#6823=DIRECTION('',(0.,0.,-1.));
#6824=DIRECTION('',(0.,-0.707106781186537,0.707106781186558));
#6825=DIRECTION('',(0.,1.,0.));
#6826=DIRECTION('',(0.,-1.,0.));
#6827=DIRECTION('',(0.,-1.,0.));
#6828=DIRECTION('',(0.,0.,1.));
#6829=DIRECTION('',(0.,-0.707106781186558,-0.707106781186537));
#6830=DIRECTION('',(0.,-0.707106781186537,0.707106781186558));
#6831=DIRECTION('',(-1.,0.,0.));
#6832=DIRECTION('',(0.57735026918962,-0.57735026918962,0.577350269189637));
#6833=DIRECTION('',(0.,-0.707106781186548,0.707106781186548));
#6834=DIRECTION('',(0.,0.707106781186548,0.707106781186548));
#6835=DIRECTION('',(-0.57735026918963,0.577350269189624,0.577350269189624));
#6836=DIRECTION('',(0.577350269189626,0.577350269189626,0.577350269189626));
#6837=DIRECTION('',(-0.577350269189626,0.577350269189626,0.577350269189626));
#6838=DIRECTION('',(1.,0.,0.));
#6839=DIRECTION('',(0.707106781186548,-0.707106781186548,0.));
#6840=DIRECTION('',(-0.707106781186548,-0.707106781186548,0.));
#6841=DIRECTION('',(0.577350269189628,0.577350269189628,0.577350269189622));
#6842=DIRECTION('',(-0.57735026918962,-0.57735026918962,0.577350269189637));
#6843=DIRECTION('',(-0.577350269189628,-0.577350269189628,0.577350269189622));
#6844=DIRECTION('',(0.,0.,-1.));
#6845=DIRECTION('',(0.,-1.,0.));
#6846=DIRECTION('',(-1.,0.,0.));
#6847=DIRECTION('',(-0.707106781186551,0.,0.707106781186544));
#6848=DIRECTION('',(1.,0.,0.));
#6849=DIRECTION('',(0.,0.,-1.));
#6850=DIRECTION('',(1.,0.,0.));
#6851=DIRECTION('',(0.,-1.,0.));
#6852=DIRECTION('',(-1.,0.,0.));
#6853=DIRECTION('',(0.707106781186551,0.,0.707106781186544));
#6854=DIRECTION('',(-1.,0.,0.));
#6855=DIRECTION('',(0.,0.,-1.));
#6856=DIRECTION('',(1.,0.,0.));
#6857=DIRECTION('',(0.,0.,1.));
#6858=DIRECTION('',(1.,0.,0.));
#6859=DIRECTION('',(0.,1.,0.));
#6860=DIRECTION('',(-0.707106781186548,0.707106781186548,0.));
#6861=DIRECTION('',(0.,-1.,0.));
#6862=DIRECTION('',(-0.707106781186544,0.,0.707106781186551));
#6863=DIRECTION('',(-0.707106781186551,0.,-0.707106781186544));
#6864=DIRECTION('',(-0.577350269189628,0.577350269189628,-0.577350269189622));
#6865=DIRECTION('',(0.707106781186548,0.707106781186548,0.));
#6866=DIRECTION('',(0.707106781186548,-0.707106781186548,0.));
#6867=DIRECTION('',(0.577350269189628,-0.577350269189628,-0.577350269189622));
#6868=DIRECTION('',(0.707106781186548,-0.707106781186548,0.));
#6869=DIRECTION('',(0.,0.,1.));
#6870=DIRECTION('',(-1.,0.,0.));
#6871=DIRECTION('',(0.,1.,0.));
#6872=DIRECTION('',(0.,1.,0.));
#6873=DIRECTION('',(0.,-1.,0.));
#6874=DIRECTION('',(0.,1.,0.));
#6875=DIRECTION('',(0.,-1.,0.));
#6876=DIRECTION('',(0.,0.,1.));
#6877=DIRECTION('',(0.707106781186544,0.,0.707106781186551));
#6878=DIRECTION('',(-0.707106781186551,0.,0.707106781186544));
#6879=DIRECTION('',(0.707106781186548,0.707106781186548,0.));
#6880=DIRECTION('',(0.707106781186548,-0.707106781186548,0.));
#6881=DIRECTION('',(0.577350269189628,-0.577350269189628,-0.577350269189622));
#6882=DIRECTION('',(-0.707106781186548,0.707106781186548,0.));
#6883=DIRECTION('',(-0.707106781186548,-0.707106781186547,0.));
#6884=DIRECTION('',(-0.707106781186548,0.707106781186548,0.));
#6885=DIRECTION('',(-0.707106781186548,-0.707106781186547,0.));
#6886=DIRECTION('',(-0.707106781186548,0.707106781186548,0.));
#6887=DIRECTION('',(0.,0.,1.));
#6888=DIRECTION('',(1.,0.,0.));
#6889=DIRECTION('',(0.,-1.,0.));
#6890=DIRECTION('',(0.,1.,0.));
#6891=DIRECTION('',(-1.,0.,0.));
#6892=DIRECTION('',(-0.707106781186544,0.,-0.707106781186551));
#6893=DIRECTION('',(0.707106781186551,0.,-0.707106781186544));
#6894=DIRECTION('',(0.707106781186548,0.707106781186548,0.));
#6895=DIRECTION('',(0.707106781186548,-0.707106781186548,0.));
#6896=DIRECTION('',(-0.577350269189628,0.577350269189628,-0.577350269189622));
#6897=DIRECTION('',(-0.707106781186548,0.707106781186548,0.));
#6898=DIRECTION('',(0.,-0.707106781186558,-0.707106781186537));
#6899=DIRECTION('',(0.,-0.707106781186537,0.707106781186558));
#6900=DIRECTION('',(0.577350269189635,-0.577350269189613,0.577350269189629));
#6901=DIRECTION('',(0.707106781186544,0.,-0.707106781186551));
#6902=DIRECTION('',(0.707106781186551,0.,0.707106781186544));
#6903=DIRECTION('',(0.,0.,1.));
#6904=DIRECTION('',(0.,1.,0.));
#6905=DIRECTION('',(0.,0.,-1.));
#6906=DIRECTION('',(1.,7.1054273576011E-15,0.));
#6907=DIRECTION('',(0.,-1.,0.));
#6908=DIRECTION('',(0.,0.,-1.));
#6909=DIRECTION('',(1.42108547152021E-14,-1.,0.));
#6910=DIRECTION('',(1.,0.,0.));
#6911=DIRECTION('',(0.,0.,-1.));
#6912=DIRECTION('',(0.,0.,1.));
#6913=DIRECTION('',(0.,1.,0.));
#6914=DIRECTION('',(0.,0.,1.));
#6915=DIRECTION('',(1.,7.1054273576011E-15,0.));
#6916=DIRECTION('',(0.,0.,-1.));
#6917=DIRECTION('',(1.,7.1054273576011E-15,0.));
#6918=DIRECTION('',(0.,0.,-1.));
#6919=DIRECTION('',(0.,-1.,0.));
#6920=DIRECTION('',(0.,0.,-1.));
#6921=DIRECTION('',(1.42108547152021E-14,-1.,0.));
#6922=DIRECTION('',(0.,0.,-1.));
#6923=DIRECTION('',(-1.,0.,0.));
#6924=DIRECTION('',(0.,0.,1.));
#6925=DIRECTION('',(1.42108547152021E-14,-1.,0.));
#6926=DIRECTION('',(0.,1.,0.));
#6927=DIRECTION('',(-1.,0.,0.));
#6928=DIRECTION('',(0.,0.,1.));
#6929=DIRECTION('',(0.,0.,-1.));
#6930=DIRECTION('',(0.,1.,0.));
#6931=DIRECTION('',(0.,0.,1.));
#6932=DIRECTION('',(1.,0.,0.));
#6933=DIRECTION('',(0.,0.,-1.));
#6934=DIRECTION('',(1.42108547152021E-14,-1.,0.));
#6935=DIRECTION('',(0.,0.,1.));
#6936=DIRECTION('',(1.42108547152021E-14,-1.,0.));
#6937=DIRECTION('',(1.,0.,0.));
#6938=DIRECTION('',(0.,0.,-1.));
#6939=DIRECTION('',(-1.,0.,0.));
#6940=DIRECTION('',(0.,0.,1.));
#6941=DIRECTION('',(0.,0.,1.));
#6942=DIRECTION('',(0.,-1.,0.));
#6943=DIRECTION('',(1.,0.,0.));
#6944=DIRECTION('',(0.,0.,1.));
#6945=DIRECTION('',(-1.,0.,0.));
#6946=DIRECTION('',(1.,0.,0.));
#6947=DIRECTION('',(1.,0.,0.));
#6948=DIRECTION('',(0.,0.,1.));
#6949=DIRECTION('',(-1.,0.,0.));
#6950=DIRECTION('',(0.,1.,0.));
#6951=DIRECTION('',(0.,0.,-1.));
#6952=DIRECTION('',(-1.,0.,0.));
#6953=DIRECTION('',(0.,0.,1.));
#6954=DIRECTION('',(1.,0.,0.));
#6955=DIRECTION('',(0.,0.,1.));
#6956=DIRECTION('',(1.,0.,0.));
#6957=DIRECTION('',(0.,-1.,0.));
#6958=DIRECTION('',(1.,0.,0.));
#6959=DIRECTION('',(0.,0.,-1.));
#6960=DIRECTION('',(0.,1.,0.));
#6961=DIRECTION('',(-1.,0.,-2.44921270764475E-16));
#6962=DIRECTION('',(0.,-1.,0.));
#6963=DIRECTION('',(-1.,0.,-2.44921270764475E-16));
#6964=DIRECTION('',(0.,1.,0.));
#6965=DIRECTION('',(-1.,0.,-2.44921270764475E-16));
#6966=DIRECTION('',(0.,1.,0.));
#6967=DIRECTION('',(-1.,0.,0.));
#6968=DIRECTION('',(0.,-1.,0.));
#6969=DIRECTION('',(-1.,0.,0.));
#6970=DIRECTION('',(0.,1.,0.));
#6971=DIRECTION('',(-1.,0.,0.));
#6972=DIRECTION('',(0.,1.,0.));
#6973=DIRECTION('',(-1.,0.,-2.44921270764551E-16));
#6974=DIRECTION('',(0.,-1.,0.));
#6975=DIRECTION('',(-1.,0.,-2.44921270764551E-16));
#6976=DIRECTION('',(0.,1.,0.));
#6977=DIRECTION('',(-1.,0.,-2.44921270764551E-16));
#6978=DIRECTION('',(0.,1.,0.));
#6979=DIRECTION('',(-1.,0.,-2.44921270764496E-16));
#6980=DIRECTION('',(0.,-1.,0.));
#6981=DIRECTION('',(-1.,0.,-2.44921270764496E-16));
#6982=DIRECTION('',(0.,1.,0.));
#6983=DIRECTION('',(-1.,0.,-2.44921270764496E-16));
#6984=DIRECTION('',(0.,1.,0.));
#6985=DIRECTION('',(-1.,0.,-2.44921270764496E-16));
#6986=DIRECTION('',(0.,-1.,0.));
#6987=DIRECTION('',(-1.,0.,-2.44921270764496E-16));
#6988=DIRECTION('',(0.,1.,0.));
#6989=DIRECTION('',(-1.,0.,-2.44921270764496E-16));
#6990=DIRECTION('',(0.,1.,0.));
#6991=DIRECTION('',(-1.,0.,0.));
#6992=DIRECTION('',(0.,1.,0.));
#6993=DIRECTION('',(-1.,0.,0.));
#6994=DIRECTION('',(0.,-1.,0.));
#6995=DIRECTION('',(-1.,0.,0.));
#6996=DIRECTION('',(0.,-1.,0.));
#6997=DIRECTION('',(0.,0.,-1.));
#6998=DIRECTION('',(0.,1.,0.));
#6999=DIRECTION('',(-1.,0.,0.));
#7000=DIRECTION('',(0.,1.,0.));
#7001=DIRECTION('',(-1.,0.,0.));
#7002=DIRECTION('',(0.,-1.,0.));
#7003=DIRECTION('',(-1.,0.,0.));
#7004=DIRECTION('',(0.,-1.,0.));
#7005=DIRECTION('',(0.,0.,-1.));
#7006=DIRECTION('',(0.,1.,0.));
#7007=DIRECTION('',(-1.,0.,0.));
#7008=DIRECTION('',(0.,1.,0.));
#7009=DIRECTION('',(-1.,0.,0.));
#7010=DIRECTION('',(0.,-1.,0.));
#7011=DIRECTION('',(-1.,0.,0.));
#7012=DIRECTION('',(0.,-1.,0.));
#7013=DIRECTION('',(0.,0.,-1.));
#7014=DIRECTION('',(0.,1.,0.));
#7015=DIRECTION('',(-1.,0.,0.));
#7016=DIRECTION('',(0.,1.,0.));
#7017=DIRECTION('',(-1.,0.,0.));
#7018=DIRECTION('',(0.,-1.,0.));
#7019=DIRECTION('',(-1.,0.,0.));
#7020=DIRECTION('',(0.,-1.,0.));
#7021=DIRECTION('',(0.,0.,-1.));
#7022=DIRECTION('',(0.,1.,0.));
#7023=DIRECTION('',(-1.,0.,0.));
#7024=DIRECTION('',(0.,1.,0.));
#7025=DIRECTION('',(-1.,0.,0.));
#7026=DIRECTION('',(0.,-1.,0.));
#7027=DIRECTION('',(-1.,0.,0.));
#7028=DIRECTION('',(0.,-1.,0.));
#7029=DIRECTION('',(0.,0.,-1.));
#7030=DIRECTION('',(0.,1.,0.));
#7031=DIRECTION('',(-1.,0.,0.));
#7032=DIRECTION('',(0.,1.,0.));
#7033=DIRECTION('',(-1.,0.,0.));
#7034=DIRECTION('',(0.,-1.,0.));
#7035=DIRECTION('',(-1.,0.,0.));
#7036=DIRECTION('',(0.,-1.,0.));
#7037=DIRECTION('',(0.,0.,-1.));
#7038=DIRECTION('',(0.,1.,0.));
#7039=DIRECTION('',(0.,0.,1.));
#7040=DIRECTION('',(0.,-1.,0.));
#7041=DIRECTION('',(0.,0.,-1.));
#7042=DIRECTION('',(0.,-1.,0.));
#7043=DIRECTION('',(0.,0.,-1.));
#7044=DIRECTION('',(0.,1.,0.));
#7045=DIRECTION('',(0.,0.,1.));
#7046=DIRECTION('',(0.,-1.,0.));
#7047=DIRECTION('',(0.,0.,-1.));
#7048=DIRECTION('',(0.,-1.,0.));
#7049=DIRECTION('',(0.,0.,-1.));
#7050=DIRECTION('',(0.,1.,0.));
#7051=DIRECTION('',(0.,0.,1.));
#7052=DIRECTION('',(0.,-1.,0.));
#7053=DIRECTION('',(0.,0.,-1.));
#7054=DIRECTION('',(0.,-1.,0.));
#7055=DIRECTION('',(0.,0.,-1.));
#7056=DIRECTION('',(0.,1.,0.));
#7057=DIRECTION('',(0.,0.,1.));
#7058=DIRECTION('',(0.,-1.,0.));
#7059=DIRECTION('',(0.,0.,-1.));
#7060=DIRECTION('',(0.,-1.,0.));
#7061=DIRECTION('',(0.,0.,-1.));
#7062=DIRECTION('',(0.,0.,1.));
#7063=DIRECTION('',(1.,0.,0.));
#7064=DIRECTION('',(-1.,0.,0.));
#7065=DIRECTION('',(0.,1.,0.));
#7066=DIRECTION('',(0.,0.,1.));
#7067=DIRECTION('',(-1.,0.,0.));
#7068=DIRECTION('',(0.,-0.81532972423608,-0.578996926396952));
#7069=DIRECTION('',(0.,-0.866025403784439,0.5));
#7070=DIRECTION('',(-1.,0.,0.));
#7071=DIRECTION('',(0.,0.,1.));
#7072=DIRECTION('',(0.,-0.866025403784439,-0.5));
#7073=DIRECTION('',(-1.,0.,0.));
#7074=DIRECTION('',(0.,0.,1.));
#7075=DIRECTION('',(0.,0.,-1.));
#7076=DIRECTION('',(-1.,0.,0.));
#7077=DIRECTION('',(0.,0.,1.));
#7078=DIRECTION('',(0.,0.866025403784439,-0.5));
#7079=DIRECTION('',(-1.,0.,0.));
#7080=DIRECTION('',(0.,0.,1.));
#7081=DIRECTION('',(0.,0.866025403784439,0.5));
#7082=DIRECTION('',(-1.,0.,0.));
#7083=DIRECTION('',(0.,0.,1.));
#7084=DIRECTION('',(-1.,0.,0.));
#7085=DIRECTION('',(0.,1.,0.));
#7086=DIRECTION('',(1.,0.,0.));
#7087=DIRECTION('',(0.,-0.81532972423608,-0.578996926396952));
#7088=DIRECTION('',(0.,0.,-1.));
#7089=DIRECTION('',(1.,0.,0.));
#7090=DIRECTION('',(0.,0.,1.));
#7091=DIRECTION('',(0.,-0.866025403784439,-0.5));
#7092=DIRECTION('',(1.,0.,0.));
#7093=DIRECTION('',(0.,0.,1.));
#7094=DIRECTION('',(0.,-0.866025403784439,0.5));
#7095=DIRECTION('',(1.,0.,0.));
#7096=DIRECTION('',(0.,0.,1.));
#7097=DIRECTION('',(0.,0.,1.));
#7098=DIRECTION('',(1.,0.,0.));
#7099=DIRECTION('',(0.,0.,1.));
#7100=DIRECTION('',(0.,0.866025403784439,0.5));
#7101=DIRECTION('',(1.,0.,0.));
#7102=DIRECTION('',(0.,0.,1.));
#7103=DIRECTION('',(0.,0.866025403784439,-0.5));
#7104=DIRECTION('',(1.,0.,0.));
#7105=DIRECTION('',(0.,-2.44921270764475E-16,-1.));
#7106=DIRECTION('',(0.,-1.,0.));
#7107=DIRECTION('',(0.,0.,1.));
#7108=DIRECTION('',(-1.,0.,0.));
#7109=DIRECTION('',(-1.,0.,0.));
#7110=DIRECTION('',(1.,0.,0.));
#7111=DIRECTION('',(0.,-0.81532972423608,-0.578996926396952));
#7112=DIRECTION('',(-1.,0.,0.));
#7113=DIRECTION('',(0.,-0.5,0.866025403784439));
#7114=DIRECTION('',(0.,0.866025403784439,0.5));
#7115=DIRECTION('',(-1.,0.,0.));
#7116=DIRECTION('',(1.,0.,0.));
#7117=DIRECTION('',(0.,-0.81532972423608,-0.578996926396952));
#7118=DIRECTION('',(-1.,0.,0.));
#7119=DIRECTION('',(0.,0.5,0.866025403784439));
#7120=DIRECTION('',(0.,0.866025403784439,-0.5));
#7121=DIRECTION('',(-1.,0.,0.));
#7122=DIRECTION('',(1.,0.,0.));
#7123=DIRECTION('',(0.,-0.81532972423608,-0.578996926396952));
#7124=DIRECTION('',(-1.,0.,0.));
#7125=DIRECTION('',(0.,1.,0.));
#7126=DIRECTION('',(0.,0.,-1.));
#7127=DIRECTION('',(-1.,0.,0.));
#7128=DIRECTION('',(1.,0.,0.));
#7129=DIRECTION('',(0.,-0.81532972423608,-0.578996926396952));
#7130=DIRECTION('',(-1.,0.,0.));
#7131=DIRECTION('',(0.,0.5,-0.866025403784439));
#7132=DIRECTION('',(0.,-0.866025403784439,-0.5));
#7133=DIRECTION('',(-1.,0.,0.));
#7134=DIRECTION('',(1.,0.,0.));
#7135=DIRECTION('',(0.,-0.81532972423608,-0.578996926396952));
#7136=DIRECTION('',(-1.,0.,0.));
#7137=DIRECTION('',(0.,-0.5,-0.866025403784439));
#7138=DIRECTION('',(0.,-0.866025403784439,0.5));
#7139=DIRECTION('',(-1.,0.,0.));
#7140=DIRECTION('',(1.,0.,0.));
#7141=DIRECTION('',(0.,-0.81532972423608,-0.578996926396952));
#7142=DIRECTION('',(-1.,0.,0.));
#7143=DIRECTION('',(0.,-2.44921270764475E-16,-1.));
#7144=DIRECTION('',(-1.,0.,0.));
#7145=DIRECTION('',(0.,-2.44921270764475E-16,-1.));
#7146=DIRECTION('',(1.,0.,0.));
#7147=DIRECTION('',(0.,1.,0.));
#7148=DIRECTION('',(1.,0.,0.));
#7149=DIRECTION('',(0.,2.44921270764475E-16,1.));
#7150=DIRECTION('',(-1.,0.,0.));
#7151=DIRECTION('',(0.,-2.44921270764475E-16,-1.));
#7152=DIRECTION('',(-1.,0.,0.));
#7153=DIRECTION('',(0.,-2.44921270764475E-16,-1.));
#7154=DIRECTION('',(-1.,0.,0.));
#7155=DIRECTION('',(0.,1.,0.));
#7156=DIRECTION('',(-1.,0.,0.));
#7157=DIRECTION('',(0.,1.,0.));
#7158=DIRECTION('',(1.,0.,0.));
#7159=DIRECTION('',(0.,1.,0.));
#7160=DIRECTION('',(1.,0.,0.));
#7161=DIRECTION('',(0.,1.,0.));
#7162=DIRECTION('',(1.,0.,0.));
#7163=DIRECTION('',(0.,1.,0.));
#7164=DIRECTION('',(1.,0.,0.));
#7165=DIRECTION('',(0.,1.,0.));
#7166=DIRECTION('',(-1.,0.,0.));
#7167=DIRECTION('',(0.,1.,0.));
#7168=DIRECTION('',(-1.,0.,0.));
#7169=DIRECTION('',(0.,1.,0.));
#7170=DIRECTION('',(-1.,0.,0.));
#7171=DIRECTION('',(0.,1.,0.));
#7172=DIRECTION('',(-1.,0.,0.));
#7173=DIRECTION('',(0.,1.,0.));
#7174=DIRECTION('',(-1.,0.,0.));
#7175=DIRECTION('',(0.,1.,0.));
#7176=DIRECTION('',(-1.,0.,0.));
#7177=DIRECTION('',(0.,1.,0.));
#7178=DIRECTION('',(-1.,0.,0.));
#7179=DIRECTION('',(0.,1.,0.));
#7180=DIRECTION('',(-1.,0.,0.));
#7181=DIRECTION('',(0.,1.,0.));
#7182=DIRECTION('',(-1.,0.,0.));
#7183=DIRECTION('',(0.,1.,0.));
#7184=DIRECTION('',(-1.,0.,0.));
#7185=DIRECTION('',(0.,1.,0.));
#7186=DIRECTION('',(-1.,0.,0.));
#7187=DIRECTION('',(0.,1.,0.));
#7188=DIRECTION('',(-1.,0.,0.));
#7189=DIRECTION('',(0.,1.,0.));
#7190=DIRECTION('',(-1.,0.,0.));
#7191=DIRECTION('',(0.,1.,0.));
#7192=DIRECTION('',(1.,0.,0.));
#7193=DIRECTION('',(0.,-2.44921270764475E-16,-1.));
#7194=DIRECTION('',(-1.,0.,0.));
#7195=DIRECTION('',(0.,-2.44921270764475E-16,-1.));
#7196=DIRECTION('',(-1.,0.,0.));
#7197=DIRECTION('',(0.,-2.44921270764475E-16,-1.));
#7198=DIRECTION('',(-1.,0.,0.));
#7199=DIRECTION('',(0.,-2.44921270764475E-16,-1.));
#7200=DIRECTION('',(1.,0.,0.));
#7201=DIRECTION('',(0.,-2.44921270764475E-16,-1.));
#7202=DIRECTION('',(-1.,0.,0.));
#7203=DIRECTION('',(0.,-2.44921270764475E-16,-1.));
#7204=DIRECTION('',(1.,0.,0.));
#7205=DIRECTION('',(0.,-2.44921270764475E-16,-1.));
#7206=DIRECTION('',(-1.,0.,0.));
#7207=DIRECTION('',(0.,-2.44921270764475E-16,-1.));
#7208=DIRECTION('',(1.,0.,0.));
#7209=DIRECTION('',(0.,-2.44921270764475E-16,-1.));
#7210=DIRECTION('',(1.,0.,0.));
#7211=DIRECTION('',(0.,-2.44921270764475E-16,-1.));
#7212=DIRECTION('',(-1.,0.,0.));
#7213=DIRECTION('',(0.,-2.44921270764475E-16,-1.));
#7214=DIRECTION('',(1.,0.,0.));
#7215=DIRECTION('',(0.,-2.44921270764475E-16,-1.));
#7216=DIRECTION('',(0.,0.,1.));
#7217=DIRECTION('',(1.,0.,0.));
#7218=DIRECTION('',(-1.,0.,0.));
#7219=DIRECTION('',(0.,-1.,0.));
#7220=DIRECTION('',(0.,-1.,0.));
#7221=DIRECTION('',(0.,0.,1.));
#7222=DIRECTION('',(0.,1.,0.));
#7223=DIRECTION('',(0.,0.,1.));
#7224=DIRECTION('',(-1.,0.,0.));
#7225=DIRECTION('',(0.,0.,1.));
#7226=DIRECTION('',(0.,0.,1.));
#7227=DIRECTION('',(0.,1.,-1.36108582514596E-16));
#7228=DIRECTION('',(0.,0.,-1.));
#7229=DIRECTION('',(0.,-1.,1.36108582514596E-16));
#7230=DIRECTION('',(0.,-1.36108582514596E-16,-1.));
#7231=DIRECTION('',(0.,-1.,1.36108582514596E-16));
#7232=DIRECTION('',(-1.,0.,0.));
#7233=DIRECTION('',(0.,-1.,1.36108582514596E-16));
#7234=DIRECTION('',(1.,0.,0.));
#7235=DIRECTION('',(0.,1.36108582514596E-16,1.));
#7236=DIRECTION('',(0.,1.,-1.36108582514596E-16));
#7237=DIRECTION('',(-1.,0.,0.));
#7238=DIRECTION('',(0.,1.,-1.36108582514596E-16));
#7239=DIRECTION('',(-1.,0.,0.));
#7240=DIRECTION('',(0.,1.,0.));
#7241=DIRECTION('',(0.,0.,-1.));
#7242=DIRECTION('',(0.,0.,-1.));
#7243=DIRECTION('',(-1.,0.,0.));
#7244=DIRECTION('',(0.,-1.,-2.44921270764475E-16));
#7245=DIRECTION('',(1.,0.,0.));
#7246=DIRECTION('',(0.,0.,1.));
#7247=DIRECTION('',(1.,0.,0.));
#7248=DIRECTION('',(0.,0.,1.));
#7249=DIRECTION('',(1.,1.93222281298069E-15,0.));
#7250=DIRECTION('',(-1.93222281298069E-15,1.,2.44921270764475E-16));
#7251=DIRECTION('',(1.,1.93222281298069E-15,0.));
#7252=DIRECTION('',(-1.93222281298069E-15,1.,0.));
#7253=DIRECTION('',(1.,1.93222281298069E-15,0.));
#7254=DIRECTION('',(-1.93222281298069E-15,1.,0.));
#7255=DIRECTION('',(-1.,0.,0.));
#7256=DIRECTION('',(0.,-1.,-2.44921270764475E-16));
#7257=DIRECTION('',(1.,0.,0.));
#7258=DIRECTION('',(0.,1.,0.));
#7259=DIRECTION('',(1.,0.,0.));
#7260=DIRECTION('',(0.,1.,0.));
#7261=DIRECTION('',(1.,1.93222281298069E-15,0.));
#7262=DIRECTION('',(-1.93222281298069E-15,1.,2.44921270764475E-16));
#7263=DIRECTION('',(1.,0.,0.));
#7264=DIRECTION('',(0.,1.,0.));
#7265=DIRECTION('',(1.,0.,0.));
#7266=DIRECTION('',(0.,1.,0.));
#7267=DIRECTION('',(1.,0.,0.));
#7268=DIRECTION('',(0.,1.4210854715202E-15,-1.));
#7269=DIRECTION('',(1.,0.,0.));
#7270=DIRECTION('',(0.,1.4210854715202E-15,-1.));
#7271=DIRECTION('',(-1.,0.,0.));
#7272=DIRECTION('',(-1.,0.,0.));
#7273=DIRECTION('',(0.,1.4210854715202E-15,-1.));
#7274=DIRECTION('',(-1.,0.,0.));
#7275=DIRECTION('',(0.,-1.,0.));
#7276=DIRECTION('',(0.,0.,1.));
#7277=DIRECTION('',(0.,0.,-1.));
#7278=DIRECTION('',(-1.,0.,0.));
#7279=DIRECTION('',(0.,0.,1.));
#7280=DIRECTION('',(1.,0.,0.));
#7281=DIRECTION('',(0.,-1.,-7.105427357601E-16));
#7282=DIRECTION('',(1.,0.,0.));
#7283=DIRECTION('',(0.,-1.,-7.105427357601E-16));
#7284=DIRECTION('',(-1.,0.,0.));
#7285=DIRECTION('',(-1.,0.,0.));
#7286=DIRECTION('',(0.,-1.,-7.105427357601E-16));
#7287=DIRECTION('',(0.,0.,1.));
#7288=DIRECTION('',(0.,1.,0.));
#7289=DIRECTION('',(0.,-1.,0.));
#7290=DIRECTION('',(-1.,0.,0.));
#7291=DIRECTION('',(0.,1.,0.));
#7292=DIRECTION('',(1.,0.,0.));
#7293=DIRECTION('',(0.,-7.105427357601E-16,1.));
#7294=DIRECTION('',(1.,0.,0.));
#7295=DIRECTION('',(0.,-7.105427357601E-16,1.));
#7296=DIRECTION('',(-1.,0.,0.));
#7297=DIRECTION('',(-1.,0.,0.));
#7298=DIRECTION('',(0.,-7.105427357601E-16,1.));
#7299=DIRECTION('',(0.,1.,0.));
#7300=DIRECTION('',(0.,0.,-1.));
#7301=DIRECTION('',(0.,0.,1.));
#7302=DIRECTION('',(-1.,0.,0.));
#7303=DIRECTION('',(0.,0.,-1.));
#7304=DIRECTION('',(1.,0.,0.));
#7305=DIRECTION('',(0.,1.,7.105427357601E-16));
#7306=DIRECTION('',(1.,0.,0.));
#7307=DIRECTION('',(0.,1.,7.105427357601E-16));
#7308=DIRECTION('',(-1.,0.,0.));
#7309=DIRECTION('',(-1.,0.,0.));
#7310=DIRECTION('',(0.,1.,7.105427357601E-16));
#7311=DIRECTION('',(0.,0.,-1.));
#7312=DIRECTION('',(0.,-1.,0.));
#7313=DIRECTION('',(0.,1.,0.));
#7314=DIRECTION('',(0.,-1.,0.));
#7315=DIRECTION('',(-1.,0.,0.));
#7316=DIRECTION('',(0.,0.,1.));
#7317=DIRECTION('',(1.,0.,0.));
#7318=DIRECTION('',(0.,1.,0.));
#7319=DIRECTION('',(1.,0.,0.));
#7320=DIRECTION('',(0.,1.,0.));
#7321=DIRECTION('',(0.,0.,-1.));
#7322=DIRECTION('',(-1.,0.,0.));
#7323=DIRECTION('',(0.,-1.,0.));
#7324=DIRECTION('',(-1.,0.,0.));
#7325=DIRECTION('',(0.,1.,0.));
#7326=DIRECTION('',(1.,0.,0.));
#7327=DIRECTION('',(0.,-1.,0.));
#7328=DIRECTION('',(1.,0.,0.));
#7329=DIRECTION('',(-1.,0.,0.));
#7330=DIRECTION('',(0.,-1.,0.));
#7331=DIRECTION('',(1.,0.,0.));
#7332=DIRECTION('',(0.,1.,0.));
#7333=DIRECTION('',(1.,0.,0.));
#7334=DIRECTION('',(0.,1.,0.));
#7335=DIRECTION('',(0.,-0.707106781186548,0.707106781186547));
#7336=DIRECTION('',(0.,0.,1.));
#7337=DIRECTION('',(0.,0.707106781186548,0.707106781186548));
#7338=DIRECTION('',(0.,0.,1.));
#7339=DIRECTION('',(0.,1.,0.));
#7340=DIRECTION('',(0.,0.707106781186548,-0.707106781186548));
#7341=DIRECTION('',(0.,-0.707106781186548,-0.707106781186548));
#7342=DIRECTION('',(-1.,0.,0.));
#7343=DIRECTION('',(0.,-0.707106781186548,-0.707106781186548));
#7344=DIRECTION('',(1.,0.,0.));
#7345=DIRECTION('',(0.,1.,0.));
#7346=DIRECTION('',(0.,0.707106781186548,-0.707106781186547));
#7347=DIRECTION('',(0.,-1.,0.));
#7348=DIRECTION('',(0.,0.,1.));
#7349=DIRECTION('',(0.,0.,1.));
#7350=DIRECTION('',(0.,0.,1.));
#7351=DIRECTION('',(0.,-1.,0.));
#7352=DIRECTION('',(1.,0.,0.));
#7353=DIRECTION('',(1.,0.,0.));
#7354=DIRECTION('',(0.,0.707106781186547,0.707106781186548));
#7355=DIRECTION('',(0.,0.707106781186548,-0.707106781186547));
#7356=DIRECTION('',(-1.,0.,0.));
#7357=DIRECTION('',(0.,-1.,0.));
#7358=DIRECTION('',(1.,0.,0.));
#7359=DIRECTION('',(0.707106781186547,0.,-0.707106781186548));
#7360=DIRECTION('',(-1.,0.,0.));
#7361=DIRECTION('',(-0.707106781186548,0.,-0.707106781186548));
#7362=DIRECTION('',(0.707106781186548,0.,-0.707106781186548));
#7363=DIRECTION('',(0.707106781186548,0.,0.707106781186548));
#7364=DIRECTION('',(0.707106781186548,0.,0.707106781186548));
#7365=DIRECTION('',(0.,1.,0.));
#7366=DIRECTION('',(-1.,0.,0.));
#7367=DIRECTION('',(-0.707106781186547,0.,0.707106781186548));
#7368=DIRECTION('',(1.,0.,0.));
#7369=DIRECTION('',(0.,0.,-1.));
#7370=DIRECTION('',(-1.,0.,0.));
#7371=DIRECTION('',(0.,1.,0.));
#7372=DIRECTION('',(0.707106781186548,0.,0.707106781186547));
#7373=DIRECTION('',(-0.707106781186547,0.,0.707106781186548));
#7374=DIRECTION('',(-1.,0.,0.));
#7375=DIRECTION('',(0.,1.,0.));
#7376=DIRECTION('',(-1.,0.,0.));
#7377=DIRECTION('',(0.,1.,0.));
#7378=DIRECTION('',(-1.,0.,0.));
#7379=DIRECTION('',(0.,1.,0.));
#7380=DIRECTION('',(-1.,0.,0.));
#7381=DIRECTION('',(0.,1.,0.));
#7382=DIRECTION('',(-1.,0.,0.));
#7383=DIRECTION('',(0.,1.,0.));
#7384=DIRECTION('',(-1.,0.,0.));
#7385=DIRECTION('',(0.,1.,0.));
#7386=DIRECTION('',(0.,0.,1.));
#7387=DIRECTION('',(1.,0.,0.));
#7388=DIRECTION('',(-1.,0.,0.));
#7389=DIRECTION('',(0.,1.,0.));
#7390=DIRECTION('',(0.,0.,1.));
#7391=DIRECTION('',(0.,-0.866025403784439,0.5));
#7392=DIRECTION('',(0.,-0.866025403784439,-0.5));
#7393=DIRECTION('',(0.,0.,-1.));
#7394=DIRECTION('',(0.,0.866025403784439,-0.5));
#7395=DIRECTION('',(0.,0.866025403784439,0.5));
#7396=DIRECTION('',(-1.,0.,0.));
#7397=DIRECTION('',(0.,1.,0.));
#7398=DIRECTION('',(-1.,0.,0.));
#7399=DIRECTION('',(0.,1.,0.));
#7400=DIRECTION('',(-1.,0.,0.));
#7401=DIRECTION('',(0.,1.,0.));
#7402=DIRECTION('',(1.,0.,0.));
#7403=DIRECTION('',(0.,1.,0.));
#7404=DIRECTION('',(0.,1.,0.));
#7405=DIRECTION('',(0.,0.,-1.));
#7406=DIRECTION('',(0.,0.,1.));
#7407=DIRECTION('',(-1.,0.,0.));
#7408=DIRECTION('',(-1.,0.,0.));
#7409=DIRECTION('',(0.,0.5,-0.866025403784439));
#7410=DIRECTION('',(0.,-0.866025403784439,-0.5));
#7411=DIRECTION('',(0.,0.866025403784439,0.5));
#7412=DIRECTION('',(-1.,0.,0.));
#7413=DIRECTION('',(0.,-0.5,-0.866025403784439));
#7414=DIRECTION('',(0.,-0.866025403784439,0.5));
#7415=DIRECTION('',(0.,0.866025403784439,-0.5));
#7416=DIRECTION('',(-1.,0.,0.));
#7417=DIRECTION('',(0.,-1.,0.));
#7418=DIRECTION('',(0.,0.,1.));
#7419=DIRECTION('',(0.,0.,-1.));
#7420=DIRECTION('',(-1.,0.,0.));
#7421=DIRECTION('',(0.,0.5,0.866025403784439));
#7422=DIRECTION('',(0.,0.866025403784439,-0.5));
#7423=DIRECTION('',(0.,-0.866025403784439,0.5));
#7424=DIRECTION('',(-1.,0.,0.));
#7425=DIRECTION('',(0.,0.5,0.866025403784439));
#7426=DIRECTION('',(0.,0.866025403784439,-0.5));
#7427=DIRECTION('',(0.,-0.866025403784439,0.5));
#7428=DIRECTION('',(-1.,0.,0.));
#7429=DIRECTION('',(0.,0.866025403784439,-0.5));
#7430=DIRECTION('',(-1.,0.,0.));
#7431=DIRECTION('',(0.,-0.866025403784439,0.5));
#7432=DIRECTION('',(0.,-0.5,0.866025403784439));
#7433=DIRECTION('',(0.,0.866025403784439,0.5));
#7434=DIRECTION('',(0.,-0.866025403784439,-0.5));
#7435=DIRECTION('',(0.,-0.5,0.866025403784439));
#7436=DIRECTION('',(0.,0.866025403784439,0.5));
#7437=DIRECTION('',(0.,-0.866025403784439,-0.5));
#7438=DIRECTION('',(-1.,0.,0.));
#7439=DIRECTION('',(0.,0.866025403784439,0.5));
#7440=DIRECTION('',(0.,-0.866025403784439,-0.5));
#7441=DIRECTION('',(-1.,0.,0.));
#7442=DIRECTION('',(0.,-1.,2.44921270764475E-16));
#7443=DIRECTION('',(-1.,0.,0.));
#7444=DIRECTION('',(0.,-1.,2.44921270764475E-16));
#7445=DIRECTION('',(1.,0.,0.));
#7446=DIRECTION('',(0.,-2.44921270764475E-16,-1.));
#7447=DIRECTION('',(1.,0.,0.));
#7448=DIRECTION('',(0.,1.,-2.44921270764475E-16));
#7449=DIRECTION('',(-1.,0.,0.));
#7450=DIRECTION('',(0.,-1.,2.44921270764475E-16));
#7451=DIRECTION('',(0.,-1.,0.));
#7452=DIRECTION('',(0.,0.,1.));
#7453=DIRECTION('',(0.,0.,-1.));
#7454=DIRECTION('',(-1.,0.,0.));
#7455=DIRECTION('',(0.,0.,1.));
#7456=DIRECTION('',(0.,0.,-1.));
#7457=DIRECTION('',(-1.,0.,0.));
#7458=DIRECTION('',(0.,-2.44921270764475E-16,-1.));
#7459=DIRECTION('',(-1.,0.,0.));
#7460=DIRECTION('',(0.,-2.44921270764475E-16,-1.));
#7461=DIRECTION('',(0.,-0.866025403784439,0.5));
#7462=DIRECTION('',(0.,-0.866025403784439,-0.5));
#7463=DIRECTION('',(0.,0.,-1.));
#7464=DIRECTION('',(0.,1.,0.));
#7465=DIRECTION('',(0.,0.,-1.));
#7466=DIRECTION('',(0.,0.,1.));
#7467=DIRECTION('',(0.,0.,1.));
#7468=DIRECTION('',(-1.,0.,0.));
#7469=DIRECTION('',(0.,0.5,-0.866025403784439));
#7470=DIRECTION('',(0.,-0.866025403784439,-0.5));
#7471=DIRECTION('',(0.,0.866025403784439,0.5));
#7472=DIRECTION('',(0.,0.866025403784439,0.5));
#7473=DIRECTION('',(-1.,0.,0.));
#7474=DIRECTION('',(0.,-0.5,-0.866025403784439));
#7475=DIRECTION('',(0.,-0.866025403784439,0.5));
#7476=DIRECTION('',(0.,0.866025403784439,-0.5));
#7477=DIRECTION('',(0.,0.866025403784439,-0.5));
#7478=DIRECTION('',(1.,0.,0.));
#7479=DIRECTION('',(0.,2.44921270764475E-16,1.));
#7480=DIRECTION('',(-1.,0.,0.));
#7481=DIRECTION('',(0.,-2.44921270764475E-16,-1.));
#7482=DIRECTION('',(1.,0.,0.));
#7483=DIRECTION('',(0.,2.44921270764475E-16,1.));
#7484=DIRECTION('',(-1.,0.,0.));
#7485=DIRECTION('',(0.,-2.44921270764475E-16,-1.));
#7486=DIRECTION('',(1.,0.,0.));
#7487=DIRECTION('',(0.,2.44921270764475E-16,1.));
#7488=DIRECTION('',(-1.,0.,0.));
#7489=DIRECTION('',(0.,-2.44921270764475E-16,-1.));
#7490=DIRECTION('',(1.,0.,0.));
#7491=DIRECTION('',(0.,2.44921270764475E-16,1.));
#7492=DIRECTION('',(-1.,0.,0.));
#7493=DIRECTION('',(0.,-2.44921270764475E-16,-1.));
#7494=DIRECTION('',(1.,0.,0.));
#7495=DIRECTION('',(0.,2.44921270764475E-16,1.));
#7496=DIRECTION('',(-1.,0.,0.));
#7497=DIRECTION('',(0.,-2.44921270764475E-16,-1.));
#7498=DIRECTION('',(1.,0.,0.));
#7499=DIRECTION('',(0.,2.44921270764475E-16,1.));
#7500=DIRECTION('',(-1.,0.,0.));
#7501=DIRECTION('',(0.,-2.44921270764475E-16,-1.));
#7502=DIRECTION('',(-1.,0.,0.));
#7503=DIRECTION('',(0.,1.,0.));
#7504=DIRECTION('',(1.,0.,0.));
#7505=DIRECTION('',(0.,-2.44921270764475E-16,-1.));
#7506=DIRECTION('',(-1.,0.,0.));
#7507=DIRECTION('',(0.,-2.44921270764475E-16,-1.));
#7508=DIRECTION('',(-1.,0.,0.));
#7509=DIRECTION('',(0.,1.,0.));
#7510=DIRECTION('',(1.,0.,0.));
#7511=DIRECTION('',(0.,-2.44921270764475E-16,-1.));
#7512=DIRECTION('',(1.,0.,0.));
#7513=DIRECTION('',(0.,-1.,2.44921270764475E-16));
#7514=DIRECTION('',(0.,0.,1.));
#7515=DIRECTION('',(1.,0.,0.));
#7516=DIRECTION('',(-1.,0.,0.));
#7517=DIRECTION('',(0.,1.,0.));
#7518=DIRECTION('',(0.,0.,1.));
#7519=DIRECTION('',(-1.,0.,0.));
#7520=DIRECTION('',(0.,-0.81532972423608,-0.578996926396952));
#7521=DIRECTION('',(0.,-0.866025403784439,0.5));
#7522=DIRECTION('',(-1.,0.,0.));
#7523=DIRECTION('',(0.,0.,1.));
#7524=DIRECTION('',(0.,-0.866025403784439,-0.5));
#7525=DIRECTION('',(-1.,0.,0.));
#7526=DIRECTION('',(0.,0.,1.));
#7527=DIRECTION('',(0.,0.,-1.));
#7528=DIRECTION('',(-1.,0.,0.));
#7529=DIRECTION('',(0.,0.,1.));
#7530=DIRECTION('',(0.,0.866025403784439,-0.5));
#7531=DIRECTION('',(-1.,0.,0.));
#7532=DIRECTION('',(0.,0.,1.));
#7533=DIRECTION('',(0.,0.866025403784439,0.5));
#7534=DIRECTION('',(-1.,0.,0.));
#7535=DIRECTION('',(0.,0.,1.));
#7536=DIRECTION('',(-1.,0.,0.));
#7537=DIRECTION('',(0.,1.,0.));
#7538=DIRECTION('',(1.,0.,0.));
#7539=DIRECTION('',(0.,-0.81532972423608,-0.578996926396952));
#7540=DIRECTION('',(0.,0.,-1.));
#7541=DIRECTION('',(1.,0.,0.));
#7542=DIRECTION('',(0.,0.,1.));
#7543=DIRECTION('',(0.,-0.866025403784439,-0.5));
#7544=DIRECTION('',(1.,0.,0.));
#7545=DIRECTION('',(0.,0.,1.));
#7546=DIRECTION('',(0.,-0.866025403784439,0.5));
#7547=DIRECTION('',(1.,0.,0.));
#7548=DIRECTION('',(0.,0.,1.));
#7549=DIRECTION('',(0.,0.,1.));
#7550=DIRECTION('',(1.,0.,0.));
#7551=DIRECTION('',(0.,0.,1.));
#7552=DIRECTION('',(0.,0.866025403784439,0.5));
#7553=DIRECTION('',(1.,0.,0.));
#7554=DIRECTION('',(0.,0.,1.));
#7555=DIRECTION('',(0.,0.866025403784439,-0.5));
#7556=DIRECTION('',(1.,0.,0.));
#7557=DIRECTION('',(0.,-2.44921270764475E-16,-1.));
#7558=DIRECTION('',(0.,-1.,0.));
#7559=DIRECTION('',(0.,0.,1.));
#7560=DIRECTION('',(-1.,0.,0.));
#7561=DIRECTION('',(-1.,0.,0.));
#7562=DIRECTION('',(1.,0.,0.));
#7563=DIRECTION('',(0.,-0.81532972423608,-0.578996926396952));
#7564=DIRECTION('',(-1.,0.,0.));
#7565=DIRECTION('',(0.,-0.5,0.866025403784439));
#7566=DIRECTION('',(0.,0.866025403784439,0.5));
#7567=DIRECTION('',(-1.,0.,0.));
#7568=DIRECTION('',(1.,0.,0.));
#7569=DIRECTION('',(0.,-0.81532972423608,-0.578996926396952));
#7570=DIRECTION('',(-1.,0.,0.));
#7571=DIRECTION('',(0.,0.5,0.866025403784439));
#7572=DIRECTION('',(0.,0.866025403784439,-0.5));
#7573=DIRECTION('',(-1.,0.,0.));
#7574=DIRECTION('',(1.,0.,0.));
#7575=DIRECTION('',(0.,-0.81532972423608,-0.578996926396952));
#7576=DIRECTION('',(-1.,0.,0.));
#7577=DIRECTION('',(0.,1.,0.));
#7578=DIRECTION('',(0.,0.,-1.));
#7579=DIRECTION('',(-1.,0.,0.));
#7580=DIRECTION('',(1.,0.,0.));
#7581=DIRECTION('',(0.,-0.81532972423608,-0.578996926396952));
#7582=DIRECTION('',(-1.,0.,0.));
#7583=DIRECTION('',(0.,0.5,-0.866025403784439));
#7584=DIRECTION('',(0.,-0.866025403784439,-0.5));
#7585=DIRECTION('',(-1.,0.,0.));
#7586=DIRECTION('',(1.,0.,0.));
#7587=DIRECTION('',(0.,-0.81532972423608,-0.578996926396952));
#7588=DIRECTION('',(-1.,0.,0.));
#7589=DIRECTION('',(0.,-0.5,-0.866025403784439));
#7590=DIRECTION('',(0.,-0.866025403784439,0.5));
#7591=DIRECTION('',(-1.,0.,0.));
#7592=DIRECTION('',(1.,0.,0.));
#7593=DIRECTION('',(0.,-0.81532972423608,-0.578996926396952));
#7594=DIRECTION('',(-1.,0.,0.));
#7595=DIRECTION('',(0.,-2.44921270764475E-16,-1.));
#7596=DIRECTION('',(-1.,0.,0.));
#7597=DIRECTION('',(0.,-2.44921270764475E-16,-1.));
#7598=DIRECTION('',(1.,0.,0.));
#7599=DIRECTION('',(0.,1.,0.));
#7600=DIRECTION('',(1.,0.,0.));
#7601=DIRECTION('',(0.,2.44921270764475E-16,1.));
#7602=DIRECTION('',(-1.,0.,0.));
#7603=DIRECTION('',(0.,-2.44921270764475E-16,-1.));
#7604=DIRECTION('',(-1.,0.,0.));
#7605=DIRECTION('',(0.,-2.44921270764475E-16,-1.));
#7606=DIRECTION('',(-1.,0.,0.));
#7607=DIRECTION('',(0.,1.,0.));
#7608=DIRECTION('',(-1.,0.,0.));
#7609=DIRECTION('',(0.,1.,0.));
#7610=DIRECTION('',(1.,0.,0.));
#7611=DIRECTION('',(0.,1.,0.));
#7612=DIRECTION('',(1.,0.,0.));
#7613=DIRECTION('',(0.,1.,0.));
#7614=DIRECTION('',(1.,0.,0.));
#7615=DIRECTION('',(0.,1.,0.));
#7616=DIRECTION('',(1.,0.,0.));
#7617=DIRECTION('',(0.,1.,0.));
#7618=DIRECTION('',(-1.,0.,0.));
#7619=DIRECTION('',(0.,1.,0.));
#7620=DIRECTION('',(-1.,0.,0.));
#7621=DIRECTION('',(0.,1.,0.));
#7622=DIRECTION('',(-1.,0.,0.));
#7623=DIRECTION('',(0.,1.,0.));
#7624=DIRECTION('',(-1.,0.,0.));
#7625=DIRECTION('',(0.,1.,0.));
#7626=DIRECTION('',(-1.,0.,0.));
#7627=DIRECTION('',(0.,1.,0.));
#7628=DIRECTION('',(-1.,0.,0.));
#7629=DIRECTION('',(0.,1.,0.));
#7630=DIRECTION('',(-1.,0.,0.));
#7631=DIRECTION('',(0.,1.,0.));
#7632=DIRECTION('',(-1.,0.,0.));
#7633=DIRECTION('',(0.,1.,0.));
#7634=DIRECTION('',(-1.,0.,0.));
#7635=DIRECTION('',(0.,1.,0.));
#7636=DIRECTION('',(-1.,0.,0.));
#7637=DIRECTION('',(0.,1.,0.));
#7638=DIRECTION('',(-1.,0.,0.));
#7639=DIRECTION('',(0.,1.,0.));
#7640=DIRECTION('',(-1.,0.,0.));
#7641=DIRECTION('',(0.,1.,0.));
#7642=DIRECTION('',(-1.,0.,0.));
#7643=DIRECTION('',(0.,1.,0.));
#7644=DIRECTION('',(1.,0.,0.));
#7645=DIRECTION('',(0.,-2.44921270764475E-16,-1.));
#7646=DIRECTION('',(-1.,0.,0.));
#7647=DIRECTION('',(0.,-2.44921270764475E-16,-1.));
#7648=DIRECTION('',(-1.,0.,0.));
#7649=DIRECTION('',(0.,-2.44921270764475E-16,-1.));
#7650=DIRECTION('',(-1.,0.,0.));
#7651=DIRECTION('',(0.,-2.44921270764475E-16,-1.));
#7652=DIRECTION('',(1.,0.,0.));
#7653=DIRECTION('',(0.,-2.44921270764475E-16,-1.));
#7654=DIRECTION('',(-1.,0.,0.));
#7655=DIRECTION('',(0.,-2.44921270764475E-16,-1.));
#7656=DIRECTION('',(1.,0.,0.));
#7657=DIRECTION('',(0.,-2.44921270764475E-16,-1.));
#7658=DIRECTION('',(-1.,0.,0.));
#7659=DIRECTION('',(0.,-2.44921270764475E-16,-1.));
#7660=DIRECTION('',(1.,0.,0.));
#7661=DIRECTION('',(0.,-2.44921270764475E-16,-1.));
#7662=DIRECTION('',(1.,0.,0.));
#7663=DIRECTION('',(0.,-2.44921270764475E-16,-1.));
#7664=DIRECTION('',(-1.,0.,0.));
#7665=DIRECTION('',(0.,-2.44921270764475E-16,-1.));
#7666=DIRECTION('',(1.,0.,0.));
#7667=DIRECTION('',(0.,-2.44921270764475E-16,-1.));
#7668=DIRECTION('',(0.,0.,1.));
#7669=DIRECTION('',(1.,0.,0.));
#7670=CARTESIAN_POINT('',(0.,0.,0.));
#7671=CARTESIAN_POINT('',(18.,-81.5,15.));
#7672=CARTESIAN_POINT('',(18.,-77.,14.));
#7673=CARTESIAN_POINT('',(18.,-72.5,14.));
#7674=CARTESIAN_POINT('',(18.,-81.5,14.));
#7675=CARTESIAN_POINT('',(18.,-81.5,15.));
#7676=CARTESIAN_POINT('',(18.,-81.5,-14.));
#7677=CARTESIAN_POINT('',(18.,-77.,-14.));
#7678=CARTESIAN_POINT('',(18.,-72.5,-14.));
#7679=CARTESIAN_POINT('',(18.,-72.5,15.));
#7680=CARTESIAN_POINT('',(16.5,-72.5,0.));
#7681=CARTESIAN_POINT('',(16.5,-59.4489726027397,6.7));
#7682=CARTESIAN_POINT('',(16.5,-59.4489726027397,10.7));
#7683=CARTESIAN_POINT('',(16.5,-59.4489726027397,6.7));
#7684=CARTESIAN_POINT('',(16.5,-59.4489726027397,10.7));
#7685=CARTESIAN_POINT('',(16.5,-72.5,10.7));
#7686=CARTESIAN_POINT('',(16.5,-72.5,7.5));
#7687=CARTESIAN_POINT('',(16.5,-72.5,6.7));
#7688=CARTESIAN_POINT('',(16.5,-72.5,6.7));
#7689=CARTESIAN_POINT('',(0.,-72.5,10.7));
#7690=CARTESIAN_POINT('',(0.,-59.4489726027397,10.7));
#7691=CARTESIAN_POINT('',(0.,-59.4489726027397,10.7));
#7692=CARTESIAN_POINT('',(0.,-59.4489726027397,10.7));
#7693=CARTESIAN_POINT('',(0.,-72.5,10.7));
#7694=CARTESIAN_POINT('',(9.,-72.5,10.7));
#7695=CARTESIAN_POINT('',(0.,-59.4489726027397,6.7));
#7696=CARTESIAN_POINT('',(9.,-72.5,6.7));
#7697=CARTESIAN_POINT('',(0.,-72.5,6.7));
#7698=CARTESIAN_POINT('',(0.,-72.5,6.7));
#7699=CARTESIAN_POINT('',(0.,-59.4489726027397,6.7));
#7700=CARTESIAN_POINT('',(0.,-59.4489726027397,6.7));
#7701=CARTESIAN_POINT('',(0.,-59.4489726027397,10.7));
#7702=CARTESIAN_POINT('',(0.,-59.4489726027397,6.7));
#7703=CARTESIAN_POINT('',(1.8,-87.0645,-10.5));
#7704=CARTESIAN_POINT('',(1.8,-89.,10.5));
#7705=CARTESIAN_POINT('',(1.8,-89.,8.879));
#7706=CARTESIAN_POINT('',(1.8,-89.,10.5));
#7707=CARTESIAN_POINT('',(1.8,-89.,8.25));
#7708=CARTESIAN_POINT('',(6.,-86.6895,-10.5));
#7709=CARTESIAN_POINT('',(6.,-89.,10.5));
#7710=CARTESIAN_POINT('',(5.99999999999999,-92.,10.5));
#7711=CARTESIAN_POINT('',(6.,-89.,10.5));
#7712=CARTESIAN_POINT('',(6.,-90.621,10.5));
#7713=CARTESIAN_POINT('',(1.8,-87.0645,-10.5));
#7714=CARTESIAN_POINT('',(1.8,-89.,-10.5));
#7715=CARTESIAN_POINT('',(1.8,-87.379,-10.5));
#7716=CARTESIAN_POINT('',(1.8,-89.,-10.5));
#7717=CARTESIAN_POINT('',(1.8,-86.75,-10.5));
#7718=CARTESIAN_POINT('',(6.,-86.6895,-10.5));
#7719=CARTESIAN_POINT('',(6.,-89.,-10.5));
#7720=CARTESIAN_POINT('',(6.,-86.,-10.5));
#7721=CARTESIAN_POINT('',(6.,-89.,-10.5));
#7722=CARTESIAN_POINT('',(6.,-87.379,-10.5));
#7723=CARTESIAN_POINT('',(0.,-92.5,11.));
#7724=CARTESIAN_POINT('',(0.8,-92.5,11.));
#7725=CARTESIAN_POINT('',(0.8,-95.,11.));
#7726=CARTESIAN_POINT('',(0.8,-92.5,13.5));
#7727=CARTESIAN_POINT('',(0.,-95.,11.));
#7728=CARTESIAN_POINT('',(0.,-95.,11.));
#7729=CARTESIAN_POINT('',(0.,-92.5,11.));
#7730=CARTESIAN_POINT('',(0.,-92.5,13.5));
#7731=CARTESIAN_POINT('',(0.,-92.5,13.5));
#7732=CARTESIAN_POINT('',(0.,-95.,-11.));
#7733=CARTESIAN_POINT('',(0.8,-95.,11.));
#7734=CARTESIAN_POINT('',(0.8,-95.,-11.));
#7735=CARTESIAN_POINT('',(0.,-95.,-11.));
#7736=CARTESIAN_POINT('',(0.,-95.,-11.));
#7737=CARTESIAN_POINT('',(0.,-95.,2.));
#7738=CARTESIAN_POINT('',(0.,-92.5,-11.));
#7739=CARTESIAN_POINT('',(0.8,-92.5,-11.));
#7740=CARTESIAN_POINT('',(0.8,-92.5,-13.5));
#7741=CARTESIAN_POINT('',(0.,-92.5,-13.5));
#7742=CARTESIAN_POINT('',(0.,-92.5,-13.5));
#7743=CARTESIAN_POINT('',(0.,-92.5,-11.));
#7744=CARTESIAN_POINT('',(0.,-80.5,-13.5));
#7745=CARTESIAN_POINT('',(0.8,-92.5,-13.5));
#7746=CARTESIAN_POINT('',(0.8,-80.5,-13.5));
#7747=CARTESIAN_POINT('',(0.,-80.5,-13.5));
#7748=CARTESIAN_POINT('',(0.,-80.5,-13.5));
#7749=CARTESIAN_POINT('',(0.,-76.5,-13.5));
#7750=CARTESIAN_POINT('',(0.,-80.5,-11.));
#7751=CARTESIAN_POINT('',(0.8,-80.5,-11.));
#7752=CARTESIAN_POINT('',(0.8,-78.,-11.));
#7753=CARTESIAN_POINT('',(0.,-78.,-11.));
#7754=CARTESIAN_POINT('',(0.,-78.,-11.));
#7755=CARTESIAN_POINT('',(0.,-80.5,-11.));
#7756=CARTESIAN_POINT('',(0.,-78.,11.));
#7757=CARTESIAN_POINT('',(0.8,-78.,-11.));
#7758=CARTESIAN_POINT('',(0.8,-78.,11.));
#7759=CARTESIAN_POINT('',(0.,-78.,11.));
#7760=CARTESIAN_POINT('',(0.,-78.,11.));
#7761=CARTESIAN_POINT('',(0.,-78.,13.));
#7762=CARTESIAN_POINT('',(0.,-80.5,11.));
#7763=CARTESIAN_POINT('',(0.8,-80.5,11.));
#7764=CARTESIAN_POINT('',(0.8,-80.5,13.5));
#7765=CARTESIAN_POINT('',(0.,-80.5,13.5));
#7766=CARTESIAN_POINT('',(0.,-80.5,13.5));
#7767=CARTESIAN_POINT('',(0.,-80.5,11.));
#7768=CARTESIAN_POINT('',(0.,-92.5,13.5));
#7769=CARTESIAN_POINT('',(0.8,-80.5,13.5));
#7770=CARTESIAN_POINT('',(0.,-82.5,13.5));
#7771=CARTESIAN_POINT('',(0.8,-72.5,0.));
#7772=CARTESIAN_POINT('',(0.8,-89.,-10.5));
#7773=CARTESIAN_POINT('',(0.8,-86.75,-10.5));
#7774=CARTESIAN_POINT('',(0.8,-89.,10.5));
#7775=CARTESIAN_POINT('',(0.8,-86.75,10.5));
#7776=CARTESIAN_POINT('',(0.,-72.5,-15.));
#7777=CARTESIAN_POINT('',(17.,-72.5,-15.));
#7778=CARTESIAN_POINT('',(17.,-72.5,-15.));
#7779=CARTESIAN_POINT('',(17.,-81.5,-15.));
#7780=CARTESIAN_POINT('',(9.,-81.5,-15.));
#7781=CARTESIAN_POINT('',(9.,-81.5,-15.));
#7782=CARTESIAN_POINT('',(9.,-96.5,-15.));
#7783=CARTESIAN_POINT('',(9.,-95.5,-15.));
#7784=CARTESIAN_POINT('',(0.,-95.5,-15.));
#7785=CARTESIAN_POINT('',(0.,-95.5,-15.));
#7786=CARTESIAN_POINT('',(0.,-72.5,-15.));
#7787=CARTESIAN_POINT('',(0.,-72.5,-15.));
#7788=CARTESIAN_POINT('',(18.,-72.5,-15.));
#7789=CARTESIAN_POINT('',(9.,-96.5,15.));
#7790=CARTESIAN_POINT('',(9.,-89.,-10.5));
#7791=CARTESIAN_POINT('',(9.,-86.,-10.5));
#7792=CARTESIAN_POINT('',(9.,-89.,10.5));
#7793=CARTESIAN_POINT('',(9.,-86.,10.5));
#7794=CARTESIAN_POINT('',(9.,-95.75,14.75));
#7795=CARTESIAN_POINT('',(9.,-95.5,15.));
#7796=CARTESIAN_POINT('',(9.,-96.5,14.));
#7797=CARTESIAN_POINT('',(9.,-96.5,15.));
#7798=CARTESIAN_POINT('',(9.,-96.5,-14.));
#7799=CARTESIAN_POINT('',(9.,-103.75,-6.75));
#7800=CARTESIAN_POINT('',(9.,-81.5,15.));
#7801=CARTESIAN_POINT('',(9.,-81.5,15.));
#7802=CARTESIAN_POINT('',(9.,-96.5,15.));
#7803=CARTESIAN_POINT('',(0.,-96.5,-14.));
#7804=CARTESIAN_POINT('',(0.,-96.5,-14.));
#7805=CARTESIAN_POINT('',(0.,-96.5,-14.));
#7806=CARTESIAN_POINT('',(0.,-97.75,-12.75));
#7807=CARTESIAN_POINT('',(0.,-72.5,15.));
#7808=CARTESIAN_POINT('',(0.,-89.75,20.75));
#7809=CARTESIAN_POINT('',(0.,-96.5,14.));
#7810=CARTESIAN_POINT('',(0.,-95.5,15.));
#7811=CARTESIAN_POINT('',(0.,-72.5,15.));
#7812=CARTESIAN_POINT('',(0.,-72.5,15.));
#7813=CARTESIAN_POINT('',(0.,-72.5,15.));
#7814=CARTESIAN_POINT('',(0.,-72.5,15.));
#7815=CARTESIAN_POINT('',(0.,-96.5,15.));
#7816=CARTESIAN_POINT('',(0.,-96.5,15.));
#7817=CARTESIAN_POINT('',(0.,-96.5,14.));
#7818=CARTESIAN_POINT('',(0.,-95.5,15.));
#7819=CARTESIAN_POINT('',(0.,-95.5,15.));
#7820=CARTESIAN_POINT('',(9.,-81.5,15.));
#7821=CARTESIAN_POINT('',(15.5,-81.5,16.5));
#7822=CARTESIAN_POINT('',(17.,-81.5,15.));
#7823=CARTESIAN_POINT('',(9.,-81.5,15.));
#7824=CARTESIAN_POINT('',(22.5,-81.5,-9.5));
#7825=CARTESIAN_POINT('',(17.,-72.5,-15.));
#7826=CARTESIAN_POINT('',(24.75,-72.5,-7.25));
#7827=CARTESIAN_POINT('',(18.,-72.5,15.));
#7828=CARTESIAN_POINT('',(17.75,-72.5,14.25));
#7829=CARTESIAN_POINT('',(17.,-72.5,15.));
#7830=CARTESIAN_POINT('',(18.,-72.5,15.));
#7831=CARTESIAN_POINT('',(0.,-72.5,15.));
#7832=CARTESIAN_POINT('',(17.,-72.5,15.));
#7833=CARTESIAN_POINT('',(18.,-72.5,14.));
#7834=CARTESIAN_POINT('',(7.5,-89.,-10.5));
#7835=CARTESIAN_POINT('',(3.9,-89.,-10.5));
#7836=CARTESIAN_POINT('',(0.9,-89.,-10.5));
#7837=CARTESIAN_POINT('',(7.5,-89.,10.5));
#7838=CARTESIAN_POINT('',(3.9,-89.,10.5));
#7839=CARTESIAN_POINT('',(0.9,-89.,10.5));
#7840=CARTESIAN_POINT('',(1.,0.,0.));
#7841=CARTESIAN_POINT('',(52.,0.,25.));
#7842=CARTESIAN_POINT('',(48.,0.,-21.));
#7843=CARTESIAN_POINT('',(48.,0.,-19.3));
#7844=CARTESIAN_POINT('',(-62.,0.,21.));
#7845=CARTESIAN_POINT('',(-62.,0.,22.7));
#7846=CARTESIAN_POINT('',(-62.,0.,-21.));
#7847=CARTESIAN_POINT('',(-62.,0.,-19.3));
#7848=CARTESIAN_POINT('',(48.,0.,21.));
#7849=CARTESIAN_POINT('',(48.,0.,22.7));
#7850=CARTESIAN_POINT('',(-69.,0.,21.));
#7851=CARTESIAN_POINT('',(-72.25,0.,21.));
#7852=CARTESIAN_POINT('',(-18.5,0.,6.5));
#7853=CARTESIAN_POINT('',(-21.75,0.,6.5));
#7854=CARTESIAN_POINT('',(-31.5,0.,-6.5));
#7855=CARTESIAN_POINT('',(-34.75,0.,-6.5));
#7856=CARTESIAN_POINT('',(-69.,0.,-21.));
#7857=CARTESIAN_POINT('',(-72.25,0.,-21.));
#7858=CARTESIAN_POINT('',(-25.,0.,0.));
#7859=CARTESIAN_POINT('',(-27.4585,0.,-6.02138944174514E-16));
#7860=CARTESIAN_POINT('',(25.,0.,0.));
#7861=CARTESIAN_POINT('',(22.5415,0.,-6.02138944174514E-16));
#7862=CARTESIAN_POINT('',(35.,0.,0.));
#7863=CARTESIAN_POINT('',(32.,0.,-7.34763812293653E-16));
#7864=CARTESIAN_POINT('',(17.7,0.,-17.7));
#7865=CARTESIAN_POINT('',(14.7,0.,-17.7));
#7866=CARTESIAN_POINT('',(0.,0.,0.));
#7867=CARTESIAN_POINT('',(-3.,0.,-7.34763812293425E-16));
#7868=CARTESIAN_POINT('',(-72.5,0.,25.));
#7869=CARTESIAN_POINT('',(-72.5,0.,-24.5));
#7870=CARTESIAN_POINT('',(-72.5,0.,24.5));
#7871=CARTESIAN_POINT('',(62.5,0.,24.5));
#7872=CARTESIAN_POINT('',(-58.,0.,24.5));
#7873=CARTESIAN_POINT('',(-58.,0.,23.));
#7874=CARTESIAN_POINT('',(-58.,0.,21.));
#7875=CARTESIAN_POINT('',(-62.,0.,21.));
#7876=CARTESIAN_POINT('',(-62.,0.,17.));
#7877=CARTESIAN_POINT('',(-7.,0.,17.));
#7878=CARTESIAN_POINT('',(-66.,0.,17.));
#7879=CARTESIAN_POINT('',(-66.,0.,13.));
#7880=CARTESIAN_POINT('',(-70.,0.,13.));
#7881=CARTESIAN_POINT('',(-70.,0.,6.));
#7882=CARTESIAN_POINT('',(-70.,0.,-13.));
#7883=CARTESIAN_POINT('',(-66.,0.,-13.));
#7884=CARTESIAN_POINT('',(-66.,0.,-17.));
#7885=CARTESIAN_POINT('',(0.921572875253808,0.,-17.));
#7886=CARTESIAN_POINT('',(-50.1568542494924,0.,-17.));
#7887=CARTESIAN_POINT('',(-50.1568542494924,0.,-13.));
#7888=CARTESIAN_POINT('',(-47.3284271247462,0.,-15.8284271247462));
#7889=CARTESIAN_POINT('',(0.53921356237309,0.,32.0392135623731));
#7890=CARTESIAN_POINT('',(-21.6715728752538,0.,9.82842712474619));
#7891=CARTESIAN_POINT('',(-18.8431457505076,0.,7.));
#7892=CARTESIAN_POINT('',(-18.8431457505076,0.,11.));
#7893=CARTESIAN_POINT('',(33.,0.,11.));
#7894=CARTESIAN_POINT('',(14.,0.,11.));
#7895=CARTESIAN_POINT('',(14.,0.,15.));
#7896=CARTESIAN_POINT('',(18.,0.,15.));
#7897=CARTESIAN_POINT('',(18.,0.,25.));
#7898=CARTESIAN_POINT('',(18.,0.,24.5));
#7899=CARTESIAN_POINT('',(62.5,0.,24.5));
#7900=CARTESIAN_POINT('',(52.,0.,24.5));
#7901=CARTESIAN_POINT('',(52.,0.,25.));
#7902=CARTESIAN_POINT('',(52.,0.,-24.5));
#7903=CARTESIAN_POINT('',(62.5,0.,-24.5));
#7904=CARTESIAN_POINT('',(73.,-72.5,25.));
#7905=CARTESIAN_POINT('',(73.,-36.25,24.6464466094067));
#7906=CARTESIAN_POINT('',(73.,-21.,24.6464466094067));
#7907=CARTESIAN_POINT('',(73.,-72.5,24.6464466094067));
#7908=CARTESIAN_POINT('',(73.,-72.5,25.));
#7909=CARTESIAN_POINT('',(73.,-72.5,24.));
#7910=CARTESIAN_POINT('',(73.,-61.25,24.));
#7911=CARTESIAN_POINT('',(73.,-50.,24.));
#7912=CARTESIAN_POINT('',(73.,-50.,19.));
#7913=CARTESIAN_POINT('',(73.,-45.,19.));
#7914=CARTESIAN_POINT('',(73.,-45.,3.));
#7915=CARTESIAN_POINT('',(73.,-45.,-19.));
#7916=CARTESIAN_POINT('',(73.,-50.,-19.));
#7917=CARTESIAN_POINT('',(73.,-50.,-24.));
#7918=CARTESIAN_POINT('',(73.,-72.5,-24.));
#7919=CARTESIAN_POINT('',(73.,-72.5,-24.));
#7920=CARTESIAN_POINT('',(73.,-72.5,25.));
#7921=CARTESIAN_POINT('',(73.,-72.5,-24.6464466094067));
#7922=CARTESIAN_POINT('',(73.,-36.25,-24.6464466094067));
#7923=CARTESIAN_POINT('',(73.,-21.,-24.6464466094067));
#7924=CARTESIAN_POINT('',(73.,-21.,25.));
#7925=CARTESIAN_POINT('',(0.,-0.5,22.5));
#7926=CARTESIAN_POINT('',(-69.,-0.5,21.));
#7927=CARTESIAN_POINT('',(-69.,-0.5,18.75));
#7928=CARTESIAN_POINT('',(-17.2254809471616,-0.5,52.3354081852937));
#7929=CARTESIAN_POINT('',(-69.,-0.5,22.4433756729741));
#7930=CARTESIAN_POINT('',(-70.25,-0.5,21.721687836487));
#7931=CARTESIAN_POINT('',(-70.25,-0.5,22.5));
#7932=CARTESIAN_POINT('',(-70.25,-0.5,20.278312163513));
#7933=CARTESIAN_POINT('',(-18.5245190528384,-0.5,-9.5854081852937));
#7934=CARTESIAN_POINT('',(-69.,-0.5,19.556624327026));
#7935=CARTESIAN_POINT('',(-15.9754809471617,-0.5,50.1703446758326));
#7936=CARTESIAN_POINT('',(-67.75,-0.5,20.278312163513));
#7937=CARTESIAN_POINT('',(-67.75,-0.5,22.5));
#7938=CARTESIAN_POINT('',(-67.75,-0.5,21.721687836487));
#7939=CARTESIAN_POINT('',(-17.2745190528383,-0.5,-7.42034467583256));
#7940=CARTESIAN_POINT('',(-72.,-3.5,-21.));
#7941=CARTESIAN_POINT('',(-69.,-3.5,21.));
#7942=CARTESIAN_POINT('',(-69.,-3.5,17.75));
#7943=CARTESIAN_POINT('',(-69.,-3.5,21.));
#7944=CARTESIAN_POINT('',(-69.,-3.5,18.25));
#7945=CARTESIAN_POINT('',(0.,-0.5,22.5));
#7946=CARTESIAN_POINT('',(-18.5,-0.5,6.5));
#7947=CARTESIAN_POINT('',(-18.5,-0.5,4.25));
#7948=CARTESIAN_POINT('',(1.67820323027551,-0.5,19.5932667397366));
#7949=CARTESIAN_POINT('',(-18.5,-0.5,7.94337567297406));
#7950=CARTESIAN_POINT('',(-19.75,-0.5,7.22168783648703));
#7951=CARTESIAN_POINT('',(-19.75,-0.5,22.5));
#7952=CARTESIAN_POINT('',(-19.75,-0.5,5.77831216351297));
#7953=CARTESIAN_POINT('',(-12.1782032302755,-0.5,1.4067332602634));
#7954=CARTESIAN_POINT('',(-18.5,-0.5,5.05662432702594));
#7955=CARTESIAN_POINT('',(2.92820323027551,-0.5,17.4282032302755));
#7956=CARTESIAN_POINT('',(-17.25,-0.5,5.77831216351297));
#7957=CARTESIAN_POINT('',(-17.25,-0.5,22.5));
#7958=CARTESIAN_POINT('',(-17.25,-0.5,7.22168783648703));
#7959=CARTESIAN_POINT('',(-10.9282032302755,-0.5,3.57179676972449));
#7960=CARTESIAN_POINT('',(-72.,-3.5,-21.));
#7961=CARTESIAN_POINT('',(-18.5,-3.5,6.5));
#7962=CARTESIAN_POINT('',(-18.5,-3.5,3.25));
#7963=CARTESIAN_POINT('',(-18.5,-3.5,6.5));
#7964=CARTESIAN_POINT('',(-18.5,-3.5,3.75));
#7965=CARTESIAN_POINT('',(0.,-0.5,22.5));
#7966=CARTESIAN_POINT('',(-31.5,-0.5,-6.5));
#7967=CARTESIAN_POINT('',(-31.5,-0.5,-8.75));
#7968=CARTESIAN_POINT('',(4.05736835487436,-0.5,15.4724318643354));
#7969=CARTESIAN_POINT('',(-31.5,-0.5,-5.05662432702594));
#7970=CARTESIAN_POINT('',(-32.75,-0.5,-5.77831216351297));
#7971=CARTESIAN_POINT('',(-32.75,-0.5,22.5));
#7972=CARTESIAN_POINT('',(-32.75,-0.5,-7.22168783648703));
#7973=CARTESIAN_POINT('',(-21.0573683548744,-0.5,-13.9724318643355));
#7974=CARTESIAN_POINT('',(-31.5,-0.5,-7.94337567297406));
#7975=CARTESIAN_POINT('',(5.30736835487436,-0.5,13.3073683548743));
#7976=CARTESIAN_POINT('',(-30.25,-0.5,-7.22168783648703));
#7977=CARTESIAN_POINT('',(-30.25,-0.5,22.5));
#7978=CARTESIAN_POINT('',(-30.25,-0.5,-5.77831216351297));
#7979=CARTESIAN_POINT('',(-19.8073683548744,-0.5,-11.8073683548744));
#7980=CARTESIAN_POINT('',(-72.,-3.5,-21.));
#7981=CARTESIAN_POINT('',(-31.5,-3.5,-6.5));
#7982=CARTESIAN_POINT('',(-31.5,-3.5,-9.75));
#7983=CARTESIAN_POINT('',(-31.5,-3.5,-6.5));
#7984=CARTESIAN_POINT('',(-31.5,-3.5,-9.25));
#7985=CARTESIAN_POINT('',(0.,-0.5,22.5));
#7986=CARTESIAN_POINT('',(-69.,-0.5,-21.));
#7987=CARTESIAN_POINT('',(-69.,-0.5,-23.25));
#7988=CARTESIAN_POINT('',(0.961052532311559,-0.5,20.8354081852937));
#7989=CARTESIAN_POINT('',(-69.,-0.5,-19.5566243270259));
#7990=CARTESIAN_POINT('',(-70.25,-0.5,-20.278312163513));
#7991=CARTESIAN_POINT('',(-70.25,-0.5,22.5));
#7992=CARTESIAN_POINT('',(-70.25,-0.5,-21.721687836487));
#7993=CARTESIAN_POINT('',(-36.7110525323115,-0.5,-41.0854081852937));
#7994=CARTESIAN_POINT('',(-69.,-0.5,-22.4433756729741));
#7995=CARTESIAN_POINT('',(2.21105253231153,-0.5,18.6703446758326));
#7996=CARTESIAN_POINT('',(-67.75,-0.5,-21.721687836487));
#7997=CARTESIAN_POINT('',(-67.75,-0.5,22.5));
#7998=CARTESIAN_POINT('',(-67.75,-0.5,-20.278312163513));
#7999=CARTESIAN_POINT('',(-35.4610525323115,-0.5,-38.9203446758325));
#8000=CARTESIAN_POINT('',(-72.,-3.5,-21.));
#8001=CARTESIAN_POINT('',(-69.,-3.5,-21.));
#8002=CARTESIAN_POINT('',(-72.25,-3.5,-21.));
#8003=CARTESIAN_POINT('',(-69.,-3.5,-21.));
#8004=CARTESIAN_POINT('',(-71.75,-3.5,-21.));
#8005=CARTESIAN_POINT('',(67.875,-21.,-21.));
#8006=CARTESIAN_POINT('',(69.,-21.,21.));
#8007=CARTESIAN_POINT('',(69.,-21.,18.75));
#8008=CARTESIAN_POINT('',(49.3447165205268,-21.,11.0953924651018));
#8009=CARTESIAN_POINT('',(69.,-21.,22.4433756729741));
#8010=CARTESIAN_POINT('',(67.75,-21.,21.721687836487));
#8011=CARTESIAN_POINT('',(67.75,-21.,-21.));
#8012=CARTESIAN_POINT('',(67.75,-21.,20.278312163513));
#8013=CARTESIAN_POINT('',(85.7177834794732,-21.,9.90460753489818));
#8014=CARTESIAN_POINT('',(69.,-21.,19.556624327026));
#8015=CARTESIAN_POINT('',(50.5947165205268,-21.,8.93032895564074));
#8016=CARTESIAN_POINT('',(70.25,-21.,20.278312163513));
#8017=CARTESIAN_POINT('',(70.25,-21.,-21.));
#8018=CARTESIAN_POINT('',(70.25,-21.,21.721687836487));
#8019=CARTESIAN_POINT('',(86.9677834794732,-21.,12.0696710443593));
#8020=CARTESIAN_POINT('',(66.,-24.,-21.));
#8021=CARTESIAN_POINT('',(69.,-24.,21.));
#8022=CARTESIAN_POINT('',(69.,-24.,17.75));
#8023=CARTESIAN_POINT('',(69.,-24.,21.));
#8024=CARTESIAN_POINT('',(69.,-24.,18.25));
#8025=CARTESIAN_POINT('',(67.875,-21.,-21.));
#8026=CARTESIAN_POINT('',(69.,-21.,-21.));
#8027=CARTESIAN_POINT('',(66.75,-21.,-21.));
#8028=CARTESIAN_POINT('',(67.640625,-21.,-20.3414598492056));
#8029=CARTESIAN_POINT('',(69.,-21.,-19.5566243270259));
#8030=CARTESIAN_POINT('',(67.75,-21.,-20.278312163513));
#8031=CARTESIAN_POINT('',(67.75,-21.,-21.));
#8032=CARTESIAN_POINT('',(67.75,-21.,-21.721687836487));
#8033=CARTESIAN_POINT('',(68.265625,-21.,-22.0193840690379));
#8034=CARTESIAN_POINT('',(69.,-21.,-22.4433756729741));
#8035=CARTESIAN_POINT('',(69.515625,-21.,-22.1456794404232));
#8036=CARTESIAN_POINT('',(70.25,-21.,-21.721687836487));
#8037=CARTESIAN_POINT('',(70.25,-21.,-21.));
#8038=CARTESIAN_POINT('',(70.25,-21.,-20.278312163513));
#8039=CARTESIAN_POINT('',(68.890625,-21.,-19.4934766413333));
#8040=CARTESIAN_POINT('',(66.,-24.,-21.));
#8041=CARTESIAN_POINT('',(69.,-24.,-21.));
#8042=CARTESIAN_POINT('',(65.75,-24.,-21.));
#8043=CARTESIAN_POINT('',(69.,-24.,-21.));
#8044=CARTESIAN_POINT('',(66.25,-24.,-21.));
#8045=CARTESIAN_POINT('',(0.,-1.,0.));
#8046=CARTESIAN_POINT('',(-70.25,-1.,21.721687836487));
#8047=CARTESIAN_POINT('',(-70.25,-1.,21.721687836487));
#8048=CARTESIAN_POINT('',(-69.,-1.,22.4433756729741));
#8049=CARTESIAN_POINT('',(-69.,-1.,22.4433756729741));
#8050=CARTESIAN_POINT('',(-67.75,-1.,21.721687836487));
#8051=CARTESIAN_POINT('',(-67.75,-1.,0.));
#8052=CARTESIAN_POINT('',(-67.75,-1.,20.278312163513));
#8053=CARTESIAN_POINT('',(-67.75,-1.,20.278312163513));
#8054=CARTESIAN_POINT('',(-69.,-1.,19.5566243270259));
#8055=CARTESIAN_POINT('',(-69.,-1.,19.5566243270259));
#8056=CARTESIAN_POINT('',(-70.25,-1.,20.278312163513));
#8057=CARTESIAN_POINT('',(-70.25,-1.,0.));
#8058=CARTESIAN_POINT('',(-70.25,1.,-21.721687836487));
#8059=CARTESIAN_POINT('',(-70.25,1.,21.721687836487));
#8060=CARTESIAN_POINT('',(-70.25,1.,20.278312163513));
#8061=CARTESIAN_POINT('',(-69.,1.,19.5566243270259));
#8062=CARTESIAN_POINT('',(-69.,1.,19.5566243270259));
#8063=CARTESIAN_POINT('',(-70.25,1.,21.721687836487));
#8064=CARTESIAN_POINT('',(-69.,1.,22.4433756729741));
#8065=CARTESIAN_POINT('',(-69.,1.,22.4433756729741));
#8066=CARTESIAN_POINT('',(-67.75,1.,21.721687836487));
#8067=CARTESIAN_POINT('',(-67.75,1.,-20.278312163513));
#8068=CARTESIAN_POINT('',(-67.75,1.,20.278312163513));
#8069=CARTESIAN_POINT('',(-67.75,1.,20.278312163513));
#8070=CARTESIAN_POINT('',(0.,-1.,0.));
#8071=CARTESIAN_POINT('',(-70.25,-1.,-20.278312163513));
#8072=CARTESIAN_POINT('',(-70.25,-1.,-20.278312163513));
#8073=CARTESIAN_POINT('',(-69.,-1.,-19.5566243270259));
#8074=CARTESIAN_POINT('',(-69.,-1.,-19.5566243270259));
#8075=CARTESIAN_POINT('',(-67.75,-1.,-20.278312163513));
#8076=CARTESIAN_POINT('',(-67.75,-1.,-20.278312163513));
#8077=CARTESIAN_POINT('',(-67.75,-1.,-21.721687836487));
#8078=CARTESIAN_POINT('',(-67.75,-1.,-21.721687836487));
#8079=CARTESIAN_POINT('',(-69.,-1.,-22.4433756729741));
#8080=CARTESIAN_POINT('',(-69.,-1.,-22.4433756729741));
#8081=CARTESIAN_POINT('',(-70.25,-1.,-21.721687836487));
#8082=CARTESIAN_POINT('',(-70.25,-1.,-21.721687836487));
#8083=CARTESIAN_POINT('',(-70.25,1.,-21.721687836487));
#8084=CARTESIAN_POINT('',(-70.25,1.,-20.278312163513));
#8085=CARTESIAN_POINT('',(-70.25,1.,-21.721687836487));
#8086=CARTESIAN_POINT('',(-69.,1.,-22.4433756729741));
#8087=CARTESIAN_POINT('',(-69.,1.,-22.4433756729741));
#8088=CARTESIAN_POINT('',(-70.25,1.,-20.278312163513));
#8089=CARTESIAN_POINT('',(-69.,1.,-19.5566243270259));
#8090=CARTESIAN_POINT('',(-69.,1.,-19.5566243270259));
#8091=CARTESIAN_POINT('',(-67.75,1.,-20.278312163513));
#8092=CARTESIAN_POINT('',(-67.75,1.,-20.278312163513));
#8093=CARTESIAN_POINT('',(-67.75,1.,-21.721687836487));
#8094=CARTESIAN_POINT('',(-67.75,1.,-21.721687836487));
#8095=CARTESIAN_POINT('',(0.,-21.5,0.));
#8096=CARTESIAN_POINT('',(67.75,-21.5,-20.278312163513));
#8097=CARTESIAN_POINT('',(67.75,-21.5,-20.278312163513));
#8098=CARTESIAN_POINT('',(69.,-21.5,-19.5566243270259));
#8099=CARTESIAN_POINT('',(69.,-21.5,-19.5566243270259));
#8100=CARTESIAN_POINT('',(70.25,-21.5,-20.278312163513));
#8101=CARTESIAN_POINT('',(70.25,-21.5,0.));
#8102=CARTESIAN_POINT('',(70.25,-21.5,-21.721687836487));
#8103=CARTESIAN_POINT('',(70.25,-21.5,-21.721687836487));
#8104=CARTESIAN_POINT('',(69.,-21.5,-22.4433756729741));
#8105=CARTESIAN_POINT('',(69.,-21.5,-22.4433756729741));
#8106=CARTESIAN_POINT('',(67.75,-21.5,-21.721687836487));
#8107=CARTESIAN_POINT('',(67.75,-21.5,0.));
#8108=CARTESIAN_POINT('',(67.75,21.5,20.278312163513));
#8109=CARTESIAN_POINT('',(67.75,21.5,-20.278312163513));
#8110=CARTESIAN_POINT('',(67.75,21.5,-21.721687836487));
#8111=CARTESIAN_POINT('',(69.,21.5,-22.4433756729741));
#8112=CARTESIAN_POINT('',(69.,21.5,-22.4433756729741));
#8113=CARTESIAN_POINT('',(67.75,21.5,-20.278312163513));
#8114=CARTESIAN_POINT('',(69.,21.5,-19.5566243270259));
#8115=CARTESIAN_POINT('',(69.,21.5,-19.5566243270259));
#8116=CARTESIAN_POINT('',(70.25,21.5,-20.278312163513));
#8117=CARTESIAN_POINT('',(70.25,21.5,21.721687836487));
#8118=CARTESIAN_POINT('',(70.25,21.5,-21.721687836487));
#8119=CARTESIAN_POINT('',(70.25,21.5,-21.721687836487));
#8120=CARTESIAN_POINT('',(0.,-21.5,0.));
#8121=CARTESIAN_POINT('',(67.75,-21.5,21.721687836487));
#8122=CARTESIAN_POINT('',(67.75,-21.5,21.721687836487));
#8123=CARTESIAN_POINT('',(69.,-21.5,22.4433756729741));
#8124=CARTESIAN_POINT('',(69.,-21.5,22.4433756729741));
#8125=CARTESIAN_POINT('',(70.25,-21.5,21.721687836487));
#8126=CARTESIAN_POINT('',(70.25,-21.5,21.721687836487));
#8127=CARTESIAN_POINT('',(70.25,-21.5,20.278312163513));
#8128=CARTESIAN_POINT('',(70.25,-21.5,20.278312163513));
#8129=CARTESIAN_POINT('',(69.,-21.5,19.5566243270259));
#8130=CARTESIAN_POINT('',(69.,-21.5,19.5566243270259));
#8131=CARTESIAN_POINT('',(67.75,-21.5,20.278312163513));
#8132=CARTESIAN_POINT('',(67.75,-21.5,20.278312163513));
#8133=CARTESIAN_POINT('',(67.75,21.5,20.278312163513));
#8134=CARTESIAN_POINT('',(67.75,21.5,21.721687836487));
#8135=CARTESIAN_POINT('',(67.75,21.5,20.278312163513));
#8136=CARTESIAN_POINT('',(69.,21.5,19.5566243270259));
#8137=CARTESIAN_POINT('',(69.,21.5,19.5566243270259));
#8138=CARTESIAN_POINT('',(67.75,21.5,21.721687836487));
#8139=CARTESIAN_POINT('',(69.,21.5,22.4433756729741));
#8140=CARTESIAN_POINT('',(69.,21.5,22.4433756729741));
#8141=CARTESIAN_POINT('',(70.25,21.5,21.721687836487));
#8142=CARTESIAN_POINT('',(70.25,21.5,21.721687836487));
#8143=CARTESIAN_POINT('',(70.25,21.5,20.278312163513));
#8144=CARTESIAN_POINT('',(70.25,21.5,20.278312163513));
#8145=CARTESIAN_POINT('',(0.,-1.,0.));
#8146=CARTESIAN_POINT('',(-32.75,-1.,-5.77831216351297));
#8147=CARTESIAN_POINT('',(-32.75,-1.,-5.77831216351297));
#8148=CARTESIAN_POINT('',(-31.5,-1.,-5.05662432702594));
#8149=CARTESIAN_POINT('',(-31.5,-1.,-5.05662432702594));
#8150=CARTESIAN_POINT('',(-30.25,-1.,-5.77831216351297));
#8151=CARTESIAN_POINT('',(-30.25,-1.,-5.77831216351297));
#8152=CARTESIAN_POINT('',(-30.25,-1.,-7.22168783648703));
#8153=CARTESIAN_POINT('',(-30.25,-1.,-7.22168783648703));
#8154=CARTESIAN_POINT('',(-31.5,-1.,-7.94337567297406));
#8155=CARTESIAN_POINT('',(-31.5,-1.,-7.94337567297406));
#8156=CARTESIAN_POINT('',(-32.75,-1.,-7.22168783648703));
#8157=CARTESIAN_POINT('',(-32.75,-1.,-7.22168783648703));
#8158=CARTESIAN_POINT('',(-32.75,1.,-7.22168783648703));
#8159=CARTESIAN_POINT('',(-32.75,1.,-5.77831216351297));
#8160=CARTESIAN_POINT('',(-32.75,1.,-7.22168783648703));
#8161=CARTESIAN_POINT('',(-31.5,1.,-7.94337567297406));
#8162=CARTESIAN_POINT('',(-31.5,1.,-7.94337567297406));
#8163=CARTESIAN_POINT('',(-32.75,1.,-5.77831216351297));
#8164=CARTESIAN_POINT('',(-31.5,1.,-5.05662432702594));
#8165=CARTESIAN_POINT('',(-31.5,1.,-5.05662432702594));
#8166=CARTESIAN_POINT('',(-30.25,1.,-5.77831216351297));
#8167=CARTESIAN_POINT('',(-30.25,1.,-5.77831216351297));
#8168=CARTESIAN_POINT('',(-30.25,1.,-7.22168783648703));
#8169=CARTESIAN_POINT('',(-30.25,1.,-7.22168783648703));
#8170=CARTESIAN_POINT('',(0.,-1.,0.));
#8171=CARTESIAN_POINT('',(-19.75,-1.,7.22168783648703));
#8172=CARTESIAN_POINT('',(-19.75,-1.,7.22168783648703));
#8173=CARTESIAN_POINT('',(-18.5,-1.,7.94337567297406));
#8174=CARTESIAN_POINT('',(-18.5,-1.,7.94337567297406));
#8175=CARTESIAN_POINT('',(-17.25,-1.,7.22168783648703));
#8176=CARTESIAN_POINT('',(-17.25,-1.,7.22168783648703));
#8177=CARTESIAN_POINT('',(-17.25,-1.,5.77831216351297));
#8178=CARTESIAN_POINT('',(-17.25,-1.,5.77831216351297));
#8179=CARTESIAN_POINT('',(-18.5,-1.,5.05662432702594));
#8180=CARTESIAN_POINT('',(-18.5,-1.,5.05662432702594));
#8181=CARTESIAN_POINT('',(-19.75,-1.,5.77831216351297));
#8182=CARTESIAN_POINT('',(-19.75,-1.,5.77831216351297));
#8183=CARTESIAN_POINT('',(-19.75,1.,5.77831216351297));
#8184=CARTESIAN_POINT('',(-19.75,1.,7.22168783648703));
#8185=CARTESIAN_POINT('',(-19.75,1.,5.77831216351297));
#8186=CARTESIAN_POINT('',(-18.5,1.,5.05662432702594));
#8187=CARTESIAN_POINT('',(-18.5,1.,5.05662432702594));
#8188=CARTESIAN_POINT('',(-19.75,1.,7.22168783648703));
#8189=CARTESIAN_POINT('',(-18.5,1.,7.94337567297406));
#8190=CARTESIAN_POINT('',(-18.5,1.,7.94337567297406));
#8191=CARTESIAN_POINT('',(-17.25,1.,7.22168783648703));
#8192=CARTESIAN_POINT('',(-17.25,1.,7.22168783648703));
#8193=CARTESIAN_POINT('',(-17.25,1.,5.77831216351297));
#8194=CARTESIAN_POINT('',(-17.25,1.,5.77831216351297));
#8195=CARTESIAN_POINT('',(0.,-47.5,0.));
#8196=CARTESIAN_POINT('',(-72.,-47.5,-11.5));
#8197=CARTESIAN_POINT('',(-72.,-47.5,-6.));
#8198=CARTESIAN_POINT('',(-72.,-47.5,-11.5));
#8199=CARTESIAN_POINT('',(0.,-47.5,-11.5));
#8200=CARTESIAN_POINT('',(0.,-47.5,-11.5));
#8201=CARTESIAN_POINT('',(0.,-47.5,0.));
#8202=CARTESIAN_POINT('',(0.,-47.5,-6.));
#8203=CARTESIAN_POINT('',(-72.,-47.5,-6.));
#8204=CARTESIAN_POINT('',(0.,-47.5,0.));
#8205=CARTESIAN_POINT('',(72.,-47.5,6.));
#8206=CARTESIAN_POINT('',(0.,-47.5,6.));
#8207=CARTESIAN_POINT('',(72.,-47.5,6.));
#8208=CARTESIAN_POINT('',(72.,-47.5,11.5));
#8209=CARTESIAN_POINT('',(72.,-47.5,11.5));
#8210=CARTESIAN_POINT('',(0.,-47.5,11.5));
#8211=CARTESIAN_POINT('',(0.,-47.5,11.5));
#8212=CARTESIAN_POINT('',(0.,-47.5,6.));
#8213=CARTESIAN_POINT('',(72.,-72.5,6.));
#8214=CARTESIAN_POINT('',(72.,-71.8660254037844,8.75));
#8215=CARTESIAN_POINT('',(72.,-71.8660254037844,6.));
#8216=CARTESIAN_POINT('',(72.,-71.8660254037844,11.5));
#8217=CARTESIAN_POINT('',(72.,-72.5,11.5));
#8218=CARTESIAN_POINT('',(72.,-72.5,6.));
#8219=CARTESIAN_POINT('',(0.,-72.5,6.));
#8220=CARTESIAN_POINT('',(71.5,-71.,6.));
#8221=CARTESIAN_POINT('',(71.935889894354,-71.9,6.));
#8222=CARTESIAN_POINT('',(0.,-72.5,6.));
#8223=CARTESIAN_POINT('',(0.,-71.9,6.));
#8224=CARTESIAN_POINT('',(36.5,-71.9,6.));
#8225=CARTESIAN_POINT('',(-72.4,-36.25,0.));
#8226=CARTESIAN_POINT('',(-72.4,-20.28,19.25));
#8227=CARTESIAN_POINT('',(-72.4,-39.78,19.25));
#8228=CARTESIAN_POINT('',(-72.4,-20.28,19.25));
#8229=CARTESIAN_POINT('',(-72.4,-20.28,17.25));
#8230=CARTESIAN_POINT('',(-72.4,-18.28,17.25));
#8231=CARTESIAN_POINT('',(-72.4,-18.28,-17.25));
#8232=CARTESIAN_POINT('',(-72.4,-18.28,-17.25));
#8233=CARTESIAN_POINT('',(-72.4,-20.28,-17.25));
#8234=CARTESIAN_POINT('',(-72.4,-20.28,-19.25));
#8235=CARTESIAN_POINT('',(-72.4,-39.78,-19.25));
#8236=CARTESIAN_POINT('',(-72.4,-39.78,-19.25));
#8237=CARTESIAN_POINT('',(-72.4,-39.78,-17.25));
#8238=CARTESIAN_POINT('',(-72.4,-41.78,-17.25));
#8239=CARTESIAN_POINT('',(-72.4,-41.78,17.25));
#8240=CARTESIAN_POINT('',(-72.4,-41.78,17.25));
#8241=CARTESIAN_POINT('',(-72.4,-39.78,17.25));
#8242=CARTESIAN_POINT('',(-73.,-39.78,17.25));
#8243=CARTESIAN_POINT('',(-73.,-41.78,17.25));
#8244=CARTESIAN_POINT('',(-73.,-41.78,17.25));
#8245=CARTESIAN_POINT('',(-73.,-39.78,17.25));
#8246=CARTESIAN_POINT('',(-73.,-39.78,19.25));
#8247=CARTESIAN_POINT('',(-73.,-39.78,19.25));
#8248=CARTESIAN_POINT('',(-73.,-41.78,-17.25));
#8249=CARTESIAN_POINT('',(-73.,-41.78,-17.25));
#8250=CARTESIAN_POINT('',(-73.,-41.78,-17.25));
#8251=CARTESIAN_POINT('',(-73.,-41.78,3.875));
#8252=CARTESIAN_POINT('',(-73.,-39.78,-17.25));
#8253=CARTESIAN_POINT('',(-73.,-39.78,-19.25));
#8254=CARTESIAN_POINT('',(-73.,-39.78,-19.25));
#8255=CARTESIAN_POINT('',(-73.,-39.78,-17.25));
#8256=CARTESIAN_POINT('',(-73.,-20.28,-19.25));
#8257=CARTESIAN_POINT('',(-73.,-20.28,-19.25));
#8258=CARTESIAN_POINT('',(-73.,-20.28,-19.25));
#8259=CARTESIAN_POINT('',(-73.,-10.14,-19.25));
#8260=CARTESIAN_POINT('',(-73.,-20.28,-17.25));
#8261=CARTESIAN_POINT('',(-73.,-18.28,-17.25));
#8262=CARTESIAN_POINT('',(-73.,-18.28,-17.25));
#8263=CARTESIAN_POINT('',(-73.,-20.28,-17.25));
#8264=CARTESIAN_POINT('',(-73.,-18.28,17.25));
#8265=CARTESIAN_POINT('',(-73.,-18.28,17.25));
#8266=CARTESIAN_POINT('',(-73.,-18.28,17.25));
#8267=CARTESIAN_POINT('',(-73.,-18.28,21.125));
#8268=CARTESIAN_POINT('',(-73.,-20.28,17.25));
#8269=CARTESIAN_POINT('',(-73.,-20.28,19.25));
#8270=CARTESIAN_POINT('',(-73.,-20.28,19.25));
#8271=CARTESIAN_POINT('',(-73.,-20.28,17.25));
#8272=CARTESIAN_POINT('',(-73.,-39.78,19.25));
#8273=CARTESIAN_POINT('',(-73.,-19.89,19.25));
#8274=CARTESIAN_POINT('',(73.,-50.,-19.));
#8275=CARTESIAN_POINT('',(-72.5,-50.,-19.));
#8276=CARTESIAN_POINT('',(-72.5,-45.,-19.));
#8277=CARTESIAN_POINT('',(-72.5,-50.,-24.));
#8278=CARTESIAN_POINT('',(73.,-45.,-19.));
#8279=CARTESIAN_POINT('',(-73.,-45.,-19.));
#8280=CARTESIAN_POINT('',(-73.,-50.,-19.));
#8281=CARTESIAN_POINT('',(-73.,-50.,-24.));
#8282=CARTESIAN_POINT('',(73.,-50.,-24.));
#8283=CARTESIAN_POINT('',(73.,-45.,-19.));
#8284=CARTESIAN_POINT('',(-72.5,-45.,0.));
#8285=CARTESIAN_POINT('',(-72.5,-45.,19.));
#8286=CARTESIAN_POINT('',(73.,-45.,19.));
#8287=CARTESIAN_POINT('',(-73.,-45.,19.));
#8288=CARTESIAN_POINT('',(-73.,-45.,25.));
#8289=CARTESIAN_POINT('',(73.,-50.,19.));
#8290=CARTESIAN_POINT('',(-72.5,-50.,19.));
#8291=CARTESIAN_POINT('',(-72.5,-50.,24.));
#8292=CARTESIAN_POINT('',(73.,-50.,24.));
#8293=CARTESIAN_POINT('',(-73.,-50.,24.));
#8294=CARTESIAN_POINT('',(-73.,-50.,19.));
#8295=CARTESIAN_POINT('',(73.,-50.,19.));
#8296=CARTESIAN_POINT('',(72.5,-50.,19.));
#8297=CARTESIAN_POINT('',(72.5,-45.,19.));
#8298=CARTESIAN_POINT('',(72.5,-50.,24.));
#8299=CARTESIAN_POINT('',(73.,-45.,19.));
#8300=CARTESIAN_POINT('',(73.,-50.,24.));
#8301=CARTESIAN_POINT('',(73.,-45.,-19.));
#8302=CARTESIAN_POINT('',(72.5,-45.,-19.));
#8303=CARTESIAN_POINT('',(72.5,-45.,-19.));
#8304=CARTESIAN_POINT('',(73.,-45.,-19.));
#8305=CARTESIAN_POINT('',(73.,-50.,-19.));
#8306=CARTESIAN_POINT('',(72.5,-50.,-19.));
#8307=CARTESIAN_POINT('',(72.5,-50.,-24.));
#8308=CARTESIAN_POINT('',(73.,-50.,-24.));
#8309=CARTESIAN_POINT('',(-72.5,-36.25,0.));
#8310=CARTESIAN_POINT('',(-72.5,-71.,0.));
#8311=CARTESIAN_POINT('',(-72.5,-71.,-24.));
#8312=CARTESIAN_POINT('',(-72.5,-71.,24.));
#8313=CARTESIAN_POINT('',(-72.5,-50.,24.));
#8314=CARTESIAN_POINT('',(-72.5,-72.5,-24.));
#8315=CARTESIAN_POINT('',(0.,-72.5,11.5));
#8316=CARTESIAN_POINT('',(0.,-71.9,11.5));
#8317=CARTESIAN_POINT('',(0.,-71.9,-11.5));
#8318=CARTESIAN_POINT('',(0.,-71.9,-6.));
#8319=CARTESIAN_POINT('',(0.,-72.5,-6.));
#8320=CARTESIAN_POINT('',(0.,-72.5,-11.5));
#8321=CARTESIAN_POINT('',(0.,-72.5,11.5));
#8322=CARTESIAN_POINT('',(0.,-71.9,-6.25));
#8323=CARTESIAN_POINT('',(0.,-71.9,11.5));
#8324=CARTESIAN_POINT('',(0.,-72.5,11.5));
#8325=CARTESIAN_POINT('',(72.,-72.5,11.5));
#8326=CARTESIAN_POINT('',(71.5,-71.,11.5));
#8327=CARTESIAN_POINT('',(71.935889894354,-71.9,11.5));
#8328=CARTESIAN_POINT('',(72.5,-71.9,11.5));
#8329=CARTESIAN_POINT('',(73.,-71.9,-24.));
#8330=CARTESIAN_POINT('',(-71.9358898943541,-71.9,0.));
#8331=CARTESIAN_POINT('',(-71.9358898943541,-71.9,24.));
#8332=CARTESIAN_POINT('',(-71.9358898943541,-71.9,-6.));
#8333=CARTESIAN_POINT('',(36.5,-71.9,-6.));
#8334=CARTESIAN_POINT('',(0.5,-71.9,-11.5));
#8335=CARTESIAN_POINT('',(-71.9358898943541,-71.9,-11.5));
#8336=CARTESIAN_POINT('',(-71.9358898943541,-71.9,0.));
#8337=CARTESIAN_POINT('',(-71.9358898943541,-71.9,-24.));
#8338=CARTESIAN_POINT('',(73.,-71.9,-24.));
#8339=CARTESIAN_POINT('',(71.9358898943541,-71.9,-24.));
#8340=CARTESIAN_POINT('',(71.9358898943541,-71.9,0.));
#8341=CARTESIAN_POINT('',(71.9358898943541,-71.9,0.));
#8342=CARTESIAN_POINT('',(71.9358898943541,-71.9,24.));
#8343=CARTESIAN_POINT('',(73.,-71.9,24.));
#8344=CARTESIAN_POINT('',(0.,-0.5,22.5));
#8345=CARTESIAN_POINT('',(17.8,-0.5,22.5));
#8346=CARTESIAN_POINT('',(17.8,-0.5,22.5));
#8347=CARTESIAN_POINT('',(17.8,-0.5,24.5));
#8348=CARTESIAN_POINT('',(0.,-0.5,24.5));
#8349=CARTESIAN_POINT('',(18.,-0.5,24.5));
#8350=CARTESIAN_POINT('',(18.,-0.5,22.5));
#8351=CARTESIAN_POINT('',(18.,-0.5,15.));
#8352=CARTESIAN_POINT('',(14.,-0.5,15.));
#8353=CARTESIAN_POINT('',(14.,-0.5,11.));
#8354=CARTESIAN_POINT('',(0.,-0.5,11.));
#8355=CARTESIAN_POINT('',(-18.8431457505076,-0.5,11.));
#8356=CARTESIAN_POINT('',(-18.8431457505076,-0.5,7.));
#8357=CARTESIAN_POINT('',(-21.6715728752538,-0.5,9.82842712474619));
#8358=CARTESIAN_POINT('',(-4.5,-0.5,27.));
#8359=CARTESIAN_POINT('',(-47.3284271247462,-0.5,-15.8284271247462));
#8360=CARTESIAN_POINT('',(-50.1568542494924,-0.5,-13.));
#8361=CARTESIAN_POINT('',(-50.1568542494924,-0.5,-17.));
#8362=CARTESIAN_POINT('',(0.,-0.5,-17.));
#8363=CARTESIAN_POINT('',(-66.,-0.5,-17.));
#8364=CARTESIAN_POINT('',(-66.,-0.5,-13.));
#8365=CARTESIAN_POINT('',(-70.,-0.5,-13.));
#8366=CARTESIAN_POINT('',(-70.,-0.5,22.5));
#8367=CARTESIAN_POINT('',(-70.,-0.5,13.));
#8368=CARTESIAN_POINT('',(-66.,-0.5,13.));
#8369=CARTESIAN_POINT('',(-66.,-0.5,17.));
#8370=CARTESIAN_POINT('',(0.,-0.5,17.));
#8371=CARTESIAN_POINT('',(-62.,-0.5,17.));
#8372=CARTESIAN_POINT('',(-62.,-0.5,21.));
#8373=CARTESIAN_POINT('',(-58.,-0.5,21.));
#8374=CARTESIAN_POINT('',(-58.,-0.5,22.5));
#8375=CARTESIAN_POINT('',(-58.,-0.5,22.5));
#8376=CARTESIAN_POINT('',(0.,-0.5,22.5));
#8377=CARTESIAN_POINT('',(-66.,0.,13.));
#8378=CARTESIAN_POINT('',(-70.,0.,13.));
#8379=CARTESIAN_POINT('',(-66.,0.,17.));
#8380=CARTESIAN_POINT('',(-70.,0.,-13.));
#8381=CARTESIAN_POINT('',(-70.,0.,-13.));
#8382=CARTESIAN_POINT('',(-66.,0.,-13.));
#8383=CARTESIAN_POINT('',(-66.,0.,-17.));
#8384=CARTESIAN_POINT('',(-50.1568542494924,0.,-17.));
#8385=CARTESIAN_POINT('',(-50.1568542494924,0.,-17.));
#8386=CARTESIAN_POINT('',(-50.1568542494924,0.,-13.));
#8387=CARTESIAN_POINT('',(-47.3284271247462,0.,-15.8284271247462));
#8388=CARTESIAN_POINT('',(-21.6715728752538,0.,9.82842712474619));
#8389=CARTESIAN_POINT('',(-21.6715728752538,0.,9.82842712474619));
#8390=CARTESIAN_POINT('',(-18.8431457505076,0.,7.));
#8391=CARTESIAN_POINT('',(-18.8431457505076,0.,11.));
#8392=CARTESIAN_POINT('',(14.,0.,11.));
#8393=CARTESIAN_POINT('',(14.,0.,11.));
#8394=CARTESIAN_POINT('',(14.,0.,15.));
#8395=CARTESIAN_POINT('',(18.,0.,15.));
#8396=CARTESIAN_POINT('',(-62.,0.,21.));
#8397=CARTESIAN_POINT('',(-62.,0.,17.));
#8398=CARTESIAN_POINT('',(-58.,0.,21.));
#8399=CARTESIAN_POINT('',(-66.,0.,17.));
#8400=CARTESIAN_POINT('',(14.,-14.,25.));
#8401=CARTESIAN_POINT('',(14.,-14.,24.5));
#8402=CARTESIAN_POINT('',(14.,-18.,24.5));
#8403=CARTESIAN_POINT('',(18.,-14.,24.5));
#8404=CARTESIAN_POINT('',(14.,-18.,25.));
#8405=CARTESIAN_POINT('',(14.,-18.,25.));
#8406=CARTESIAN_POINT('',(14.,-14.,25.));
#8407=CARTESIAN_POINT('',(18.,-14.,25.));
#8408=CARTESIAN_POINT('',(18.,-14.,25.));
#8409=CARTESIAN_POINT('',(-54.,-18.,25.));
#8410=CARTESIAN_POINT('',(-54.,-18.,24.5));
#8411=CARTESIAN_POINT('',(-54.,-18.,24.5));
#8412=CARTESIAN_POINT('',(-54.,-18.,25.));
#8413=CARTESIAN_POINT('',(-54.,-18.,25.));
#8414=CARTESIAN_POINT('',(-27.,-18.,25.));
#8415=CARTESIAN_POINT('',(-54.,-14.,25.));
#8416=CARTESIAN_POINT('',(-54.,-14.,24.5));
#8417=CARTESIAN_POINT('',(-58.,-14.,24.5));
#8418=CARTESIAN_POINT('',(-58.,-14.,25.));
#8419=CARTESIAN_POINT('',(-58.,-14.,25.));
#8420=CARTESIAN_POINT('',(-54.,-14.,25.));
#8421=CARTESIAN_POINT('',(18.,0.,25.));
#8422=CARTESIAN_POINT('',(18.,-0.374999999999993,24.875));
#8423=CARTESIAN_POINT('',(18.,-0.499999999999986,25.));
#8424=CARTESIAN_POINT('',(18.,-14.,24.5));
#8425=CARTESIAN_POINT('',(18.,-18.125,25.));
#8426=CARTESIAN_POINT('',(-58.,0.,21.));
#8427=CARTESIAN_POINT('',(-58.,0.625000000000007,23.875));
#8428=CARTESIAN_POINT('',(-58.,-0.499999999999986,25.));
#8429=CARTESIAN_POINT('',(-58.,-18.125,25.));
#8430=CARTESIAN_POINT('',(-58.,0.,24.5));
#8431=CARTESIAN_POINT('',(-58.,-2.5,24.5));
#8432=CARTESIAN_POINT('',(-58.,-36.25,24.5));
#8433=CARTESIAN_POINT('',(-58.,-0.5,24.5));
#8434=CARTESIAN_POINT('',(-58.,-0.5,21.));
#8435=CARTESIAN_POINT('',(73.,-0.499999999999986,25.));
#8436=CARTESIAN_POINT('',(36.5,-0.499999999999986,25.));
#8437=CARTESIAN_POINT('',(52.5,-0.499999999999986,25.));
#8438=CARTESIAN_POINT('',(62.75,-10.7499999999998,35.25));
#8439=CARTESIAN_POINT('',(73.,0.,-24.5));
#8440=CARTESIAN_POINT('',(-48.7398899713697,-24.4065566380368,-48.9065566380368));
#8441=CARTESIAN_POINT('',(-72.6464466094067,-0.5,-25.));
#8442=CARTESIAN_POINT('',(-72.8232233047034,-0.323223304703369,-24.8232233047034));
#8443=CARTESIAN_POINT('',(-40.1666666666667,32.3333333333333,7.83333333333333));
#8444=CARTESIAN_POINT('',(54.25,-2.25,-26.75));
#8445=CARTESIAN_POINT('',(52.5,-0.5,-25.));
#8446=CARTESIAN_POINT('',(36.5,-0.5,-25.));
#8447=CARTESIAN_POINT('',(-73.,-0.5,25.));
#8448=CARTESIAN_POINT('',(-72.73988997137,-0.239889971370026,24.9065566380367));
#8449=CARTESIAN_POINT('',(-73.,-0.5,24.6464466094067));
#8450=CARTESIAN_POINT('',(-72.8232233047034,-0.323223304703369,24.8232233047034));
#8451=CARTESIAN_POINT('',(-48.6666666666671,23.8333333333329,0.666666666666448));
#8452=CARTESIAN_POINT('',(-81.1910744349011,-8.69107443490109,-16.4553721745057));
#8453=CARTESIAN_POINT('',(-73.,-0.5,-24.6464466094067));
#8454=CARTESIAN_POINT('',(-73.,-0.5,25.));
#8455=CARTESIAN_POINT('',(-73.,-72.5,25.));
#8456=CARTESIAN_POINT('',(36.4116116523513,-72.5,61.234834957055));
#8457=CARTESIAN_POINT('',(72.6464466094067,-72.5,25.));
#8458=CARTESIAN_POINT('',(-73.,-72.5,25.));
#8459=CARTESIAN_POINT('',(-72.6464466094067,-72.5,25.));
#8460=CARTESIAN_POINT('',(-72.6464466094067,-72.5,25.));
#8461=CARTESIAN_POINT('',(-72.6464466094067,-72.5,24.));
#8462=CARTESIAN_POINT('',(0.,-72.5,24.));
#8463=CARTESIAN_POINT('',(-73.,-72.5,25.));
#8464=CARTESIAN_POINT('',(48.7348349570547,-72.5,-48.9116116523518));
#8465=CARTESIAN_POINT('',(72.6464466094067,-72.5,-25.));
#8466=CARTESIAN_POINT('',(-73.,-72.5,-24.));
#8467=CARTESIAN_POINT('',(-72.6464466094067,-72.5,-24.));
#8468=CARTESIAN_POINT('',(-72.6464466094067,-72.5,25.));
#8469=CARTESIAN_POINT('',(-72.6464466094067,-72.5,-25.));
#8470=CARTESIAN_POINT('',(-73.,-72.5,-25.));
#8471=CARTESIAN_POINT('',(0.,-36.25,-25.));
#8472=CARTESIAN_POINT('',(-72.6464466094067,-18.125,-25.));
#8473=CARTESIAN_POINT('',(73.,-21.,-25.));
#8474=CARTESIAN_POINT('',(72.6464466094067,-20.6464466094067,-25.));
#8475=CARTESIAN_POINT('',(72.6464466094067,-18.125,-25.));
#8476=CARTESIAN_POINT('',(72.6464466094067,0.,-25.));
#8477=CARTESIAN_POINT('',(77.6565566380366,-25.6565566380366,-19.9898899713701));
#8478=CARTESIAN_POINT('',(-72.6464466094067,-72.5,25.));
#8479=CARTESIAN_POINT('',(-93.1809644062712,-51.9654822031355,-4.46548220313573));
#8480=CARTESIAN_POINT('',(-73.,-72.1464466094067,-24.6464466094067));
#8481=CARTESIAN_POINT('',(-36.2348349570551,-108.911611652352,-24.));
#8482=CARTESIAN_POINT('',(-73.,-72.1464466094067,-24.));
#8483=CARTESIAN_POINT('',(-73.,-72.1464466094067,25.));
#8484=CARTESIAN_POINT('',(-73.,0.,25.));
#8485=CARTESIAN_POINT('',(-73.,0.,24.6464466094067));
#8486=CARTESIAN_POINT('',(-73.,-72.1464466094067,24.6464466094067));
#8487=CARTESIAN_POINT('',(-73.,0.,-24.6464466094067));
#8488=CARTESIAN_POINT('',(-73.,-25.,-24.));
#8489=CARTESIAN_POINT('',(-73.,-36.25,24.));
#8490=CARTESIAN_POINT('',(-73.,-72.1464466094067,24.));
#8491=CARTESIAN_POINT('',(-73.,-72.1464466094067,25.));
#8492=CARTESIAN_POINT('',(-73.,0.,-24.6464466094067));
#8493=CARTESIAN_POINT('',(73.,-21.,25.));
#8494=CARTESIAN_POINT('',(69.4410744349011,-17.4410744349011,28.2053721745056));
#8495=CARTESIAN_POINT('',(72.6464466094067,-20.6464466094067,25.));
#8496=CARTESIAN_POINT('',(73.,-21.,25.));
#8497=CARTESIAN_POINT('',(69.,-17.,21.));
#8498=CARTESIAN_POINT('',(65.75,-13.75,21.));
#8499=CARTESIAN_POINT('',(69.,-17.,-21.));
#8500=CARTESIAN_POINT('',(65.75,-13.75,-21.));
#8501=CARTESIAN_POINT('',(0.,-36.25,25.));
#8502=CARTESIAN_POINT('',(-72.6464466094067,-18.125,25.));
#8503=CARTESIAN_POINT('',(-72.6464466094067,-0.499999999999986,25.));
#8504=CARTESIAN_POINT('',(72.6464466094067,-18.125,25.));
#8505=CARTESIAN_POINT('',(36.5,-0.499999999999986,25.));
#8506=CARTESIAN_POINT('',(73.,0.,24.6464466094067));
#8507=CARTESIAN_POINT('',(-72.6464466094067,-72.5,25.));
#8508=CARTESIAN_POINT('',(-84.7297799427401,-60.4166666666666,12.9166666666667));
#8509=CARTESIAN_POINT('',(-41.8598349570551,-103.286611652352,24.));
#8510=CARTESIAN_POINT('',(73.,-0.499999999999986,25.));
#8511=CARTESIAN_POINT('',(-48.4553721745048,-24.691074434901,49.1910744349017));
#8512=CARTESIAN_POINT('',(-72.6464466094067,0.,25.));
#8513=CARTESIAN_POINT('',(73.,-50.,24.));
#8514=CARTESIAN_POINT('',(71.5,-71.,24.));
#8515=CARTESIAN_POINT('',(72.5,-71.,24.));
#8516=CARTESIAN_POINT('',(72.5,-50.,24.));
#8517=CARTESIAN_POINT('',(-71.5,-71.,24.));
#8518=CARTESIAN_POINT('',(72.5,-36.25,0.));
#8519=CARTESIAN_POINT('',(72.5,-71.,0.));
#8520=CARTESIAN_POINT('',(72.5,-71.,-24.));
#8521=CARTESIAN_POINT('',(72.5,-72.5,-24.));
#8522=CARTESIAN_POINT('',(71.5,-71.,24.));
#8523=CARTESIAN_POINT('',(71.5,-71.,-24.));
#8524=CARTESIAN_POINT('',(73.,-72.5,-24.));
#8525=CARTESIAN_POINT('',(-71.5,-71.,-24.));
#8526=CARTESIAN_POINT('',(-72.,-72.5,-11.5));
#8527=CARTESIAN_POINT('',(-71.5,-71.,-11.5));
#8528=CARTESIAN_POINT('',(-72.,-71.8660254037844,-11.5));
#8529=CARTESIAN_POINT('',(-72.,-72.5,-11.5));
#8530=CARTESIAN_POINT('',(-72.,-72.5,-6.));
#8531=CARTESIAN_POINT('',(-72.,-71.8660254037844,-8.75));
#8532=CARTESIAN_POINT('',(-72.,-71.8660254037844,-6.));
#8533=CARTESIAN_POINT('',(-72.,-72.5,-6.));
#8534=CARTESIAN_POINT('',(0.,-72.5,-6.));
#8535=CARTESIAN_POINT('',(-71.5,-71.,-6.));
#8536=CARTESIAN_POINT('',(-71.5,-71.,24.));
#8537=CARTESIAN_POINT('',(-58.2,-36.25,0.));
#8538=CARTESIAN_POINT('',(-58.2,-2.5,22.5));
#8539=CARTESIAN_POINT('',(-58.2,-2.5,24.5));
#8540=CARTESIAN_POINT('',(-58.2,-0.5,22.5));
#8541=CARTESIAN_POINT('',(-58.2,-0.5,22.5));
#8542=CARTESIAN_POINT('',(-58.2,-0.5,24.5));
#8543=CARTESIAN_POINT('',(-58.2,-36.25,24.5));
#8544=CARTESIAN_POINT('',(0.,-2.5,22.5));
#8545=CARTESIAN_POINT('',(0.,-2.5,24.5));
#8546=CARTESIAN_POINT('',(-29.,-2.5,24.5));
#8547=CARTESIAN_POINT('',(17.8,-2.5,24.5));
#8548=CARTESIAN_POINT('',(17.8,-2.5,22.5));
#8549=CARTESIAN_POINT('',(0.,-0.5,22.5));
#8550=CARTESIAN_POINT('',(0.,-0.5,22.5));
#8551=CARTESIAN_POINT('',(0.,-0.5,24.5));
#8552=CARTESIAN_POINT('',(0.,-36.25,24.5));
#8553=CARTESIAN_POINT('',(0.,-36.25,24.5));
#8554=CARTESIAN_POINT('',(17.8,-36.25,24.5));
#8555=CARTESIAN_POINT('',(17.8,-36.25,0.));
#8556=CARTESIAN_POINT('',(0.,-3.,0.));
#8557=CARTESIAN_POINT('',(0.,-6.,0.));
#8558=CARTESIAN_POINT('',(-3.,-6.,-7.34763812293425E-16));
#8559=CARTESIAN_POINT('',(0.,-6.90129092854134,0.));
#8560=CARTESIAN_POINT('',(0.,-7.80258185708268,0.));
#8561=CARTESIAN_POINT('',(17.7,-3.,-17.7));
#8562=CARTESIAN_POINT('',(17.7,-6.,-17.7));
#8563=CARTESIAN_POINT('',(14.7,-6.,-17.7));
#8564=CARTESIAN_POINT('',(17.7,-6.90129092854134,-17.7));
#8565=CARTESIAN_POINT('',(17.7,-7.80258185708268,-17.7));
#8566=CARTESIAN_POINT('',(35.,-3.,0.));
#8567=CARTESIAN_POINT('',(35.,-6.,0.));
#8568=CARTESIAN_POINT('',(32.,-6.,-7.34763812293653E-16));
#8569=CARTESIAN_POINT('',(35.,-6.90129092854134,0.));
#8570=CARTESIAN_POINT('',(35.,-7.80258185708268,0.));
#8571=CARTESIAN_POINT('',(25.,-3.66268301260171,0.));
#8572=CARTESIAN_POINT('',(25.,-7.32536602520342,0.));
#8573=CARTESIAN_POINT('',(22.5415,-7.32536602520342,-6.02138944174514E-16));
#8574=CARTESIAN_POINT('',(25.,-8.06397394114305,0.));
#8575=CARTESIAN_POINT('',(25.,-8.80258185708268,0.));
#8576=CARTESIAN_POINT('',(-25.,-3.66268301260171,0.));
#8577=CARTESIAN_POINT('',(-25.,-7.32536602520342,0.));
#8578=CARTESIAN_POINT('',(-27.4585,-7.32536602520342,-6.02138944174514E-16));
#8579=CARTESIAN_POINT('',(-25.,-8.06397394114305,0.));
#8580=CARTESIAN_POINT('',(-25.,-8.80258185708268,0.));
#8581=CARTESIAN_POINT('',(69.,-12.,-21.));
#8582=CARTESIAN_POINT('',(69.,-22.75,-21.));
#8583=CARTESIAN_POINT('',(69.,-21.5,-21.));
#8584=CARTESIAN_POINT('',(66.25,-21.5,-21.));
#8585=CARTESIAN_POINT('',(69.,-21.5,-21.));
#8586=CARTESIAN_POINT('',(69.,-12.,21.));
#8587=CARTESIAN_POINT('',(69.,-22.75,21.));
#8588=CARTESIAN_POINT('',(69.,-21.5,21.));
#8589=CARTESIAN_POINT('',(66.25,-21.5,21.));
#8590=CARTESIAN_POINT('',(69.,-21.5,21.));
#8591=CARTESIAN_POINT('',(-69.,-1.75,-21.));
#8592=CARTESIAN_POINT('',(-69.,-2.25,-21.));
#8593=CARTESIAN_POINT('',(-69.,-1.,-21.));
#8594=CARTESIAN_POINT('',(-71.75,-1.,-21.));
#8595=CARTESIAN_POINT('',(-69.,-1.,-21.));
#8596=CARTESIAN_POINT('',(-31.5,-1.75,-6.5));
#8597=CARTESIAN_POINT('',(-31.5,-2.25,-6.5));
#8598=CARTESIAN_POINT('',(-31.5,-1.,-6.5));
#8599=CARTESIAN_POINT('',(-34.25,-1.,-6.5));
#8600=CARTESIAN_POINT('',(-31.5,-1.,-6.5));
#8601=CARTESIAN_POINT('',(-18.5,-1.75,6.5));
#8602=CARTESIAN_POINT('',(-18.5,-2.25,6.5));
#8603=CARTESIAN_POINT('',(-18.5,-1.,6.5));
#8604=CARTESIAN_POINT('',(-21.25,-1.,6.5));
#8605=CARTESIAN_POINT('',(-18.5,-1.,6.5));
#8606=CARTESIAN_POINT('',(-69.,-1.75,21.));
#8607=CARTESIAN_POINT('',(-69.,-2.25,21.));
#8608=CARTESIAN_POINT('',(-69.,-1.,21.));
#8609=CARTESIAN_POINT('',(-71.75,-1.,21.));
#8610=CARTESIAN_POINT('',(-69.,-1.,21.));
#8611=CARTESIAN_POINT('',(48.,-20.,21.));
#8612=CARTESIAN_POINT('',(48.,-21.0214630523468,21.));
#8613=CARTESIAN_POINT('',(48.,-20.,21.));
#8614=CARTESIAN_POINT('',(48.,-20.,19.3));
#8615=CARTESIAN_POINT('',(48.,10.,21.));
#8616=CARTESIAN_POINT('',(-62.,-20.,-21.));
#8617=CARTESIAN_POINT('',(-62.,-21.0214630523468,-21.));
#8618=CARTESIAN_POINT('',(-62.,-20.,-21.));
#8619=CARTESIAN_POINT('',(-62.,-20.,-22.7));
#8620=CARTESIAN_POINT('',(-62.,10.,-21.));
#8621=CARTESIAN_POINT('',(-62.,-20.,21.));
#8622=CARTESIAN_POINT('',(-62.,-21.0214630523468,21.));
#8623=CARTESIAN_POINT('',(-62.,-20.,21.));
#8624=CARTESIAN_POINT('',(-62.,-20.,19.3));
#8625=CARTESIAN_POINT('',(-62.,10.,21.));
#8626=CARTESIAN_POINT('',(48.,-20.,-21.));
#8627=CARTESIAN_POINT('',(48.,-21.0214630523468,-21.));
#8628=CARTESIAN_POINT('',(48.,-20.,-21.));
#8629=CARTESIAN_POINT('',(48.,-20.,-22.7));
#8630=CARTESIAN_POINT('',(48.,10.,-21.));
#8631=CARTESIAN_POINT('',(0.,0.,0.));
#8632=CARTESIAN_POINT('',(-73.,-8.,14.5));
#8633=CARTESIAN_POINT('',(-73.,-13.,12.2087121525221));
#8634=CARTESIAN_POINT('',(-73.,-13.,12.2087121525221));
#8635=CARTESIAN_POINT('',(-73.,-13.,16.7912878474779));
#8636=CARTESIAN_POINT('',(-73.,-8.00000000000009,14.5));
#8637=CARTESIAN_POINT('',(-73.,-12.4843134832984,11.3155169048168));
#8638=CARTESIAN_POINT('',(-73.,-8.51568651670156,9.02422905733885));
#8639=CARTESIAN_POINT('',(-73.,-8.5156865167015,9.02422905733881));
#8640=CARTESIAN_POINT('',(-73.,-8.00000000000009,14.5));
#8641=CARTESIAN_POINT('',(-73.,-7.48431348329854,9.02422905733881));
#8642=CARTESIAN_POINT('',(-73.,-3.51568651670156,11.3155169048168));
#8643=CARTESIAN_POINT('',(-73.,-3.51568651670155,11.3155169048168));
#8644=CARTESIAN_POINT('',(-73.,-8.00000000000009,14.5));
#8645=CARTESIAN_POINT('',(-73.,-3.,12.2087121525221));
#8646=CARTESIAN_POINT('',(-73.,-3.,16.7912878474779));
#8647=CARTESIAN_POINT('',(-73.,-3.,16.7912878474779));
#8648=CARTESIAN_POINT('',(-73.,-8.00000000000009,14.5));
#8649=CARTESIAN_POINT('',(-73.,-3.51568651670159,17.6844830951833));
#8650=CARTESIAN_POINT('',(-73.,-7.48431348329844,19.9757709426612));
#8651=CARTESIAN_POINT('',(-73.,-7.48431348329842,19.9757709426612));
#8652=CARTESIAN_POINT('',(-73.,-8.00000000000009,14.5));
#8653=CARTESIAN_POINT('',(-73.,-8.51568651670143,19.9757709426612));
#8654=CARTESIAN_POINT('',(-73.,-12.4843134832984,17.6844830951832));
#8655=CARTESIAN_POINT('',(-73.,-12.4843134832985,17.6844830951832));
#8656=CARTESIAN_POINT('',(-73.,-8.00000000000009,14.5));
#8657=CARTESIAN_POINT('',(-75.,-8.,14.5));
#8658=CARTESIAN_POINT('',(-75.,-8.00000000000009,14.5));
#8659=CARTESIAN_POINT('',(-75.,-13.,12.2087121525221));
#8660=CARTESIAN_POINT('',(-75.,-12.4843134832984,11.3155169048168));
#8661=CARTESIAN_POINT('',(-75.,-13.,12.2087121525221));
#8662=CARTESIAN_POINT('',(-75.,-13.,16.7912878474779));
#8663=CARTESIAN_POINT('',(-75.,-8.00000000000009,14.5));
#8664=CARTESIAN_POINT('',(-75.,-12.4843134832985,17.6844830951832));
#8665=CARTESIAN_POINT('',(-75.,-12.4843134832984,17.6844830951832));
#8666=CARTESIAN_POINT('',(-75.,-8.51568651670143,19.9757709426612));
#8667=CARTESIAN_POINT('',(-75.,-8.00000000000009,14.5));
#8668=CARTESIAN_POINT('',(-75.,-7.48431348329842,19.9757709426612));
#8669=CARTESIAN_POINT('',(-75.,-7.48431348329844,19.9757709426612));
#8670=CARTESIAN_POINT('',(-75.,-3.51568651670159,17.6844830951833));
#8671=CARTESIAN_POINT('',(-75.,-8.00000000000009,14.5));
#8672=CARTESIAN_POINT('',(-75.,-3.,16.7912878474779));
#8673=CARTESIAN_POINT('',(-75.,-3.,16.7912878474779));
#8674=CARTESIAN_POINT('',(-75.,-3.,12.2087121525221));
#8675=CARTESIAN_POINT('',(-75.,-8.00000000000009,14.5));
#8676=CARTESIAN_POINT('',(-75.,-3.51568651670155,11.3155169048168));
#8677=CARTESIAN_POINT('',(-75.,-3.51568651670156,11.3155169048168));
#8678=CARTESIAN_POINT('',(-75.,-7.48431348329854,9.02422905733881));
#8679=CARTESIAN_POINT('',(-75.,-8.00000000000009,14.5));
#8680=CARTESIAN_POINT('',(-75.,-8.5156865167015,9.02422905733881));
#8681=CARTESIAN_POINT('',(-75.,-8.51568651670156,9.02422905733885));
#8682=CARTESIAN_POINT('',(-75.,-8.,14.5));
#8683=CARTESIAN_POINT('',(-75.,-8.,11.1));
#8684=CARTESIAN_POINT('',(-73.,-13.,16.7912878474779));
#8685=CARTESIAN_POINT('',(-73.,-13.,12.2087121525221));
#8686=CARTESIAN_POINT('',(-73.,-13.,16.7912878474778));
#8687=CARTESIAN_POINT('',(-73.,-8.00000000000009,14.5));
#8688=CARTESIAN_POINT('',(-73.,-12.4843134832982,17.6844830951835));
#8689=CARTESIAN_POINT('',(-73.,-8.51568651670156,19.9757709426612));
#8690=CARTESIAN_POINT('',(-73.,-8.51568651670207,19.9757709426609));
#8691=CARTESIAN_POINT('',(-73.,-8.00000000000009,14.5));
#8692=CARTESIAN_POINT('',(-73.,-7.48431348329806,19.9757709426609));
#8693=CARTESIAN_POINT('',(-73.,-3.51568651670156,17.6844830951832));
#8694=CARTESIAN_POINT('',(-73.,-3.51568651670202,17.6844830951835));
#8695=CARTESIAN_POINT('',(-73.,-8.00000000000009,14.5));
#8696=CARTESIAN_POINT('',(-73.,-3.,16.7912878474773));
#8697=CARTESIAN_POINT('',(-73.,-3.,12.2087121525221));
#8698=CARTESIAN_POINT('',(-73.,-3.,12.2087121525224));
#8699=CARTESIAN_POINT('',(-73.,-8.00000000000009,14.5));
#8700=CARTESIAN_POINT('',(-73.,-3.51568651670182,11.3155169048166));
#8701=CARTESIAN_POINT('',(-73.,-7.48431348329844,9.02422905733885));
#8702=CARTESIAN_POINT('',(-73.,-7.48431348329841,9.02422905733887));
#8703=CARTESIAN_POINT('',(-73.,-8.00000000000009,14.5));
#8704=CARTESIAN_POINT('',(-73.,-8.51568651670144,9.02422905733884));
#8705=CARTESIAN_POINT('',(-73.,-12.4843134832984,11.3155169048168));
#8706=CARTESIAN_POINT('',(-73.,-12.4843134832984,11.3155169048168));
#8707=CARTESIAN_POINT('',(-73.,-8.00000000000009,14.5));
#8708=CARTESIAN_POINT('',(-81.5,-8.,12.9181985117133));
#8709=CARTESIAN_POINT('',(-81.5,-8.,14.5));
#8710=CARTESIAN_POINT('',(-81.5,-8.,11.3363970234266));
#8711=CARTESIAN_POINT('',(-81.5,-8.,14.5));
#8712=CARTESIAN_POINT('',(-81.5,-5.1,14.5));
#8713=CARTESIAN_POINT('',(-80.,-8.,11.1));
#8714=CARTESIAN_POINT('',(-80.,-8.,14.5));
#8715=CARTESIAN_POINT('',(-80.,-8.,11.3));
#8716=CARTESIAN_POINT('',(-80.,-8.,14.5));
#8717=CARTESIAN_POINT('',(-80.,-8.,10.9));
#8718=CARTESIAN_POINT('',(-76.5,-8.,14.5));
#8719=CARTESIAN_POINT('',(-76.5,-8.,14.5));
#8720=CARTESIAN_POINT('',(-76.5,-5.1,14.5));
#8721=CARTESIAN_POINT('',(-76.5,-7.5865439662745,13.0581074560925));
#8722=CARTESIAN_POINT('',(-76.5,-7.0865439662745,13.0581074560925));
#8723=CARTESIAN_POINT('',(-76.5,-7.5038527595294,16.230271052689));
#8724=CARTESIAN_POINT('',(-76.5,-7.0038527595294,16.230271052689));
#8725=CARTESIAN_POINT('',(-76.5,-9.43754391808513,13.4167329583263));
#8726=CARTESIAN_POINT('',(-76.5,-8.93754391808513,13.4167329583263));
#8727=CARTESIAN_POINT('',(-76.5,-9.43754391808513,15.5832670416737));
#8728=CARTESIAN_POINT('',(-76.5,-8.93754391808513,15.5832670416737));
#8729=CARTESIAN_POINT('',(-81.2,-8.,14.5));
#8730=CARTESIAN_POINT('',(-81.2,-7.5865439662745,13.0581074560925));
#8731=CARTESIAN_POINT('',(-81.2,-7.0865439662745,13.0581074560925));
#8732=CARTESIAN_POINT('',(-81.2,-8.,14.5));
#8733=CARTESIAN_POINT('',(-81.2,-7.5038527595294,16.230271052689));
#8734=CARTESIAN_POINT('',(-81.2,-7.0038527595294,16.230271052689));
#8735=CARTESIAN_POINT('',(-81.2,-8.,14.5));
#8736=CARTESIAN_POINT('',(-81.2,-9.43754391808513,13.4167329583263));
#8737=CARTESIAN_POINT('',(-81.2,-8.93754391808513,13.4167329583263));
#8738=CARTESIAN_POINT('',(-81.2,-8.,14.5));
#8739=CARTESIAN_POINT('',(-81.2,-9.43754391808513,15.5832670416737));
#8740=CARTESIAN_POINT('',(-81.2,-8.93754391808513,15.5832670416737));
#8741=CARTESIAN_POINT('',(-81.2,-9.43754391808513,15.5832670416737));
#8742=CARTESIAN_POINT('',(-81.2,-9.43754391808513,13.4167329583263));
#8743=CARTESIAN_POINT('',(-81.2,-7.5038527595294,16.230271052689));
#8744=CARTESIAN_POINT('',(-81.2,-7.5865439662745,13.0581074560925));
#8745=CARTESIAN_POINT('',(-81.5,-8.,14.5));
#8746=CARTESIAN_POINT('',(-75.5,-8.,14.5));
#8747=CARTESIAN_POINT('',(-76.,-8.,14.5));
#8748=CARTESIAN_POINT('',(-76.,-8.,11.1));
#8749=CARTESIAN_POINT('',(-76.3,-8.,14.5));
#8750=CARTESIAN_POINT('',(-76.6,-8.,14.5));
#8751=CARTESIAN_POINT('',(-76.6,-8.,10.5));
#8752=CARTESIAN_POINT('',(-77.65,-8.,14.5));
#8753=CARTESIAN_POINT('',(-78.7,-8.,14.5));
#8754=CARTESIAN_POINT('',(-78.7,-8.,10.5));
#8755=CARTESIAN_POINT('',(-79.1,-8.,14.5));
#8756=CARTESIAN_POINT('',(-79.5,-8.,14.5));
#8757=CARTESIAN_POINT('',(-79.5,-8.,11.3));
#8758=CARTESIAN_POINT('',(-79.75,-8.,14.5));
#8759=CARTESIAN_POINT('',(-80.1505045161091,-8.,14.5));
#8760=CARTESIAN_POINT('',(-80.3010090322182,-8.,14.5));
#8761=CARTESIAN_POINT('',(-80.3010090322182,-8.,10.9));
#8762=CARTESIAN_POINT('',(-80.9005045161091,-8.,14.5));
#8763=CARTESIAN_POINT('',(0.,0.,0.));
#8764=CARTESIAN_POINT('',(-18.,-81.5,-15.));
#8765=CARTESIAN_POINT('',(-18.,-77.,-14.));
#8766=CARTESIAN_POINT('',(-18.,-72.5,-14.));
#8767=CARTESIAN_POINT('',(-18.,-81.5,-14.));
#8768=CARTESIAN_POINT('',(-18.,-81.5,-15.));
#8769=CARTESIAN_POINT('',(-18.,-81.5,14.));
#8770=CARTESIAN_POINT('',(-18.,-77.,14.));
#8771=CARTESIAN_POINT('',(-18.,-72.5,14.));
#8772=CARTESIAN_POINT('',(-18.,-72.5,-15.));
#8773=CARTESIAN_POINT('',(-16.5,-72.5,0.));
#8774=CARTESIAN_POINT('',(-16.5,-59.4489726027397,-6.7));
#8775=CARTESIAN_POINT('',(-16.5,-59.4489726027397,-10.7));
#8776=CARTESIAN_POINT('',(-16.5,-59.4489726027397,-6.7));
#8777=CARTESIAN_POINT('',(-16.5,-59.4489726027397,-10.7));
#8778=CARTESIAN_POINT('',(-16.5,-72.5,-10.7));
#8779=CARTESIAN_POINT('',(-16.5,-72.5,-7.5));
#8780=CARTESIAN_POINT('',(-16.5,-72.5,-6.7));
#8781=CARTESIAN_POINT('',(-16.5,-72.5,-6.7));
#8782=CARTESIAN_POINT('',(0.,-72.5,-10.7));
#8783=CARTESIAN_POINT('',(0.,-59.4489726027397,-10.7));
#8784=CARTESIAN_POINT('',(0.,-59.4489726027397,-10.7));
#8785=CARTESIAN_POINT('',(0.,-59.4489726027397,-10.7));
#8786=CARTESIAN_POINT('',(0.,-72.5,-10.7));
#8787=CARTESIAN_POINT('',(-9.,-72.5,-10.7));
#8788=CARTESIAN_POINT('',(0.,-59.4489726027397,-6.7));
#8789=CARTESIAN_POINT('',(-9.,-72.5,-6.7));
#8790=CARTESIAN_POINT('',(0.,-72.5,-6.7));
#8791=CARTESIAN_POINT('',(0.,-72.5,-6.7));
#8792=CARTESIAN_POINT('',(0.,-59.4489726027397,-6.7));
#8793=CARTESIAN_POINT('',(0.,-59.4489726027397,-6.7));
#8794=CARTESIAN_POINT('',(0.,-59.4489726027397,-10.7));
#8795=CARTESIAN_POINT('',(0.,-59.4489726027397,-6.7));
#8796=CARTESIAN_POINT('',(-1.8,-87.0645,10.5));
#8797=CARTESIAN_POINT('',(-1.8,-89.,-10.5));
#8798=CARTESIAN_POINT('',(-1.8,-89.,-8.879));
#8799=CARTESIAN_POINT('',(-1.8,-89.,-10.5));
#8800=CARTESIAN_POINT('',(-1.8,-89.,-8.25));
#8801=CARTESIAN_POINT('',(-6.,-86.6895,10.5));
#8802=CARTESIAN_POINT('',(-6.,-89.,-10.5));
#8803=CARTESIAN_POINT('',(-6.00000000000001,-86.,-10.5));
#8804=CARTESIAN_POINT('',(-6.,-89.,-10.5));
#8805=CARTESIAN_POINT('',(-6.,-87.379,-10.5));
#8806=CARTESIAN_POINT('',(-1.8,-87.0645,10.5));
#8807=CARTESIAN_POINT('',(-1.8,-89.,10.5));
#8808=CARTESIAN_POINT('',(-1.8,-87.379,10.5));
#8809=CARTESIAN_POINT('',(-1.8,-89.,10.5));
#8810=CARTESIAN_POINT('',(-1.8,-86.75,10.5));
#8811=CARTESIAN_POINT('',(-6.,-86.6895,10.5));
#8812=CARTESIAN_POINT('',(-6.,-89.,10.5));
#8813=CARTESIAN_POINT('',(-6.,-86.,10.5));
#8814=CARTESIAN_POINT('',(-6.,-89.,10.5));
#8815=CARTESIAN_POINT('',(-6.,-87.379,10.5));
#8816=CARTESIAN_POINT('',(0.,-92.5,-11.));
#8817=CARTESIAN_POINT('',(-0.8,-92.5,-11.));
#8818=CARTESIAN_POINT('',(-0.8,-95.,-11.));
#8819=CARTESIAN_POINT('',(-0.8,-92.5,-13.5));
#8820=CARTESIAN_POINT('',(0.,-95.,-11.));
#8821=CARTESIAN_POINT('',(0.,-95.,-11.));
#8822=CARTESIAN_POINT('',(0.,-92.5,-11.));
#8823=CARTESIAN_POINT('',(0.,-92.5,-13.5));
#8824=CARTESIAN_POINT('',(0.,-92.5,-13.5));
#8825=CARTESIAN_POINT('',(0.,-95.,11.));
#8826=CARTESIAN_POINT('',(-0.8,-95.,-11.));
#8827=CARTESIAN_POINT('',(-0.8,-95.,11.));
#8828=CARTESIAN_POINT('',(0.,-95.,11.));
#8829=CARTESIAN_POINT('',(0.,-95.,11.));
#8830=CARTESIAN_POINT('',(0.,-95.,-2.));
#8831=CARTESIAN_POINT('',(0.,-92.5,11.));
#8832=CARTESIAN_POINT('',(-0.8,-92.5,11.));
#8833=CARTESIAN_POINT('',(-0.8,-92.5,13.5));
#8834=CARTESIAN_POINT('',(0.,-92.5,13.5));
#8835=CARTESIAN_POINT('',(0.,-92.5,13.5));
#8836=CARTESIAN_POINT('',(0.,-92.5,11.));
#8837=CARTESIAN_POINT('',(0.,-80.5,13.5));
#8838=CARTESIAN_POINT('',(-0.8,-92.5,13.5));
#8839=CARTESIAN_POINT('',(-0.8,-80.5,13.5));
#8840=CARTESIAN_POINT('',(0.,-80.5,13.5));
#8841=CARTESIAN_POINT('',(0.,-80.5,13.5));
#8842=CARTESIAN_POINT('',(0.,-76.5,13.5));
#8843=CARTESIAN_POINT('',(0.,-80.5,11.));
#8844=CARTESIAN_POINT('',(-0.8,-80.5,11.));
#8845=CARTESIAN_POINT('',(-0.8,-78.,11.));
#8846=CARTESIAN_POINT('',(0.,-78.,11.));
#8847=CARTESIAN_POINT('',(0.,-78.,11.));
#8848=CARTESIAN_POINT('',(0.,-80.5,11.));
#8849=CARTESIAN_POINT('',(0.,-78.,-11.));
#8850=CARTESIAN_POINT('',(-0.8,-78.,11.));
#8851=CARTESIAN_POINT('',(-0.8,-78.,-11.));
#8852=CARTESIAN_POINT('',(0.,-78.,-11.));
#8853=CARTESIAN_POINT('',(0.,-78.,-11.));
#8854=CARTESIAN_POINT('',(0.,-78.,-13.));
#8855=CARTESIAN_POINT('',(0.,-80.5,-11.));
#8856=CARTESIAN_POINT('',(-0.8,-80.5,-11.));
#8857=CARTESIAN_POINT('',(-0.8,-80.5,-13.5));
#8858=CARTESIAN_POINT('',(0.,-80.5,-13.5));
#8859=CARTESIAN_POINT('',(0.,-80.5,-13.5));
#8860=CARTESIAN_POINT('',(0.,-80.5,-11.));
#8861=CARTESIAN_POINT('',(0.,-92.5,-13.5));
#8862=CARTESIAN_POINT('',(-0.8,-80.5,-13.5));
#8863=CARTESIAN_POINT('',(0.,-82.5,-13.5));
#8864=CARTESIAN_POINT('',(-0.8,-72.5,0.));
#8865=CARTESIAN_POINT('',(-0.8,-89.,10.5));
#8866=CARTESIAN_POINT('',(-0.8,-86.75,10.5));
#8867=CARTESIAN_POINT('',(-0.8,-89.,-10.5));
#8868=CARTESIAN_POINT('',(-0.8,-86.75,-10.5));
#8869=CARTESIAN_POINT('',(0.,-72.5,15.));
#8870=CARTESIAN_POINT('',(-17.,-72.5,15.));
#8871=CARTESIAN_POINT('',(-17.,-72.5,15.));
#8872=CARTESIAN_POINT('',(-17.,-81.5,15.));
#8873=CARTESIAN_POINT('',(-9.,-81.5,15.));
#8874=CARTESIAN_POINT('',(-9.,-81.5,15.));
#8875=CARTESIAN_POINT('',(-9.,-96.5,15.));
#8876=CARTESIAN_POINT('',(-9.,-95.5,15.));
#8877=CARTESIAN_POINT('',(0.,-95.5,15.));
#8878=CARTESIAN_POINT('',(0.,-95.5,15.));
#8879=CARTESIAN_POINT('',(0.,-72.5,15.));
#8880=CARTESIAN_POINT('',(0.,-72.5,15.));
#8881=CARTESIAN_POINT('',(-18.,-72.5,15.));
#8882=CARTESIAN_POINT('',(-9.,-96.5,-15.));
#8883=CARTESIAN_POINT('',(-9.,-89.,10.5));
#8884=CARTESIAN_POINT('',(-9.,-86.,10.5));
#8885=CARTESIAN_POINT('',(-9.,-89.,-10.5));
#8886=CARTESIAN_POINT('',(-9.,-86.,-10.5));
#8887=CARTESIAN_POINT('',(-9.,-95.75,-14.75));
#8888=CARTESIAN_POINT('',(-9.,-95.5,-15.));
#8889=CARTESIAN_POINT('',(-9.,-96.5,-14.));
#8890=CARTESIAN_POINT('',(-9.,-96.5,-15.));
#8891=CARTESIAN_POINT('',(-9.,-96.5,14.));
#8892=CARTESIAN_POINT('',(-9.,-103.75,6.75));
#8893=CARTESIAN_POINT('',(-9.,-81.5,-15.));
#8894=CARTESIAN_POINT('',(-9.,-81.5,-15.));
#8895=CARTESIAN_POINT('',(-9.,-96.5,-15.));
#8896=CARTESIAN_POINT('',(0.,-96.5,14.));
#8897=CARTESIAN_POINT('',(0.,-96.5,14.));
#8898=CARTESIAN_POINT('',(0.,-96.5,14.));
#8899=CARTESIAN_POINT('',(0.,-97.75,12.75));
#8900=CARTESIAN_POINT('',(0.,-72.5,-15.));
#8901=CARTESIAN_POINT('',(0.,-89.75,-20.75));
#8902=CARTESIAN_POINT('',(0.,-96.5,-14.));
#8903=CARTESIAN_POINT('',(0.,-95.5,-15.));
#8904=CARTESIAN_POINT('',(0.,-72.5,-15.));
#8905=CARTESIAN_POINT('',(0.,-72.5,-15.));
#8906=CARTESIAN_POINT('',(0.,-72.5,-15.));
#8907=CARTESIAN_POINT('',(0.,-72.5,-15.));
#8908=CARTESIAN_POINT('',(0.,-96.5,-15.));
#8909=CARTESIAN_POINT('',(0.,-96.5,-15.));
#8910=CARTESIAN_POINT('',(0.,-96.5,-14.));
#8911=CARTESIAN_POINT('',(0.,-95.5,-15.));
#8912=CARTESIAN_POINT('',(0.,-95.5,-15.));
#8913=CARTESIAN_POINT('',(-9.,-81.5,-15.));
#8914=CARTESIAN_POINT('',(-15.5,-81.5,-16.5));
#8915=CARTESIAN_POINT('',(-17.,-81.5,-15.));
#8916=CARTESIAN_POINT('',(-9.,-81.5,-15.));
#8917=CARTESIAN_POINT('',(-22.5,-81.5,9.5));
#8918=CARTESIAN_POINT('',(-17.,-72.5,15.));
#8919=CARTESIAN_POINT('',(-24.75,-72.5,7.25));
#8920=CARTESIAN_POINT('',(-18.,-72.5,-15.));
#8921=CARTESIAN_POINT('',(-17.75,-72.5,-14.25));
#8922=CARTESIAN_POINT('',(-17.,-72.5,-15.));
#8923=CARTESIAN_POINT('',(-18.,-72.5,-15.));
#8924=CARTESIAN_POINT('',(0.,-72.5,-15.));
#8925=CARTESIAN_POINT('',(-17.,-72.5,-15.));
#8926=CARTESIAN_POINT('',(-18.,-72.5,-14.));
#8927=CARTESIAN_POINT('',(-7.5,-89.,10.5));
#8928=CARTESIAN_POINT('',(-3.9,-89.,10.5));
#8929=CARTESIAN_POINT('',(-0.9,-89.,10.5));
#8930=CARTESIAN_POINT('',(-7.5,-89.,-10.5));
#8931=CARTESIAN_POINT('',(-3.9,-89.,-10.5));
#8932=CARTESIAN_POINT('',(-0.9,-89.,-10.5));
#8933=CARTESIAN_POINT('',(1.,0.,0.));
#8934=CARTESIAN_POINT('',(-73.,-9.,-12.5));
#8935=CARTESIAN_POINT('',(-73.,-17.,-17.118802153517));
#8936=CARTESIAN_POINT('',(-73.,-17.,-17.118802153517));
#8937=CARTESIAN_POINT('',(-73.,-17.,-7.88119784648299));
#8938=CARTESIAN_POINT('',(-73.,-9.,-21.737604307034));
#8939=CARTESIAN_POINT('',(-73.,-9.,-21.737604307034));
#8940=CARTESIAN_POINT('',(-73.,-1.,-17.118802153517));
#8941=CARTESIAN_POINT('',(-73.,-1.,-17.118802153517));
#8942=CARTESIAN_POINT('',(-73.,-1.,-7.88119784648299));
#8943=CARTESIAN_POINT('',(-73.,-1.,-7.88119784648299));
#8944=CARTESIAN_POINT('',(-73.,-9.,-3.26239569296599));
#8945=CARTESIAN_POINT('',(-73.,-9.,-3.26239569296599));
#8946=CARTESIAN_POINT('',(-73.,-17.,-7.88119784648299));
#8947=CARTESIAN_POINT('',(-73.,-9.,-12.5));
#8948=CARTESIAN_POINT('',(-73.,-5.5,-12.5));
#8949=CARTESIAN_POINT('',(-93.,-9.,-12.5));
#8950=CARTESIAN_POINT('',(-93.,-9.,-12.5));
#8951=CARTESIAN_POINT('',(-93.,-3.5,-12.5));
#8952=CARTESIAN_POINT('',(-93.,-9.,-12.5));
#8953=CARTESIAN_POINT('',(-93.,-5.5,-12.5));
#8954=CARTESIAN_POINT('',(-73.,-1.,-17.118802153517));
#8955=CARTESIAN_POINT('',(-76.,-1.,-14.8094010767585));
#8956=CARTESIAN_POINT('',(-76.,-1.,-17.118802153517));
#8957=CARTESIAN_POINT('',(-76.,-1.,-7.88119784648299));
#8958=CARTESIAN_POINT('',(-73.,-1.,-7.88119784648299));
#8959=CARTESIAN_POINT('',(-73.,-1.,-17.118802153517));
#8960=CARTESIAN_POINT('',(-73.,-9.,-21.737604307034));
#8961=CARTESIAN_POINT('',(-76.,-11.3125,-23.072726804535));
#8962=CARTESIAN_POINT('',(-76.,-9.,-21.737604307034));
#8963=CARTESIAN_POINT('',(-73.,-9.,-21.737604307034));
#8964=CARTESIAN_POINT('',(-73.,-17.,-17.118802153517));
#8965=CARTESIAN_POINT('',(-76.,-19.3125,-15.783679656016));
#8966=CARTESIAN_POINT('',(-76.,-17.,-17.118802153517));
#8967=CARTESIAN_POINT('',(-73.,-17.,-17.118802153517));
#8968=CARTESIAN_POINT('',(-73.,-17.,-7.88119784648299));
#8969=CARTESIAN_POINT('',(-76.,-17.,-10.1905989232415));
#8970=CARTESIAN_POINT('',(-76.,-17.,-7.88119784648299));
#8971=CARTESIAN_POINT('',(-73.,-17.,-7.88119784648299));
#8972=CARTESIAN_POINT('',(-73.,-1.,-7.88119784648299));
#8973=CARTESIAN_POINT('',(-76.,-7.3125,-4.23667427222348));
#8974=CARTESIAN_POINT('',(-76.,-9.,-3.26239569296599));
#8975=CARTESIAN_POINT('',(-73.,-9.,-3.26239569296599));
#8976=CARTESIAN_POINT('',(-73.,-1.,-7.88119784648299));
#8977=CARTESIAN_POINT('',(-86.5,-0.185417437700576,-8.35149730810374));
#8978=CARTESIAN_POINT('',(-86.5,-5.,-5.57179676972449));
#8979=CARTESIAN_POINT('',(-86.5,-9.,-3.26239569296599));
#8980=CARTESIAN_POINT('',(-73.,-9.,-3.26239569296599));
#8981=CARTESIAN_POINT('',(-83.5,-9.,-3.26239569296599));
#8982=CARTESIAN_POINT('',(-83.5,-0.418161764967644,-8.21712230810374));
#8983=CARTESIAN_POINT('',(-83.5,-1.,-7.88119784648299));
#8984=CARTESIAN_POINT('',(-73.,-1.,-7.88119784648299));
#8985=CARTESIAN_POINT('',(-86.5,-1.,-7.88119784648299));
#8986=CARTESIAN_POINT('',(-86.5,-0.185417437700576,-8.35149730810374));
#8987=CARTESIAN_POINT('',(-73.,-9.,-3.26239569296599));
#8988=CARTESIAN_POINT('',(-76.,-15.3125,-6.9069192672255));
#8989=CARTESIAN_POINT('',(-73.,-9.,-3.26239569296599));
#8990=CARTESIAN_POINT('',(-86.5,-13.8145825622994,-6.04209623134524));
#8991=CARTESIAN_POINT('',(-86.5,-13.,-5.57179676972449));
#8992=CARTESIAN_POINT('',(-86.5,-17.,-7.88119784648299));
#8993=CARTESIAN_POINT('',(-73.,-17.,-7.88119784648299));
#8994=CARTESIAN_POINT('',(-83.5,-17.,-7.88119784648299));
#8995=CARTESIAN_POINT('',(-83.5,-13.5818382350324,-5.90772123134524));
#8996=CARTESIAN_POINT('',(-86.5,-13.8145825622994,-6.04209623134524));
#8997=CARTESIAN_POINT('',(-80.5,-20.5,-12.5));
#8998=CARTESIAN_POINT('',(-80.5,-9.,-12.5));
#8999=CARTESIAN_POINT('',(-80.5,-16.,-12.5));
#9000=CARTESIAN_POINT('',(-80.5,-9.,-12.5));
#9001=CARTESIAN_POINT('',(-80.5,-9.,-20.35));
#9002=CARTESIAN_POINT('',(-76.,-20.5,-12.5));
#9003=CARTESIAN_POINT('',(-76.,-9.,-12.5));
#9004=CARTESIAN_POINT('',(-76.,-16.,-12.5));
#9005=CARTESIAN_POINT('',(-73.,-17.,-7.88119784648299));
#9006=CARTESIAN_POINT('',(-86.5,-17.,-16.6905989232415));
#9007=CARTESIAN_POINT('',(-86.5,-17.,-12.5));
#9008=CARTESIAN_POINT('',(-86.5,-17.,-17.118802153517));
#9009=CARTESIAN_POINT('',(-73.,-17.,-17.118802153517));
#9010=CARTESIAN_POINT('',(-83.5,-17.,-17.118802153517));
#9011=CARTESIAN_POINT('',(-83.5,-17.,-16.1530989232415));
#9012=CARTESIAN_POINT('',(-86.5,-17.,-16.6905989232415));
#9013=CARTESIAN_POINT('',(-83.5,-9.,-24.425));
#9014=CARTESIAN_POINT('',(-83.5,-9.,-12.5));
#9015=CARTESIAN_POINT('',(-83.5,-9.,-20.35));
#9016=CARTESIAN_POINT('',(-83.5,-12.4181617649676,-19.7641276918963));
#9017=CARTESIAN_POINT('',(-83.5,-9.,-21.737604307034));
#9018=CARTESIAN_POINT('',(-83.5,-9.58183823503236,-22.0735287686548));
#9019=CARTESIAN_POINT('',(-83.5,-1.,-17.118802153517));
#9020=CARTESIAN_POINT('',(-83.5,-1.,-20.7719010767585));
#9021=CARTESIAN_POINT('',(-73.,-1.,-17.118802153517));
#9022=CARTESIAN_POINT('',(-86.5,-1.,-21.3094010767585));
#9023=CARTESIAN_POINT('',(-86.5,-1.,-17.118802153517));
#9024=CARTESIAN_POINT('',(-86.5,-1.,-12.5));
#9025=CARTESIAN_POINT('',(-86.5,-1.,-21.3094010767585));
#9026=CARTESIAN_POINT('',(-73.,-1.,-17.118802153517));
#9027=CARTESIAN_POINT('',(-73.,-9.,-21.737604307034));
#9028=CARTESIAN_POINT('',(-86.5,-9.81458256229943,-22.2079037686548));
#9029=CARTESIAN_POINT('',(-86.5,-9.,-21.737604307034));
#9030=CARTESIAN_POINT('',(-86.5,-5.,-19.4282032302755));
#9031=CARTESIAN_POINT('',(-86.5,-9.81458256229943,-22.2079037686548));
#9032=CARTESIAN_POINT('',(-73.,-9.,-21.737604307034));
#9033=CARTESIAN_POINT('',(-73.,-17.,-17.118802153517));
#9034=CARTESIAN_POINT('',(-86.5,-12.1854174377006,-19.8985026918963));
#9035=CARTESIAN_POINT('',(-86.5,-13.,-19.4282032302755));
#9036=CARTESIAN_POINT('',(-86.5,-12.1854174377006,-19.8985026918963));
#9037=CARTESIAN_POINT('',(-86.5,-9.,-25.5));
#9038=CARTESIAN_POINT('',(-86.5,-9.,-12.5));
#9039=CARTESIAN_POINT('',(-86.5,-9.,-25.5));
#9040=CARTESIAN_POINT('',(-86.5,-9.,-12.5));
#9041=CARTESIAN_POINT('',(-86.5,-9.,-25.5));
#9042=CARTESIAN_POINT('',(-86.5,-9.,-12.5));
#9043=CARTESIAN_POINT('',(-86.5,-9.,-25.5));
#9044=CARTESIAN_POINT('',(-86.5,-9.,-12.5));
#9045=CARTESIAN_POINT('',(-86.5,-9.,-25.5));
#9046=CARTESIAN_POINT('',(-86.5,-9.,-12.5));
#9047=CARTESIAN_POINT('',(-86.5,-9.,-25.5));
#9048=CARTESIAN_POINT('',(-86.5,-9.,-12.5));
#9049=CARTESIAN_POINT('',(-93.,-9.,-12.5));
#9050=CARTESIAN_POINT('',(-88.5,-9.,-12.5));
#9051=CARTESIAN_POINT('',(-90.5,-9.,-12.5));
#9052=CARTESIAN_POINT('',(-90.5,-9.,-20.5));
#9053=CARTESIAN_POINT('',(-90.5,-9.,-12.5));
#9054=CARTESIAN_POINT('',(-82.,-9.,-12.5));
#9055=CARTESIAN_POINT('',(-78.25,-9.,-12.5));
#9056=CARTESIAN_POINT('',(0.,0.,0.));
#9057=CARTESIAN_POINT('',(-73.,-8.,2.5));
#9058=CARTESIAN_POINT('',(-73.,-13.,0.20871215252208));
#9059=CARTESIAN_POINT('',(-73.,-13.,0.20871215252208));
#9060=CARTESIAN_POINT('',(-73.,-13.,4.79128784747792));
#9061=CARTESIAN_POINT('',(-73.,-8.00000000000009,2.49999999999994));
#9062=CARTESIAN_POINT('',(-73.,-12.4843134832984,-0.684483095183234));
#9063=CARTESIAN_POINT('',(-73.,-8.51568651670156,-2.97577094266115));
#9064=CARTESIAN_POINT('',(-73.,-8.51568651670154,-2.97577094266117));
#9065=CARTESIAN_POINT('',(-73.,-8.00000000000009,2.49999999999994));
#9066=CARTESIAN_POINT('',(-73.,-7.48431348329845,-2.97577094266116));
#9067=CARTESIAN_POINT('',(-73.,-3.51568651670156,-0.684483095183234));
#9068=CARTESIAN_POINT('',(-73.,-3.51568651670155,-0.68448309518323));
#9069=CARTESIAN_POINT('',(-73.,-8.00000000000009,2.49999999999994));
#9070=CARTESIAN_POINT('',(-73.,-3.,0.208712152522078));
#9071=CARTESIAN_POINT('',(-73.,-3.,4.79128784747792));
#9072=CARTESIAN_POINT('',(-73.,-3.,4.79128784747794));
#9073=CARTESIAN_POINT('',(-73.,-8.00000000000009,2.49999999999994));
#9074=CARTESIAN_POINT('',(-73.,-3.51568651670156,5.68448309518323));
#9075=CARTESIAN_POINT('',(-73.,-7.48431348329844,7.97577094266115));
#9076=CARTESIAN_POINT('',(-73.,-7.48431348329843,7.97577094266114));
#9077=CARTESIAN_POINT('',(-73.,-8.00000000000009,2.49999999999994));
#9078=CARTESIAN_POINT('',(-73.,-8.51568651670153,7.97577094266115));
#9079=CARTESIAN_POINT('',(-73.,-12.4843134832984,5.68448309518323));
#9080=CARTESIAN_POINT('',(-73.,-12.4843134832985,5.6844830951832));
#9081=CARTESIAN_POINT('',(-73.,-8.00000000000009,2.49999999999994));
#9082=CARTESIAN_POINT('',(-75.,-8.,2.5));
#9083=CARTESIAN_POINT('',(-75.,-8.00000000000009,2.49999999999994));
#9084=CARTESIAN_POINT('',(-75.,-13.,0.20871215252208));
#9085=CARTESIAN_POINT('',(-75.,-12.4843134832984,-0.684483095183234));
#9086=CARTESIAN_POINT('',(-75.,-13.,0.20871215252208));
#9087=CARTESIAN_POINT('',(-75.,-13.,4.79128784747792));
#9088=CARTESIAN_POINT('',(-75.,-8.00000000000009,2.49999999999994));
#9089=CARTESIAN_POINT('',(-75.,-12.4843134832985,5.6844830951832));
#9090=CARTESIAN_POINT('',(-75.,-12.4843134832984,5.68448309518323));
#9091=CARTESIAN_POINT('',(-75.,-8.51568651670153,7.97577094266115));
#9092=CARTESIAN_POINT('',(-75.,-8.00000000000009,2.49999999999994));
#9093=CARTESIAN_POINT('',(-75.,-7.48431348329843,7.97577094266114));
#9094=CARTESIAN_POINT('',(-75.,-7.48431348329844,7.97577094266115));
#9095=CARTESIAN_POINT('',(-75.,-3.51568651670156,5.68448309518323));
#9096=CARTESIAN_POINT('',(-75.,-8.00000000000009,2.49999999999994));
#9097=CARTESIAN_POINT('',(-75.,-3.,4.79128784747794));
#9098=CARTESIAN_POINT('',(-75.,-3.,4.79128784747792));
#9099=CARTESIAN_POINT('',(-75.,-3.,0.208712152522078));
#9100=CARTESIAN_POINT('',(-75.,-8.00000000000009,2.49999999999994));
#9101=CARTESIAN_POINT('',(-75.,-3.51568651670155,-0.68448309518323));
#9102=CARTESIAN_POINT('',(-75.,-3.51568651670156,-0.684483095183234));
#9103=CARTESIAN_POINT('',(-75.,-7.48431348329845,-2.97577094266116));
#9104=CARTESIAN_POINT('',(-75.,-8.00000000000009,2.49999999999994));
#9105=CARTESIAN_POINT('',(-75.,-8.51568651670154,-2.97577094266117));
#9106=CARTESIAN_POINT('',(-75.,-8.51568651670156,-2.97577094266115));
#9107=CARTESIAN_POINT('',(-75.,-8.,2.5));
#9108=CARTESIAN_POINT('',(-75.,-8.,-0.9));
#9109=CARTESIAN_POINT('',(-73.,-13.,4.79128784747792));
#9110=CARTESIAN_POINT('',(-73.,-13.,0.20871215252208));
#9111=CARTESIAN_POINT('',(-73.,-13.,4.79128784747779));
#9112=CARTESIAN_POINT('',(-73.,-8.00000000000009,2.49999999999994));
#9113=CARTESIAN_POINT('',(-73.,-12.4843134832983,5.68448309518332));
#9114=CARTESIAN_POINT('',(-73.,-8.51568651670156,7.97577094266115));
#9115=CARTESIAN_POINT('',(-73.,-8.51568651670189,7.97577094266096));
#9116=CARTESIAN_POINT('',(-73.,-8.00000000000009,2.49999999999994));
#9117=CARTESIAN_POINT('',(-73.,-7.48431348329808,7.97577094266094));
#9118=CARTESIAN_POINT('',(-73.,-3.51568651670156,5.68448309518323));
#9119=CARTESIAN_POINT('',(-73.,-3.515686516702,5.68448309518349));
#9120=CARTESIAN_POINT('',(-73.,-8.00000000000009,2.49999999999994));
#9121=CARTESIAN_POINT('',(-73.,-3.,4.7912878474774));
#9122=CARTESIAN_POINT('',(-73.,-3.,0.20871215252208));
#9123=CARTESIAN_POINT('',(-73.,-3.,0.208712152522482));
#9124=CARTESIAN_POINT('',(-73.,-8.00000000000009,2.49999999999994));
#9125=CARTESIAN_POINT('',(-73.,-3.51568651670187,-0.684483095183412));
#9126=CARTESIAN_POINT('',(-73.,-7.48431348329844,-2.97577094266115));
#9127=CARTESIAN_POINT('',(-73.,-7.48431348329832,-2.97577094266108));
#9128=CARTESIAN_POINT('',(-73.,-8.00000000000009,2.49999999999994));
#9129=CARTESIAN_POINT('',(-73.,-8.5156865167016,-2.9757709426611));
#9130=CARTESIAN_POINT('',(-73.,-12.4843134832984,-0.684483095183234));
#9131=CARTESIAN_POINT('',(-73.,-12.4843134832984,-0.684483095183234));
#9132=CARTESIAN_POINT('',(-73.,-8.00000000000009,2.49999999999994));
#9133=CARTESIAN_POINT('',(-81.5,-8.,0.918198511713309));
#9134=CARTESIAN_POINT('',(-81.5,-8.,2.5));
#9135=CARTESIAN_POINT('',(-81.5,-8.,-0.66360297657338));
#9136=CARTESIAN_POINT('',(-81.5,-8.,2.5));
#9137=CARTESIAN_POINT('',(-81.5,-5.1,2.5));
#9138=CARTESIAN_POINT('',(-80.,-8.,-0.9));
#9139=CARTESIAN_POINT('',(-80.,-8.,2.5));
#9140=CARTESIAN_POINT('',(-80.,-8.,-0.7));
#9141=CARTESIAN_POINT('',(-80.,-8.,2.5));
#9142=CARTESIAN_POINT('',(-80.,-8.,-1.1));
#9143=CARTESIAN_POINT('',(-76.5,-8.,2.5));
#9144=CARTESIAN_POINT('',(-76.5,-8.,2.5));
#9145=CARTESIAN_POINT('',(-76.5,-5.1,2.5));
#9146=CARTESIAN_POINT('',(-76.5,-7.5865439662745,1.05810745609252));
#9147=CARTESIAN_POINT('',(-76.5,-7.0865439662745,1.05810745609252));
#9148=CARTESIAN_POINT('',(-76.5,-7.5038527595294,4.23027105268897));
#9149=CARTESIAN_POINT('',(-76.5,-7.0038527595294,4.23027105268897));
#9150=CARTESIAN_POINT('',(-76.5,-9.43754391808513,1.41673295832631));
#9151=CARTESIAN_POINT('',(-76.5,-8.93754391808513,1.41673295832631));
#9152=CARTESIAN_POINT('',(-76.5,-9.43754391808513,3.58326704167369));
#9153=CARTESIAN_POINT('',(-76.5,-8.93754391808513,3.58326704167369));
#9154=CARTESIAN_POINT('',(-81.2,-8.,2.5));
#9155=CARTESIAN_POINT('',(-81.2,-7.5865439662745,1.05810745609252));
#9156=CARTESIAN_POINT('',(-81.2,-7.0865439662745,1.05810745609252));
#9157=CARTESIAN_POINT('',(-81.2,-8.,2.5));
#9158=CARTESIAN_POINT('',(-81.2,-7.5038527595294,4.23027105268897));
#9159=CARTESIAN_POINT('',(-81.2,-7.0038527595294,4.23027105268897));
#9160=CARTESIAN_POINT('',(-81.2,-8.,2.5));
#9161=CARTESIAN_POINT('',(-81.2,-9.43754391808513,1.41673295832631));
#9162=CARTESIAN_POINT('',(-81.2,-8.93754391808513,1.41673295832631));
#9163=CARTESIAN_POINT('',(-81.2,-8.,2.5));
#9164=CARTESIAN_POINT('',(-81.2,-9.43754391808513,3.58326704167369));
#9165=CARTESIAN_POINT('',(-81.2,-8.93754391808513,3.58326704167369));
#9166=CARTESIAN_POINT('',(-81.2,-9.43754391808513,3.58326704167369));
#9167=CARTESIAN_POINT('',(-81.2,-9.43754391808513,1.41673295832631));
#9168=CARTESIAN_POINT('',(-81.2,-7.5038527595294,4.23027105268897));
#9169=CARTESIAN_POINT('',(-81.2,-7.5865439662745,1.05810745609252));
#9170=CARTESIAN_POINT('',(-81.5,-8.,2.5));
#9171=CARTESIAN_POINT('',(-75.5,-8.,2.5));
#9172=CARTESIAN_POINT('',(-76.,-8.,2.5));
#9173=CARTESIAN_POINT('',(-76.,-8.,-0.9));
#9174=CARTESIAN_POINT('',(-76.3,-8.,2.5));
#9175=CARTESIAN_POINT('',(-76.6,-8.,2.5));
#9176=CARTESIAN_POINT('',(-76.6,-8.,-1.5));
#9177=CARTESIAN_POINT('',(-77.65,-8.,2.5));
#9178=CARTESIAN_POINT('',(-78.7,-8.,2.5));
#9179=CARTESIAN_POINT('',(-78.7,-8.,-1.5));
#9180=CARTESIAN_POINT('',(-79.1,-8.,2.5));
#9181=CARTESIAN_POINT('',(-79.5,-8.,2.5));
#9182=CARTESIAN_POINT('',(-79.5,-8.,-0.7));
#9183=CARTESIAN_POINT('',(-79.75,-8.,2.5));
#9184=CARTESIAN_POINT('',(-80.1505045161091,-8.,2.5));
#9185=CARTESIAN_POINT('',(-80.3010090322182,-8.,2.5));
#9186=CARTESIAN_POINT('',(-80.3010090322182,-8.,-1.1));
#9187=CARTESIAN_POINT('',(-80.9005045161091,-8.,2.5));
#9188=CARTESIAN_POINT('',(0.,0.,0.));
#9189=MECHANICAL_DESIGN_GEOMETRIC_PRESENTATION_REPRESENTATION('',(#5382,
#79,#5383,#80,#81,#82,#5384,#83,#84,#85,#86,#87,#88,#89,#90,#5385,#91,#5386,
#5387,#92,#93,#94,#95,#96,#97,#98,#99),#9190);
#9190=(
GEOMETRIC_REPRESENTATION_CONTEXT(3)
GLOBAL_UNCERTAINTY_ASSIGNED_CONTEXT((#9197))
GLOBAL_UNIT_ASSIGNED_CONTEXT((#9206,#9205,#9204))
REPRESENTATION_CONTEXT('Assembly 1','TOP_LEVEL_ASSEMBLY_PART')
);
#9191=(
GEOMETRIC_REPRESENTATION_CONTEXT(3)
GLOBAL_UNCERTAINTY_ASSIGNED_CONTEXT((#9198))
GLOBAL_UNIT_ASSIGNED_CONTEXT((#9206,#9205,#9204))
REPRESENTATION_CONTEXT('6','COMPONENT_PART')
);
#9192=(
GEOMETRIC_REPRESENTATION_CONTEXT(3)
GLOBAL_UNCERTAINTY_ASSIGNED_CONTEXT((#9199))
GLOBAL_UNIT_ASSIGNED_CONTEXT((#9206,#9205,#9204))
REPRESENTATION_CONTEXT('1','COMPONENT_PART')
);
#9193=(
GEOMETRIC_REPRESENTATION_CONTEXT(3)
GLOBAL_UNCERTAINTY_ASSIGNED_CONTEXT((#9200))
GLOBAL_UNIT_ASSIGNED_CONTEXT((#9206,#9205,#9204))
REPRESENTATION_CONTEXT('4','COMPONENT_PART')
);
#9194=(
GEOMETRIC_REPRESENTATION_CONTEXT(3)
GLOBAL_UNCERTAINTY_ASSIGNED_CONTEXT((#9201))
GLOBAL_UNIT_ASSIGNED_CONTEXT((#9206,#9205,#9204))
REPRESENTATION_CONTEXT('5','COMPONENT_PART')
);
#9195=(
GEOMETRIC_REPRESENTATION_CONTEXT(3)
GLOBAL_UNCERTAINTY_ASSIGNED_CONTEXT((#9202))
GLOBAL_UNIT_ASSIGNED_CONTEXT((#9206,#9205,#9204))
REPRESENTATION_CONTEXT('2','COMPONENT_PART')
);
#9196=(
GEOMETRIC_REPRESENTATION_CONTEXT(3)
GLOBAL_UNCERTAINTY_ASSIGNED_CONTEXT((#9203))
GLOBAL_UNIT_ASSIGNED_CONTEXT((#9206,#9205,#9204))
REPRESENTATION_CONTEXT('3','COMPONENT_PART')
);
#9197=UNCERTAINTY_MEASURE_WITH_UNIT(LENGTH_MEASURE(1.E-5),#9206,
'DISTANCE_ACCURACY_VALUE','Maximum Tolerance applied to model');
#9198=UNCERTAINTY_MEASURE_WITH_UNIT(LENGTH_MEASURE(1.E-5),#9206,
'DISTANCE_ACCURACY_VALUE','Maximum Tolerance applied to model');
#9199=UNCERTAINTY_MEASURE_WITH_UNIT(LENGTH_MEASURE(1.E-5),#9206,
'DISTANCE_ACCURACY_VALUE','Maximum Tolerance applied to model');
#9200=UNCERTAINTY_MEASURE_WITH_UNIT(LENGTH_MEASURE(1.E-5),#9206,
'DISTANCE_ACCURACY_VALUE','Maximum Tolerance applied to model');
#9201=UNCERTAINTY_MEASURE_WITH_UNIT(LENGTH_MEASURE(1.E-5),#9206,
'DISTANCE_ACCURACY_VALUE','Maximum Tolerance applied to model');
#9202=UNCERTAINTY_MEASURE_WITH_UNIT(LENGTH_MEASURE(1.E-5),#9206,
'DISTANCE_ACCURACY_VALUE','Maximum Tolerance applied to model');
#9203=UNCERTAINTY_MEASURE_WITH_UNIT(LENGTH_MEASURE(1.E-5),#9206,
'DISTANCE_ACCURACY_VALUE','Maximum Tolerance applied to model');
#9204=(
NAMED_UNIT(*)
SI_UNIT($,.STERADIAN.)
SOLID_ANGLE_UNIT()
);
#9205=(
NAMED_UNIT(*)
PLANE_ANGLE_UNIT()
SI_UNIT($,.RADIAN.)
);
#9206=(
LENGTH_UNIT()
NAMED_UNIT(*)
SI_UNIT(.MILLI.,.METRE.)
);
#9207=PRODUCT_DEFINITION_SHAPE('','',#9220);
#9208=PRODUCT_DEFINITION_SHAPE('','',#9221);
#9209=PRODUCT_DEFINITION_SHAPE(' ','NAUO PRDDFN',#49);
#9210=PRODUCT_DEFINITION_SHAPE('','',#9222);
#9211=PRODUCT_DEFINITION_SHAPE(' ','NAUO PRDDFN',#50);
#9212=PRODUCT_DEFINITION_SHAPE('','',#9223);
#9213=PRODUCT_DEFINITION_SHAPE(' ','NAUO PRDDFN',#51);
#9214=PRODUCT_DEFINITION_SHAPE('','',#9224);
#9215=PRODUCT_DEFINITION_SHAPE(' ','NAUO PRDDFN',#52);
#9216=PRODUCT_DEFINITION_SHAPE('','',#9225);
#9217=PRODUCT_DEFINITION_SHAPE(' ','NAUO PRDDFN',#53);
#9218=PRODUCT_DEFINITION_SHAPE('','',#9226);
#9219=PRODUCT_DEFINITION_SHAPE(' ','NAUO PRDDFN',#54);
#9220=PRODUCT_DEFINITION('','',#9234,#9227);
#9221=PRODUCT_DEFINITION('','',#9235,#9228);
#9222=PRODUCT_DEFINITION('','',#9236,#9229);
#9223=PRODUCT_DEFINITION('','',#9237,#9230);
#9224=PRODUCT_DEFINITION('','',#9238,#9231);
#9225=PRODUCT_DEFINITION('','',#9239,#9232);
#9226=PRODUCT_DEFINITION('','',#9240,#9233);
#9227=PRODUCT_DEFINITION_CONTEXT('',#9270,'design');
#9228=PRODUCT_DEFINITION_CONTEXT('',#9270,'design');
#9229=PRODUCT_DEFINITION_CONTEXT('',#9270,'design');
#9230=PRODUCT_DEFINITION_CONTEXT('',#9270,'design');
#9231=PRODUCT_DEFINITION_CONTEXT('',#9270,'design');
#9232=PRODUCT_DEFINITION_CONTEXT('',#9270,'design');
#9233=PRODUCT_DEFINITION_CONTEXT('',#9270,'design');
#9234=PRODUCT_DEFINITION_FORMATION_WITH_SPECIFIED_SOURCE('','',#9248,
 .NOT_KNOWN.);
#9235=PRODUCT_DEFINITION_FORMATION_WITH_SPECIFIED_SOURCE('','',#9249,
 .NOT_KNOWN.);
#9236=PRODUCT_DEFINITION_FORMATION_WITH_SPECIFIED_SOURCE('','',#9250,
 .NOT_KNOWN.);
#9237=PRODUCT_DEFINITION_FORMATION_WITH_SPECIFIED_SOURCE('','',#9251,
 .NOT_KNOWN.);
#9238=PRODUCT_DEFINITION_FORMATION_WITH_SPECIFIED_SOURCE('','',#9252,
 .NOT_KNOWN.);
#9239=PRODUCT_DEFINITION_FORMATION_WITH_SPECIFIED_SOURCE('','',#9253,
 .NOT_KNOWN.);
#9240=PRODUCT_DEFINITION_FORMATION_WITH_SPECIFIED_SOURCE('','',#9254,
 .NOT_KNOWN.);
#9241=PRODUCT_RELATED_PRODUCT_CATEGORY('','',(#9248));
#9242=PRODUCT_RELATED_PRODUCT_CATEGORY('','',(#9249));
#9243=PRODUCT_RELATED_PRODUCT_CATEGORY('','',(#9250));
#9244=PRODUCT_RELATED_PRODUCT_CATEGORY('','',(#9251));
#9245=PRODUCT_RELATED_PRODUCT_CATEGORY('','',(#9252));
#9246=PRODUCT_RELATED_PRODUCT_CATEGORY('','',(#9253));
#9247=PRODUCT_RELATED_PRODUCT_CATEGORY('','',(#9254));
#9248=PRODUCT('Assembly 1','Assembly 1','Assembly 1',(#9262));
#9249=PRODUCT('6','6','6',(#9263));
#9250=PRODUCT('1','1','1',(#9264));
#9251=PRODUCT('4','4','4',(#9265));
#9252=PRODUCT('5','5','5',(#9266));
#9253=PRODUCT('2','2','2',(#9267));
#9254=PRODUCT('3','3','3',(#9268));
#9255=PRODUCT_CATEGORY('','');
#9256=PRODUCT_CATEGORY('','');
#9257=PRODUCT_CATEGORY('','');
#9258=PRODUCT_CATEGORY('','');
#9259=PRODUCT_CATEGORY('','');
#9260=PRODUCT_CATEGORY('','');
#9261=PRODUCT_CATEGORY('','');
#9262=PRODUCT_CONTEXT('',#9270,'mechanical');
#9263=PRODUCT_CONTEXT('',#9270,'mechanical');
#9264=PRODUCT_CONTEXT('',#9270,'mechanical');
#9265=PRODUCT_CONTEXT('',#9270,'mechanical');
#9266=PRODUCT_CONTEXT('',#9270,'mechanical');
#9267=PRODUCT_CONTEXT('',#9270,'mechanical');
#9268=PRODUCT_CONTEXT('',#9270,'mechanical');
#9269=APPLICATION_PROTOCOL_DEFINITION('international standard',
'ap242_managed_model_based_3d_engineering',2020,#9270);
#9270=APPLICATION_CONTEXT('managed model based 3d engineering');
ENDSEC;
END-ISO-10303-21;
