ISO-10303-21;
HEADER;
/* Generated by software containing ST-Developer
 * from STEP Tools, Inc. (www.steptools.com) 
 */
/* OPTION: using custom renumber hook */

FILE_DESCRIPTION(
/* description */ ('STEP AP242 Edition 2',
'CAx-IF Rec.Pracs.---Representation and Presentation of Product Manufa
cturing Information (PMI)---4.0---2014-10-13',
'CAx-IF Rec.Pracs.---3D Tessellated Geometry---0.4---2014-09-14','2;1',
'CAx-IF Rec.Pracs.---User Defined Attributes---1.5---2016-08-15'),
/* implementation_level */ '2;1');

FILE_NAME(
/* name */ 'wsg50_mount',
/* time_stamp */ '2026-10-05T10:37:27Z',
/* author */ (''),
/* organization */ (''),
/* preprocessor_version */ 'ST-DEVELOPER v20',
/* originating_system */ 'ONSHAPE BY PTC INC, 1.221',
/* authorisation */ '  ');

FILE_SCHEMA (('AP242_MANAGED_MODEL_BASED_3D_ENGINEERING_MIM_LF { 1 0 10303 442 3 1 4 }'));
ENDSEC;

DATA;
#10=VERTEX_LOOP('',#5380);
#11=VERTEX_LOOP('',#5382);
#12=VERTEX_LOOP('',#5384);
#13=VERTEX_LOOP('',#5386);
#14=VERTEX_LOOP('',#5388);
#15=VERTEX_LOOP('',#5395);
#16=VERTEX_LOOP('',#5397);
#17=VERTEX_LOOP('',#5399);
#18=VERTEX_LOOP('',#5401);
#19=TOROIDAL_SURFACE('',#10761,5.5,2.5);
#20=TOROIDAL_SURFACE('',#11041,2.25,0.5);
#21=TOROIDAL_SURFACE('',#11045,2.25,0.5);
#22=TOROIDAL_SURFACE('',#11049,2.25,0.499999999999993);
#23=TOROIDAL_SURFACE('',#11053,2.25,0.499999999999993);
#24=TOROIDAL_SURFACE('',#11057,2.25,0.499999999999993);
#25=TOROIDAL_SURFACE('',#11061,2.25,0.499999999999993);
#26=B_SPLINE_SURFACE_WITH_KNOTS('',1,3,((#14623,#14624,#14625,#14626,#14627,
#14628,#14629),(#14630,#14631,#14632,#14633,#14634,#14635,#14636)),
 .RULED_SURF.,.F.,.F.,.F.,(2,2),(4,3,4),(0.,1.),(4.39441202008026,4.71238898038469,
4.78334629861326),.PIECEWISE_BEZIER_KNOTS.);
#27=ELLIPSE('',#10345,70.7106781186547,50.);
#28=ELLIPSE('',#10348,70.7106781186547,50.);
#29=ELLIPSE('',#10382,5.83363094478903,4.125);
#30=ELLIPSE('',#10383,5.83363094478903,4.125);
#31=ELLIPSE('',#10562,5.83363094478903,4.125);
#32=ELLIPSE('',#10563,5.83363094478903,4.125);
#33=ELLIPSE('',#10994,4.59619407771256,3.25);
#34=ELLIPSE('',#10995,4.59619407771256,3.25);
#35=B_SPLINE_CURVE_WITH_KNOTS('',3,(#14017,#14018,#14019,#14020),
 .UNSPECIFIED.,.F.,.F.,(4,4),(0.,0.00030382210950423),.UNSPECIFIED.);
#36=B_SPLINE_CURVE_WITH_KNOTS('',3,(#14429,#14430,#14431,#14432),
 .UNSPECIFIED.,.F.,.F.,(4,4),(0.,1.),.UNSPECIFIED.);
#37=B_SPLINE_CURVE_WITH_KNOTS('',3,(#14439,#14440,#14441,#14442,#14443,
#14444,#14445,#14446,#14447,#14448,#14449,#14450,#14451,#14452,#14453,#14454,
#14455,#14456),.UNSPECIFIED.,.F.,.F.,(4,1,1,1,1,1,1,1,1,1,1,1,1,1,1,4),
(0.,0.125,0.25,0.3125,0.375,0.4375,0.46875,0.484375,0.5,0.515625,0.53125,
0.5625,0.625,0.75,0.875,1.),.UNSPECIFIED.);
#38=B_SPLINE_CURVE_WITH_KNOTS('',3,(#14458,#14459,#14460,#14461),
 .UNSPECIFIED.,.F.,.F.,(4,4),(0.,1.),.UNSPECIFIED.);
#39=B_SPLINE_CURVE_WITH_KNOTS('',3,(#14637,#14638,#14639,#14640),
 .UNSPECIFIED.,.F.,.F.,(4,4),(0.,1.),.UNSPECIFIED.);
#40=B_SPLINE_CURVE_WITH_KNOTS('',3,(#14641,#14642,#14643,#14644),
 .UNSPECIFIED.,.F.,.F.,(4,4),(0.,0.00801161132369741),.UNSPECIFIED.);
#41=SHAPE_REPRESENTATION_RELATIONSHIP('','',#10123,#50);
#42=SHAPE_REPRESENTATION_RELATIONSHIP('','',#10124,#51);
#43=SHAPE_REPRESENTATION_RELATIONSHIP('','',#10125,#52);
#44=SHAPE_REPRESENTATION_RELATIONSHIP('','',#10126,#53);
#45=SHAPE_REPRESENTATION_RELATIONSHIP('','',#10127,#54);
#46=SHAPE_REPRESENTATION_RELATIONSHIP('','',#10128,#55);
#47=SHAPE_REPRESENTATION_RELATIONSHIP('','',#10129,#56);
#48=SHAPE_REPRESENTATION_RELATIONSHIP('','',#10130,#57);
#49=SHAPE_REPRESENTATION_RELATIONSHIP('','',#10131,#58);
#50=ADVANCED_BREP_SHAPE_REPRESENTATION('',(#10105),#16742);
#51=ADVANCED_BREP_SHAPE_REPRESENTATION('',(#10106),#16743);
#52=ADVANCED_BREP_SHAPE_REPRESENTATION('',(#10107),#16744);
#53=ADVANCED_BREP_SHAPE_REPRESENTATION('',(#10108),#16745);
#54=ADVANCED_BREP_SHAPE_REPRESENTATION('',(#10109),#16746);
#55=ADVANCED_BREP_SHAPE_REPRESENTATION('',(#10110),#16747);
#56=ADVANCED_BREP_SHAPE_REPRESENTATION('',(#10111),#16748);
#57=ADVANCED_BREP_SHAPE_REPRESENTATION('',(#10112),#16749);
#58=ADVANCED_BREP_SHAPE_REPRESENTATION('',(#10113),#16750);
#59=CONICAL_SURFACE('',#10187,3.7,0.785398163397448);
#60=CONICAL_SURFACE('',#10191,3.6,0.785398163397448);
#61=CONICAL_SURFACE('',#10196,3.38180148828669,0.349065850398867);
#62=CONICAL_SURFACE('',#10540,3.7,0.785398163397448);
#63=CONICAL_SURFACE('',#10544,3.6,0.785398163397448);
#64=CONICAL_SURFACE('',#10549,3.38180148828669,0.349065850398867);
#65=CONICAL_SURFACE('',#11025,1.5,1.02974425867665);
#66=CONICAL_SURFACE('',#11028,1.5,1.02974425867665);
#67=CONICAL_SURFACE('',#11031,1.5,1.02974425867665);
#68=CONICAL_SURFACE('',#11034,1.22925,1.02974425867665);
#69=CONICAL_SURFACE('',#11037,1.22925,1.02974425867665);
#70=CONICAL_SURFACE('',#11062,1.7,1.02974425867665);
#71=CONICAL_SURFACE('',#11065,1.7,1.02974425867665);
#72=CONICAL_SURFACE('',#11068,1.7,1.02974425867665);
#73=CONICAL_SURFACE('',#11071,1.7,1.02974425867665);
#74=OVER_RIDING_STYLED_ITEM('',(#9922),#9342,#9912);
#75=OVER_RIDING_STYLED_ITEM('',(#9923),#9343,#9912);
#76=OVER_RIDING_STYLED_ITEM('',(#9924),#9344,#9912);
#77=OVER_RIDING_STYLED_ITEM('',(#9925),#9345,#9912);
#78=OVER_RIDING_STYLED_ITEM('',(#9926),#9346,#9912);
#79=OVER_RIDING_STYLED_ITEM('',(#9927),#9347,#9912);
#80=OVER_RIDING_STYLED_ITEM('',(#9928),#9348,#9912);
#81=OVER_RIDING_STYLED_ITEM('',(#9929),#9349,#9912);
#82=OVER_RIDING_STYLED_ITEM('',(#9933),#9558,#9915);
#83=OVER_RIDING_STYLED_ITEM('',(#9934),#9559,#9915);
#84=OVER_RIDING_STYLED_ITEM('',(#9935),#9560,#9915);
#85=OVER_RIDING_STYLED_ITEM('',(#9936),#9561,#9915);
#86=OVER_RIDING_STYLED_ITEM('',(#9937),#9562,#9915);
#87=OVER_RIDING_STYLED_ITEM('',(#9938),#9563,#9915);
#88=OVER_RIDING_STYLED_ITEM('',(#9939),#9564,#9915);
#89=OVER_RIDING_STYLED_ITEM('',(#9940),#9565,#9915);
#90=OVER_RIDING_STYLED_ITEM('',(#9943),#9659,#9917);
#91=OVER_RIDING_STYLED_ITEM('',(#9946),#9722,#9919);
#92=OVER_RIDING_STYLED_ITEM('',(#9948),#9820,#9920);
#93=OVER_RIDING_STYLED_ITEM('',(#9949),#9862,#9920);
#94=OVER_RIDING_STYLED_ITEM('',(#9950),#9865,#9920);
#95=DRAUGHTING_PRE_DEFINED_COLOUR('yellow');
#96=DRAUGHTING_PRE_DEFINED_COLOUR('black');
#97=CYLINDRICAL_SURFACE('',#10149,5.49999999999989);
#98=CYLINDRICAL_SURFACE('',#10151,5.49999999999989);
#99=CYLINDRICAL_SURFACE('',#10153,5.49999999999989);
#100=CYLINDRICAL_SURFACE('',#10155,5.49999999999989);
#101=CYLINDRICAL_SURFACE('',#10157,5.49999999999989);
#102=CYLINDRICAL_SURFACE('',#10159,5.49999999999989);
#103=CYLINDRICAL_SURFACE('',#10180,0.5);
#104=CYLINDRICAL_SURFACE('',#10181,0.5);
#105=CYLINDRICAL_SURFACE('',#10182,0.5);
#106=CYLINDRICAL_SURFACE('',#10183,0.5);
#107=CYLINDRICAL_SURFACE('',#10184,2.9);
#108=CYLINDRICAL_SURFACE('',#10185,3.4);
#109=CYLINDRICAL_SURFACE('',#10189,4.);
#110=CYLINDRICAL_SURFACE('',#10193,3.2);
#111=CYLINDRICAL_SURFACE('',#10194,3.6);
#112=CYLINDRICAL_SURFACE('',#10223,2.69);
#113=CYLINDRICAL_SURFACE('',#10230,2.69);
#114=CYLINDRICAL_SURFACE('',#10249,1.7);
#115=CYLINDRICAL_SURFACE('',#10253,3.25);
#116=CYLINDRICAL_SURFACE('',#10254,1.7);
#117=CYLINDRICAL_SURFACE('',#10258,3.25);
#118=CYLINDRICAL_SURFACE('',#10259,1.7);
#119=CYLINDRICAL_SURFACE('',#10263,3.25);
#120=CYLINDRICAL_SURFACE('',#10264,1.7);
#121=CYLINDRICAL_SURFACE('',#10268,3.25);
#122=CYLINDRICAL_SURFACE('',#10269,3.3);
#123=CYLINDRICAL_SURFACE('',#10273,5.625);
#124=CYLINDRICAL_SURFACE('',#10274,3.3);
#125=CYLINDRICAL_SURFACE('',#10278,5.625);
#126=CYLINDRICAL_SURFACE('',#10279,3.3);
#127=CYLINDRICAL_SURFACE('',#10283,5.625);
#128=CYLINDRICAL_SURFACE('',#10284,3.3);
#129=CYLINDRICAL_SURFACE('',#10288,5.625);
#130=CYLINDRICAL_SURFACE('',#10302,2.69);
#131=CYLINDRICAL_SURFACE('',#10318,4.);
#132=CYLINDRICAL_SURFACE('',#10319,4.);
#133=CYLINDRICAL_SURFACE('',#10320,4.);
#134=CYLINDRICAL_SURFACE('',#10321,4.);
#135=CYLINDRICAL_SURFACE('',#10322,4.);
#136=CYLINDRICAL_SURFACE('',#10324,50.);
#137=CYLINDRICAL_SURFACE('',#10344,50.);
#138=CYLINDRICAL_SURFACE('',#10347,50.);
#139=CYLINDRICAL_SURFACE('',#10367,3.);
#140=CYLINDRICAL_SURFACE('',#10372,1.7);
#141=CYLINDRICAL_SURFACE('',#10375,1.7);
#142=CYLINDRICAL_SURFACE('',#10378,1.7);
#143=CYLINDRICAL_SURFACE('',#10430,2.25);
#144=CYLINDRICAL_SURFACE('',#10434,4.125);
#145=CYLINDRICAL_SURFACE('',#10435,2.25);
#146=CYLINDRICAL_SURFACE('',#10439,4.125);
#147=CYLINDRICAL_SURFACE('',#10440,3.25);
#148=CYLINDRICAL_SURFACE('',#10444,1.7);
#149=CYLINDRICAL_SURFACE('',#10445,3.25);
#150=CYLINDRICAL_SURFACE('',#10449,1.7);
#151=CYLINDRICAL_SURFACE('',#10450,3.25);
#152=CYLINDRICAL_SURFACE('',#10454,1.7);
#153=CYLINDRICAL_SURFACE('',#10476,4.);
#154=CYLINDRICAL_SURFACE('',#10477,4.);
#155=CYLINDRICAL_SURFACE('',#10478,4.);
#156=CYLINDRICAL_SURFACE('',#10479,4.);
#157=CYLINDRICAL_SURFACE('',#10480,4.);
#158=CYLINDRICAL_SURFACE('',#10481,4.);
#159=CYLINDRICAL_SURFACE('',#10482,4.);
#160=CYLINDRICAL_SURFACE('',#10483,4.);
#161=CYLINDRICAL_SURFACE('',#10484,4.);
#162=CYLINDRICAL_SURFACE('',#10502,5.49999999999989);
#163=CYLINDRICAL_SURFACE('',#10504,5.49999999999989);
#164=CYLINDRICAL_SURFACE('',#10506,5.49999999999989);
#165=CYLINDRICAL_SURFACE('',#10508,5.49999999999989);
#166=CYLINDRICAL_SURFACE('',#10510,5.49999999999989);
#167=CYLINDRICAL_SURFACE('',#10512,5.49999999999989);
#168=CYLINDRICAL_SURFACE('',#10533,0.5);
#169=CYLINDRICAL_SURFACE('',#10534,0.5);
#170=CYLINDRICAL_SURFACE('',#10535,0.5);
#171=CYLINDRICAL_SURFACE('',#10536,0.5);
#172=CYLINDRICAL_SURFACE('',#10537,2.9);
#173=CYLINDRICAL_SURFACE('',#10538,3.4);
#174=CYLINDRICAL_SURFACE('',#10542,4.);
#175=CYLINDRICAL_SURFACE('',#10546,3.2);
#176=CYLINDRICAL_SURFACE('',#10547,3.6);
#177=CYLINDRICAL_SURFACE('',#10552,1.7);
#178=CYLINDRICAL_SURFACE('',#10555,1.7);
#179=CYLINDRICAL_SURFACE('',#10558,1.7);
#180=CYLINDRICAL_SURFACE('',#10610,2.25);
#181=CYLINDRICAL_SURFACE('',#10614,4.125);
#182=CYLINDRICAL_SURFACE('',#10615,2.25);
#183=CYLINDRICAL_SURFACE('',#10619,4.125);
#184=CYLINDRICAL_SURFACE('',#10620,3.25);
#185=CYLINDRICAL_SURFACE('',#10624,1.7);
#186=CYLINDRICAL_SURFACE('',#10625,3.25);
#187=CYLINDRICAL_SURFACE('',#10629,1.7);
#188=CYLINDRICAL_SURFACE('',#10630,3.25);
#189=CYLINDRICAL_SURFACE('',#10634,1.7);
#190=CYLINDRICAL_SURFACE('',#10656,4.);
#191=CYLINDRICAL_SURFACE('',#10657,4.);
#192=CYLINDRICAL_SURFACE('',#10658,4.);
#193=CYLINDRICAL_SURFACE('',#10659,4.);
#194=CYLINDRICAL_SURFACE('',#10660,4.);
#195=CYLINDRICAL_SURFACE('',#10661,4.);
#196=CYLINDRICAL_SURFACE('',#10662,4.);
#197=CYLINDRICAL_SURFACE('',#10663,4.);
#198=CYLINDRICAL_SURFACE('',#10664,4.);
#199=CYLINDRICAL_SURFACE('',#10683,2.5);
#200=CYLINDRICAL_SURFACE('',#10687,2.5);
#201=CYLINDRICAL_SURFACE('',#10691,2.5);
#202=CYLINDRICAL_SURFACE('',#10695,2.5);
#203=CYLINDRICAL_SURFACE('',#10715,3.);
#204=CYLINDRICAL_SURFACE('',#10716,1.621);
#205=CYLINDRICAL_SURFACE('',#10717,2.25);
#206=CYLINDRICAL_SURFACE('',#10718,3.);
#207=CYLINDRICAL_SURFACE('',#10719,1.621);
#208=CYLINDRICAL_SURFACE('',#10720,2.25);
#209=CYLINDRICAL_SURFACE('',#10758,3.5);
#210=CYLINDRICAL_SURFACE('',#10759,8.);
#211=CYLINDRICAL_SURFACE('',#10762,7.85);
#212=CYLINDRICAL_SURFACE('',#10763,7.);
#213=CYLINDRICAL_SURFACE('',#10782,2.5);
#214=CYLINDRICAL_SURFACE('',#10786,2.5);
#215=CYLINDRICAL_SURFACE('',#10790,2.5);
#216=CYLINDRICAL_SURFACE('',#10794,2.5);
#217=CYLINDRICAL_SURFACE('',#10814,3.);
#218=CYLINDRICAL_SURFACE('',#10815,1.621);
#219=CYLINDRICAL_SURFACE('',#10816,2.25);
#220=CYLINDRICAL_SURFACE('',#10817,3.);
#221=CYLINDRICAL_SURFACE('',#10818,1.621);
#222=CYLINDRICAL_SURFACE('',#10819,2.25);
#223=CYLINDRICAL_SURFACE('',#10926,2.);
#224=CYLINDRICAL_SURFACE('',#10929,2.);
#225=CYLINDRICAL_SURFACE('',#10932,2.);
#226=CYLINDRICAL_SURFACE('',#10935,2.);
#227=CYLINDRICAL_SURFACE('',#10938,5.);
#228=CYLINDRICAL_SURFACE('',#10942,5.);
#229=CYLINDRICAL_SURFACE('',#10945,5.);
#230=CYLINDRICAL_SURFACE('',#10948,5.);
#231=CYLINDRICAL_SURFACE('',#10963,4.);
#232=CYLINDRICAL_SURFACE('',#10965,4.);
#233=CYLINDRICAL_SURFACE('',#10967,4.);
#234=CYLINDRICAL_SURFACE('',#10969,4.);
#235=CYLINDRICAL_SURFACE('',#10971,4.);
#236=CYLINDRICAL_SURFACE('',#10972,4.);
#237=CYLINDRICAL_SURFACE('',#10974,4.);
#238=CYLINDRICAL_SURFACE('',#10978,4.);
#239=CYLINDRICAL_SURFACE('',#11005,0.999999999999986);
#240=CYLINDRICAL_SURFACE('',#11014,1.);
#241=CYLINDRICAL_SURFACE('',#11017,2.);
#242=CYLINDRICAL_SURFACE('',#11023,3.);
#243=CYLINDRICAL_SURFACE('',#11026,3.);
#244=CYLINDRICAL_SURFACE('',#11029,3.);
#245=CYLINDRICAL_SURFACE('',#11032,2.4585);
#246=CYLINDRICAL_SURFACE('',#11035,2.4585);
#247=CYLINDRICAL_SURFACE('',#11038,3.25);
#248=CYLINDRICAL_SURFACE('',#11039,2.75);
#249=CYLINDRICAL_SURFACE('',#11042,3.25);
#250=CYLINDRICAL_SURFACE('',#11043,2.75);
#251=CYLINDRICAL_SURFACE('',#11046,3.25);
#252=CYLINDRICAL_SURFACE('',#11047,2.75);
#253=CYLINDRICAL_SURFACE('',#11050,3.25);
#254=CYLINDRICAL_SURFACE('',#11051,2.75);
#255=CYLINDRICAL_SURFACE('',#11054,3.25);
#256=CYLINDRICAL_SURFACE('',#11055,2.75);
#257=CYLINDRICAL_SURFACE('',#11058,3.25);
#258=CYLINDRICAL_SURFACE('',#11059,2.75);
#259=CYLINDRICAL_SURFACE('',#11064,1.7);
#260=CYLINDRICAL_SURFACE('',#11067,1.7);
#261=CYLINDRICAL_SURFACE('',#11070,1.7);
#262=CYLINDRICAL_SURFACE('',#11073,1.7);
#263=CIRCLE('',#10134,5.49999999999989);
#264=CIRCLE('',#10135,5.49999999999989);
#265=CIRCLE('',#10136,5.49999999999989);
#266=CIRCLE('',#10137,5.49999999999989);
#267=CIRCLE('',#10138,5.49999999999989);
#268=CIRCLE('',#10139,5.49999999999989);
#269=CIRCLE('',#10141,5.49999999999989);
#270=CIRCLE('',#10142,5.49999999999989);
#271=CIRCLE('',#10143,5.49999999999989);
#272=CIRCLE('',#10144,5.49999999999989);
#273=CIRCLE('',#10145,5.49999999999989);
#274=CIRCLE('',#10146,5.49999999999989);
#275=CIRCLE('',#10147,3.4);
#276=CIRCLE('',#10161,3.16360297657338);
#277=CIRCLE('',#10162,2.9);
#278=CIRCLE('',#10164,3.2);
#279=CIRCLE('',#10165,3.6);
#280=CIRCLE('',#10167,2.9);
#281=CIRCLE('',#10168,0.5);
#282=CIRCLE('',#10169,0.5);
#283=CIRCLE('',#10170,0.5);
#284=CIRCLE('',#10171,0.5);
#285=CIRCLE('',#10173,0.5);
#286=CIRCLE('',#10175,0.5);
#287=CIRCLE('',#10177,0.5);
#288=CIRCLE('',#10179,0.5);
#289=CIRCLE('',#10186,3.4);
#290=CIRCLE('',#10188,4.);
#291=CIRCLE('',#10190,4.);
#292=CIRCLE('',#10192,3.2);
#293=CIRCLE('',#10195,3.6);
#294=CIRCLE('',#10199,4.);
#295=CIRCLE('',#10200,4.);
#296=CIRCLE('',#10201,4.);
#297=CIRCLE('',#10202,4.);
#298=CIRCLE('',#10203,5.625);
#299=CIRCLE('',#10204,5.625);
#300=CIRCLE('',#10205,5.625);
#301=CIRCLE('',#10206,5.625);
#302=CIRCLE('',#10207,1.7);
#303=CIRCLE('',#10208,1.7);
#304=CIRCLE('',#10209,1.7);
#305=CIRCLE('',#10210,1.7);
#306=CIRCLE('',#10212,4.);
#307=CIRCLE('',#10214,2.69);
#308=CIRCLE('',#10215,4.);
#309=CIRCLE('',#10217,50.);
#310=CIRCLE('',#10218,50.);
#311=CIRCLE('',#10222,2.69);
#312=CIRCLE('',#10224,2.69);
#313=CIRCLE('',#10225,2.69);
#314=CIRCLE('',#10236,3.);
#315=CIRCLE('',#10237,4.);
#316=CIRCLE('',#10238,4.);
#317=CIRCLE('',#10239,4.);
#318=CIRCLE('',#10240,4.);
#319=CIRCLE('',#10241,3.3);
#320=CIRCLE('',#10242,3.3);
#321=CIRCLE('',#10243,3.3);
#322=CIRCLE('',#10244,3.3);
#323=CIRCLE('',#10245,3.25);
#324=CIRCLE('',#10246,3.25);
#325=CIRCLE('',#10247,3.25);
#326=CIRCLE('',#10248,3.25);
#327=CIRCLE('',#10250,1.7);
#328=CIRCLE('',#10252,3.25);
#329=CIRCLE('',#10255,1.7);
#330=CIRCLE('',#10257,3.25);
#331=CIRCLE('',#10260,1.7);
#332=CIRCLE('',#10262,3.25);
#333=CIRCLE('',#10265,1.7);
#334=CIRCLE('',#10267,3.25);
#335=CIRCLE('',#10270,3.3);
#336=CIRCLE('',#10272,5.625);
#337=CIRCLE('',#10275,3.3);
#338=CIRCLE('',#10277,5.625);
#339=CIRCLE('',#10280,3.3);
#340=CIRCLE('',#10282,5.625);
#341=CIRCLE('',#10285,3.3);
#342=CIRCLE('',#10287,5.625);
#343=CIRCLE('',#10290,50.);
#344=CIRCLE('',#10291,50.);
#345=CIRCLE('',#10296,2.69);
#346=CIRCLE('',#10299,2.69);
#347=CIRCLE('',#10325,50.);
#348=CIRCLE('',#10343,50.);
#349=CIRCLE('',#10368,3.);
#350=CIRCLE('',#10373,1.7);
#351=CIRCLE('',#10374,1.7);
#352=CIRCLE('',#10376,1.7);
#353=CIRCLE('',#10377,1.7);
#354=CIRCLE('',#10379,1.7);
#355=CIRCLE('',#10380,1.7);
#356=CIRCLE('',#10392,2.25);
#357=CIRCLE('',#10393,2.25);
#358=CIRCLE('',#10396,4.);
#359=CIRCLE('',#10397,4.);
#360=CIRCLE('',#10398,4.);
#361=CIRCLE('',#10399,4.);
#362=CIRCLE('',#10401,4.);
#363=CIRCLE('',#10402,4.);
#364=CIRCLE('',#10405,4.);
#365=CIRCLE('',#10406,4.);
#366=CIRCLE('',#10407,4.);
#367=CIRCLE('',#10408,4.);
#368=CIRCLE('',#10412,3.25);
#369=CIRCLE('',#10413,3.25);
#370=CIRCLE('',#10414,3.25);
#371=CIRCLE('',#10415,4.);
#372=CIRCLE('',#10416,4.);
#373=CIRCLE('',#10417,4.);
#374=CIRCLE('',#10418,4.);
#375=CIRCLE('',#10420,4.);
#376=CIRCLE('',#10421,4.);
#377=CIRCLE('',#10423,1.7);
#378=CIRCLE('',#10424,1.7);
#379=CIRCLE('',#10425,1.7);
#380=CIRCLE('',#10426,4.);
#381=CIRCLE('',#10427,4.);
#382=CIRCLE('',#10428,4.);
#383=CIRCLE('',#10429,4.);
#384=CIRCLE('',#10431,2.25);
#385=CIRCLE('',#10433,4.125);
#386=CIRCLE('',#10436,2.25);
#387=CIRCLE('',#10438,4.125);
#388=CIRCLE('',#10441,3.25);
#389=CIRCLE('',#10443,1.7);
#390=CIRCLE('',#10446,3.25);
#391=CIRCLE('',#10448,1.7);
#392=CIRCLE('',#10451,3.25);
#393=CIRCLE('',#10453,1.7);
#394=CIRCLE('',#10487,5.49999999999989);
#395=CIRCLE('',#10488,5.49999999999989);
#396=CIRCLE('',#10489,5.49999999999989);
#397=CIRCLE('',#10490,5.49999999999989);
#398=CIRCLE('',#10491,5.49999999999989);
#399=CIRCLE('',#10492,5.49999999999989);
#400=CIRCLE('',#10494,5.49999999999989);
#401=CIRCLE('',#10495,5.49999999999989);
#402=CIRCLE('',#10496,5.49999999999989);
#403=CIRCLE('',#10497,5.49999999999989);
#404=CIRCLE('',#10498,5.49999999999989);
#405=CIRCLE('',#10499,5.49999999999989);
#406=CIRCLE('',#10500,3.4);
#407=CIRCLE('',#10514,3.16360297657338);
#408=CIRCLE('',#10515,2.9);
#409=CIRCLE('',#10517,3.2);
#410=CIRCLE('',#10518,3.6);
#411=CIRCLE('',#10520,2.9);
#412=CIRCLE('',#10521,0.5);
#413=CIRCLE('',#10522,0.5);
#414=CIRCLE('',#10523,0.5);
#415=CIRCLE('',#10524,0.5);
#416=CIRCLE('',#10526,0.5);
#417=CIRCLE('',#10528,0.5);
#418=CIRCLE('',#10530,0.5);
#419=CIRCLE('',#10532,0.5);
#420=CIRCLE('',#10539,3.4);
#421=CIRCLE('',#10541,4.);
#422=CIRCLE('',#10543,4.);
#423=CIRCLE('',#10545,3.2);
#424=CIRCLE('',#10548,3.6);
#425=CIRCLE('',#10553,1.7);
#426=CIRCLE('',#10554,1.7);
#427=CIRCLE('',#10556,1.7);
#428=CIRCLE('',#10557,1.7);
#429=CIRCLE('',#10559,1.7);
#430=CIRCLE('',#10560,1.7);
#431=CIRCLE('',#10572,2.25);
#432=CIRCLE('',#10573,2.25);
#433=CIRCLE('',#10576,4.);
#434=CIRCLE('',#10577,4.);
#435=CIRCLE('',#10578,4.);
#436=CIRCLE('',#10579,4.);
#437=CIRCLE('',#10581,4.);
#438=CIRCLE('',#10582,4.);
#439=CIRCLE('',#10585,4.);
#440=CIRCLE('',#10586,4.);
#441=CIRCLE('',#10587,4.);
#442=CIRCLE('',#10588,4.);
#443=CIRCLE('',#10592,3.25);
#444=CIRCLE('',#10593,3.25);
#445=CIRCLE('',#10594,3.25);
#446=CIRCLE('',#10595,4.);
#447=CIRCLE('',#10596,4.);
#448=CIRCLE('',#10597,4.);
#449=CIRCLE('',#10598,4.);
#450=CIRCLE('',#10600,4.);
#451=CIRCLE('',#10601,4.);
#452=CIRCLE('',#10603,1.7);
#453=CIRCLE('',#10604,1.7);
#454=CIRCLE('',#10605,1.7);
#455=CIRCLE('',#10606,4.);
#456=CIRCLE('',#10607,4.);
#457=CIRCLE('',#10608,4.);
#458=CIRCLE('',#10609,4.);
#459=CIRCLE('',#10611,2.25);
#460=CIRCLE('',#10613,4.125);
#461=CIRCLE('',#10616,2.25);
#462=CIRCLE('',#10618,4.125);
#463=CIRCLE('',#10621,3.25);
#464=CIRCLE('',#10623,1.7);
#465=CIRCLE('',#10626,3.25);
#466=CIRCLE('',#10628,1.7);
#467=CIRCLE('',#10631,3.25);
#468=CIRCLE('',#10633,1.7);
#469=CIRCLE('',#10672,1.621);
#470=CIRCLE('',#10673,2.25);
#471=CIRCLE('',#10675,3.);
#472=CIRCLE('',#10676,1.621);
#473=CIRCLE('',#10678,1.621);
#474=CIRCLE('',#10679,2.25);
#475=CIRCLE('',#10681,3.);
#476=CIRCLE('',#10682,1.621);
#477=CIRCLE('',#10684,2.5);
#478=CIRCLE('',#10685,2.5);
#479=CIRCLE('',#10688,2.5);
#480=CIRCLE('',#10689,2.5);
#481=CIRCLE('',#10692,2.5);
#482=CIRCLE('',#10693,2.5);
#483=CIRCLE('',#10696,2.5);
#484=CIRCLE('',#10697,2.5);
#485=CIRCLE('',#10700,2.25);
#486=CIRCLE('',#10701,2.25);
#487=CIRCLE('',#10704,3.);
#488=CIRCLE('',#10705,3.);
#489=CIRCLE('',#10723,3.5);
#490=CIRCLE('',#10725,5.5);
#491=CIRCLE('',#10726,3.5);
#492=CIRCLE('',#10736,7.);
#493=CIRCLE('',#10737,7.85);
#494=CIRCLE('',#10739,7.);
#495=CIRCLE('',#10742,7.85);
#496=CIRCLE('',#10747,8.);
#497=CIRCLE('',#10749,8.);
#498=CIRCLE('',#10751,8.);
#499=CIRCLE('',#10753,8.);
#500=CIRCLE('',#10755,8.);
#501=CIRCLE('',#10757,8.);
#502=CIRCLE('',#10760,8.);
#503=CIRCLE('',#10771,1.621);
#504=CIRCLE('',#10772,2.25);
#505=CIRCLE('',#10774,3.);
#506=CIRCLE('',#10775,1.621);
#507=CIRCLE('',#10777,1.621);
#508=CIRCLE('',#10778,2.25);
#509=CIRCLE('',#10780,3.);
#510=CIRCLE('',#10781,1.621);
#511=CIRCLE('',#10783,2.5);
#512=CIRCLE('',#10784,2.5);
#513=CIRCLE('',#10787,2.5);
#514=CIRCLE('',#10788,2.5);
#515=CIRCLE('',#10791,2.5);
#516=CIRCLE('',#10792,2.5);
#517=CIRCLE('',#10795,2.5);
#518=CIRCLE('',#10796,2.5);
#519=CIRCLE('',#10799,2.25);
#520=CIRCLE('',#10800,2.25);
#521=CIRCLE('',#10803,3.);
#522=CIRCLE('',#10804,3.);
#523=CIRCLE('',#10822,1.7);
#524=CIRCLE('',#10823,1.7);
#525=CIRCLE('',#10824,1.7);
#526=CIRCLE('',#10825,1.7);
#527=CIRCLE('',#10826,3.25);
#528=CIRCLE('',#10827,3.25);
#529=CIRCLE('',#10828,3.25);
#530=CIRCLE('',#10829,3.25);
#531=CIRCLE('',#10830,2.4585);
#532=CIRCLE('',#10831,2.4585);
#533=CIRCLE('',#10832,3.);
#534=CIRCLE('',#10833,3.);
#535=CIRCLE('',#10834,3.);
#536=CIRCLE('',#10835,4.);
#537=CIRCLE('',#10836,4.);
#538=CIRCLE('',#10837,4.);
#539=CIRCLE('',#10838,4.);
#540=CIRCLE('',#10839,4.);
#541=CIRCLE('',#10840,4.);
#542=CIRCLE('',#10842,5.);
#543=CIRCLE('',#10843,5.);
#544=CIRCLE('',#10845,2.25);
#545=CIRCLE('',#10847,3.25);
#546=CIRCLE('',#10848,2.75);
#547=CIRCLE('',#10850,2.25);
#548=CIRCLE('',#10852,3.25);
#549=CIRCLE('',#10853,2.75);
#550=CIRCLE('',#10855,2.25);
#551=CIRCLE('',#10857,3.25);
#552=CIRCLE('',#10858,2.75);
#553=CIRCLE('',#10860,2.25);
#554=CIRCLE('',#10862,3.25);
#555=CIRCLE('',#10863,2.75);
#556=CIRCLE('',#10865,2.25);
#557=CIRCLE('',#10867,3.25);
#558=CIRCLE('',#10868,2.75);
#559=CIRCLE('',#10870,2.25);
#560=CIRCLE('',#10872,3.25);
#561=CIRCLE('',#10873,2.75);
#562=CIRCLE('',#10920,0.999999999999986);
#563=CIRCLE('',#10922,2.);
#564=CIRCLE('',#10923,2.);
#565=CIRCLE('',#10924,2.);
#566=CIRCLE('',#10925,2.);
#567=CIRCLE('',#10927,2.);
#568=CIRCLE('',#10930,2.);
#569=CIRCLE('',#10933,2.);
#570=CIRCLE('',#10936,2.);
#571=CIRCLE('',#10939,5.);
#572=CIRCLE('',#10940,5.);
#573=CIRCLE('',#10943,5.);
#574=CIRCLE('',#10944,5.);
#575=CIRCLE('',#10946,5.);
#576=CIRCLE('',#10949,5.);
#577=CIRCLE('',#10954,0.999999999999986);
#578=CIRCLE('',#10957,4.);
#579=CIRCLE('',#10958,4.);
#580=CIRCLE('',#10959,4.);
#581=CIRCLE('',#10960,4.);
#582=CIRCLE('',#10961,4.);
#583=CIRCLE('',#10962,4.);
#584=CIRCLE('',#10975,4.);
#585=CIRCLE('',#10976,4.);
#586=CIRCLE('',#10979,4.);
#587=CIRCLE('',#10980,4.);
#588=CIRCLE('',#11002,0.999999999999986);
#589=CIRCLE('',#11003,1.);
#590=CIRCLE('',#11006,0.999999999999986);
#591=CIRCLE('',#11008,1.);
#592=CIRCLE('',#11010,1.);
#593=CIRCLE('',#11013,1.);
#594=CIRCLE('',#11016,2.);
#595=CIRCLE('',#11018,2.);
#596=CIRCLE('',#11024,3.);
#597=CIRCLE('',#11027,3.);
#598=CIRCLE('',#11030,3.);
#599=CIRCLE('',#11033,2.4585);
#600=CIRCLE('',#11036,2.4585);
#601=CIRCLE('',#11040,2.75);
#602=CIRCLE('',#11044,2.75);
#603=CIRCLE('',#11048,2.75);
#604=CIRCLE('',#11052,2.75);
#605=CIRCLE('',#11056,2.75);
#606=CIRCLE('',#11060,2.75);
#607=CIRCLE('',#11063,1.7);
#608=CIRCLE('',#11066,1.7);
#609=CIRCLE('',#11069,1.7);
#610=CIRCLE('',#11072,1.7);
#611=ORIENTED_EDGE('',*,*,#3185,.F.);
#612=ORIENTED_EDGE('',*,*,#3186,.F.);
#613=ORIENTED_EDGE('',*,*,#3187,.F.);
#614=ORIENTED_EDGE('',*,*,#3188,.F.);
#615=ORIENTED_EDGE('',*,*,#3189,.F.);
#616=ORIENTED_EDGE('',*,*,#3190,.F.);
#617=ORIENTED_EDGE('',*,*,#3191,.F.);
#618=ORIENTED_EDGE('',*,*,#3192,.F.);
#619=ORIENTED_EDGE('',*,*,#3193,.F.);
#620=ORIENTED_EDGE('',*,*,#3194,.F.);
#621=ORIENTED_EDGE('',*,*,#3195,.F.);
#622=ORIENTED_EDGE('',*,*,#3196,.F.);
#623=ORIENTED_EDGE('',*,*,#3197,.F.);
#624=ORIENTED_EDGE('',*,*,#3198,.F.);
#625=ORIENTED_EDGE('',*,*,#3199,.F.);
#626=ORIENTED_EDGE('',*,*,#3200,.F.);
#627=ORIENTED_EDGE('',*,*,#3201,.F.);
#628=ORIENTED_EDGE('',*,*,#3202,.F.);
#629=ORIENTED_EDGE('',*,*,#3203,.F.);
#630=ORIENTED_EDGE('',*,*,#3204,.F.);
#631=ORIENTED_EDGE('',*,*,#3205,.F.);
#632=ORIENTED_EDGE('',*,*,#3206,.F.);
#633=ORIENTED_EDGE('',*,*,#3207,.F.);
#634=ORIENTED_EDGE('',*,*,#3208,.F.);
#635=ORIENTED_EDGE('',*,*,#3209,.T.);
#636=ORIENTED_EDGE('',*,*,#3198,.T.);
#637=ORIENTED_EDGE('',*,*,#3210,.F.);
#638=ORIENTED_EDGE('',*,*,#3185,.T.);
#639=ORIENTED_EDGE('',*,*,#3211,.T.);
#640=ORIENTED_EDGE('',*,*,#3199,.T.);
#641=ORIENTED_EDGE('',*,*,#3211,.F.);
#642=ORIENTED_EDGE('',*,*,#3196,.T.);
#643=ORIENTED_EDGE('',*,*,#3212,.T.);
#644=ORIENTED_EDGE('',*,*,#3200,.T.);
#645=ORIENTED_EDGE('',*,*,#3212,.F.);
#646=ORIENTED_EDGE('',*,*,#3195,.T.);
#647=ORIENTED_EDGE('',*,*,#3213,.T.);
#648=ORIENTED_EDGE('',*,*,#3201,.T.);
#649=ORIENTED_EDGE('',*,*,#3213,.F.);
#650=ORIENTED_EDGE('',*,*,#3194,.T.);
#651=ORIENTED_EDGE('',*,*,#3214,.T.);
#652=ORIENTED_EDGE('',*,*,#3202,.T.);
#653=ORIENTED_EDGE('',*,*,#3214,.F.);
#654=ORIENTED_EDGE('',*,*,#3193,.T.);
#655=ORIENTED_EDGE('',*,*,#3215,.T.);
#656=ORIENTED_EDGE('',*,*,#3203,.T.);
#657=ORIENTED_EDGE('',*,*,#3215,.F.);
#658=ORIENTED_EDGE('',*,*,#3192,.T.);
#659=ORIENTED_EDGE('',*,*,#3216,.T.);
#660=ORIENTED_EDGE('',*,*,#3204,.T.);
#661=ORIENTED_EDGE('',*,*,#3216,.F.);
#662=ORIENTED_EDGE('',*,*,#3191,.T.);
#663=ORIENTED_EDGE('',*,*,#3217,.T.);
#664=ORIENTED_EDGE('',*,*,#3205,.T.);
#665=ORIENTED_EDGE('',*,*,#3217,.F.);
#666=ORIENTED_EDGE('',*,*,#3190,.T.);
#667=ORIENTED_EDGE('',*,*,#3218,.T.);
#668=ORIENTED_EDGE('',*,*,#3206,.T.);
#669=ORIENTED_EDGE('',*,*,#3218,.F.);
#670=ORIENTED_EDGE('',*,*,#3189,.T.);
#671=ORIENTED_EDGE('',*,*,#3219,.T.);
#672=ORIENTED_EDGE('',*,*,#3207,.T.);
#673=ORIENTED_EDGE('',*,*,#3219,.F.);
#674=ORIENTED_EDGE('',*,*,#3188,.T.);
#675=ORIENTED_EDGE('',*,*,#3220,.T.);
#676=ORIENTED_EDGE('',*,*,#3208,.T.);
#677=ORIENTED_EDGE('',*,*,#3220,.F.);
#678=ORIENTED_EDGE('',*,*,#3187,.T.);
#679=ORIENTED_EDGE('',*,*,#3221,.T.);
#680=ORIENTED_EDGE('',*,*,#3197,.T.);
#681=ORIENTED_EDGE('',*,*,#3221,.F.);
#682=ORIENTED_EDGE('',*,*,#3186,.T.);
#683=ORIENTED_EDGE('',*,*,#3210,.T.);
#684=ORIENTED_EDGE('',*,*,#3222,.T.);
#685=ORIENTED_EDGE('',*,*,#3223,.T.);
#686=ORIENTED_EDGE('',*,*,#3224,.T.);
#687=ORIENTED_EDGE('',*,*,#3225,.F.);
#688=ORIENTED_EDGE('',*,*,#3226,.T.);
#689=ORIENTED_EDGE('',*,*,#3227,.T.);
#690=ORIENTED_EDGE('',*,*,#3228,.T.);
#691=ORIENTED_EDGE('',*,*,#3229,.T.);
#692=ORIENTED_EDGE('',*,*,#3230,.T.);
#693=ORIENTED_EDGE('',*,*,#3231,.T.);
#694=ORIENTED_EDGE('',*,*,#3232,.T.);
#695=ORIENTED_EDGE('',*,*,#3233,.T.);
#696=ORIENTED_EDGE('',*,*,#3234,.T.);
#697=ORIENTED_EDGE('',*,*,#3234,.F.);
#698=ORIENTED_EDGE('',*,*,#3230,.F.);
#699=ORIENTED_EDGE('',*,*,#3233,.F.);
#700=ORIENTED_EDGE('',*,*,#3229,.F.);
#701=ORIENTED_EDGE('',*,*,#3232,.F.);
#702=ORIENTED_EDGE('',*,*,#3228,.F.);
#703=ORIENTED_EDGE('',*,*,#3231,.F.);
#704=ORIENTED_EDGE('',*,*,#3227,.F.);
#705=ORIENTED_EDGE('',*,*,#3226,.F.);
#706=ORIENTED_EDGE('',*,*,#3223,.F.);
#707=ORIENTED_EDGE('',*,*,#3209,.F.);
#708=ORIENTED_EDGE('',*,*,#3235,.F.);
#709=ORIENTED_EDGE('',*,*,#3236,.F.);
#710=ORIENTED_EDGE('',*,*,#3235,.T.);
#711=ORIENTED_EDGE('',*,*,#3236,.T.);
#712=ORIENTED_EDGE('',*,*,#3237,.F.);
#713=ORIENTED_EDGE('',*,*,#3237,.T.);
#714=ORIENTED_EDGE('',*,*,#3238,.F.);
#715=ORIENTED_EDGE('',*,*,#3238,.T.);
#716=ORIENTED_EDGE('',*,*,#3224,.F.);
#717=ORIENTED_EDGE('',*,*,#3225,.T.);
#718=ORIENTED_EDGE('',*,*,#3239,.F.);
#719=ORIENTED_EDGE('',*,*,#3239,.T.);
#720=ORIENTED_EDGE('',*,*,#3222,.F.);
#721=ORIENTED_EDGE('',*,*,#3240,.T.);
#722=ORIENTED_EDGE('',*,*,#3241,.T.);
#723=ORIENTED_EDGE('',*,*,#3242,.T.);
#724=ORIENTED_EDGE('',*,*,#3243,.F.);
#725=ORIENTED_EDGE('',*,*,#3244,.F.);
#726=ORIENTED_EDGE('',*,*,#3245,.T.);
#727=ORIENTED_EDGE('',*,*,#3246,.F.);
#728=ORIENTED_EDGE('',*,*,#3247,.T.);
#729=ORIENTED_EDGE('',*,*,#3248,.T.);
#730=ORIENTED_EDGE('',*,*,#3249,.T.);
#731=ORIENTED_EDGE('',*,*,#3250,.T.);
#732=ORIENTED_EDGE('',*,*,#3251,.T.);
#733=ORIENTED_EDGE('',*,*,#3252,.F.);
#734=ORIENTED_EDGE('',*,*,#3253,.T.);
#735=ORIENTED_EDGE('',*,*,#3254,.F.);
#736=ORIENTED_EDGE('',*,*,#3255,.T.);
#737=ORIENTED_EDGE('',*,*,#3256,.T.);
#738=ORIENTED_EDGE('',*,*,#3257,.T.);
#739=ORIENTED_EDGE('',*,*,#3258,.T.);
#740=ORIENTED_EDGE('',*,*,#3259,.T.);
#741=ORIENTED_EDGE('',*,*,#3260,.T.);
#742=ORIENTED_EDGE('',*,*,#3261,.T.);
#743=ORIENTED_EDGE('',*,*,#3262,.T.);
#744=ORIENTED_EDGE('',*,*,#3263,.T.);
#745=ORIENTED_EDGE('',*,*,#3264,.F.);
#746=ORIENTED_EDGE('',*,*,#3265,.F.);
#747=ORIENTED_EDGE('',*,*,#3266,.F.);
#748=ORIENTED_EDGE('',*,*,#3267,.F.);
#749=ORIENTED_EDGE('',*,*,#3268,.F.);
#750=ORIENTED_EDGE('',*,*,#3269,.F.);
#751=ORIENTED_EDGE('',*,*,#3270,.F.);
#752=ORIENTED_EDGE('',*,*,#3271,.T.);
#753=ORIENTED_EDGE('',*,*,#3272,.T.);
#754=ORIENTED_EDGE('',*,*,#3273,.F.);
#755=ORIENTED_EDGE('',*,*,#3274,.F.);
#756=ORIENTED_EDGE('',*,*,#3275,.F.);
#757=ORIENTED_EDGE('',*,*,#3276,.F.);
#758=ORIENTED_EDGE('',*,*,#3277,.T.);
#759=ORIENTED_EDGE('',*,*,#3278,.T.);
#760=ORIENTED_EDGE('',*,*,#3279,.T.);
#761=ORIENTED_EDGE('',*,*,#3280,.T.);
#762=ORIENTED_EDGE('',*,*,#3281,.F.);
#763=ORIENTED_EDGE('',*,*,#3282,.T.);
#764=ORIENTED_EDGE('',*,*,#3283,.T.);
#765=ORIENTED_EDGE('',*,*,#3284,.T.);
#766=ORIENTED_EDGE('',*,*,#3285,.T.);
#767=ORIENTED_EDGE('',*,*,#3286,.T.);
#768=ORIENTED_EDGE('',*,*,#3287,.T.);
#769=ORIENTED_EDGE('',*,*,#3288,.T.);
#770=ORIENTED_EDGE('',*,*,#3289,.T.);
#771=ORIENTED_EDGE('',*,*,#3244,.T.);
#772=ORIENTED_EDGE('',*,*,#3290,.F.);
#773=ORIENTED_EDGE('',*,*,#3291,.T.);
#774=ORIENTED_EDGE('',*,*,#3292,.T.);
#775=ORIENTED_EDGE('',*,*,#3293,.T.);
#776=ORIENTED_EDGE('',*,*,#3294,.T.);
#777=ORIENTED_EDGE('',*,*,#3295,.T.);
#778=ORIENTED_EDGE('',*,*,#3296,.T.);
#779=ORIENTED_EDGE('',*,*,#3297,.T.);
#780=ORIENTED_EDGE('',*,*,#3298,.T.);
#781=ORIENTED_EDGE('',*,*,#3299,.T.);
#782=ORIENTED_EDGE('',*,*,#3300,.T.);
#783=ORIENTED_EDGE('',*,*,#3301,.F.);
#784=ORIENTED_EDGE('',*,*,#3302,.T.);
#785=ORIENTED_EDGE('',*,*,#3303,.F.);
#786=ORIENTED_EDGE('',*,*,#3275,.T.);
#787=ORIENTED_EDGE('',*,*,#3304,.T.);
#788=ORIENTED_EDGE('',*,*,#3305,.F.);
#789=ORIENTED_EDGE('',*,*,#3306,.T.);
#790=ORIENTED_EDGE('',*,*,#3307,.T.);
#791=ORIENTED_EDGE('',*,*,#3308,.T.);
#792=ORIENTED_EDGE('',*,*,#3309,.F.);
#793=ORIENTED_EDGE('',*,*,#3310,.F.);
#794=ORIENTED_EDGE('',*,*,#3311,.F.);
#795=ORIENTED_EDGE('',*,*,#3312,.F.);
#796=ORIENTED_EDGE('',*,*,#3313,.T.);
#797=ORIENTED_EDGE('',*,*,#3314,.F.);
#798=ORIENTED_EDGE('',*,*,#3315,.F.);
#799=ORIENTED_EDGE('',*,*,#3316,.T.);
#800=ORIENTED_EDGE('',*,*,#3317,.F.);
#801=ORIENTED_EDGE('',*,*,#3311,.T.);
#802=ORIENTED_EDGE('',*,*,#3318,.T.);
#803=ORIENTED_EDGE('',*,*,#3319,.T.);
#804=ORIENTED_EDGE('',*,*,#3320,.F.);
#805=ORIENTED_EDGE('',*,*,#3321,.F.);
#806=ORIENTED_EDGE('',*,*,#3322,.F.);
#807=ORIENTED_EDGE('',*,*,#3323,.F.);
#808=ORIENTED_EDGE('',*,*,#3324,.F.);
#809=ORIENTED_EDGE('',*,*,#3273,.T.);
#810=ORIENTED_EDGE('',*,*,#3325,.T.);
#811=ORIENTED_EDGE('',*,*,#3326,.T.);
#812=ORIENTED_EDGE('',*,*,#3327,.T.);
#813=ORIENTED_EDGE('',*,*,#3279,.F.);
#814=ORIENTED_EDGE('',*,*,#3328,.F.);
#815=ORIENTED_EDGE('',*,*,#3312,.T.);
#816=ORIENTED_EDGE('',*,*,#3317,.T.);
#817=ORIENTED_EDGE('',*,*,#3286,.F.);
#818=ORIENTED_EDGE('',*,*,#3320,.T.);
#819=ORIENTED_EDGE('',*,*,#3329,.T.);
#820=ORIENTED_EDGE('',*,*,#3330,.T.);
#821=ORIENTED_EDGE('',*,*,#3331,.F.);
#822=ORIENTED_EDGE('',*,*,#3284,.F.);
#823=ORIENTED_EDGE('',*,*,#3332,.T.);
#824=ORIENTED_EDGE('',*,*,#3276,.T.);
#825=ORIENTED_EDGE('',*,*,#3303,.T.);
#826=ORIENTED_EDGE('',*,*,#3333,.F.);
#827=ORIENTED_EDGE('',*,*,#3334,.F.);
#828=ORIENTED_EDGE('',*,*,#3335,.F.);
#829=ORIENTED_EDGE('',*,*,#3336,.T.);
#830=ORIENTED_EDGE('',*,*,#3337,.T.);
#831=ORIENTED_EDGE('',*,*,#3338,.T.);
#832=ORIENTED_EDGE('',*,*,#3309,.T.);
#833=ORIENTED_EDGE('',*,*,#3339,.T.);
#834=ORIENTED_EDGE('',*,*,#3278,.F.);
#835=ORIENTED_EDGE('',*,*,#3305,.T.);
#836=ORIENTED_EDGE('',*,*,#3248,.F.);
#837=ORIENTED_EDGE('',*,*,#3340,.T.);
#838=ORIENTED_EDGE('',*,*,#3341,.T.);
#839=ORIENTED_EDGE('',*,*,#3342,.T.);
#840=ORIENTED_EDGE('',*,*,#3343,.T.);
#841=ORIENTED_EDGE('',*,*,#3254,.T.);
#842=ORIENTED_EDGE('',*,*,#3344,.T.);
#843=ORIENTED_EDGE('',*,*,#3345,.F.);
#844=ORIENTED_EDGE('',*,*,#3346,.T.);
#845=ORIENTED_EDGE('',*,*,#3347,.T.);
#846=ORIENTED_EDGE('',*,*,#3348,.T.);
#847=ORIENTED_EDGE('',*,*,#3250,.F.);
#848=ORIENTED_EDGE('',*,*,#3349,.T.);
#849=ORIENTED_EDGE('',*,*,#3350,.F.);
#850=ORIENTED_EDGE('',*,*,#3351,.T.);
#851=ORIENTED_EDGE('',*,*,#3252,.T.);
#852=ORIENTED_EDGE('',*,*,#3352,.T.);
#853=ORIENTED_EDGE('',*,*,#3353,.F.);
#854=ORIENTED_EDGE('',*,*,#3342,.F.);
#855=ORIENTED_EDGE('',*,*,#3354,.T.);
#856=ORIENTED_EDGE('',*,*,#3355,.T.);
#857=ORIENTED_EDGE('',*,*,#3356,.T.);
#858=ORIENTED_EDGE('',*,*,#3326,.F.);
#859=ORIENTED_EDGE('',*,*,#3357,.T.);
#860=ORIENTED_EDGE('',*,*,#3287,.F.);
#861=ORIENTED_EDGE('',*,*,#3358,.T.);
#862=ORIENTED_EDGE('',*,*,#3295,.F.);
#863=ORIENTED_EDGE('',*,*,#3359,.T.);
#864=ORIENTED_EDGE('',*,*,#3345,.T.);
#865=ORIENTED_EDGE('',*,*,#3360,.T.);
#866=ORIENTED_EDGE('',*,*,#3350,.T.);
#867=ORIENTED_EDGE('',*,*,#3361,.T.);
#868=ORIENTED_EDGE('',*,*,#3347,.F.);
#869=ORIENTED_EDGE('',*,*,#3362,.T.);
#870=ORIENTED_EDGE('',*,*,#3363,.F.);
#871=ORIENTED_EDGE('',*,*,#3364,.F.);
#872=ORIENTED_EDGE('',*,*,#3365,.F.);
#873=ORIENTED_EDGE('',*,*,#3366,.F.);
#874=ORIENTED_EDGE('',*,*,#3367,.T.);
#875=ORIENTED_EDGE('',*,*,#3368,.T.);
#876=ORIENTED_EDGE('',*,*,#3369,.T.);
#877=ORIENTED_EDGE('',*,*,#3370,.T.);
#878=ORIENTED_EDGE('',*,*,#3263,.F.);
#879=ORIENTED_EDGE('',*,*,#3371,.F.);
#880=ORIENTED_EDGE('',*,*,#3371,.T.);
#881=ORIENTED_EDGE('',*,*,#3372,.F.);
#882=ORIENTED_EDGE('',*,*,#3372,.T.);
#883=ORIENTED_EDGE('',*,*,#3370,.F.);
#884=ORIENTED_EDGE('',*,*,#3262,.F.);
#885=ORIENTED_EDGE('',*,*,#3373,.F.);
#886=ORIENTED_EDGE('',*,*,#3373,.T.);
#887=ORIENTED_EDGE('',*,*,#3374,.F.);
#888=ORIENTED_EDGE('',*,*,#3374,.T.);
#889=ORIENTED_EDGE('',*,*,#3369,.F.);
#890=ORIENTED_EDGE('',*,*,#3261,.F.);
#891=ORIENTED_EDGE('',*,*,#3375,.F.);
#892=ORIENTED_EDGE('',*,*,#3375,.T.);
#893=ORIENTED_EDGE('',*,*,#3376,.F.);
#894=ORIENTED_EDGE('',*,*,#3376,.T.);
#895=ORIENTED_EDGE('',*,*,#3368,.F.);
#896=ORIENTED_EDGE('',*,*,#3260,.F.);
#897=ORIENTED_EDGE('',*,*,#3377,.F.);
#898=ORIENTED_EDGE('',*,*,#3377,.T.);
#899=ORIENTED_EDGE('',*,*,#3378,.F.);
#900=ORIENTED_EDGE('',*,*,#3378,.T.);
#901=ORIENTED_EDGE('',*,*,#3367,.F.);
#902=ORIENTED_EDGE('',*,*,#3379,.F.);
#903=ORIENTED_EDGE('',*,*,#3366,.T.);
#904=ORIENTED_EDGE('',*,*,#3379,.T.);
#905=ORIENTED_EDGE('',*,*,#3380,.F.);
#906=ORIENTED_EDGE('',*,*,#3380,.T.);
#907=ORIENTED_EDGE('',*,*,#3259,.F.);
#908=ORIENTED_EDGE('',*,*,#3381,.F.);
#909=ORIENTED_EDGE('',*,*,#3365,.T.);
#910=ORIENTED_EDGE('',*,*,#3381,.T.);
#911=ORIENTED_EDGE('',*,*,#3382,.F.);
#912=ORIENTED_EDGE('',*,*,#3382,.T.);
#913=ORIENTED_EDGE('',*,*,#3258,.F.);
#914=ORIENTED_EDGE('',*,*,#3383,.F.);
#915=ORIENTED_EDGE('',*,*,#3364,.T.);
#916=ORIENTED_EDGE('',*,*,#3383,.T.);
#917=ORIENTED_EDGE('',*,*,#3384,.F.);
#918=ORIENTED_EDGE('',*,*,#3384,.T.);
#919=ORIENTED_EDGE('',*,*,#3257,.F.);
#920=ORIENTED_EDGE('',*,*,#3385,.F.);
#921=ORIENTED_EDGE('',*,*,#3363,.T.);
#922=ORIENTED_EDGE('',*,*,#3385,.T.);
#923=ORIENTED_EDGE('',*,*,#3386,.F.);
#924=ORIENTED_EDGE('',*,*,#3386,.T.);
#925=ORIENTED_EDGE('',*,*,#3256,.F.);
#926=ORIENTED_EDGE('',*,*,#3387,.T.);
#927=ORIENTED_EDGE('',*,*,#3388,.T.);
#928=ORIENTED_EDGE('',*,*,#3389,.T.);
#929=ORIENTED_EDGE('',*,*,#3390,.T.);
#930=ORIENTED_EDGE('',*,*,#3246,.T.);
#931=ORIENTED_EDGE('',*,*,#3391,.F.);
#932=ORIENTED_EDGE('',*,*,#3392,.T.);
#933=ORIENTED_EDGE('',*,*,#3270,.T.);
#934=ORIENTED_EDGE('',*,*,#3393,.T.);
#935=ORIENTED_EDGE('',*,*,#3282,.F.);
#936=ORIENTED_EDGE('',*,*,#3394,.F.);
#937=ORIENTED_EDGE('',*,*,#3395,.F.);
#938=ORIENTED_EDGE('',*,*,#3304,.F.);
#939=ORIENTED_EDGE('',*,*,#3274,.T.);
#940=ORIENTED_EDGE('',*,*,#3324,.T.);
#941=ORIENTED_EDGE('',*,*,#3396,.F.);
#942=ORIENTED_EDGE('',*,*,#3313,.F.);
#943=ORIENTED_EDGE('',*,*,#3328,.T.);
#944=ORIENTED_EDGE('',*,*,#3285,.F.);
#945=ORIENTED_EDGE('',*,*,#3339,.F.);
#946=ORIENTED_EDGE('',*,*,#3308,.F.);
#947=ORIENTED_EDGE('',*,*,#3397,.T.);
#948=ORIENTED_EDGE('',*,*,#3398,.F.);
#949=ORIENTED_EDGE('',*,*,#3310,.T.);
#950=ORIENTED_EDGE('',*,*,#3338,.F.);
#951=ORIENTED_EDGE('',*,*,#3399,.F.);
#952=ORIENTED_EDGE('',*,*,#3318,.F.);
#953=ORIENTED_EDGE('',*,*,#3400,.F.);
#954=ORIENTED_EDGE('',*,*,#3399,.T.);
#955=ORIENTED_EDGE('',*,*,#3337,.F.);
#956=ORIENTED_EDGE('',*,*,#3401,.F.);
#957=ORIENTED_EDGE('',*,*,#3329,.F.);
#958=ORIENTED_EDGE('',*,*,#3319,.F.);
#959=ORIENTED_EDGE('',*,*,#3401,.T.);
#960=ORIENTED_EDGE('',*,*,#3336,.F.);
#961=ORIENTED_EDGE('',*,*,#3402,.F.);
#962=ORIENTED_EDGE('',*,*,#3330,.F.);
#963=ORIENTED_EDGE('',*,*,#3321,.T.);
#964=ORIENTED_EDGE('',*,*,#3331,.T.);
#965=ORIENTED_EDGE('',*,*,#3402,.T.);
#966=ORIENTED_EDGE('',*,*,#3335,.T.);
#967=ORIENTED_EDGE('',*,*,#3403,.F.);
#968=ORIENTED_EDGE('',*,*,#3404,.T.);
#969=ORIENTED_EDGE('',*,*,#3322,.T.);
#970=ORIENTED_EDGE('',*,*,#3403,.T.);
#971=ORIENTED_EDGE('',*,*,#3334,.T.);
#972=ORIENTED_EDGE('',*,*,#3405,.F.);
#973=ORIENTED_EDGE('',*,*,#3406,.F.);
#974=ORIENTED_EDGE('',*,*,#3407,.T.);
#975=ORIENTED_EDGE('',*,*,#3298,.F.);
#976=ORIENTED_EDGE('',*,*,#3395,.T.);
#977=ORIENTED_EDGE('',*,*,#3323,.T.);
#978=ORIENTED_EDGE('',*,*,#3405,.T.);
#979=ORIENTED_EDGE('',*,*,#3333,.T.);
#980=ORIENTED_EDGE('',*,*,#3302,.F.);
#981=ORIENTED_EDGE('',*,*,#3408,.F.);
#982=ORIENTED_EDGE('',*,*,#3315,.T.);
#983=ORIENTED_EDGE('',*,*,#3404,.F.);
#984=ORIENTED_EDGE('',*,*,#3400,.T.);
#985=ORIENTED_EDGE('',*,*,#3264,.T.);
#986=ORIENTED_EDGE('',*,*,#3409,.F.);
#987=ORIENTED_EDGE('',*,*,#3410,.F.);
#988=ORIENTED_EDGE('',*,*,#3411,.T.);
#989=ORIENTED_EDGE('',*,*,#3269,.T.);
#990=ORIENTED_EDGE('',*,*,#3412,.F.);
#991=ORIENTED_EDGE('',*,*,#3413,.F.);
#992=ORIENTED_EDGE('',*,*,#3409,.T.);
#993=ORIENTED_EDGE('',*,*,#3268,.T.);
#994=ORIENTED_EDGE('',*,*,#3414,.F.);
#995=ORIENTED_EDGE('',*,*,#3415,.F.);
#996=ORIENTED_EDGE('',*,*,#3412,.T.);
#997=ORIENTED_EDGE('',*,*,#3267,.T.);
#998=ORIENTED_EDGE('',*,*,#3416,.F.);
#999=ORIENTED_EDGE('',*,*,#3417,.F.);
#1000=ORIENTED_EDGE('',*,*,#3414,.T.);
#1001=ORIENTED_EDGE('',*,*,#3266,.T.);
#1002=ORIENTED_EDGE('',*,*,#3418,.F.);
#1003=ORIENTED_EDGE('',*,*,#3419,.F.);
#1004=ORIENTED_EDGE('',*,*,#3416,.T.);
#1005=ORIENTED_EDGE('',*,*,#3265,.T.);
#1006=ORIENTED_EDGE('',*,*,#3411,.F.);
#1007=ORIENTED_EDGE('',*,*,#3420,.F.);
#1008=ORIENTED_EDGE('',*,*,#3418,.T.);
#1009=ORIENTED_EDGE('',*,*,#3316,.F.);
#1010=ORIENTED_EDGE('',*,*,#3410,.T.);
#1011=ORIENTED_EDGE('',*,*,#3413,.T.);
#1012=ORIENTED_EDGE('',*,*,#3415,.T.);
#1013=ORIENTED_EDGE('',*,*,#3417,.T.);
#1014=ORIENTED_EDGE('',*,*,#3419,.T.);
#1015=ORIENTED_EDGE('',*,*,#3420,.T.);
#1016=ORIENTED_EDGE('',*,*,#3299,.F.);
#1017=ORIENTED_EDGE('',*,*,#3407,.F.);
#1018=ORIENTED_EDGE('',*,*,#3421,.T.);
#1019=ORIENTED_EDGE('',*,*,#3422,.T.);
#1020=ORIENTED_EDGE('',*,*,#3301,.T.);
#1021=ORIENTED_EDGE('',*,*,#3423,.F.);
#1022=ORIENTED_EDGE('',*,*,#3424,.F.);
#1023=ORIENTED_EDGE('',*,*,#3408,.T.);
#1024=ORIENTED_EDGE('',*,*,#3300,.F.);
#1025=ORIENTED_EDGE('',*,*,#3422,.F.);
#1026=ORIENTED_EDGE('',*,*,#3425,.T.);
#1027=ORIENTED_EDGE('',*,*,#3423,.T.);
#1028=ORIENTED_EDGE('',*,*,#3421,.F.);
#1029=ORIENTED_EDGE('',*,*,#3406,.T.);
#1030=ORIENTED_EDGE('',*,*,#3424,.T.);
#1031=ORIENTED_EDGE('',*,*,#3425,.F.);
#1032=ORIENTED_EDGE('',*,*,#3396,.T.);
#1033=ORIENTED_EDGE('',*,*,#3426,.F.);
#1034=ORIENTED_EDGE('',*,*,#3427,.F.);
#1035=ORIENTED_EDGE('',*,*,#3314,.T.);
#1036=ORIENTED_EDGE('',*,*,#3398,.T.);
#1037=ORIENTED_EDGE('',*,*,#3428,.F.);
#1038=ORIENTED_EDGE('',*,*,#3429,.F.);
#1039=ORIENTED_EDGE('',*,*,#3426,.T.);
#1040=ORIENTED_EDGE('',*,*,#3397,.F.);
#1041=ORIENTED_EDGE('',*,*,#3307,.F.);
#1042=ORIENTED_EDGE('',*,*,#3430,.T.);
#1043=ORIENTED_EDGE('',*,*,#3428,.T.);
#1044=ORIENTED_EDGE('',*,*,#3306,.F.);
#1045=ORIENTED_EDGE('',*,*,#3427,.T.);
#1046=ORIENTED_EDGE('',*,*,#3429,.T.);
#1047=ORIENTED_EDGE('',*,*,#3430,.F.);
#1048=ORIENTED_EDGE('',*,*,#3277,.F.);
#1049=ORIENTED_EDGE('',*,*,#3332,.F.);
#1050=ORIENTED_EDGE('',*,*,#3283,.F.);
#1051=ORIENTED_EDGE('',*,*,#3393,.F.);
#1052=ORIENTED_EDGE('',*,*,#3360,.F.);
#1053=ORIENTED_EDGE('',*,*,#3344,.F.);
#1054=ORIENTED_EDGE('',*,*,#3253,.F.);
#1055=ORIENTED_EDGE('',*,*,#3351,.F.);
#1056=ORIENTED_EDGE('',*,*,#3361,.F.);
#1057=ORIENTED_EDGE('',*,*,#3352,.F.);
#1058=ORIENTED_EDGE('',*,*,#3251,.F.);
#1059=ORIENTED_EDGE('',*,*,#3348,.F.);
#1060=ORIENTED_EDGE('',*,*,#3362,.F.);
#1061=ORIENTED_EDGE('',*,*,#3349,.F.);
#1062=ORIENTED_EDGE('',*,*,#3249,.F.);
#1063=ORIENTED_EDGE('',*,*,#3343,.F.);
#1064=ORIENTED_EDGE('',*,*,#3297,.F.);
#1065=ORIENTED_EDGE('',*,*,#3431,.T.);
#1066=ORIENTED_EDGE('',*,*,#3255,.F.);
#1067=ORIENTED_EDGE('',*,*,#3346,.F.);
#1068=ORIENTED_EDGE('',*,*,#3359,.F.);
#1069=ORIENTED_EDGE('',*,*,#3432,.T.);
#1070=ORIENTED_EDGE('',*,*,#3433,.T.);
#1071=ORIENTED_EDGE('',*,*,#3434,.T.);
#1072=ORIENTED_EDGE('',*,*,#3435,.T.);
#1073=ORIENTED_EDGE('',*,*,#3293,.F.);
#1074=ORIENTED_EDGE('',*,*,#3436,.T.);
#1075=ORIENTED_EDGE('',*,*,#3437,.T.);
#1076=ORIENTED_EDGE('',*,*,#3438,.T.);
#1077=ORIENTED_EDGE('',*,*,#3439,.F.);
#1078=ORIENTED_EDGE('',*,*,#3440,.T.);
#1079=ORIENTED_EDGE('',*,*,#3441,.F.);
#1080=ORIENTED_EDGE('',*,*,#3442,.T.);
#1081=ORIENTED_EDGE('',*,*,#3443,.T.);
#1082=ORIENTED_EDGE('',*,*,#3444,.T.);
#1083=ORIENTED_EDGE('',*,*,#3445,.F.);
#1084=ORIENTED_EDGE('',*,*,#3446,.F.);
#1085=ORIENTED_EDGE('',*,*,#3290,.T.);
#1086=ORIENTED_EDGE('',*,*,#3243,.T.);
#1087=ORIENTED_EDGE('',*,*,#3447,.T.);
#1088=ORIENTED_EDGE('',*,*,#3448,.T.);
#1089=ORIENTED_EDGE('',*,*,#3449,.F.);
#1090=ORIENTED_EDGE('',*,*,#3450,.F.);
#1091=ORIENTED_EDGE('',*,*,#3291,.F.);
#1092=ORIENTED_EDGE('',*,*,#3446,.T.);
#1093=ORIENTED_EDGE('',*,*,#3449,.T.);
#1094=ORIENTED_EDGE('',*,*,#3451,.T.);
#1095=ORIENTED_EDGE('',*,*,#3452,.F.);
#1096=ORIENTED_EDGE('',*,*,#3453,.T.);
#1097=ORIENTED_EDGE('',*,*,#3432,.F.);
#1098=ORIENTED_EDGE('',*,*,#3454,.T.);
#1099=ORIENTED_EDGE('',*,*,#3447,.F.);
#1100=ORIENTED_EDGE('',*,*,#3445,.T.);
#1101=ORIENTED_EDGE('',*,*,#3242,.F.);
#1102=ORIENTED_EDGE('',*,*,#3455,.T.);
#1103=ORIENTED_EDGE('',*,*,#3439,.T.);
#1104=ORIENTED_EDGE('',*,*,#3456,.T.);
#1105=ORIENTED_EDGE('',*,*,#3457,.F.);
#1106=ORIENTED_EDGE('',*,*,#3458,.T.);
#1107=ORIENTED_EDGE('',*,*,#3441,.T.);
#1108=ORIENTED_EDGE('',*,*,#3459,.T.);
#1109=ORIENTED_EDGE('',*,*,#3460,.F.);
#1110=ORIENTED_EDGE('',*,*,#3461,.F.);
#1111=ORIENTED_EDGE('',*,*,#3462,.T.);
#1112=ORIENTED_EDGE('',*,*,#3463,.F.);
#1113=ORIENTED_EDGE('',*,*,#3442,.F.);
#1114=ORIENTED_EDGE('',*,*,#3461,.T.);
#1115=ORIENTED_EDGE('',*,*,#3464,.F.);
#1116=ORIENTED_EDGE('',*,*,#3443,.F.);
#1117=ORIENTED_EDGE('',*,*,#3463,.T.);
#1118=ORIENTED_EDGE('',*,*,#3465,.T.);
#1119=ORIENTED_EDGE('',*,*,#3437,.F.);
#1120=ORIENTED_EDGE('',*,*,#3466,.T.);
#1121=ORIENTED_EDGE('',*,*,#3467,.T.);
#1122=ORIENTED_EDGE('',*,*,#3468,.T.);
#1123=ORIENTED_EDGE('',*,*,#3467,.F.);
#1124=ORIENTED_EDGE('',*,*,#3469,.T.);
#1125=ORIENTED_EDGE('',*,*,#3452,.T.);
#1126=ORIENTED_EDGE('',*,*,#3465,.F.);
#1127=ORIENTED_EDGE('',*,*,#3462,.F.);
#1128=ORIENTED_EDGE('',*,*,#3460,.T.);
#1129=ORIENTED_EDGE('',*,*,#3470,.T.);
#1130=ORIENTED_EDGE('',*,*,#3457,.T.);
#1131=ORIENTED_EDGE('',*,*,#3471,.T.);
#1132=ORIENTED_EDGE('',*,*,#3438,.F.);
#1133=ORIENTED_EDGE('',*,*,#3468,.F.);
#1134=ORIENTED_EDGE('',*,*,#3471,.F.);
#1135=ORIENTED_EDGE('',*,*,#3456,.F.);
#1136=ORIENTED_EDGE('',*,*,#3440,.F.);
#1137=ORIENTED_EDGE('',*,*,#3458,.F.);
#1138=ORIENTED_EDGE('',*,*,#3470,.F.);
#1139=ORIENTED_EDGE('',*,*,#3459,.F.);
#1140=ORIENTED_EDGE('',*,*,#3453,.F.);
#1141=ORIENTED_EDGE('',*,*,#3469,.F.);
#1142=ORIENTED_EDGE('',*,*,#3472,.F.);
#1143=ORIENTED_EDGE('',*,*,#3450,.T.);
#1144=ORIENTED_EDGE('',*,*,#3436,.F.);
#1145=ORIENTED_EDGE('',*,*,#3292,.F.);
#1146=ORIENTED_EDGE('',*,*,#3472,.T.);
#1147=ORIENTED_EDGE('',*,*,#3466,.F.);
#1148=ORIENTED_EDGE('',*,*,#3444,.F.);
#1149=ORIENTED_EDGE('',*,*,#3464,.T.);
#1150=ORIENTED_EDGE('',*,*,#3451,.F.);
#1151=ORIENTED_EDGE('',*,*,#3448,.F.);
#1152=ORIENTED_EDGE('',*,*,#3454,.F.);
#1153=ORIENTED_EDGE('',*,*,#3473,.T.);
#1154=ORIENTED_EDGE('',*,*,#3474,.T.);
#1155=ORIENTED_EDGE('',*,*,#3387,.F.);
#1156=ORIENTED_EDGE('',*,*,#3475,.F.);
#1157=ORIENTED_EDGE('',*,*,#3476,.T.);
#1158=ORIENTED_EDGE('',*,*,#3477,.T.);
#1159=ORIENTED_EDGE('',*,*,#3478,.F.);
#1160=ORIENTED_EDGE('',*,*,#3479,.T.);
#1161=ORIENTED_EDGE('',*,*,#3473,.F.);
#1162=ORIENTED_EDGE('',*,*,#3480,.T.);
#1163=ORIENTED_EDGE('',*,*,#3481,.T.);
#1164=ORIENTED_EDGE('',*,*,#3482,.T.);
#1165=ORIENTED_EDGE('',*,*,#3355,.F.);
#1166=ORIENTED_EDGE('',*,*,#3483,.F.);
#1167=ORIENTED_EDGE('',*,*,#3484,.F.);
#1168=ORIENTED_EDGE('',*,*,#3485,.T.);
#1169=ORIENTED_EDGE('',*,*,#3476,.F.);
#1170=ORIENTED_EDGE('',*,*,#3394,.T.);
#1171=ORIENTED_EDGE('',*,*,#3281,.T.);
#1172=ORIENTED_EDGE('',*,*,#3486,.T.);
#1173=ORIENTED_EDGE('',*,*,#3481,.F.);
#1174=ORIENTED_EDGE('',*,*,#3475,.T.);
#1175=ORIENTED_EDGE('',*,*,#3484,.T.);
#1176=ORIENTED_EDGE('',*,*,#3487,.T.);
#1177=ORIENTED_EDGE('',*,*,#3389,.F.);
#1178=ORIENTED_EDGE('',*,*,#3488,.T.);
#1179=ORIENTED_EDGE('',*,*,#3489,.F.);
#1180=ORIENTED_EDGE('',*,*,#3490,.F.);
#1181=ORIENTED_EDGE('',*,*,#3491,.T.);
#1182=ORIENTED_EDGE('',*,*,#3492,.T.);
#1183=ORIENTED_EDGE('',*,*,#3493,.T.);
#1184=ORIENTED_EDGE('',*,*,#3494,.T.);
#1185=ORIENTED_EDGE('',*,*,#3495,.F.);
#1186=ORIENTED_EDGE('',*,*,#3496,.T.);
#1187=ORIENTED_EDGE('',*,*,#3289,.F.);
#1188=ORIENTED_EDGE('',*,*,#3497,.T.);
#1189=ORIENTED_EDGE('',*,*,#3498,.T.);
#1190=ORIENTED_EDGE('',*,*,#3391,.T.);
#1191=ORIENTED_EDGE('',*,*,#3245,.F.);
#1192=ORIENTED_EDGE('',*,*,#3499,.T.);
#1193=ORIENTED_EDGE('',*,*,#3500,.T.);
#1194=ORIENTED_EDGE('',*,*,#3493,.F.);
#1195=ORIENTED_EDGE('',*,*,#3501,.T.);
#1196=ORIENTED_EDGE('',*,*,#3502,.F.);
#1197=ORIENTED_EDGE('',*,*,#3503,.T.);
#1198=ORIENTED_EDGE('',*,*,#3495,.T.);
#1199=ORIENTED_EDGE('',*,*,#3504,.T.);
#1200=ORIENTED_EDGE('',*,*,#3489,.T.);
#1201=ORIENTED_EDGE('',*,*,#3505,.T.);
#1202=ORIENTED_EDGE('',*,*,#3506,.F.);
#1203=ORIENTED_EDGE('',*,*,#3507,.F.);
#1204=ORIENTED_EDGE('',*,*,#3508,.F.);
#1205=ORIENTED_EDGE('',*,*,#3509,.F.);
#1206=ORIENTED_EDGE('',*,*,#3490,.T.);
#1207=ORIENTED_EDGE('',*,*,#3507,.T.);
#1208=ORIENTED_EDGE('',*,*,#3510,.T.);
#1209=ORIENTED_EDGE('',*,*,#3511,.T.);
#1210=ORIENTED_EDGE('',*,*,#3491,.F.);
#1211=ORIENTED_EDGE('',*,*,#3509,.T.);
#1212=ORIENTED_EDGE('',*,*,#3478,.T.);
#1213=ORIENTED_EDGE('',*,*,#3512,.T.);
#1214=ORIENTED_EDGE('',*,*,#3502,.T.);
#1215=ORIENTED_EDGE('',*,*,#3513,.T.);
#1216=ORIENTED_EDGE('',*,*,#3499,.F.);
#1217=ORIENTED_EDGE('',*,*,#3514,.T.);
#1218=ORIENTED_EDGE('',*,*,#3510,.F.);
#1219=ORIENTED_EDGE('',*,*,#3508,.T.);
#1220=ORIENTED_EDGE('',*,*,#3506,.T.);
#1221=ORIENTED_EDGE('',*,*,#3494,.F.);
#1222=ORIENTED_EDGE('',*,*,#3500,.F.);
#1223=ORIENTED_EDGE('',*,*,#3513,.F.);
#1224=ORIENTED_EDGE('',*,*,#3504,.F.);
#1225=ORIENTED_EDGE('',*,*,#3492,.F.);
#1226=ORIENTED_EDGE('',*,*,#3511,.F.);
#1227=ORIENTED_EDGE('',*,*,#3514,.F.);
#1228=ORIENTED_EDGE('',*,*,#3501,.F.);
#1229=ORIENTED_EDGE('',*,*,#3480,.F.);
#1230=ORIENTED_EDGE('',*,*,#3477,.F.);
#1231=ORIENTED_EDGE('',*,*,#3515,.F.);
#1232=ORIENTED_EDGE('',*,*,#3512,.F.);
#1233=ORIENTED_EDGE('',*,*,#3496,.F.);
#1234=ORIENTED_EDGE('',*,*,#3503,.F.);
#1235=ORIENTED_EDGE('',*,*,#3515,.T.);
#1236=ORIENTED_EDGE('',*,*,#3485,.F.);
#1237=ORIENTED_EDGE('',*,*,#3488,.F.);
#1238=ORIENTED_EDGE('',*,*,#3388,.F.);
#1239=ORIENTED_EDGE('',*,*,#3474,.F.);
#1240=ORIENTED_EDGE('',*,*,#3479,.F.);
#1241=ORIENTED_EDGE('',*,*,#3505,.F.);
#1242=ORIENTED_EDGE('',*,*,#3354,.F.);
#1243=ORIENTED_EDGE('',*,*,#3341,.F.);
#1244=ORIENTED_EDGE('',*,*,#3516,.T.);
#1245=ORIENTED_EDGE('',*,*,#3483,.T.);
#1246=ORIENTED_EDGE('',*,*,#3340,.F.);
#1247=ORIENTED_EDGE('',*,*,#3247,.F.);
#1248=ORIENTED_EDGE('',*,*,#3390,.F.);
#1249=ORIENTED_EDGE('',*,*,#3487,.F.);
#1250=ORIENTED_EDGE('',*,*,#3516,.F.);
#1251=ORIENTED_EDGE('',*,*,#3240,.F.);
#1252=ORIENTED_EDGE('',*,*,#3431,.F.);
#1253=ORIENTED_EDGE('',*,*,#3517,.F.);
#1254=ORIENTED_EDGE('',*,*,#3435,.F.);
#1255=ORIENTED_EDGE('',*,*,#3434,.F.);
#1256=ORIENTED_EDGE('',*,*,#3518,.T.);
#1257=ORIENTED_EDGE('',*,*,#3358,.F.);
#1258=ORIENTED_EDGE('',*,*,#3294,.F.);
#1259=ORIENTED_EDGE('',*,*,#3517,.T.);
#1260=ORIENTED_EDGE('',*,*,#3296,.F.);
#1261=ORIENTED_EDGE('',*,*,#3356,.F.);
#1262=ORIENTED_EDGE('',*,*,#3482,.F.);
#1263=ORIENTED_EDGE('',*,*,#3486,.F.);
#1264=ORIENTED_EDGE('',*,*,#3280,.F.);
#1265=ORIENTED_EDGE('',*,*,#3327,.F.);
#1266=ORIENTED_EDGE('',*,*,#3325,.F.);
#1267=ORIENTED_EDGE('',*,*,#3272,.F.);
#1268=ORIENTED_EDGE('',*,*,#3519,.F.);
#1269=ORIENTED_EDGE('',*,*,#3497,.F.);
#1270=ORIENTED_EDGE('',*,*,#3288,.F.);
#1271=ORIENTED_EDGE('',*,*,#3357,.F.);
#1272=ORIENTED_EDGE('',*,*,#3392,.F.);
#1273=ORIENTED_EDGE('',*,*,#3498,.F.);
#1274=ORIENTED_EDGE('',*,*,#3519,.T.);
#1275=ORIENTED_EDGE('',*,*,#3271,.F.);
#1276=ORIENTED_EDGE('',*,*,#3518,.F.);
#1277=ORIENTED_EDGE('',*,*,#3433,.F.);
#1278=ORIENTED_EDGE('',*,*,#3455,.F.);
#1279=ORIENTED_EDGE('',*,*,#3241,.F.);
#1280=ORIENTED_EDGE('',*,*,#3520,.F.);
#1281=ORIENTED_EDGE('',*,*,#3353,.T.);
#1282=ORIENTED_EDGE('',*,*,#3520,.T.);
#1283=ORIENTED_EDGE('',*,*,#3521,.F.);
#1284=ORIENTED_EDGE('',*,*,#3522,.T.);
#1285=ORIENTED_EDGE('',*,*,#3523,.T.);
#1286=ORIENTED_EDGE('',*,*,#3524,.T.);
#1287=ORIENTED_EDGE('',*,*,#3525,.T.);
#1288=ORIENTED_EDGE('',*,*,#3526,.T.);
#1289=ORIENTED_EDGE('',*,*,#3527,.F.);
#1290=ORIENTED_EDGE('',*,*,#3528,.T.);
#1291=ORIENTED_EDGE('',*,*,#3529,.F.);
#1292=ORIENTED_EDGE('',*,*,#3530,.T.);
#1293=ORIENTED_EDGE('',*,*,#3531,.F.);
#1294=ORIENTED_EDGE('',*,*,#3532,.T.);
#1295=ORIENTED_EDGE('',*,*,#3533,.T.);
#1296=ORIENTED_EDGE('',*,*,#3534,.F.);
#1297=ORIENTED_EDGE('',*,*,#3535,.F.);
#1298=ORIENTED_EDGE('',*,*,#3536,.T.);
#1299=ORIENTED_EDGE('',*,*,#3537,.T.);
#1300=ORIENTED_EDGE('',*,*,#3538,.T.);
#1301=ORIENTED_EDGE('',*,*,#3539,.T.);
#1302=ORIENTED_EDGE('',*,*,#3540,.T.);
#1303=ORIENTED_EDGE('',*,*,#3541,.T.);
#1304=ORIENTED_EDGE('',*,*,#3542,.T.);
#1305=ORIENTED_EDGE('',*,*,#3543,.T.);
#1306=ORIENTED_EDGE('',*,*,#3544,.T.);
#1307=ORIENTED_EDGE('',*,*,#3545,.T.);
#1308=ORIENTED_EDGE('',*,*,#3546,.F.);
#1309=ORIENTED_EDGE('',*,*,#3547,.F.);
#1310=ORIENTED_EDGE('',*,*,#3548,.T.);
#1311=ORIENTED_EDGE('',*,*,#3549,.F.);
#1312=ORIENTED_EDGE('',*,*,#3533,.F.);
#1313=ORIENTED_EDGE('',*,*,#3550,.F.);
#1314=ORIENTED_EDGE('',*,*,#3551,.T.);
#1315=ORIENTED_EDGE('',*,*,#3552,.T.);
#1316=ORIENTED_EDGE('',*,*,#3553,.T.);
#1317=ORIENTED_EDGE('',*,*,#3554,.F.);
#1318=ORIENTED_EDGE('',*,*,#3555,.T.);
#1319=ORIENTED_EDGE('',*,*,#3556,.F.);
#1320=ORIENTED_EDGE('',*,*,#3557,.T.);
#1321=ORIENTED_EDGE('',*,*,#3558,.F.);
#1322=ORIENTED_EDGE('',*,*,#3559,.T.);
#1323=ORIENTED_EDGE('',*,*,#3560,.T.);
#1324=ORIENTED_EDGE('',*,*,#3561,.T.);
#1325=ORIENTED_EDGE('',*,*,#3562,.F.);
#1326=ORIENTED_EDGE('',*,*,#3563,.T.);
#1327=ORIENTED_EDGE('',*,*,#3564,.F.);
#1328=ORIENTED_EDGE('',*,*,#3565,.T.);
#1329=ORIENTED_EDGE('',*,*,#3566,.T.);
#1330=ORIENTED_EDGE('',*,*,#3567,.F.);
#1331=ORIENTED_EDGE('',*,*,#3568,.F.);
#1332=ORIENTED_EDGE('',*,*,#3569,.T.);
#1333=ORIENTED_EDGE('',*,*,#3564,.T.);
#1334=ORIENTED_EDGE('',*,*,#3570,.F.);
#1335=ORIENTED_EDGE('',*,*,#3571,.F.);
#1336=ORIENTED_EDGE('',*,*,#3572,.F.);
#1337=ORIENTED_EDGE('',*,*,#3573,.F.);
#1338=ORIENTED_EDGE('',*,*,#3568,.T.);
#1339=ORIENTED_EDGE('',*,*,#3574,.T.);
#1340=ORIENTED_EDGE('',*,*,#3563,.F.);
#1341=ORIENTED_EDGE('',*,*,#3575,.T.);
#1342=ORIENTED_EDGE('',*,*,#3576,.T.);
#1343=ORIENTED_EDGE('',*,*,#3577,.T.);
#1344=ORIENTED_EDGE('',*,*,#3535,.T.);
#1345=ORIENTED_EDGE('',*,*,#3578,.F.);
#1346=ORIENTED_EDGE('',*,*,#3579,.T.);
#1347=ORIENTED_EDGE('',*,*,#3580,.F.);
#1348=ORIENTED_EDGE('',*,*,#3566,.F.);
#1349=ORIENTED_EDGE('',*,*,#3581,.F.);
#1350=ORIENTED_EDGE('',*,*,#3582,.F.);
#1351=ORIENTED_EDGE('',*,*,#3583,.F.);
#1352=ORIENTED_EDGE('',*,*,#3584,.F.);
#1353=ORIENTED_EDGE('',*,*,#3585,.F.);
#1354=ORIENTED_EDGE('',*,*,#3586,.F.);
#1355=ORIENTED_EDGE('',*,*,#3587,.F.);
#1356=ORIENTED_EDGE('',*,*,#3588,.F.);
#1357=ORIENTED_EDGE('',*,*,#3589,.F.);
#1358=ORIENTED_EDGE('',*,*,#3590,.F.);
#1359=ORIENTED_EDGE('',*,*,#3591,.F.);
#1360=ORIENTED_EDGE('',*,*,#3592,.F.);
#1361=ORIENTED_EDGE('',*,*,#3593,.F.);
#1362=ORIENTED_EDGE('',*,*,#3594,.F.);
#1363=ORIENTED_EDGE('',*,*,#3595,.F.);
#1364=ORIENTED_EDGE('',*,*,#3596,.F.);
#1365=ORIENTED_EDGE('',*,*,#3597,.F.);
#1366=ORIENTED_EDGE('',*,*,#3598,.F.);
#1367=ORIENTED_EDGE('',*,*,#3577,.F.);
#1368=ORIENTED_EDGE('',*,*,#3599,.T.);
#1369=ORIENTED_EDGE('',*,*,#3550,.T.);
#1370=ORIENTED_EDGE('',*,*,#3600,.T.);
#1371=ORIENTED_EDGE('',*,*,#3558,.T.);
#1372=ORIENTED_EDGE('',*,*,#3601,.T.);
#1373=ORIENTED_EDGE('',*,*,#3539,.F.);
#1374=ORIENTED_EDGE('',*,*,#3602,.T.);
#1375=ORIENTED_EDGE('',*,*,#3543,.F.);
#1376=ORIENTED_EDGE('',*,*,#3536,.F.);
#1377=ORIENTED_EDGE('',*,*,#3552,.F.);
#1378=ORIENTED_EDGE('',*,*,#3603,.T.);
#1379=ORIENTED_EDGE('',*,*,#3575,.F.);
#1380=ORIENTED_EDGE('',*,*,#3565,.F.);
#1381=ORIENTED_EDGE('',*,*,#3569,.F.);
#1382=ORIENTED_EDGE('',*,*,#3573,.T.);
#1383=ORIENTED_EDGE('',*,*,#3562,.T.);
#1384=ORIENTED_EDGE('',*,*,#3604,.T.);
#1385=ORIENTED_EDGE('',*,*,#3605,.F.);
#1386=ORIENTED_EDGE('',*,*,#3606,.T.);
#1387=ORIENTED_EDGE('',*,*,#3607,.T.);
#1388=ORIENTED_EDGE('',*,*,#3546,.T.);
#1389=ORIENTED_EDGE('',*,*,#3531,.T.);
#1390=ORIENTED_EDGE('',*,*,#3529,.T.);
#1391=ORIENTED_EDGE('',*,*,#3527,.T.);
#1392=ORIENTED_EDGE('',*,*,#3541,.F.);
#1393=ORIENTED_EDGE('',*,*,#3608,.T.);
#1394=ORIENTED_EDGE('',*,*,#3556,.T.);
#1395=ORIENTED_EDGE('',*,*,#3609,.T.);
#1396=ORIENTED_EDGE('',*,*,#3554,.T.);
#1397=ORIENTED_EDGE('',*,*,#3610,.T.);
#1398=ORIENTED_EDGE('',*,*,#3605,.T.);
#1399=ORIENTED_EDGE('',*,*,#3545,.F.);
#1400=ORIENTED_EDGE('',*,*,#3611,.T.);
#1401=ORIENTED_EDGE('',*,*,#3612,.F.);
#1402=ORIENTED_EDGE('',*,*,#3613,.T.);
#1403=ORIENTED_EDGE('',*,*,#3614,.F.);
#1404=ORIENTED_EDGE('',*,*,#3615,.T.);
#1405=ORIENTED_EDGE('',*,*,#3616,.T.);
#1406=ORIENTED_EDGE('',*,*,#3617,.T.);
#1407=ORIENTED_EDGE('',*,*,#3618,.T.);
#1408=ORIENTED_EDGE('',*,*,#3619,.T.);
#1409=ORIENTED_EDGE('',*,*,#3620,.T.);
#1410=ORIENTED_EDGE('',*,*,#3621,.T.);
#1411=ORIENTED_EDGE('',*,*,#3622,.T.);
#1412=ORIENTED_EDGE('',*,*,#3523,.F.);
#1413=ORIENTED_EDGE('',*,*,#3623,.T.);
#1414=ORIENTED_EDGE('',*,*,#3578,.T.);
#1415=ORIENTED_EDGE('',*,*,#3534,.T.);
#1416=ORIENTED_EDGE('',*,*,#3549,.T.);
#1417=ORIENTED_EDGE('',*,*,#3624,.T.);
#1418=ORIENTED_EDGE('',*,*,#3614,.T.);
#1419=ORIENTED_EDGE('',*,*,#3625,.T.);
#1420=ORIENTED_EDGE('',*,*,#3616,.F.);
#1421=ORIENTED_EDGE('',*,*,#3626,.T.);
#1422=ORIENTED_EDGE('',*,*,#3580,.T.);
#1423=ORIENTED_EDGE('',*,*,#3627,.T.);
#1424=ORIENTED_EDGE('',*,*,#3521,.T.);
#1425=ORIENTED_EDGE('',*,*,#3628,.T.);
#1426=ORIENTED_EDGE('',*,*,#3560,.F.);
#1427=ORIENTED_EDGE('',*,*,#3574,.F.);
#1428=ORIENTED_EDGE('',*,*,#3570,.T.);
#1429=ORIENTED_EDGE('',*,*,#3567,.T.);
#1430=ORIENTED_EDGE('',*,*,#3629,.T.);
#1431=ORIENTED_EDGE('',*,*,#3630,.T.);
#1432=ORIENTED_EDGE('',*,*,#3631,.T.);
#1433=ORIENTED_EDGE('',*,*,#3618,.F.);
#1434=ORIENTED_EDGE('',*,*,#3632,.T.);
#1435=ORIENTED_EDGE('',*,*,#3612,.T.);
#1436=ORIENTED_EDGE('',*,*,#3633,.T.);
#1437=ORIENTED_EDGE('',*,*,#3547,.T.);
#1438=ORIENTED_EDGE('',*,*,#3607,.F.);
#1439=ORIENTED_EDGE('',*,*,#3634,.T.);
#1440=ORIENTED_EDGE('',*,*,#3525,.F.);
#1441=ORIENTED_EDGE('',*,*,#3635,.T.);
#1442=ORIENTED_EDGE('',*,*,#3636,.F.);
#1443=ORIENTED_EDGE('',*,*,#3572,.T.);
#1444=ORIENTED_EDGE('',*,*,#3636,.T.);
#1445=ORIENTED_EDGE('',*,*,#3637,.F.);
#1446=ORIENTED_EDGE('',*,*,#3537,.F.);
#1447=ORIENTED_EDGE('',*,*,#3637,.T.);
#1448=ORIENTED_EDGE('',*,*,#3638,.F.);
#1449=ORIENTED_EDGE('',*,*,#3571,.T.);
#1450=ORIENTED_EDGE('',*,*,#3638,.T.);
#1451=ORIENTED_EDGE('',*,*,#3639,.F.);
#1452=ORIENTED_EDGE('',*,*,#3538,.F.);
#1453=ORIENTED_EDGE('',*,*,#3639,.T.);
#1454=ORIENTED_EDGE('',*,*,#3640,.T.);
#1455=ORIENTED_EDGE('',*,*,#3622,.F.);
#1456=ORIENTED_EDGE('',*,*,#3641,.T.);
#1457=ORIENTED_EDGE('',*,*,#3640,.F.);
#1458=ORIENTED_EDGE('',*,*,#3631,.F.);
#1459=ORIENTED_EDGE('',*,*,#3641,.F.);
#1460=ORIENTED_EDGE('',*,*,#3642,.T.);
#1461=ORIENTED_EDGE('',*,*,#3621,.F.);
#1462=ORIENTED_EDGE('',*,*,#3643,.T.);
#1463=ORIENTED_EDGE('',*,*,#3642,.F.);
#1464=ORIENTED_EDGE('',*,*,#3630,.F.);
#1465=ORIENTED_EDGE('',*,*,#3643,.F.);
#1466=ORIENTED_EDGE('',*,*,#3644,.T.);
#1467=ORIENTED_EDGE('',*,*,#3620,.F.);
#1468=ORIENTED_EDGE('',*,*,#3645,.T.);
#1469=ORIENTED_EDGE('',*,*,#3644,.F.);
#1470=ORIENTED_EDGE('',*,*,#3629,.F.);
#1471=ORIENTED_EDGE('',*,*,#3645,.F.);
#1472=ORIENTED_EDGE('',*,*,#3581,.T.);
#1473=ORIENTED_EDGE('',*,*,#3646,.F.);
#1474=ORIENTED_EDGE('',*,*,#3647,.F.);
#1475=ORIENTED_EDGE('',*,*,#3648,.T.);
#1476=ORIENTED_EDGE('',*,*,#3586,.T.);
#1477=ORIENTED_EDGE('',*,*,#3649,.F.);
#1478=ORIENTED_EDGE('',*,*,#3650,.F.);
#1479=ORIENTED_EDGE('',*,*,#3646,.T.);
#1480=ORIENTED_EDGE('',*,*,#3585,.T.);
#1481=ORIENTED_EDGE('',*,*,#3651,.F.);
#1482=ORIENTED_EDGE('',*,*,#3652,.F.);
#1483=ORIENTED_EDGE('',*,*,#3649,.T.);
#1484=ORIENTED_EDGE('',*,*,#3584,.T.);
#1485=ORIENTED_EDGE('',*,*,#3653,.F.);
#1486=ORIENTED_EDGE('',*,*,#3654,.F.);
#1487=ORIENTED_EDGE('',*,*,#3651,.T.);
#1488=ORIENTED_EDGE('',*,*,#3583,.T.);
#1489=ORIENTED_EDGE('',*,*,#3655,.F.);
#1490=ORIENTED_EDGE('',*,*,#3656,.F.);
#1491=ORIENTED_EDGE('',*,*,#3653,.T.);
#1492=ORIENTED_EDGE('',*,*,#3582,.T.);
#1493=ORIENTED_EDGE('',*,*,#3648,.F.);
#1494=ORIENTED_EDGE('',*,*,#3657,.F.);
#1495=ORIENTED_EDGE('',*,*,#3655,.T.);
#1496=ORIENTED_EDGE('',*,*,#3532,.F.);
#1497=ORIENTED_EDGE('',*,*,#3647,.T.);
#1498=ORIENTED_EDGE('',*,*,#3650,.T.);
#1499=ORIENTED_EDGE('',*,*,#3652,.T.);
#1500=ORIENTED_EDGE('',*,*,#3654,.T.);
#1501=ORIENTED_EDGE('',*,*,#3656,.T.);
#1502=ORIENTED_EDGE('',*,*,#3657,.T.);
#1503=ORIENTED_EDGE('',*,*,#3587,.T.);
#1504=ORIENTED_EDGE('',*,*,#3658,.F.);
#1505=ORIENTED_EDGE('',*,*,#3659,.F.);
#1506=ORIENTED_EDGE('',*,*,#3660,.T.);
#1507=ORIENTED_EDGE('',*,*,#3592,.T.);
#1508=ORIENTED_EDGE('',*,*,#3661,.F.);
#1509=ORIENTED_EDGE('',*,*,#3662,.F.);
#1510=ORIENTED_EDGE('',*,*,#3658,.T.);
#1511=ORIENTED_EDGE('',*,*,#3591,.T.);
#1512=ORIENTED_EDGE('',*,*,#3663,.F.);
#1513=ORIENTED_EDGE('',*,*,#3664,.F.);
#1514=ORIENTED_EDGE('',*,*,#3661,.T.);
#1515=ORIENTED_EDGE('',*,*,#3590,.T.);
#1516=ORIENTED_EDGE('',*,*,#3665,.F.);
#1517=ORIENTED_EDGE('',*,*,#3666,.F.);
#1518=ORIENTED_EDGE('',*,*,#3663,.T.);
#1519=ORIENTED_EDGE('',*,*,#3589,.T.);
#1520=ORIENTED_EDGE('',*,*,#3667,.F.);
#1521=ORIENTED_EDGE('',*,*,#3668,.F.);
#1522=ORIENTED_EDGE('',*,*,#3665,.T.);
#1523=ORIENTED_EDGE('',*,*,#3588,.T.);
#1524=ORIENTED_EDGE('',*,*,#3660,.F.);
#1525=ORIENTED_EDGE('',*,*,#3669,.F.);
#1526=ORIENTED_EDGE('',*,*,#3667,.T.);
#1527=ORIENTED_EDGE('',*,*,#3530,.F.);
#1528=ORIENTED_EDGE('',*,*,#3659,.T.);
#1529=ORIENTED_EDGE('',*,*,#3662,.T.);
#1530=ORIENTED_EDGE('',*,*,#3664,.T.);
#1531=ORIENTED_EDGE('',*,*,#3666,.T.);
#1532=ORIENTED_EDGE('',*,*,#3668,.T.);
#1533=ORIENTED_EDGE('',*,*,#3669,.T.);
#1534=ORIENTED_EDGE('',*,*,#3593,.T.);
#1535=ORIENTED_EDGE('',*,*,#3670,.F.);
#1536=ORIENTED_EDGE('',*,*,#3671,.F.);
#1537=ORIENTED_EDGE('',*,*,#3672,.T.);
#1538=ORIENTED_EDGE('',*,*,#3598,.T.);
#1539=ORIENTED_EDGE('',*,*,#3673,.F.);
#1540=ORIENTED_EDGE('',*,*,#3674,.F.);
#1541=ORIENTED_EDGE('',*,*,#3670,.T.);
#1542=ORIENTED_EDGE('',*,*,#3597,.T.);
#1543=ORIENTED_EDGE('',*,*,#3675,.F.);
#1544=ORIENTED_EDGE('',*,*,#3676,.F.);
#1545=ORIENTED_EDGE('',*,*,#3673,.T.);
#1546=ORIENTED_EDGE('',*,*,#3596,.T.);
#1547=ORIENTED_EDGE('',*,*,#3677,.F.);
#1548=ORIENTED_EDGE('',*,*,#3678,.F.);
#1549=ORIENTED_EDGE('',*,*,#3675,.T.);
#1550=ORIENTED_EDGE('',*,*,#3595,.T.);
#1551=ORIENTED_EDGE('',*,*,#3679,.F.);
#1552=ORIENTED_EDGE('',*,*,#3680,.F.);
#1553=ORIENTED_EDGE('',*,*,#3677,.T.);
#1554=ORIENTED_EDGE('',*,*,#3594,.T.);
#1555=ORIENTED_EDGE('',*,*,#3672,.F.);
#1556=ORIENTED_EDGE('',*,*,#3681,.F.);
#1557=ORIENTED_EDGE('',*,*,#3679,.T.);
#1558=ORIENTED_EDGE('',*,*,#3528,.F.);
#1559=ORIENTED_EDGE('',*,*,#3671,.T.);
#1560=ORIENTED_EDGE('',*,*,#3674,.T.);
#1561=ORIENTED_EDGE('',*,*,#3676,.T.);
#1562=ORIENTED_EDGE('',*,*,#3678,.T.);
#1563=ORIENTED_EDGE('',*,*,#3680,.T.);
#1564=ORIENTED_EDGE('',*,*,#3681,.T.);
#1565=ORIENTED_EDGE('',*,*,#3603,.F.);
#1566=ORIENTED_EDGE('',*,*,#3551,.F.);
#1567=ORIENTED_EDGE('',*,*,#3599,.F.);
#1568=ORIENTED_EDGE('',*,*,#3576,.F.);
#1569=ORIENTED_EDGE('',*,*,#3627,.F.);
#1570=ORIENTED_EDGE('',*,*,#3579,.F.);
#1571=ORIENTED_EDGE('',*,*,#3623,.F.);
#1572=ORIENTED_EDGE('',*,*,#3522,.F.);
#1573=ORIENTED_EDGE('',*,*,#3601,.F.);
#1574=ORIENTED_EDGE('',*,*,#3557,.F.);
#1575=ORIENTED_EDGE('',*,*,#3608,.F.);
#1576=ORIENTED_EDGE('',*,*,#3540,.F.);
#1577=ORIENTED_EDGE('',*,*,#3602,.F.);
#1578=ORIENTED_EDGE('',*,*,#3542,.F.);
#1579=ORIENTED_EDGE('',*,*,#3611,.F.);
#1580=ORIENTED_EDGE('',*,*,#3544,.F.);
#1581=ORIENTED_EDGE('',*,*,#3625,.F.);
#1582=ORIENTED_EDGE('',*,*,#3613,.F.);
#1583=ORIENTED_EDGE('',*,*,#3632,.F.);
#1584=ORIENTED_EDGE('',*,*,#3617,.F.);
#1585=ORIENTED_EDGE('',*,*,#3624,.F.);
#1586=ORIENTED_EDGE('',*,*,#3548,.F.);
#1587=ORIENTED_EDGE('',*,*,#3633,.F.);
#1588=ORIENTED_EDGE('',*,*,#3615,.F.);
#1589=ORIENTED_EDGE('',*,*,#3600,.F.);
#1590=ORIENTED_EDGE('',*,*,#3555,.F.);
#1591=ORIENTED_EDGE('',*,*,#3609,.F.);
#1592=ORIENTED_EDGE('',*,*,#3559,.F.);
#1593=ORIENTED_EDGE('',*,*,#3604,.F.);
#1594=ORIENTED_EDGE('',*,*,#3561,.F.);
#1595=ORIENTED_EDGE('',*,*,#3628,.F.);
#1596=ORIENTED_EDGE('',*,*,#3526,.F.);
#1597=ORIENTED_EDGE('',*,*,#3634,.F.);
#1598=ORIENTED_EDGE('',*,*,#3606,.F.);
#1599=ORIENTED_EDGE('',*,*,#3610,.F.);
#1600=ORIENTED_EDGE('',*,*,#3553,.F.);
#1601=ORIENTED_EDGE('',*,*,#3626,.F.);
#1602=ORIENTED_EDGE('',*,*,#3619,.F.);
#1603=ORIENTED_EDGE('',*,*,#3635,.F.);
#1604=ORIENTED_EDGE('',*,*,#3524,.F.);
#1605=ORIENTED_EDGE('',*,*,#3682,.F.);
#1606=ORIENTED_EDGE('',*,*,#3683,.F.);
#1607=ORIENTED_EDGE('',*,*,#3684,.F.);
#1608=ORIENTED_EDGE('',*,*,#3685,.F.);
#1609=ORIENTED_EDGE('',*,*,#3686,.F.);
#1610=ORIENTED_EDGE('',*,*,#3687,.F.);
#1611=ORIENTED_EDGE('',*,*,#3688,.F.);
#1612=ORIENTED_EDGE('',*,*,#3689,.F.);
#1613=ORIENTED_EDGE('',*,*,#3690,.F.);
#1614=ORIENTED_EDGE('',*,*,#3691,.F.);
#1615=ORIENTED_EDGE('',*,*,#3692,.F.);
#1616=ORIENTED_EDGE('',*,*,#3693,.F.);
#1617=ORIENTED_EDGE('',*,*,#3694,.F.);
#1618=ORIENTED_EDGE('',*,*,#3695,.F.);
#1619=ORIENTED_EDGE('',*,*,#3696,.F.);
#1620=ORIENTED_EDGE('',*,*,#3697,.F.);
#1621=ORIENTED_EDGE('',*,*,#3698,.F.);
#1622=ORIENTED_EDGE('',*,*,#3699,.F.);
#1623=ORIENTED_EDGE('',*,*,#3700,.F.);
#1624=ORIENTED_EDGE('',*,*,#3701,.F.);
#1625=ORIENTED_EDGE('',*,*,#3702,.F.);
#1626=ORIENTED_EDGE('',*,*,#3703,.F.);
#1627=ORIENTED_EDGE('',*,*,#3704,.F.);
#1628=ORIENTED_EDGE('',*,*,#3705,.F.);
#1629=ORIENTED_EDGE('',*,*,#3706,.T.);
#1630=ORIENTED_EDGE('',*,*,#3695,.T.);
#1631=ORIENTED_EDGE('',*,*,#3707,.F.);
#1632=ORIENTED_EDGE('',*,*,#3682,.T.);
#1633=ORIENTED_EDGE('',*,*,#3708,.T.);
#1634=ORIENTED_EDGE('',*,*,#3696,.T.);
#1635=ORIENTED_EDGE('',*,*,#3708,.F.);
#1636=ORIENTED_EDGE('',*,*,#3693,.T.);
#1637=ORIENTED_EDGE('',*,*,#3709,.T.);
#1638=ORIENTED_EDGE('',*,*,#3697,.T.);
#1639=ORIENTED_EDGE('',*,*,#3709,.F.);
#1640=ORIENTED_EDGE('',*,*,#3692,.T.);
#1641=ORIENTED_EDGE('',*,*,#3710,.T.);
#1642=ORIENTED_EDGE('',*,*,#3698,.T.);
#1643=ORIENTED_EDGE('',*,*,#3710,.F.);
#1644=ORIENTED_EDGE('',*,*,#3691,.T.);
#1645=ORIENTED_EDGE('',*,*,#3711,.T.);
#1646=ORIENTED_EDGE('',*,*,#3699,.T.);
#1647=ORIENTED_EDGE('',*,*,#3711,.F.);
#1648=ORIENTED_EDGE('',*,*,#3690,.T.);
#1649=ORIENTED_EDGE('',*,*,#3712,.T.);
#1650=ORIENTED_EDGE('',*,*,#3700,.T.);
#1651=ORIENTED_EDGE('',*,*,#3712,.F.);
#1652=ORIENTED_EDGE('',*,*,#3689,.T.);
#1653=ORIENTED_EDGE('',*,*,#3713,.T.);
#1654=ORIENTED_EDGE('',*,*,#3701,.T.);
#1655=ORIENTED_EDGE('',*,*,#3713,.F.);
#1656=ORIENTED_EDGE('',*,*,#3688,.T.);
#1657=ORIENTED_EDGE('',*,*,#3714,.T.);
#1658=ORIENTED_EDGE('',*,*,#3702,.T.);
#1659=ORIENTED_EDGE('',*,*,#3714,.F.);
#1660=ORIENTED_EDGE('',*,*,#3687,.T.);
#1661=ORIENTED_EDGE('',*,*,#3715,.T.);
#1662=ORIENTED_EDGE('',*,*,#3703,.T.);
#1663=ORIENTED_EDGE('',*,*,#3715,.F.);
#1664=ORIENTED_EDGE('',*,*,#3686,.T.);
#1665=ORIENTED_EDGE('',*,*,#3716,.T.);
#1666=ORIENTED_EDGE('',*,*,#3704,.T.);
#1667=ORIENTED_EDGE('',*,*,#3716,.F.);
#1668=ORIENTED_EDGE('',*,*,#3685,.T.);
#1669=ORIENTED_EDGE('',*,*,#3717,.T.);
#1670=ORIENTED_EDGE('',*,*,#3705,.T.);
#1671=ORIENTED_EDGE('',*,*,#3717,.F.);
#1672=ORIENTED_EDGE('',*,*,#3684,.T.);
#1673=ORIENTED_EDGE('',*,*,#3718,.T.);
#1674=ORIENTED_EDGE('',*,*,#3694,.T.);
#1675=ORIENTED_EDGE('',*,*,#3718,.F.);
#1676=ORIENTED_EDGE('',*,*,#3683,.T.);
#1677=ORIENTED_EDGE('',*,*,#3707,.T.);
#1678=ORIENTED_EDGE('',*,*,#3719,.T.);
#1679=ORIENTED_EDGE('',*,*,#3720,.T.);
#1680=ORIENTED_EDGE('',*,*,#3721,.T.);
#1681=ORIENTED_EDGE('',*,*,#3722,.F.);
#1682=ORIENTED_EDGE('',*,*,#3723,.T.);
#1683=ORIENTED_EDGE('',*,*,#3724,.T.);
#1684=ORIENTED_EDGE('',*,*,#3725,.T.);
#1685=ORIENTED_EDGE('',*,*,#3726,.T.);
#1686=ORIENTED_EDGE('',*,*,#3727,.T.);
#1687=ORIENTED_EDGE('',*,*,#3728,.T.);
#1688=ORIENTED_EDGE('',*,*,#3729,.T.);
#1689=ORIENTED_EDGE('',*,*,#3730,.T.);
#1690=ORIENTED_EDGE('',*,*,#3731,.T.);
#1691=ORIENTED_EDGE('',*,*,#3731,.F.);
#1692=ORIENTED_EDGE('',*,*,#3727,.F.);
#1693=ORIENTED_EDGE('',*,*,#3730,.F.);
#1694=ORIENTED_EDGE('',*,*,#3726,.F.);
#1695=ORIENTED_EDGE('',*,*,#3729,.F.);
#1696=ORIENTED_EDGE('',*,*,#3725,.F.);
#1697=ORIENTED_EDGE('',*,*,#3728,.F.);
#1698=ORIENTED_EDGE('',*,*,#3724,.F.);
#1699=ORIENTED_EDGE('',*,*,#3723,.F.);
#1700=ORIENTED_EDGE('',*,*,#3720,.F.);
#1701=ORIENTED_EDGE('',*,*,#3706,.F.);
#1702=ORIENTED_EDGE('',*,*,#3732,.F.);
#1703=ORIENTED_EDGE('',*,*,#3733,.F.);
#1704=ORIENTED_EDGE('',*,*,#3732,.T.);
#1705=ORIENTED_EDGE('',*,*,#3733,.T.);
#1706=ORIENTED_EDGE('',*,*,#3734,.F.);
#1707=ORIENTED_EDGE('',*,*,#3734,.T.);
#1708=ORIENTED_EDGE('',*,*,#3735,.F.);
#1709=ORIENTED_EDGE('',*,*,#3735,.T.);
#1710=ORIENTED_EDGE('',*,*,#3721,.F.);
#1711=ORIENTED_EDGE('',*,*,#3722,.T.);
#1712=ORIENTED_EDGE('',*,*,#3736,.F.);
#1713=ORIENTED_EDGE('',*,*,#3736,.T.);
#1714=ORIENTED_EDGE('',*,*,#3719,.F.);
#1715=ORIENTED_EDGE('',*,*,#3737,.T.);
#1716=ORIENTED_EDGE('',*,*,#3738,.F.);
#1717=ORIENTED_EDGE('',*,*,#3739,.F.);
#1718=ORIENTED_EDGE('',*,*,#3740,.F.);
#1719=ORIENTED_EDGE('',*,*,#3741,.F.);
#1720=ORIENTED_EDGE('',*,*,#3742,.F.);
#1721=ORIENTED_EDGE('',*,*,#3743,.T.);
#1722=ORIENTED_EDGE('',*,*,#3744,.F.);
#1723=ORIENTED_EDGE('',*,*,#3745,.T.);
#1724=ORIENTED_EDGE('',*,*,#3746,.F.);
#1725=ORIENTED_EDGE('',*,*,#3747,.T.);
#1726=ORIENTED_EDGE('',*,*,#3748,.F.);
#1727=ORIENTED_EDGE('',*,*,#3749,.F.);
#1728=ORIENTED_EDGE('',*,*,#3750,.F.);
#1729=ORIENTED_EDGE('',*,*,#3751,.T.);
#1730=ORIENTED_EDGE('',*,*,#3752,.T.);
#1731=ORIENTED_EDGE('',*,*,#3753,.F.);
#1732=ORIENTED_EDGE('',*,*,#3754,.F.);
#1733=ORIENTED_EDGE('',*,*,#3755,.F.);
#1734=ORIENTED_EDGE('',*,*,#3756,.F.);
#1735=ORIENTED_EDGE('',*,*,#3757,.F.);
#1736=ORIENTED_EDGE('',*,*,#3758,.F.);
#1737=ORIENTED_EDGE('',*,*,#3759,.F.);
#1738=ORIENTED_EDGE('',*,*,#3749,.T.);
#1739=ORIENTED_EDGE('',*,*,#3760,.T.);
#1740=ORIENTED_EDGE('',*,*,#3761,.F.);
#1741=ORIENTED_EDGE('',*,*,#3762,.T.);
#1742=ORIENTED_EDGE('',*,*,#3763,.T.);
#1743=ORIENTED_EDGE('',*,*,#3764,.F.);
#1744=ORIENTED_EDGE('',*,*,#3765,.F.);
#1745=ORIENTED_EDGE('',*,*,#3766,.T.);
#1746=ORIENTED_EDGE('',*,*,#3767,.F.);
#1747=ORIENTED_EDGE('',*,*,#3768,.T.);
#1748=ORIENTED_EDGE('',*,*,#3769,.F.);
#1749=ORIENTED_EDGE('',*,*,#3770,.F.);
#1750=ORIENTED_EDGE('',*,*,#3771,.F.);
#1751=ORIENTED_EDGE('',*,*,#3772,.T.);
#1752=ORIENTED_EDGE('',*,*,#3773,.F.);
#1753=ORIENTED_EDGE('',*,*,#3774,.T.);
#1754=ORIENTED_EDGE('',*,*,#3775,.F.);
#1755=ORIENTED_EDGE('',*,*,#3776,.F.);
#1756=ORIENTED_EDGE('',*,*,#3777,.F.);
#1757=ORIENTED_EDGE('',*,*,#3778,.T.);
#1758=ORIENTED_EDGE('',*,*,#3779,.F.);
#1759=ORIENTED_EDGE('',*,*,#3780,.T.);
#1760=ORIENTED_EDGE('',*,*,#3781,.T.);
#1761=ORIENTED_EDGE('',*,*,#3782,.F.);
#1762=ORIENTED_EDGE('',*,*,#3783,.F.);
#1763=ORIENTED_EDGE('',*,*,#3784,.T.);
#1764=ORIENTED_EDGE('',*,*,#3785,.T.);
#1765=ORIENTED_EDGE('',*,*,#3780,.F.);
#1766=ORIENTED_EDGE('',*,*,#3786,.F.);
#1767=ORIENTED_EDGE('',*,*,#3787,.T.);
#1768=ORIENTED_EDGE('',*,*,#3788,.T.);
#1769=ORIENTED_EDGE('',*,*,#3789,.T.);
#1770=ORIENTED_EDGE('',*,*,#3777,.T.);
#1771=ORIENTED_EDGE('',*,*,#3790,.F.);
#1772=ORIENTED_EDGE('',*,*,#3784,.F.);
#1773=ORIENTED_EDGE('',*,*,#3791,.F.);
#1774=ORIENTED_EDGE('',*,*,#3782,.T.);
#1775=ORIENTED_EDGE('',*,*,#3792,.T.);
#1776=ORIENTED_EDGE('',*,*,#3793,.F.);
#1777=ORIENTED_EDGE('',*,*,#3794,.T.);
#1778=ORIENTED_EDGE('',*,*,#3751,.F.);
#1779=ORIENTED_EDGE('',*,*,#3795,.F.);
#1780=ORIENTED_EDGE('',*,*,#3796,.F.);
#1781=ORIENTED_EDGE('',*,*,#3797,.T.);
#1782=ORIENTED_EDGE('',*,*,#3798,.T.);
#1783=ORIENTED_EDGE('',*,*,#3799,.T.);
#1784=ORIENTED_EDGE('',*,*,#3800,.T.);
#1785=ORIENTED_EDGE('',*,*,#3801,.T.);
#1786=ORIENTED_EDGE('',*,*,#3802,.T.);
#1787=ORIENTED_EDGE('',*,*,#3803,.T.);
#1788=ORIENTED_EDGE('',*,*,#3804,.T.);
#1789=ORIENTED_EDGE('',*,*,#3805,.T.);
#1790=ORIENTED_EDGE('',*,*,#3806,.T.);
#1791=ORIENTED_EDGE('',*,*,#3807,.T.);
#1792=ORIENTED_EDGE('',*,*,#3808,.T.);
#1793=ORIENTED_EDGE('',*,*,#3809,.T.);
#1794=ORIENTED_EDGE('',*,*,#3810,.T.);
#1795=ORIENTED_EDGE('',*,*,#3811,.T.);
#1796=ORIENTED_EDGE('',*,*,#3812,.T.);
#1797=ORIENTED_EDGE('',*,*,#3813,.T.);
#1798=ORIENTED_EDGE('',*,*,#3814,.T.);
#1799=ORIENTED_EDGE('',*,*,#3795,.T.);
#1800=ORIENTED_EDGE('',*,*,#3750,.T.);
#1801=ORIENTED_EDGE('',*,*,#3759,.T.);
#1802=ORIENTED_EDGE('',*,*,#3815,.F.);
#1803=ORIENTED_EDGE('',*,*,#3755,.T.);
#1804=ORIENTED_EDGE('',*,*,#3816,.F.);
#1805=ORIENTED_EDGE('',*,*,#3774,.F.);
#1806=ORIENTED_EDGE('',*,*,#3817,.F.);
#1807=ORIENTED_EDGE('',*,*,#3766,.F.);
#1808=ORIENTED_EDGE('',*,*,#3818,.F.);
#1809=ORIENTED_EDGE('',*,*,#3770,.T.);
#1810=ORIENTED_EDGE('',*,*,#3819,.F.);
#1811=ORIENTED_EDGE('',*,*,#3778,.F.);
#1812=ORIENTED_EDGE('',*,*,#3789,.F.);
#1813=ORIENTED_EDGE('',*,*,#3786,.T.);
#1814=ORIENTED_EDGE('',*,*,#3783,.T.);
#1815=ORIENTED_EDGE('',*,*,#3791,.T.);
#1816=ORIENTED_EDGE('',*,*,#3820,.F.);
#1817=ORIENTED_EDGE('',*,*,#3821,.T.);
#1818=ORIENTED_EDGE('',*,*,#3763,.F.);
#1819=ORIENTED_EDGE('',*,*,#3822,.F.);
#1820=ORIENTED_EDGE('',*,*,#3823,.F.);
#1821=ORIENTED_EDGE('',*,*,#3747,.F.);
#1822=ORIENTED_EDGE('',*,*,#3745,.F.);
#1823=ORIENTED_EDGE('',*,*,#3743,.F.);
#1824=ORIENTED_EDGE('',*,*,#3757,.T.);
#1825=ORIENTED_EDGE('',*,*,#3824,.F.);
#1826=ORIENTED_EDGE('',*,*,#3764,.T.);
#1827=ORIENTED_EDGE('',*,*,#3821,.F.);
#1828=ORIENTED_EDGE('',*,*,#3825,.F.);
#1829=ORIENTED_EDGE('',*,*,#3768,.F.);
#1830=ORIENTED_EDGE('',*,*,#3826,.F.);
#1831=ORIENTED_EDGE('',*,*,#3772,.F.);
#1832=ORIENTED_EDGE('',*,*,#3827,.F.);
#1833=ORIENTED_EDGE('',*,*,#3828,.T.);
#1834=ORIENTED_EDGE('',*,*,#3829,.F.);
#1835=ORIENTED_EDGE('',*,*,#3830,.T.);
#1836=ORIENTED_EDGE('',*,*,#3831,.F.);
#1837=ORIENTED_EDGE('',*,*,#3832,.F.);
#1838=ORIENTED_EDGE('',*,*,#3833,.F.);
#1839=ORIENTED_EDGE('',*,*,#3834,.F.);
#1840=ORIENTED_EDGE('',*,*,#3835,.F.);
#1841=ORIENTED_EDGE('',*,*,#3836,.F.);
#1842=ORIENTED_EDGE('',*,*,#3837,.F.);
#1843=ORIENTED_EDGE('',*,*,#3838,.F.);
#1844=ORIENTED_EDGE('',*,*,#3741,.T.);
#1845=ORIENTED_EDGE('',*,*,#3839,.F.);
#1846=ORIENTED_EDGE('',*,*,#3832,.T.);
#1847=ORIENTED_EDGE('',*,*,#3840,.F.);
#1848=ORIENTED_EDGE('',*,*,#3830,.F.);
#1849=ORIENTED_EDGE('',*,*,#3841,.F.);
#1850=ORIENTED_EDGE('',*,*,#3760,.F.);
#1851=ORIENTED_EDGE('',*,*,#3752,.F.);
#1852=ORIENTED_EDGE('',*,*,#3794,.F.);
#1853=ORIENTED_EDGE('',*,*,#3842,.F.);
#1854=ORIENTED_EDGE('',*,*,#3792,.F.);
#1855=ORIENTED_EDGE('',*,*,#3781,.F.);
#1856=ORIENTED_EDGE('',*,*,#3785,.F.);
#1857=ORIENTED_EDGE('',*,*,#3790,.T.);
#1858=ORIENTED_EDGE('',*,*,#3776,.T.);
#1859=ORIENTED_EDGE('',*,*,#3843,.F.);
#1860=ORIENTED_EDGE('',*,*,#3737,.F.);
#1861=ORIENTED_EDGE('',*,*,#3844,.F.);
#1862=ORIENTED_EDGE('',*,*,#3845,.F.);
#1863=ORIENTED_EDGE('',*,*,#3846,.F.);
#1864=ORIENTED_EDGE('',*,*,#3847,.F.);
#1865=ORIENTED_EDGE('',*,*,#3834,.T.);
#1866=ORIENTED_EDGE('',*,*,#3848,.F.);
#1867=ORIENTED_EDGE('',*,*,#3739,.T.);
#1868=ORIENTED_EDGE('',*,*,#3849,.F.);
#1869=ORIENTED_EDGE('',*,*,#3822,.T.);
#1870=ORIENTED_EDGE('',*,*,#3762,.F.);
#1871=ORIENTED_EDGE('',*,*,#3850,.F.);
#1872=ORIENTED_EDGE('',*,*,#3828,.F.);
#1873=ORIENTED_EDGE('',*,*,#3851,.F.);
#1874=ORIENTED_EDGE('',*,*,#3852,.T.);
#1875=ORIENTED_EDGE('',*,*,#3788,.F.);
#1876=ORIENTED_EDGE('',*,*,#3852,.F.);
#1877=ORIENTED_EDGE('',*,*,#3853,.T.);
#1878=ORIENTED_EDGE('',*,*,#3753,.T.);
#1879=ORIENTED_EDGE('',*,*,#3853,.F.);
#1880=ORIENTED_EDGE('',*,*,#3854,.T.);
#1881=ORIENTED_EDGE('',*,*,#3787,.F.);
#1882=ORIENTED_EDGE('',*,*,#3854,.F.);
#1883=ORIENTED_EDGE('',*,*,#3855,.T.);
#1884=ORIENTED_EDGE('',*,*,#3754,.T.);
#1885=ORIENTED_EDGE('',*,*,#3855,.F.);
#1886=ORIENTED_EDGE('',*,*,#3856,.F.);
#1887=ORIENTED_EDGE('',*,*,#3838,.T.);
#1888=ORIENTED_EDGE('',*,*,#3857,.F.);
#1889=ORIENTED_EDGE('',*,*,#3856,.T.);
#1890=ORIENTED_EDGE('',*,*,#3847,.T.);
#1891=ORIENTED_EDGE('',*,*,#3857,.T.);
#1892=ORIENTED_EDGE('',*,*,#3858,.F.);
#1893=ORIENTED_EDGE('',*,*,#3837,.T.);
#1894=ORIENTED_EDGE('',*,*,#3859,.F.);
#1895=ORIENTED_EDGE('',*,*,#3858,.T.);
#1896=ORIENTED_EDGE('',*,*,#3846,.T.);
#1897=ORIENTED_EDGE('',*,*,#3859,.T.);
#1898=ORIENTED_EDGE('',*,*,#3860,.F.);
#1899=ORIENTED_EDGE('',*,*,#3836,.T.);
#1900=ORIENTED_EDGE('',*,*,#3861,.F.);
#1901=ORIENTED_EDGE('',*,*,#3860,.T.);
#1902=ORIENTED_EDGE('',*,*,#3845,.T.);
#1903=ORIENTED_EDGE('',*,*,#3861,.T.);
#1904=ORIENTED_EDGE('',*,*,#3797,.F.);
#1905=ORIENTED_EDGE('',*,*,#3862,.F.);
#1906=ORIENTED_EDGE('',*,*,#3863,.T.);
#1907=ORIENTED_EDGE('',*,*,#3864,.T.);
#1908=ORIENTED_EDGE('',*,*,#3798,.F.);
#1909=ORIENTED_EDGE('',*,*,#3864,.F.);
#1910=ORIENTED_EDGE('',*,*,#3865,.T.);
#1911=ORIENTED_EDGE('',*,*,#3866,.T.);
#1912=ORIENTED_EDGE('',*,*,#3799,.F.);
#1913=ORIENTED_EDGE('',*,*,#3866,.F.);
#1914=ORIENTED_EDGE('',*,*,#3867,.T.);
#1915=ORIENTED_EDGE('',*,*,#3868,.T.);
#1916=ORIENTED_EDGE('',*,*,#3800,.F.);
#1917=ORIENTED_EDGE('',*,*,#3868,.F.);
#1918=ORIENTED_EDGE('',*,*,#3869,.T.);
#1919=ORIENTED_EDGE('',*,*,#3870,.T.);
#1920=ORIENTED_EDGE('',*,*,#3801,.F.);
#1921=ORIENTED_EDGE('',*,*,#3870,.F.);
#1922=ORIENTED_EDGE('',*,*,#3871,.T.);
#1923=ORIENTED_EDGE('',*,*,#3872,.T.);
#1924=ORIENTED_EDGE('',*,*,#3802,.F.);
#1925=ORIENTED_EDGE('',*,*,#3872,.F.);
#1926=ORIENTED_EDGE('',*,*,#3873,.T.);
#1927=ORIENTED_EDGE('',*,*,#3862,.T.);
#1928=ORIENTED_EDGE('',*,*,#3748,.T.);
#1929=ORIENTED_EDGE('',*,*,#3863,.F.);
#1930=ORIENTED_EDGE('',*,*,#3873,.F.);
#1931=ORIENTED_EDGE('',*,*,#3871,.F.);
#1932=ORIENTED_EDGE('',*,*,#3869,.F.);
#1933=ORIENTED_EDGE('',*,*,#3867,.F.);
#1934=ORIENTED_EDGE('',*,*,#3865,.F.);
#1935=ORIENTED_EDGE('',*,*,#3803,.F.);
#1936=ORIENTED_EDGE('',*,*,#3874,.F.);
#1937=ORIENTED_EDGE('',*,*,#3875,.T.);
#1938=ORIENTED_EDGE('',*,*,#3876,.T.);
#1939=ORIENTED_EDGE('',*,*,#3804,.F.);
#1940=ORIENTED_EDGE('',*,*,#3876,.F.);
#1941=ORIENTED_EDGE('',*,*,#3877,.T.);
#1942=ORIENTED_EDGE('',*,*,#3878,.T.);
#1943=ORIENTED_EDGE('',*,*,#3805,.F.);
#1944=ORIENTED_EDGE('',*,*,#3878,.F.);
#1945=ORIENTED_EDGE('',*,*,#3879,.T.);
#1946=ORIENTED_EDGE('',*,*,#3880,.T.);
#1947=ORIENTED_EDGE('',*,*,#3806,.F.);
#1948=ORIENTED_EDGE('',*,*,#3880,.F.);
#1949=ORIENTED_EDGE('',*,*,#3881,.T.);
#1950=ORIENTED_EDGE('',*,*,#3882,.T.);
#1951=ORIENTED_EDGE('',*,*,#3807,.F.);
#1952=ORIENTED_EDGE('',*,*,#3882,.F.);
#1953=ORIENTED_EDGE('',*,*,#3883,.T.);
#1954=ORIENTED_EDGE('',*,*,#3884,.T.);
#1955=ORIENTED_EDGE('',*,*,#3808,.F.);
#1956=ORIENTED_EDGE('',*,*,#3884,.F.);
#1957=ORIENTED_EDGE('',*,*,#3885,.T.);
#1958=ORIENTED_EDGE('',*,*,#3874,.T.);
#1959=ORIENTED_EDGE('',*,*,#3746,.T.);
#1960=ORIENTED_EDGE('',*,*,#3875,.F.);
#1961=ORIENTED_EDGE('',*,*,#3885,.F.);
#1962=ORIENTED_EDGE('',*,*,#3883,.F.);
#1963=ORIENTED_EDGE('',*,*,#3881,.F.);
#1964=ORIENTED_EDGE('',*,*,#3879,.F.);
#1965=ORIENTED_EDGE('',*,*,#3877,.F.);
#1966=ORIENTED_EDGE('',*,*,#3809,.F.);
#1967=ORIENTED_EDGE('',*,*,#3886,.F.);
#1968=ORIENTED_EDGE('',*,*,#3887,.T.);
#1969=ORIENTED_EDGE('',*,*,#3888,.T.);
#1970=ORIENTED_EDGE('',*,*,#3810,.F.);
#1971=ORIENTED_EDGE('',*,*,#3888,.F.);
#1972=ORIENTED_EDGE('',*,*,#3889,.T.);
#1973=ORIENTED_EDGE('',*,*,#3890,.T.);
#1974=ORIENTED_EDGE('',*,*,#3811,.F.);
#1975=ORIENTED_EDGE('',*,*,#3890,.F.);
#1976=ORIENTED_EDGE('',*,*,#3891,.T.);
#1977=ORIENTED_EDGE('',*,*,#3892,.T.);
#1978=ORIENTED_EDGE('',*,*,#3812,.F.);
#1979=ORIENTED_EDGE('',*,*,#3892,.F.);
#1980=ORIENTED_EDGE('',*,*,#3893,.T.);
#1981=ORIENTED_EDGE('',*,*,#3894,.T.);
#1982=ORIENTED_EDGE('',*,*,#3813,.F.);
#1983=ORIENTED_EDGE('',*,*,#3894,.F.);
#1984=ORIENTED_EDGE('',*,*,#3895,.T.);
#1985=ORIENTED_EDGE('',*,*,#3896,.T.);
#1986=ORIENTED_EDGE('',*,*,#3814,.F.);
#1987=ORIENTED_EDGE('',*,*,#3896,.F.);
#1988=ORIENTED_EDGE('',*,*,#3897,.T.);
#1989=ORIENTED_EDGE('',*,*,#3886,.T.);
#1990=ORIENTED_EDGE('',*,*,#3744,.T.);
#1991=ORIENTED_EDGE('',*,*,#3887,.F.);
#1992=ORIENTED_EDGE('',*,*,#3897,.F.);
#1993=ORIENTED_EDGE('',*,*,#3895,.F.);
#1994=ORIENTED_EDGE('',*,*,#3893,.F.);
#1995=ORIENTED_EDGE('',*,*,#3891,.F.);
#1996=ORIENTED_EDGE('',*,*,#3889,.F.);
#1997=ORIENTED_EDGE('',*,*,#3820,.T.);
#1998=ORIENTED_EDGE('',*,*,#3796,.T.);
#1999=ORIENTED_EDGE('',*,*,#3818,.T.);
#2000=ORIENTED_EDGE('',*,*,#3771,.T.);
#2001=ORIENTED_EDGE('',*,*,#3844,.T.);
#2002=ORIENTED_EDGE('',*,*,#3742,.T.);
#2003=ORIENTED_EDGE('',*,*,#3842,.T.);
#2004=ORIENTED_EDGE('',*,*,#3793,.T.);
#2005=ORIENTED_EDGE('',*,*,#3816,.T.);
#2006=ORIENTED_EDGE('',*,*,#3758,.T.);
#2007=ORIENTED_EDGE('',*,*,#3827,.T.);
#2008=ORIENTED_EDGE('',*,*,#3775,.T.);
#2009=ORIENTED_EDGE('',*,*,#3815,.T.);
#2010=ORIENTED_EDGE('',*,*,#3765,.T.);
#2011=ORIENTED_EDGE('',*,*,#3824,.T.);
#2012=ORIENTED_EDGE('',*,*,#3756,.T.);
#2013=ORIENTED_EDGE('',*,*,#3840,.T.);
#2014=ORIENTED_EDGE('',*,*,#3835,.T.);
#2015=ORIENTED_EDGE('',*,*,#3851,.T.);
#2016=ORIENTED_EDGE('',*,*,#3831,.T.);
#2017=ORIENTED_EDGE('',*,*,#3841,.T.);
#2018=ORIENTED_EDGE('',*,*,#3829,.T.);
#2019=ORIENTED_EDGE('',*,*,#3850,.T.);
#2020=ORIENTED_EDGE('',*,*,#3761,.T.);
#2021=ORIENTED_EDGE('',*,*,#3817,.T.);
#2022=ORIENTED_EDGE('',*,*,#3773,.T.);
#2023=ORIENTED_EDGE('',*,*,#3826,.T.);
#2024=ORIENTED_EDGE('',*,*,#3767,.T.);
#2025=ORIENTED_EDGE('',*,*,#3819,.T.);
#2026=ORIENTED_EDGE('',*,*,#3769,.T.);
#2027=ORIENTED_EDGE('',*,*,#3825,.T.);
#2028=ORIENTED_EDGE('',*,*,#3823,.T.);
#2029=ORIENTED_EDGE('',*,*,#3849,.T.);
#2030=ORIENTED_EDGE('',*,*,#3738,.T.);
#2031=ORIENTED_EDGE('',*,*,#3843,.T.);
#2032=ORIENTED_EDGE('',*,*,#3779,.T.);
#2033=ORIENTED_EDGE('',*,*,#3839,.T.);
#2034=ORIENTED_EDGE('',*,*,#3740,.T.);
#2035=ORIENTED_EDGE('',*,*,#3848,.T.);
#2036=ORIENTED_EDGE('',*,*,#3833,.T.);
#2037=ORIENTED_EDGE('',*,*,#3898,.T.);
#2038=ORIENTED_EDGE('',*,*,#3899,.T.);
#2039=ORIENTED_EDGE('',*,*,#3900,.T.);
#2040=ORIENTED_EDGE('',*,*,#3901,.F.);
#2041=ORIENTED_EDGE('',*,*,#3902,.F.);
#2042=ORIENTED_EDGE('',*,*,#3903,.F.);
#2043=ORIENTED_EDGE('',*,*,#3904,.F.);
#2044=ORIENTED_EDGE('',*,*,#3905,.F.);
#2045=ORIENTED_EDGE('',*,*,#3903,.T.);
#2046=ORIENTED_EDGE('',*,*,#3906,.F.);
#2047=ORIENTED_EDGE('',*,*,#3907,.T.);
#2048=ORIENTED_EDGE('',*,*,#3908,.F.);
#2049=ORIENTED_EDGE('',*,*,#3905,.T.);
#2050=ORIENTED_EDGE('',*,*,#3909,.F.);
#2051=ORIENTED_EDGE('',*,*,#3910,.T.);
#2052=ORIENTED_EDGE('',*,*,#3911,.T.);
#2053=ORIENTED_EDGE('',*,*,#3902,.T.);
#2054=ORIENTED_EDGE('',*,*,#3911,.F.);
#2055=ORIENTED_EDGE('',*,*,#3912,.T.);
#2056=ORIENTED_EDGE('',*,*,#3906,.T.);
#2057=ORIENTED_EDGE('',*,*,#3913,.F.);
#2058=ORIENTED_EDGE('',*,*,#3914,.T.);
#2059=ORIENTED_EDGE('',*,*,#3915,.F.);
#2060=ORIENTED_EDGE('',*,*,#3916,.T.);
#2061=ORIENTED_EDGE('',*,*,#3917,.F.);
#2062=ORIENTED_EDGE('',*,*,#3918,.T.);
#2063=ORIENTED_EDGE('',*,*,#3919,.F.);
#2064=ORIENTED_EDGE('',*,*,#3920,.T.);
#2065=ORIENTED_EDGE('',*,*,#3921,.F.);
#2066=ORIENTED_EDGE('',*,*,#3922,.F.);
#2067=ORIENTED_EDGE('',*,*,#3923,.F.);
#2068=ORIENTED_EDGE('',*,*,#3924,.T.);
#2069=ORIENTED_EDGE('',*,*,#3925,.F.);
#2070=ORIENTED_EDGE('',*,*,#3926,.F.);
#2071=ORIENTED_EDGE('',*,*,#3927,.F.);
#2072=ORIENTED_EDGE('',*,*,#3922,.T.);
#2073=ORIENTED_EDGE('',*,*,#3928,.F.);
#2074=ORIENTED_EDGE('',*,*,#3929,.F.);
#2075=ORIENTED_EDGE('',*,*,#3930,.F.);
#2076=ORIENTED_EDGE('',*,*,#3926,.T.);
#2077=ORIENTED_EDGE('',*,*,#3931,.F.);
#2078=ORIENTED_EDGE('',*,*,#3932,.F.);
#2079=ORIENTED_EDGE('',*,*,#3933,.F.);
#2080=ORIENTED_EDGE('',*,*,#3929,.T.);
#2081=ORIENTED_EDGE('',*,*,#3934,.F.);
#2082=ORIENTED_EDGE('',*,*,#3935,.F.);
#2083=ORIENTED_EDGE('',*,*,#3936,.F.);
#2084=ORIENTED_EDGE('',*,*,#3932,.T.);
#2085=ORIENTED_EDGE('',*,*,#3937,.F.);
#2086=ORIENTED_EDGE('',*,*,#3938,.F.);
#2087=ORIENTED_EDGE('',*,*,#3939,.F.);
#2088=ORIENTED_EDGE('',*,*,#3935,.T.);
#2089=ORIENTED_EDGE('',*,*,#3940,.F.);
#2090=ORIENTED_EDGE('',*,*,#3941,.F.);
#2091=ORIENTED_EDGE('',*,*,#3942,.F.);
#2092=ORIENTED_EDGE('',*,*,#3938,.T.);
#2093=ORIENTED_EDGE('',*,*,#3943,.F.);
#2094=ORIENTED_EDGE('',*,*,#3924,.F.);
#2095=ORIENTED_EDGE('',*,*,#3944,.F.);
#2096=ORIENTED_EDGE('',*,*,#3941,.T.);
#2097=ORIENTED_EDGE('',*,*,#3945,.F.);
#2098=ORIENTED_EDGE('',*,*,#3946,.F.);
#2099=ORIENTED_EDGE('',*,*,#3943,.T.);
#2100=ORIENTED_EDGE('',*,*,#3940,.T.);
#2101=ORIENTED_EDGE('',*,*,#3937,.T.);
#2102=ORIENTED_EDGE('',*,*,#3934,.T.);
#2103=ORIENTED_EDGE('',*,*,#3931,.T.);
#2104=ORIENTED_EDGE('',*,*,#3928,.T.);
#2105=ORIENTED_EDGE('',*,*,#3925,.T.);
#2106=ORIENTED_EDGE('',*,*,#3921,.T.);
#2107=ORIENTED_EDGE('',*,*,#3947,.T.);
#2108=ORIENTED_EDGE('',*,*,#3948,.F.);
#2109=ORIENTED_EDGE('',*,*,#3949,.F.);
#2110=ORIENTED_EDGE('',*,*,#3950,.T.);
#2111=ORIENTED_EDGE('',*,*,#3951,.F.);
#2112=ORIENTED_EDGE('',*,*,#3952,.F.);
#2113=ORIENTED_EDGE('',*,*,#3953,.T.);
#2114=ORIENTED_EDGE('',*,*,#3954,.T.);
#2115=ORIENTED_EDGE('',*,*,#3955,.T.);
#2116=ORIENTED_EDGE('',*,*,#3956,.T.);
#2117=ORIENTED_EDGE('',*,*,#3957,.T.);
#2118=ORIENTED_EDGE('',*,*,#3949,.T.);
#2119=ORIENTED_EDGE('',*,*,#3958,.F.);
#2120=ORIENTED_EDGE('',*,*,#3959,.F.);
#2121=ORIENTED_EDGE('',*,*,#3957,.F.);
#2122=ORIENTED_EDGE('',*,*,#3960,.F.);
#2123=ORIENTED_EDGE('',*,*,#3961,.F.);
#2124=ORIENTED_EDGE('',*,*,#3950,.F.);
#2125=ORIENTED_EDGE('',*,*,#3962,.T.);
#2126=ORIENTED_EDGE('',*,*,#3963,.F.);
#2127=ORIENTED_EDGE('',*,*,#3964,.T.);
#2128=ORIENTED_EDGE('',*,*,#3907,.F.);
#2129=ORIENTED_EDGE('',*,*,#3912,.F.);
#2130=ORIENTED_EDGE('',*,*,#3910,.F.);
#2131=ORIENTED_EDGE('',*,*,#3965,.T.);
#2132=ORIENTED_EDGE('',*,*,#3951,.T.);
#2133=ORIENTED_EDGE('',*,*,#3961,.T.);
#2134=ORIENTED_EDGE('',*,*,#3966,.F.);
#2135=ORIENTED_EDGE('',*,*,#3944,.T.);
#2136=ORIENTED_EDGE('',*,*,#3923,.T.);
#2137=ORIENTED_EDGE('',*,*,#3927,.T.);
#2138=ORIENTED_EDGE('',*,*,#3930,.T.);
#2139=ORIENTED_EDGE('',*,*,#3933,.T.);
#2140=ORIENTED_EDGE('',*,*,#3936,.T.);
#2141=ORIENTED_EDGE('',*,*,#3939,.T.);
#2142=ORIENTED_EDGE('',*,*,#3942,.T.);
#2143=ORIENTED_EDGE('',*,*,#3967,.T.);
#2144=ORIENTED_EDGE('',*,*,#3966,.T.);
#2145=ORIENTED_EDGE('',*,*,#3960,.T.);
#2146=ORIENTED_EDGE('',*,*,#3956,.F.);
#2147=ORIENTED_EDGE('',*,*,#3955,.F.);
#2148=ORIENTED_EDGE('',*,*,#3968,.F.);
#2149=ORIENTED_EDGE('',*,*,#3962,.F.);
#2150=ORIENTED_EDGE('',*,*,#3967,.F.);
#2151=ORIENTED_EDGE('',*,*,#3969,.T.);
#2152=ORIENTED_EDGE('',*,*,#3970,.F.);
#2153=ORIENTED_EDGE('',*,*,#3958,.T.);
#2154=ORIENTED_EDGE('',*,*,#3948,.T.);
#2155=ORIENTED_EDGE('',*,*,#3971,.T.);
#2156=ORIENTED_EDGE('',*,*,#3899,.F.);
#2157=ORIENTED_EDGE('',*,*,#3971,.F.);
#2158=ORIENTED_EDGE('',*,*,#3947,.F.);
#2159=ORIENTED_EDGE('',*,*,#3972,.F.);
#2160=ORIENTED_EDGE('',*,*,#3900,.F.);
#2161=ORIENTED_EDGE('',*,*,#3973,.T.);
#2162=ORIENTED_EDGE('',*,*,#3901,.T.);
#2163=ORIENTED_EDGE('',*,*,#3972,.T.);
#2164=ORIENTED_EDGE('',*,*,#3952,.T.);
#2165=ORIENTED_EDGE('',*,*,#3965,.F.);
#2166=ORIENTED_EDGE('',*,*,#3909,.T.);
#2167=ORIENTED_EDGE('',*,*,#3904,.T.);
#2168=ORIENTED_EDGE('',*,*,#3908,.T.);
#2169=ORIENTED_EDGE('',*,*,#3964,.F.);
#2170=ORIENTED_EDGE('',*,*,#3974,.F.);
#2171=ORIENTED_EDGE('',*,*,#3975,.T.);
#2172=ORIENTED_EDGE('',*,*,#3974,.T.);
#2173=ORIENTED_EDGE('',*,*,#3963,.T.);
#2174=ORIENTED_EDGE('',*,*,#3968,.T.);
#2175=ORIENTED_EDGE('',*,*,#3959,.T.);
#2176=ORIENTED_EDGE('',*,*,#3970,.T.);
#2177=ORIENTED_EDGE('',*,*,#3969,.F.);
#2178=ORIENTED_EDGE('',*,*,#3898,.F.);
#2179=ORIENTED_EDGE('',*,*,#3973,.F.);
#2180=ORIENTED_EDGE('',*,*,#3975,.F.);
#2181=ORIENTED_EDGE('',*,*,#3919,.T.);
#2182=ORIENTED_EDGE('',*,*,#3953,.F.);
#2183=ORIENTED_EDGE('',*,*,#3917,.T.);
#2184=ORIENTED_EDGE('',*,*,#3920,.F.);
#2185=ORIENTED_EDGE('',*,*,#3945,.T.);
#2186=ORIENTED_EDGE('',*,*,#3918,.F.);
#2187=ORIENTED_EDGE('',*,*,#3954,.F.);
#2188=ORIENTED_EDGE('',*,*,#3915,.T.);
#2189=ORIENTED_EDGE('',*,*,#3913,.T.);
#2190=ORIENTED_EDGE('',*,*,#3916,.F.);
#2191=ORIENTED_EDGE('',*,*,#3946,.T.);
#2192=ORIENTED_EDGE('',*,*,#3914,.F.);
#2193=ORIENTED_EDGE('',*,*,#3976,.F.);
#2194=ORIENTED_EDGE('',*,*,#3977,.F.);
#2195=ORIENTED_EDGE('',*,*,#3978,.F.);
#2196=ORIENTED_EDGE('',*,*,#3979,.F.);
#2197=ORIENTED_EDGE('',*,*,#3980,.F.);
#2198=ORIENTED_EDGE('',*,*,#3981,.F.);
#2199=ORIENTED_EDGE('',*,*,#3982,.T.);
#2200=ORIENTED_EDGE('',*,*,#3983,.T.);
#2201=ORIENTED_EDGE('',*,*,#3984,.T.);
#2202=ORIENTED_EDGE('',*,*,#3985,.T.);
#2203=ORIENTED_EDGE('',*,*,#3986,.F.);
#2204=ORIENTED_EDGE('',*,*,#3979,.T.);
#2205=ORIENTED_EDGE('',*,*,#3987,.T.);
#2206=ORIENTED_EDGE('',*,*,#3988,.T.);
#2207=ORIENTED_EDGE('',*,*,#3987,.F.);
#2208=ORIENTED_EDGE('',*,*,#3978,.T.);
#2209=ORIENTED_EDGE('',*,*,#3989,.T.);
#2210=ORIENTED_EDGE('',*,*,#3990,.T.);
#2211=ORIENTED_EDGE('',*,*,#3989,.F.);
#2212=ORIENTED_EDGE('',*,*,#3977,.T.);
#2213=ORIENTED_EDGE('',*,*,#3991,.T.);
#2214=ORIENTED_EDGE('',*,*,#3992,.T.);
#2215=ORIENTED_EDGE('',*,*,#3991,.F.);
#2216=ORIENTED_EDGE('',*,*,#3976,.T.);
#2217=ORIENTED_EDGE('',*,*,#3993,.T.);
#2218=ORIENTED_EDGE('',*,*,#3994,.T.);
#2219=ORIENTED_EDGE('',*,*,#3995,.F.);
#2220=ORIENTED_EDGE('',*,*,#3980,.T.);
#2221=ORIENTED_EDGE('',*,*,#3986,.T.);
#2222=ORIENTED_EDGE('',*,*,#3996,.T.);
#2223=ORIENTED_EDGE('',*,*,#3997,.F.);
#2224=ORIENTED_EDGE('',*,*,#3998,.T.);
#2225=ORIENTED_EDGE('',*,*,#3999,.T.);
#2226=ORIENTED_EDGE('',*,*,#4000,.T.);
#2227=ORIENTED_EDGE('',*,*,#4001,.T.);
#2228=ORIENTED_EDGE('',*,*,#3993,.F.);
#2229=ORIENTED_EDGE('',*,*,#3981,.T.);
#2230=ORIENTED_EDGE('',*,*,#3995,.T.);
#2231=ORIENTED_EDGE('',*,*,#4002,.T.);
#2232=ORIENTED_EDGE('',*,*,#4003,.F.);
#2233=ORIENTED_EDGE('',*,*,#4004,.T.);
#2234=ORIENTED_EDGE('',*,*,#3997,.T.);
#2235=ORIENTED_EDGE('',*,*,#4005,.T.);
#2236=ORIENTED_EDGE('',*,*,#4006,.T.);
#2237=ORIENTED_EDGE('',*,*,#4007,.T.);
#2238=ORIENTED_EDGE('',*,*,#4008,.F.);
#2239=ORIENTED_EDGE('',*,*,#3990,.F.);
#2240=ORIENTED_EDGE('',*,*,#3992,.F.);
#2241=ORIENTED_EDGE('',*,*,#4001,.F.);
#2242=ORIENTED_EDGE('',*,*,#3994,.F.);
#2243=ORIENTED_EDGE('',*,*,#3985,.F.);
#2244=ORIENTED_EDGE('',*,*,#3988,.F.);
#2245=ORIENTED_EDGE('',*,*,#4009,.T.);
#2246=ORIENTED_EDGE('',*,*,#4010,.F.);
#2247=ORIENTED_EDGE('',*,*,#4011,.T.);
#2248=ORIENTED_EDGE('',*,*,#4003,.T.);
#2249=ORIENTED_EDGE('',*,*,#4012,.T.);
#2250=ORIENTED_EDGE('',*,*,#4013,.T.);
#2251=ORIENTED_EDGE('',*,*,#4004,.F.);
#2252=ORIENTED_EDGE('',*,*,#4011,.F.);
#2253=ORIENTED_EDGE('',*,*,#4014,.F.);
#2254=ORIENTED_EDGE('',*,*,#4015,.F.);
#2255=ORIENTED_EDGE('',*,*,#4016,.F.);
#2256=ORIENTED_EDGE('',*,*,#3998,.F.);
#2257=ORIENTED_EDGE('',*,*,#4017,.T.);
#2258=ORIENTED_EDGE('',*,*,#4018,.T.);
#2259=ORIENTED_EDGE('',*,*,#3999,.F.);
#2260=ORIENTED_EDGE('',*,*,#4016,.T.);
#2261=ORIENTED_EDGE('',*,*,#4019,.T.);
#2262=ORIENTED_EDGE('',*,*,#4020,.T.);
#2263=ORIENTED_EDGE('',*,*,#4021,.T.);
#2264=ORIENTED_EDGE('',*,*,#4019,.F.);
#2265=ORIENTED_EDGE('',*,*,#4015,.T.);
#2266=ORIENTED_EDGE('',*,*,#4022,.T.);
#2267=ORIENTED_EDGE('',*,*,#4023,.T.);
#2268=ORIENTED_EDGE('',*,*,#4024,.T.);
#2269=ORIENTED_EDGE('',*,*,#4022,.F.);
#2270=ORIENTED_EDGE('',*,*,#4014,.T.);
#2271=ORIENTED_EDGE('',*,*,#4010,.T.);
#2272=ORIENTED_EDGE('',*,*,#4021,.F.);
#2273=ORIENTED_EDGE('',*,*,#4025,.F.);
#2274=ORIENTED_EDGE('',*,*,#4017,.F.);
#2275=ORIENTED_EDGE('',*,*,#4024,.F.);
#2276=ORIENTED_EDGE('',*,*,#4026,.F.);
#2277=ORIENTED_EDGE('',*,*,#4020,.F.);
#2278=ORIENTED_EDGE('',*,*,#4009,.F.);
#2279=ORIENTED_EDGE('',*,*,#4027,.F.);
#2280=ORIENTED_EDGE('',*,*,#4023,.F.);
#2281=ORIENTED_EDGE('',*,*,#4012,.F.);
#2282=ORIENTED_EDGE('',*,*,#4002,.F.);
#2283=ORIENTED_EDGE('',*,*,#4028,.F.);
#2284=ORIENTED_EDGE('',*,*,#4005,.F.);
#2285=ORIENTED_EDGE('',*,*,#3996,.F.);
#2286=ORIENTED_EDGE('',*,*,#4029,.F.);
#2287=ORIENTED_EDGE('',*,*,#4000,.F.);
#2288=ORIENTED_EDGE('',*,*,#4018,.F.);
#2289=ORIENTED_EDGE('',*,*,#4030,.F.);
#2290=ORIENTED_EDGE('',*,*,#3982,.F.);
#2291=ORIENTED_EDGE('',*,*,#3984,.F.);
#2292=ORIENTED_EDGE('',*,*,#4031,.F.);
#2293=ORIENTED_EDGE('',*,*,#4026,.T.);
#2294=ORIENTED_EDGE('',*,*,#4027,.T.);
#2295=ORIENTED_EDGE('',*,*,#4028,.T.);
#2296=ORIENTED_EDGE('',*,*,#4029,.T.);
#2297=ORIENTED_EDGE('',*,*,#4030,.T.);
#2298=ORIENTED_EDGE('',*,*,#4025,.T.);
#2299=ORIENTED_EDGE('',*,*,#4031,.T.);
#2300=ORIENTED_EDGE('',*,*,#3983,.F.);
#2301=ORIENTED_EDGE('',*,*,#4013,.F.);
#2302=ORIENTED_EDGE('',*,*,#4007,.F.);
#2303=ORIENTED_EDGE('',*,*,#4008,.T.);
#2304=ORIENTED_EDGE('',*,*,#4006,.F.);
#2305=ORIENTED_EDGE('',*,*,#4032,.T.);
#2306=ORIENTED_EDGE('',*,*,#4033,.T.);
#2307=ORIENTED_EDGE('',*,*,#4034,.T.);
#2308=ORIENTED_EDGE('',*,*,#4035,.F.);
#2309=ORIENTED_EDGE('',*,*,#4036,.F.);
#2310=ORIENTED_EDGE('',*,*,#4037,.F.);
#2311=ORIENTED_EDGE('',*,*,#4038,.F.);
#2312=ORIENTED_EDGE('',*,*,#4039,.F.);
#2313=ORIENTED_EDGE('',*,*,#4037,.T.);
#2314=ORIENTED_EDGE('',*,*,#4040,.F.);
#2315=ORIENTED_EDGE('',*,*,#4041,.T.);
#2316=ORIENTED_EDGE('',*,*,#4042,.F.);
#2317=ORIENTED_EDGE('',*,*,#4039,.T.);
#2318=ORIENTED_EDGE('',*,*,#4043,.F.);
#2319=ORIENTED_EDGE('',*,*,#4044,.T.);
#2320=ORIENTED_EDGE('',*,*,#4045,.T.);
#2321=ORIENTED_EDGE('',*,*,#4036,.T.);
#2322=ORIENTED_EDGE('',*,*,#4045,.F.);
#2323=ORIENTED_EDGE('',*,*,#4046,.T.);
#2324=ORIENTED_EDGE('',*,*,#4040,.T.);
#2325=ORIENTED_EDGE('',*,*,#4047,.F.);
#2326=ORIENTED_EDGE('',*,*,#4048,.T.);
#2327=ORIENTED_EDGE('',*,*,#4049,.F.);
#2328=ORIENTED_EDGE('',*,*,#4050,.T.);
#2329=ORIENTED_EDGE('',*,*,#4051,.F.);
#2330=ORIENTED_EDGE('',*,*,#4052,.T.);
#2331=ORIENTED_EDGE('',*,*,#4053,.F.);
#2332=ORIENTED_EDGE('',*,*,#4054,.T.);
#2333=ORIENTED_EDGE('',*,*,#4055,.F.);
#2334=ORIENTED_EDGE('',*,*,#4056,.F.);
#2335=ORIENTED_EDGE('',*,*,#4057,.F.);
#2336=ORIENTED_EDGE('',*,*,#4058,.T.);
#2337=ORIENTED_EDGE('',*,*,#4059,.F.);
#2338=ORIENTED_EDGE('',*,*,#4060,.F.);
#2339=ORIENTED_EDGE('',*,*,#4061,.F.);
#2340=ORIENTED_EDGE('',*,*,#4056,.T.);
#2341=ORIENTED_EDGE('',*,*,#4062,.F.);
#2342=ORIENTED_EDGE('',*,*,#4063,.F.);
#2343=ORIENTED_EDGE('',*,*,#4064,.F.);
#2344=ORIENTED_EDGE('',*,*,#4060,.T.);
#2345=ORIENTED_EDGE('',*,*,#4065,.F.);
#2346=ORIENTED_EDGE('',*,*,#4066,.F.);
#2347=ORIENTED_EDGE('',*,*,#4067,.F.);
#2348=ORIENTED_EDGE('',*,*,#4063,.T.);
#2349=ORIENTED_EDGE('',*,*,#4068,.F.);
#2350=ORIENTED_EDGE('',*,*,#4069,.F.);
#2351=ORIENTED_EDGE('',*,*,#4070,.F.);
#2352=ORIENTED_EDGE('',*,*,#4066,.T.);
#2353=ORIENTED_EDGE('',*,*,#4071,.F.);
#2354=ORIENTED_EDGE('',*,*,#4072,.F.);
#2355=ORIENTED_EDGE('',*,*,#4073,.F.);
#2356=ORIENTED_EDGE('',*,*,#4069,.T.);
#2357=ORIENTED_EDGE('',*,*,#4074,.F.);
#2358=ORIENTED_EDGE('',*,*,#4075,.F.);
#2359=ORIENTED_EDGE('',*,*,#4076,.F.);
#2360=ORIENTED_EDGE('',*,*,#4072,.T.);
#2361=ORIENTED_EDGE('',*,*,#4077,.F.);
#2362=ORIENTED_EDGE('',*,*,#4058,.F.);
#2363=ORIENTED_EDGE('',*,*,#4078,.F.);
#2364=ORIENTED_EDGE('',*,*,#4075,.T.);
#2365=ORIENTED_EDGE('',*,*,#4079,.F.);
#2366=ORIENTED_EDGE('',*,*,#4080,.F.);
#2367=ORIENTED_EDGE('',*,*,#4077,.T.);
#2368=ORIENTED_EDGE('',*,*,#4074,.T.);
#2369=ORIENTED_EDGE('',*,*,#4071,.T.);
#2370=ORIENTED_EDGE('',*,*,#4068,.T.);
#2371=ORIENTED_EDGE('',*,*,#4065,.T.);
#2372=ORIENTED_EDGE('',*,*,#4062,.T.);
#2373=ORIENTED_EDGE('',*,*,#4059,.T.);
#2374=ORIENTED_EDGE('',*,*,#4055,.T.);
#2375=ORIENTED_EDGE('',*,*,#4081,.T.);
#2376=ORIENTED_EDGE('',*,*,#4082,.F.);
#2377=ORIENTED_EDGE('',*,*,#4083,.F.);
#2378=ORIENTED_EDGE('',*,*,#4084,.T.);
#2379=ORIENTED_EDGE('',*,*,#4085,.F.);
#2380=ORIENTED_EDGE('',*,*,#4086,.F.);
#2381=ORIENTED_EDGE('',*,*,#4087,.T.);
#2382=ORIENTED_EDGE('',*,*,#4088,.T.);
#2383=ORIENTED_EDGE('',*,*,#4089,.T.);
#2384=ORIENTED_EDGE('',*,*,#4090,.T.);
#2385=ORIENTED_EDGE('',*,*,#4091,.T.);
#2386=ORIENTED_EDGE('',*,*,#4083,.T.);
#2387=ORIENTED_EDGE('',*,*,#4092,.F.);
#2388=ORIENTED_EDGE('',*,*,#4093,.F.);
#2389=ORIENTED_EDGE('',*,*,#4091,.F.);
#2390=ORIENTED_EDGE('',*,*,#4094,.F.);
#2391=ORIENTED_EDGE('',*,*,#4095,.F.);
#2392=ORIENTED_EDGE('',*,*,#4084,.F.);
#2393=ORIENTED_EDGE('',*,*,#4096,.T.);
#2394=ORIENTED_EDGE('',*,*,#4097,.F.);
#2395=ORIENTED_EDGE('',*,*,#4098,.T.);
#2396=ORIENTED_EDGE('',*,*,#4041,.F.);
#2397=ORIENTED_EDGE('',*,*,#4046,.F.);
#2398=ORIENTED_EDGE('',*,*,#4044,.F.);
#2399=ORIENTED_EDGE('',*,*,#4099,.T.);
#2400=ORIENTED_EDGE('',*,*,#4085,.T.);
#2401=ORIENTED_EDGE('',*,*,#4095,.T.);
#2402=ORIENTED_EDGE('',*,*,#4100,.F.);
#2403=ORIENTED_EDGE('',*,*,#4078,.T.);
#2404=ORIENTED_EDGE('',*,*,#4057,.T.);
#2405=ORIENTED_EDGE('',*,*,#4061,.T.);
#2406=ORIENTED_EDGE('',*,*,#4064,.T.);
#2407=ORIENTED_EDGE('',*,*,#4067,.T.);
#2408=ORIENTED_EDGE('',*,*,#4070,.T.);
#2409=ORIENTED_EDGE('',*,*,#4073,.T.);
#2410=ORIENTED_EDGE('',*,*,#4076,.T.);
#2411=ORIENTED_EDGE('',*,*,#4101,.T.);
#2412=ORIENTED_EDGE('',*,*,#4100,.T.);
#2413=ORIENTED_EDGE('',*,*,#4094,.T.);
#2414=ORIENTED_EDGE('',*,*,#4090,.F.);
#2415=ORIENTED_EDGE('',*,*,#4089,.F.);
#2416=ORIENTED_EDGE('',*,*,#4102,.F.);
#2417=ORIENTED_EDGE('',*,*,#4096,.F.);
#2418=ORIENTED_EDGE('',*,*,#4101,.F.);
#2419=ORIENTED_EDGE('',*,*,#4103,.T.);
#2420=ORIENTED_EDGE('',*,*,#4104,.F.);
#2421=ORIENTED_EDGE('',*,*,#4092,.T.);
#2422=ORIENTED_EDGE('',*,*,#4082,.T.);
#2423=ORIENTED_EDGE('',*,*,#4105,.T.);
#2424=ORIENTED_EDGE('',*,*,#4033,.F.);
#2425=ORIENTED_EDGE('',*,*,#4105,.F.);
#2426=ORIENTED_EDGE('',*,*,#4081,.F.);
#2427=ORIENTED_EDGE('',*,*,#4106,.F.);
#2428=ORIENTED_EDGE('',*,*,#4034,.F.);
#2429=ORIENTED_EDGE('',*,*,#4107,.T.);
#2430=ORIENTED_EDGE('',*,*,#4035,.T.);
#2431=ORIENTED_EDGE('',*,*,#4106,.T.);
#2432=ORIENTED_EDGE('',*,*,#4086,.T.);
#2433=ORIENTED_EDGE('',*,*,#4099,.F.);
#2434=ORIENTED_EDGE('',*,*,#4043,.T.);
#2435=ORIENTED_EDGE('',*,*,#4038,.T.);
#2436=ORIENTED_EDGE('',*,*,#4042,.T.);
#2437=ORIENTED_EDGE('',*,*,#4098,.F.);
#2438=ORIENTED_EDGE('',*,*,#4108,.F.);
#2439=ORIENTED_EDGE('',*,*,#4109,.T.);
#2440=ORIENTED_EDGE('',*,*,#4108,.T.);
#2441=ORIENTED_EDGE('',*,*,#4097,.T.);
#2442=ORIENTED_EDGE('',*,*,#4102,.T.);
#2443=ORIENTED_EDGE('',*,*,#4093,.T.);
#2444=ORIENTED_EDGE('',*,*,#4104,.T.);
#2445=ORIENTED_EDGE('',*,*,#4103,.F.);
#2446=ORIENTED_EDGE('',*,*,#4032,.F.);
#2447=ORIENTED_EDGE('',*,*,#4107,.F.);
#2448=ORIENTED_EDGE('',*,*,#4109,.F.);
#2449=ORIENTED_EDGE('',*,*,#4053,.T.);
#2450=ORIENTED_EDGE('',*,*,#4087,.F.);
#2451=ORIENTED_EDGE('',*,*,#4051,.T.);
#2452=ORIENTED_EDGE('',*,*,#4054,.F.);
#2453=ORIENTED_EDGE('',*,*,#4079,.T.);
#2454=ORIENTED_EDGE('',*,*,#4052,.F.);
#2455=ORIENTED_EDGE('',*,*,#4088,.F.);
#2456=ORIENTED_EDGE('',*,*,#4049,.T.);
#2457=ORIENTED_EDGE('',*,*,#4047,.T.);
#2458=ORIENTED_EDGE('',*,*,#4050,.F.);
#2459=ORIENTED_EDGE('',*,*,#4080,.T.);
#2460=ORIENTED_EDGE('',*,*,#4048,.F.);
#2461=ORIENTED_EDGE('',*,*,#4110,.T.);
#2462=ORIENTED_EDGE('',*,*,#4111,.T.);
#2463=ORIENTED_EDGE('',*,*,#4112,.T.);
#2464=ORIENTED_EDGE('',*,*,#4113,.T.);
#2465=ORIENTED_EDGE('',*,*,#4114,.T.);
#2466=ORIENTED_EDGE('',*,*,#4115,.T.);
#2467=ORIENTED_EDGE('',*,*,#4116,.T.);
#2468=ORIENTED_EDGE('',*,*,#4117,.T.);
#2469=ORIENTED_EDGE('',*,*,#4118,.T.);
#2470=ORIENTED_EDGE('',*,*,#4119,.T.);
#2471=ORIENTED_EDGE('',*,*,#4120,.T.);
#2472=ORIENTED_EDGE('',*,*,#4121,.T.);
#2473=ORIENTED_EDGE('',*,*,#4122,.T.);
#2474=ORIENTED_EDGE('',*,*,#4123,.T.);
#2475=ORIENTED_EDGE('',*,*,#4124,.T.);
#2476=ORIENTED_EDGE('',*,*,#4125,.T.);
#2477=ORIENTED_EDGE('',*,*,#4126,.T.);
#2478=ORIENTED_EDGE('',*,*,#4127,.T.);
#2479=ORIENTED_EDGE('',*,*,#4128,.T.);
#2480=ORIENTED_EDGE('',*,*,#4129,.T.);
#2481=ORIENTED_EDGE('',*,*,#4130,.T.);
#2482=ORIENTED_EDGE('',*,*,#4131,.T.);
#2483=ORIENTED_EDGE('',*,*,#4132,.T.);
#2484=ORIENTED_EDGE('',*,*,#4133,.T.);
#2485=ORIENTED_EDGE('',*,*,#4134,.T.);
#2486=ORIENTED_EDGE('',*,*,#4135,.T.);
#2487=ORIENTED_EDGE('',*,*,#4136,.T.);
#2488=ORIENTED_EDGE('',*,*,#4137,.T.);
#2489=ORIENTED_EDGE('',*,*,#4138,.T.);
#2490=ORIENTED_EDGE('',*,*,#4139,.T.);
#2491=ORIENTED_EDGE('',*,*,#4140,.T.);
#2492=ORIENTED_EDGE('',*,*,#4141,.T.);
#2493=ORIENTED_EDGE('',*,*,#4142,.T.);
#2494=ORIENTED_EDGE('',*,*,#4143,.T.);
#2495=ORIENTED_EDGE('',*,*,#4144,.T.);
#2496=ORIENTED_EDGE('',*,*,#4145,.T.);
#2497=ORIENTED_EDGE('',*,*,#4146,.T.);
#2498=ORIENTED_EDGE('',*,*,#4147,.T.);
#2499=ORIENTED_EDGE('',*,*,#4148,.T.);
#2500=ORIENTED_EDGE('',*,*,#4149,.T.);
#2501=ORIENTED_EDGE('',*,*,#4150,.F.);
#2502=ORIENTED_EDGE('',*,*,#4151,.F.);
#2503=ORIENTED_EDGE('',*,*,#4152,.T.);
#2504=ORIENTED_EDGE('',*,*,#4153,.T.);
#2505=ORIENTED_EDGE('',*,*,#4154,.T.);
#2506=ORIENTED_EDGE('',*,*,#4155,.T.);
#2507=ORIENTED_EDGE('',*,*,#4156,.T.);
#2508=ORIENTED_EDGE('',*,*,#4157,.T.);
#2509=ORIENTED_EDGE('',*,*,#4158,.F.);
#2510=ORIENTED_EDGE('',*,*,#4159,.T.);
#2511=ORIENTED_EDGE('',*,*,#4160,.F.);
#2512=ORIENTED_EDGE('',*,*,#4161,.T.);
#2513=ORIENTED_EDGE('',*,*,#4162,.T.);
#2514=ORIENTED_EDGE('',*,*,#4163,.T.);
#2515=ORIENTED_EDGE('',*,*,#4164,.T.);
#2516=ORIENTED_EDGE('',*,*,#4165,.T.);
#2517=ORIENTED_EDGE('',*,*,#4166,.T.);
#2518=ORIENTED_EDGE('',*,*,#4167,.F.);
#2519=ORIENTED_EDGE('',*,*,#4168,.T.);
#2520=ORIENTED_EDGE('',*,*,#4169,.F.);
#2521=ORIENTED_EDGE('',*,*,#4170,.T.);
#2522=ORIENTED_EDGE('',*,*,#4171,.T.);
#2523=ORIENTED_EDGE('',*,*,#4172,.T.);
#2524=ORIENTED_EDGE('',*,*,#4173,.T.);
#2525=ORIENTED_EDGE('',*,*,#4174,.T.);
#2526=ORIENTED_EDGE('',*,*,#4175,.T.);
#2527=ORIENTED_EDGE('',*,*,#4176,.F.);
#2528=ORIENTED_EDGE('',*,*,#4177,.T.);
#2529=ORIENTED_EDGE('',*,*,#4178,.F.);
#2530=ORIENTED_EDGE('',*,*,#4179,.T.);
#2531=ORIENTED_EDGE('',*,*,#4180,.T.);
#2532=ORIENTED_EDGE('',*,*,#4181,.T.);
#2533=ORIENTED_EDGE('',*,*,#4182,.T.);
#2534=ORIENTED_EDGE('',*,*,#4183,.T.);
#2535=ORIENTED_EDGE('',*,*,#4184,.T.);
#2536=ORIENTED_EDGE('',*,*,#4185,.F.);
#2537=ORIENTED_EDGE('',*,*,#4186,.T.);
#2538=ORIENTED_EDGE('',*,*,#4187,.F.);
#2539=ORIENTED_EDGE('',*,*,#4188,.T.);
#2540=ORIENTED_EDGE('',*,*,#4189,.T.);
#2541=ORIENTED_EDGE('',*,*,#4190,.T.);
#2542=ORIENTED_EDGE('',*,*,#4191,.T.);
#2543=ORIENTED_EDGE('',*,*,#4192,.T.);
#2544=ORIENTED_EDGE('',*,*,#4193,.T.);
#2545=ORIENTED_EDGE('',*,*,#4194,.F.);
#2546=ORIENTED_EDGE('',*,*,#4195,.T.);
#2547=ORIENTED_EDGE('',*,*,#4196,.F.);
#2548=ORIENTED_EDGE('',*,*,#4197,.T.);
#2549=ORIENTED_EDGE('',*,*,#4198,.T.);
#2550=ORIENTED_EDGE('',*,*,#4199,.T.);
#2551=ORIENTED_EDGE('',*,*,#4200,.T.);
#2552=ORIENTED_EDGE('',*,*,#4201,.T.);
#2553=ORIENTED_EDGE('',*,*,#4202,.T.);
#2554=ORIENTED_EDGE('',*,*,#4203,.F.);
#2555=ORIENTED_EDGE('',*,*,#4204,.T.);
#2556=ORIENTED_EDGE('',*,*,#4205,.T.);
#2557=ORIENTED_EDGE('',*,*,#4206,.T.);
#2558=ORIENTED_EDGE('',*,*,#4207,.T.);
#2559=ORIENTED_EDGE('',*,*,#4208,.T.);
#2560=ORIENTED_EDGE('',*,*,#4209,.T.);
#2561=ORIENTED_EDGE('',*,*,#4210,.T.);
#2562=ORIENTED_EDGE('',*,*,#4153,.F.);
#2563=ORIENTED_EDGE('',*,*,#4211,.T.);
#2564=ORIENTED_EDGE('',*,*,#4210,.F.);
#2565=ORIENTED_EDGE('',*,*,#4212,.F.);
#2566=ORIENTED_EDGE('',*,*,#4154,.F.);
#2567=ORIENTED_EDGE('',*,*,#4212,.T.);
#2568=ORIENTED_EDGE('',*,*,#4209,.F.);
#2569=ORIENTED_EDGE('',*,*,#4213,.F.);
#2570=ORIENTED_EDGE('',*,*,#4152,.F.);
#2571=ORIENTED_EDGE('',*,*,#4214,.T.);
#2572=ORIENTED_EDGE('',*,*,#4205,.F.);
#2573=ORIENTED_EDGE('',*,*,#4211,.F.);
#2574=ORIENTED_EDGE('',*,*,#4157,.F.);
#2575=ORIENTED_EDGE('',*,*,#4215,.T.);
#2576=ORIENTED_EDGE('',*,*,#4206,.F.);
#2577=ORIENTED_EDGE('',*,*,#4214,.F.);
#2578=ORIENTED_EDGE('',*,*,#4156,.F.);
#2579=ORIENTED_EDGE('',*,*,#4216,.T.);
#2580=ORIENTED_EDGE('',*,*,#4207,.F.);
#2581=ORIENTED_EDGE('',*,*,#4215,.F.);
#2582=ORIENTED_EDGE('',*,*,#4155,.F.);
#2583=ORIENTED_EDGE('',*,*,#4213,.T.);
#2584=ORIENTED_EDGE('',*,*,#4208,.F.);
#2585=ORIENTED_EDGE('',*,*,#4216,.F.);
#2586=ORIENTED_EDGE('',*,*,#4217,.T.);
#2587=ORIENTED_EDGE('',*,*,#4218,.T.);
#2588=ORIENTED_EDGE('',*,*,#4219,.T.);
#2589=ORIENTED_EDGE('',*,*,#4220,.T.);
#2590=ORIENTED_EDGE('',*,*,#4221,.T.);
#2591=ORIENTED_EDGE('',*,*,#4222,.T.);
#2592=ORIENTED_EDGE('',*,*,#4180,.F.);
#2593=ORIENTED_EDGE('',*,*,#4223,.T.);
#2594=ORIENTED_EDGE('',*,*,#4222,.F.);
#2595=ORIENTED_EDGE('',*,*,#4224,.F.);
#2596=ORIENTED_EDGE('',*,*,#4181,.F.);
#2597=ORIENTED_EDGE('',*,*,#4224,.T.);
#2598=ORIENTED_EDGE('',*,*,#4221,.F.);
#2599=ORIENTED_EDGE('',*,*,#4225,.F.);
#2600=ORIENTED_EDGE('',*,*,#4179,.F.);
#2601=ORIENTED_EDGE('',*,*,#4226,.T.);
#2602=ORIENTED_EDGE('',*,*,#4217,.F.);
#2603=ORIENTED_EDGE('',*,*,#4223,.F.);
#2604=ORIENTED_EDGE('',*,*,#4184,.F.);
#2605=ORIENTED_EDGE('',*,*,#4227,.T.);
#2606=ORIENTED_EDGE('',*,*,#4218,.F.);
#2607=ORIENTED_EDGE('',*,*,#4226,.F.);
#2608=ORIENTED_EDGE('',*,*,#4183,.F.);
#2609=ORIENTED_EDGE('',*,*,#4228,.T.);
#2610=ORIENTED_EDGE('',*,*,#4219,.F.);
#2611=ORIENTED_EDGE('',*,*,#4227,.F.);
#2612=ORIENTED_EDGE('',*,*,#4182,.F.);
#2613=ORIENTED_EDGE('',*,*,#4225,.T.);
#2614=ORIENTED_EDGE('',*,*,#4220,.F.);
#2615=ORIENTED_EDGE('',*,*,#4228,.F.);
#2616=ORIENTED_EDGE('',*,*,#4229,.T.);
#2617=ORIENTED_EDGE('',*,*,#4230,.T.);
#2618=ORIENTED_EDGE('',*,*,#4231,.T.);
#2619=ORIENTED_EDGE('',*,*,#4232,.T.);
#2620=ORIENTED_EDGE('',*,*,#4233,.T.);
#2621=ORIENTED_EDGE('',*,*,#4234,.T.);
#2622=ORIENTED_EDGE('',*,*,#4198,.F.);
#2623=ORIENTED_EDGE('',*,*,#4235,.T.);
#2624=ORIENTED_EDGE('',*,*,#4234,.F.);
#2625=ORIENTED_EDGE('',*,*,#4236,.F.);
#2626=ORIENTED_EDGE('',*,*,#4199,.F.);
#2627=ORIENTED_EDGE('',*,*,#4236,.T.);
#2628=ORIENTED_EDGE('',*,*,#4233,.F.);
#2629=ORIENTED_EDGE('',*,*,#4237,.F.);
#2630=ORIENTED_EDGE('',*,*,#4197,.F.);
#2631=ORIENTED_EDGE('',*,*,#4238,.T.);
#2632=ORIENTED_EDGE('',*,*,#4229,.F.);
#2633=ORIENTED_EDGE('',*,*,#4235,.F.);
#2634=ORIENTED_EDGE('',*,*,#4202,.F.);
#2635=ORIENTED_EDGE('',*,*,#4239,.T.);
#2636=ORIENTED_EDGE('',*,*,#4230,.F.);
#2637=ORIENTED_EDGE('',*,*,#4238,.F.);
#2638=ORIENTED_EDGE('',*,*,#4201,.F.);
#2639=ORIENTED_EDGE('',*,*,#4240,.T.);
#2640=ORIENTED_EDGE('',*,*,#4231,.F.);
#2641=ORIENTED_EDGE('',*,*,#4239,.F.);
#2642=ORIENTED_EDGE('',*,*,#4200,.F.);
#2643=ORIENTED_EDGE('',*,*,#4237,.T.);
#2644=ORIENTED_EDGE('',*,*,#4232,.F.);
#2645=ORIENTED_EDGE('',*,*,#4240,.F.);
#2646=ORIENTED_EDGE('',*,*,#4241,.T.);
#2647=ORIENTED_EDGE('',*,*,#4242,.T.);
#2648=ORIENTED_EDGE('',*,*,#4243,.T.);
#2649=ORIENTED_EDGE('',*,*,#4244,.T.);
#2650=ORIENTED_EDGE('',*,*,#4245,.T.);
#2651=ORIENTED_EDGE('',*,*,#4246,.T.);
#2652=ORIENTED_EDGE('',*,*,#4189,.F.);
#2653=ORIENTED_EDGE('',*,*,#4247,.T.);
#2654=ORIENTED_EDGE('',*,*,#4246,.F.);
#2655=ORIENTED_EDGE('',*,*,#4248,.F.);
#2656=ORIENTED_EDGE('',*,*,#4190,.F.);
#2657=ORIENTED_EDGE('',*,*,#4248,.T.);
#2658=ORIENTED_EDGE('',*,*,#4245,.F.);
#2659=ORIENTED_EDGE('',*,*,#4249,.F.);
#2660=ORIENTED_EDGE('',*,*,#4188,.F.);
#2661=ORIENTED_EDGE('',*,*,#4250,.T.);
#2662=ORIENTED_EDGE('',*,*,#4241,.F.);
#2663=ORIENTED_EDGE('',*,*,#4247,.F.);
#2664=ORIENTED_EDGE('',*,*,#4193,.F.);
#2665=ORIENTED_EDGE('',*,*,#4251,.T.);
#2666=ORIENTED_EDGE('',*,*,#4242,.F.);
#2667=ORIENTED_EDGE('',*,*,#4250,.F.);
#2668=ORIENTED_EDGE('',*,*,#4192,.F.);
#2669=ORIENTED_EDGE('',*,*,#4252,.T.);
#2670=ORIENTED_EDGE('',*,*,#4243,.F.);
#2671=ORIENTED_EDGE('',*,*,#4251,.F.);
#2672=ORIENTED_EDGE('',*,*,#4191,.F.);
#2673=ORIENTED_EDGE('',*,*,#4249,.T.);
#2674=ORIENTED_EDGE('',*,*,#4244,.F.);
#2675=ORIENTED_EDGE('',*,*,#4252,.F.);
#2676=ORIENTED_EDGE('',*,*,#4253,.T.);
#2677=ORIENTED_EDGE('',*,*,#4254,.T.);
#2678=ORIENTED_EDGE('',*,*,#4255,.T.);
#2679=ORIENTED_EDGE('',*,*,#4256,.T.);
#2680=ORIENTED_EDGE('',*,*,#4257,.T.);
#2681=ORIENTED_EDGE('',*,*,#4258,.T.);
#2682=ORIENTED_EDGE('',*,*,#4171,.F.);
#2683=ORIENTED_EDGE('',*,*,#4259,.T.);
#2684=ORIENTED_EDGE('',*,*,#4258,.F.);
#2685=ORIENTED_EDGE('',*,*,#4260,.F.);
#2686=ORIENTED_EDGE('',*,*,#4172,.F.);
#2687=ORIENTED_EDGE('',*,*,#4260,.T.);
#2688=ORIENTED_EDGE('',*,*,#4257,.F.);
#2689=ORIENTED_EDGE('',*,*,#4261,.F.);
#2690=ORIENTED_EDGE('',*,*,#4170,.F.);
#2691=ORIENTED_EDGE('',*,*,#4262,.T.);
#2692=ORIENTED_EDGE('',*,*,#4253,.F.);
#2693=ORIENTED_EDGE('',*,*,#4259,.F.);
#2694=ORIENTED_EDGE('',*,*,#4175,.F.);
#2695=ORIENTED_EDGE('',*,*,#4263,.T.);
#2696=ORIENTED_EDGE('',*,*,#4254,.F.);
#2697=ORIENTED_EDGE('',*,*,#4262,.F.);
#2698=ORIENTED_EDGE('',*,*,#4174,.F.);
#2699=ORIENTED_EDGE('',*,*,#4264,.T.);
#2700=ORIENTED_EDGE('',*,*,#4255,.F.);
#2701=ORIENTED_EDGE('',*,*,#4263,.F.);
#2702=ORIENTED_EDGE('',*,*,#4173,.F.);
#2703=ORIENTED_EDGE('',*,*,#4261,.T.);
#2704=ORIENTED_EDGE('',*,*,#4256,.F.);
#2705=ORIENTED_EDGE('',*,*,#4264,.F.);
#2706=ORIENTED_EDGE('',*,*,#4265,.T.);
#2707=ORIENTED_EDGE('',*,*,#4266,.T.);
#2708=ORIENTED_EDGE('',*,*,#4267,.T.);
#2709=ORIENTED_EDGE('',*,*,#4268,.T.);
#2710=ORIENTED_EDGE('',*,*,#4269,.T.);
#2711=ORIENTED_EDGE('',*,*,#4270,.T.);
#2712=ORIENTED_EDGE('',*,*,#4162,.F.);
#2713=ORIENTED_EDGE('',*,*,#4271,.T.);
#2714=ORIENTED_EDGE('',*,*,#4270,.F.);
#2715=ORIENTED_EDGE('',*,*,#4272,.F.);
#2716=ORIENTED_EDGE('',*,*,#4163,.F.);
#2717=ORIENTED_EDGE('',*,*,#4272,.T.);
#2718=ORIENTED_EDGE('',*,*,#4269,.F.);
#2719=ORIENTED_EDGE('',*,*,#4273,.F.);
#2720=ORIENTED_EDGE('',*,*,#4161,.F.);
#2721=ORIENTED_EDGE('',*,*,#4274,.T.);
#2722=ORIENTED_EDGE('',*,*,#4265,.F.);
#2723=ORIENTED_EDGE('',*,*,#4271,.F.);
#2724=ORIENTED_EDGE('',*,*,#4166,.F.);
#2725=ORIENTED_EDGE('',*,*,#4275,.T.);
#2726=ORIENTED_EDGE('',*,*,#4266,.F.);
#2727=ORIENTED_EDGE('',*,*,#4274,.F.);
#2728=ORIENTED_EDGE('',*,*,#4165,.F.);
#2729=ORIENTED_EDGE('',*,*,#4276,.T.);
#2730=ORIENTED_EDGE('',*,*,#4267,.F.);
#2731=ORIENTED_EDGE('',*,*,#4275,.F.);
#2732=ORIENTED_EDGE('',*,*,#4164,.F.);
#2733=ORIENTED_EDGE('',*,*,#4273,.T.);
#2734=ORIENTED_EDGE('',*,*,#4268,.F.);
#2735=ORIENTED_EDGE('',*,*,#4276,.F.);
#2736=ORIENTED_EDGE('',*,*,#4277,.T.);
#2737=ORIENTED_EDGE('',*,*,#4278,.T.);
#2738=ORIENTED_EDGE('',*,*,#4279,.T.);
#2739=ORIENTED_EDGE('',*,*,#4280,.T.);
#2740=ORIENTED_EDGE('',*,*,#4281,.T.);
#2741=ORIENTED_EDGE('',*,*,#4282,.T.);
#2742=ORIENTED_EDGE('',*,*,#4283,.T.);
#2743=ORIENTED_EDGE('',*,*,#4284,.T.);
#2744=ORIENTED_EDGE('',*,*,#4285,.T.);
#2745=ORIENTED_EDGE('',*,*,#4286,.T.);
#2746=ORIENTED_EDGE('',*,*,#4282,.F.);
#2747=ORIENTED_EDGE('',*,*,#4287,.F.);
#2748=ORIENTED_EDGE('',*,*,#4288,.T.);
#2749=ORIENTED_EDGE('',*,*,#4287,.T.);
#2750=ORIENTED_EDGE('',*,*,#4281,.F.);
#2751=ORIENTED_EDGE('',*,*,#4289,.F.);
#2752=ORIENTED_EDGE('',*,*,#4290,.T.);
#2753=ORIENTED_EDGE('',*,*,#4291,.T.);
#2754=ORIENTED_EDGE('',*,*,#4292,.T.);
#2755=ORIENTED_EDGE('',*,*,#4293,.T.);
#2756=ORIENTED_EDGE('',*,*,#4294,.T.);
#2757=ORIENTED_EDGE('',*,*,#4295,.T.);
#2758=ORIENTED_EDGE('',*,*,#4296,.T.);
#2759=ORIENTED_EDGE('',*,*,#4297,.T.);
#2760=ORIENTED_EDGE('',*,*,#4298,.T.);
#2761=ORIENTED_EDGE('',*,*,#4298,.F.);
#2762=ORIENTED_EDGE('',*,*,#4299,.F.);
#2763=ORIENTED_EDGE('',*,*,#4300,.F.);
#2764=ORIENTED_EDGE('',*,*,#4301,.T.);
#2765=ORIENTED_EDGE('',*,*,#4297,.F.);
#2766=ORIENTED_EDGE('',*,*,#4302,.F.);
#2767=ORIENTED_EDGE('',*,*,#4303,.F.);
#2768=ORIENTED_EDGE('',*,*,#4299,.T.);
#2769=ORIENTED_EDGE('',*,*,#4296,.F.);
#2770=ORIENTED_EDGE('',*,*,#4304,.F.);
#2771=ORIENTED_EDGE('',*,*,#4305,.F.);
#2772=ORIENTED_EDGE('',*,*,#4302,.T.);
#2773=ORIENTED_EDGE('',*,*,#4295,.F.);
#2774=ORIENTED_EDGE('',*,*,#4306,.F.);
#2775=ORIENTED_EDGE('',*,*,#4307,.F.);
#2776=ORIENTED_EDGE('',*,*,#4304,.T.);
#2777=ORIENTED_EDGE('',*,*,#4294,.F.);
#2778=ORIENTED_EDGE('',*,*,#4308,.F.);
#2779=ORIENTED_EDGE('',*,*,#4309,.F.);
#2780=ORIENTED_EDGE('',*,*,#4306,.T.);
#2781=ORIENTED_EDGE('',*,*,#4293,.F.);
#2782=ORIENTED_EDGE('',*,*,#4310,.F.);
#2783=ORIENTED_EDGE('',*,*,#4311,.F.);
#2784=ORIENTED_EDGE('',*,*,#4308,.T.);
#2785=ORIENTED_EDGE('',*,*,#4292,.F.);
#2786=ORIENTED_EDGE('',*,*,#4312,.F.);
#2787=ORIENTED_EDGE('',*,*,#4313,.F.);
#2788=ORIENTED_EDGE('',*,*,#4310,.T.);
#2789=ORIENTED_EDGE('',*,*,#4291,.F.);
#2790=ORIENTED_EDGE('',*,*,#4301,.F.);
#2791=ORIENTED_EDGE('',*,*,#4314,.F.);
#2792=ORIENTED_EDGE('',*,*,#4312,.T.);
#2793=ORIENTED_EDGE('',*,*,#4315,.F.);
#2794=ORIENTED_EDGE('',*,*,#4316,.F.);
#2795=ORIENTED_EDGE('',*,*,#4317,.F.);
#2796=ORIENTED_EDGE('',*,*,#4318,.T.);
#2797=ORIENTED_EDGE('',*,*,#4319,.F.);
#2798=ORIENTED_EDGE('',*,*,#4320,.F.);
#2799=ORIENTED_EDGE('',*,*,#4321,.F.);
#2800=ORIENTED_EDGE('',*,*,#4316,.T.);
#2801=ORIENTED_EDGE('',*,*,#4322,.F.);
#2802=ORIENTED_EDGE('',*,*,#4323,.F.);
#2803=ORIENTED_EDGE('',*,*,#4324,.F.);
#2804=ORIENTED_EDGE('',*,*,#4320,.T.);
#2805=ORIENTED_EDGE('',*,*,#4325,.F.);
#2806=ORIENTED_EDGE('',*,*,#4326,.F.);
#2807=ORIENTED_EDGE('',*,*,#4144,.F.);
#2808=ORIENTED_EDGE('',*,*,#4327,.T.);
#2809=ORIENTED_EDGE('',*,*,#4328,.F.);
#2810=ORIENTED_EDGE('',*,*,#4329,.F.);
#2811=ORIENTED_EDGE('',*,*,#4145,.F.);
#2812=ORIENTED_EDGE('',*,*,#4326,.T.);
#2813=ORIENTED_EDGE('',*,*,#4330,.F.);
#2814=ORIENTED_EDGE('',*,*,#4331,.F.);
#2815=ORIENTED_EDGE('',*,*,#4146,.F.);
#2816=ORIENTED_EDGE('',*,*,#4329,.T.);
#2817=ORIENTED_EDGE('',*,*,#4332,.T.);
#2818=ORIENTED_EDGE('',*,*,#4333,.T.);
#2819=ORIENTED_EDGE('',*,*,#4322,.T.);
#2820=ORIENTED_EDGE('',*,*,#4319,.T.);
#2821=ORIENTED_EDGE('',*,*,#4315,.T.);
#2822=ORIENTED_EDGE('',*,*,#4334,.T.);
#2823=ORIENTED_EDGE('',*,*,#4335,.T.);
#2824=ORIENTED_EDGE('',*,*,#4336,.T.);
#2825=ORIENTED_EDGE('',*,*,#4279,.F.);
#2826=ORIENTED_EDGE('',*,*,#4337,.F.);
#2827=ORIENTED_EDGE('',*,*,#4338,.T.);
#2828=ORIENTED_EDGE('',*,*,#4289,.T.);
#2829=ORIENTED_EDGE('',*,*,#4284,.F.);
#2830=ORIENTED_EDGE('',*,*,#4339,.F.);
#2831=ORIENTED_EDGE('',*,*,#4340,.T.);
#2832=ORIENTED_EDGE('',*,*,#4341,.T.);
#2833=ORIENTED_EDGE('',*,*,#4339,.T.);
#2834=ORIENTED_EDGE('',*,*,#4283,.F.);
#2835=ORIENTED_EDGE('',*,*,#4286,.F.);
#2836=ORIENTED_EDGE('',*,*,#4342,.T.);
#2837=ORIENTED_EDGE('',*,*,#4343,.F.);
#2838=ORIENTED_EDGE('',*,*,#4335,.F.);
#2839=ORIENTED_EDGE('',*,*,#4344,.F.);
#2840=ORIENTED_EDGE('',*,*,#4345,.T.);
#2841=ORIENTED_EDGE('',*,*,#4346,.F.);
#2842=ORIENTED_EDGE('',*,*,#4347,.T.);
#2843=ORIENTED_EDGE('',*,*,#4290,.F.);
#2844=ORIENTED_EDGE('',*,*,#4338,.F.);
#2845=ORIENTED_EDGE('',*,*,#4341,.F.);
#2846=ORIENTED_EDGE('',*,*,#4348,.T.);
#2847=ORIENTED_EDGE('',*,*,#4349,.T.);
#2848=ORIENTED_EDGE('',*,*,#4350,.T.);
#2849=ORIENTED_EDGE('',*,*,#4351,.T.);
#2850=ORIENTED_EDGE('',*,*,#4352,.T.);
#2851=ORIENTED_EDGE('',*,*,#4353,.T.);
#2852=ORIENTED_EDGE('',*,*,#4354,.T.);
#2853=ORIENTED_EDGE('',*,*,#4355,.T.);
#2854=ORIENTED_EDGE('',*,*,#4356,.T.);
#2855=ORIENTED_EDGE('',*,*,#4357,.T.);
#2856=ORIENTED_EDGE('',*,*,#4358,.T.);
#2857=ORIENTED_EDGE('',*,*,#4359,.T.);
#2858=ORIENTED_EDGE('',*,*,#4360,.T.);
#2859=ORIENTED_EDGE('',*,*,#4361,.T.);
#2860=ORIENTED_EDGE('',*,*,#4362,.T.);
#2861=ORIENTED_EDGE('',*,*,#4363,.T.);
#2862=ORIENTED_EDGE('',*,*,#4364,.T.);
#2863=ORIENTED_EDGE('',*,*,#4365,.T.);
#2864=ORIENTED_EDGE('',*,*,#4361,.F.);
#2865=ORIENTED_EDGE('',*,*,#4366,.F.);
#2866=ORIENTED_EDGE('',*,*,#4128,.F.);
#2867=ORIENTED_EDGE('',*,*,#4367,.T.);
#2868=ORIENTED_EDGE('',*,*,#4360,.F.);
#2869=ORIENTED_EDGE('',*,*,#4368,.F.);
#2870=ORIENTED_EDGE('',*,*,#4129,.F.);
#2871=ORIENTED_EDGE('',*,*,#4366,.T.);
#2872=ORIENTED_EDGE('',*,*,#4359,.F.);
#2873=ORIENTED_EDGE('',*,*,#4369,.F.);
#2874=ORIENTED_EDGE('',*,*,#4130,.F.);
#2875=ORIENTED_EDGE('',*,*,#4368,.T.);
#2876=ORIENTED_EDGE('',*,*,#4358,.F.);
#2877=ORIENTED_EDGE('',*,*,#4370,.F.);
#2878=ORIENTED_EDGE('',*,*,#4131,.F.);
#2879=ORIENTED_EDGE('',*,*,#4369,.T.);
#2880=ORIENTED_EDGE('',*,*,#4357,.F.);
#2881=ORIENTED_EDGE('',*,*,#4371,.F.);
#2882=ORIENTED_EDGE('',*,*,#4132,.F.);
#2883=ORIENTED_EDGE('',*,*,#4370,.T.);
#2884=ORIENTED_EDGE('',*,*,#4356,.F.);
#2885=ORIENTED_EDGE('',*,*,#4372,.F.);
#2886=ORIENTED_EDGE('',*,*,#4133,.F.);
#2887=ORIENTED_EDGE('',*,*,#4371,.T.);
#2888=ORIENTED_EDGE('',*,*,#4355,.F.);
#2889=ORIENTED_EDGE('',*,*,#4373,.F.);
#2890=ORIENTED_EDGE('',*,*,#4134,.F.);
#2891=ORIENTED_EDGE('',*,*,#4372,.T.);
#2892=ORIENTED_EDGE('',*,*,#4354,.F.);
#2893=ORIENTED_EDGE('',*,*,#4374,.F.);
#2894=ORIENTED_EDGE('',*,*,#4135,.F.);
#2895=ORIENTED_EDGE('',*,*,#4373,.T.);
#2896=ORIENTED_EDGE('',*,*,#4353,.F.);
#2897=ORIENTED_EDGE('',*,*,#4375,.F.);
#2898=ORIENTED_EDGE('',*,*,#4136,.F.);
#2899=ORIENTED_EDGE('',*,*,#4374,.T.);
#2900=ORIENTED_EDGE('',*,*,#4363,.F.);
#2901=ORIENTED_EDGE('',*,*,#4376,.F.);
#2902=ORIENTED_EDGE('',*,*,#4126,.F.);
#2903=ORIENTED_EDGE('',*,*,#4377,.T.);
#2904=ORIENTED_EDGE('',*,*,#4362,.F.);
#2905=ORIENTED_EDGE('',*,*,#4367,.F.);
#2906=ORIENTED_EDGE('',*,*,#4127,.F.);
#2907=ORIENTED_EDGE('',*,*,#4376,.T.);
#2908=ORIENTED_EDGE('',*,*,#4378,.F.);
#2909=ORIENTED_EDGE('',*,*,#4379,.F.);
#2910=ORIENTED_EDGE('',*,*,#4380,.F.);
#2911=ORIENTED_EDGE('',*,*,#4381,.T.);
#2912=ORIENTED_EDGE('',*,*,#4382,.F.);
#2913=ORIENTED_EDGE('',*,*,#4383,.F.);
#2914=ORIENTED_EDGE('',*,*,#4384,.F.);
#2915=ORIENTED_EDGE('',*,*,#4379,.T.);
#2916=ORIENTED_EDGE('',*,*,#4385,.F.);
#2917=ORIENTED_EDGE('',*,*,#4386,.F.);
#2918=ORIENTED_EDGE('',*,*,#4387,.F.);
#2919=ORIENTED_EDGE('',*,*,#4383,.T.);
#2920=ORIENTED_EDGE('',*,*,#4388,.T.);
#2921=ORIENTED_EDGE('',*,*,#4137,.F.);
#2922=ORIENTED_EDGE('',*,*,#4375,.T.);
#2923=ORIENTED_EDGE('',*,*,#4352,.F.);
#2924=ORIENTED_EDGE('',*,*,#4389,.F.);
#2925=ORIENTED_EDGE('',*,*,#4381,.F.);
#2926=ORIENTED_EDGE('',*,*,#4390,.F.);
#2927=ORIENTED_EDGE('',*,*,#4391,.T.);
#2928=ORIENTED_EDGE('',*,*,#4392,.F.);
#2929=ORIENTED_EDGE('',*,*,#4386,.T.);
#2930=ORIENTED_EDGE('',*,*,#4393,.F.);
#2931=ORIENTED_EDGE('',*,*,#4394,.F.);
#2932=ORIENTED_EDGE('',*,*,#4395,.F.);
#2933=ORIENTED_EDGE('',*,*,#4364,.F.);
#2934=ORIENTED_EDGE('',*,*,#4377,.F.);
#2935=ORIENTED_EDGE('',*,*,#4125,.F.);
#2936=ORIENTED_EDGE('',*,*,#4388,.F.);
#2937=ORIENTED_EDGE('',*,*,#4396,.F.);
#2938=ORIENTED_EDGE('',*,*,#4397,.F.);
#2939=ORIENTED_EDGE('',*,*,#4138,.F.);
#2940=ORIENTED_EDGE('',*,*,#4398,.T.);
#2941=ORIENTED_EDGE('',*,*,#4399,.T.);
#2942=ORIENTED_EDGE('',*,*,#4140,.F.);
#2943=ORIENTED_EDGE('',*,*,#4400,.F.);
#2944=ORIENTED_EDGE('',*,*,#4401,.F.);
#2945=ORIENTED_EDGE('',*,*,#4402,.T.);
#2946=ORIENTED_EDGE('',*,*,#4403,.F.);
#2947=ORIENTED_EDGE('',*,*,#4123,.F.);
#2948=ORIENTED_EDGE('',*,*,#4399,.F.);
#2949=ORIENTED_EDGE('',*,*,#4404,.T.);
#2950=ORIENTED_EDGE('',*,*,#4405,.F.);
#2951=ORIENTED_EDGE('',*,*,#4406,.T.);
#2952=ORIENTED_EDGE('',*,*,#4407,.F.);
#2953=ORIENTED_EDGE('',*,*,#4408,.T.);
#2954=ORIENTED_EDGE('',*,*,#4409,.T.);
#2955=ORIENTED_EDGE('',*,*,#4142,.F.);
#2956=ORIENTED_EDGE('',*,*,#4410,.T.);
#2957=ORIENTED_EDGE('',*,*,#4148,.F.);
#2958=ORIENTED_EDGE('',*,*,#4411,.T.);
#2959=ORIENTED_EDGE('',*,*,#4412,.T.);
#2960=ORIENTED_EDGE('',*,*,#4413,.T.);
#2961=ORIENTED_EDGE('',*,*,#4414,.T.);
#2962=ORIENTED_EDGE('',*,*,#4401,.T.);
#2963=ORIENTED_EDGE('',*,*,#4415,.F.);
#2964=ORIENTED_EDGE('',*,*,#4416,.T.);
#2965=ORIENTED_EDGE('',*,*,#4413,.F.);
#2966=ORIENTED_EDGE('',*,*,#4417,.F.);
#2967=ORIENTED_EDGE('',*,*,#4149,.F.);
#2968=ORIENTED_EDGE('',*,*,#4410,.F.);
#2969=ORIENTED_EDGE('',*,*,#4416,.F.);
#2970=ORIENTED_EDGE('',*,*,#4418,.T.);
#2971=ORIENTED_EDGE('',*,*,#4412,.F.);
#2972=ORIENTED_EDGE('',*,*,#4419,.F.);
#2973=ORIENTED_EDGE('',*,*,#4420,.F.);
#2974=ORIENTED_EDGE('',*,*,#4314,.T.);
#2975=ORIENTED_EDGE('',*,*,#4300,.T.);
#2976=ORIENTED_EDGE('',*,*,#4303,.T.);
#2977=ORIENTED_EDGE('',*,*,#4305,.T.);
#2978=ORIENTED_EDGE('',*,*,#4307,.T.);
#2979=ORIENTED_EDGE('',*,*,#4309,.T.);
#2980=ORIENTED_EDGE('',*,*,#4311,.T.);
#2981=ORIENTED_EDGE('',*,*,#4313,.T.);
#2982=ORIENTED_EDGE('',*,*,#4421,.T.);
#2983=ORIENTED_EDGE('',*,*,#4405,.T.);
#2984=ORIENTED_EDGE('',*,*,#4422,.T.);
#2985=ORIENTED_EDGE('',*,*,#4420,.T.);
#2986=ORIENTED_EDGE('',*,*,#4423,.T.);
#2987=ORIENTED_EDGE('',*,*,#4317,.T.);
#2988=ORIENTED_EDGE('',*,*,#4321,.T.);
#2989=ORIENTED_EDGE('',*,*,#4324,.T.);
#2990=ORIENTED_EDGE('',*,*,#4424,.T.);
#2991=ORIENTED_EDGE('',*,*,#4425,.T.);
#2992=ORIENTED_EDGE('',*,*,#4404,.F.);
#2993=ORIENTED_EDGE('',*,*,#4398,.F.);
#2994=ORIENTED_EDGE('',*,*,#4414,.F.);
#2995=ORIENTED_EDGE('',*,*,#4418,.F.);
#2996=ORIENTED_EDGE('',*,*,#4422,.F.);
#2997=ORIENTED_EDGE('',*,*,#4426,.T.);
#2998=ORIENTED_EDGE('',*,*,#4150,.T.);
#2999=ORIENTED_EDGE('',*,*,#4417,.T.);
#3000=ORIENTED_EDGE('',*,*,#4415,.T.);
#3001=ORIENTED_EDGE('',*,*,#4400,.T.);
#3002=ORIENTED_EDGE('',*,*,#4139,.F.);
#3003=ORIENTED_EDGE('',*,*,#4397,.T.);
#3004=ORIENTED_EDGE('',*,*,#4427,.F.);
#3005=ORIENTED_EDGE('',*,*,#4428,.T.);
#3006=ORIENTED_EDGE('',*,*,#4429,.T.);
#3007=ORIENTED_EDGE('',*,*,#4430,.T.);
#3008=ORIENTED_EDGE('',*,*,#4407,.T.);
#3009=ORIENTED_EDGE('',*,*,#4431,.T.);
#3010=ORIENTED_EDGE('',*,*,#4427,.T.);
#3011=ORIENTED_EDGE('',*,*,#4396,.T.);
#3012=ORIENTED_EDGE('',*,*,#4390,.T.);
#3013=ORIENTED_EDGE('',*,*,#4380,.T.);
#3014=ORIENTED_EDGE('',*,*,#4384,.T.);
#3015=ORIENTED_EDGE('',*,*,#4387,.T.);
#3016=ORIENTED_EDGE('',*,*,#4392,.T.);
#3017=ORIENTED_EDGE('',*,*,#4432,.T.);
#3018=ORIENTED_EDGE('',*,*,#4426,.F.);
#3019=ORIENTED_EDGE('',*,*,#4431,.F.);
#3020=ORIENTED_EDGE('',*,*,#4406,.F.);
#3021=ORIENTED_EDGE('',*,*,#4141,.F.);
#3022=ORIENTED_EDGE('',*,*,#4433,.T.);
#3023=ORIENTED_EDGE('',*,*,#4425,.F.);
#3024=ORIENTED_EDGE('',*,*,#4434,.F.);
#3025=ORIENTED_EDGE('',*,*,#4408,.F.);
#3026=ORIENTED_EDGE('',*,*,#4435,.T.);
#3027=ORIENTED_EDGE('',*,*,#4432,.F.);
#3028=ORIENTED_EDGE('',*,*,#4391,.F.);
#3029=ORIENTED_EDGE('',*,*,#4124,.F.);
#3030=ORIENTED_EDGE('',*,*,#4403,.T.);
#3031=ORIENTED_EDGE('',*,*,#4433,.F.);
#3032=ORIENTED_EDGE('',*,*,#4430,.F.);
#3033=ORIENTED_EDGE('',*,*,#4435,.F.);
#3034=ORIENTED_EDGE('',*,*,#4402,.F.);
#3035=ORIENTED_EDGE('',*,*,#4421,.F.);
#3036=ORIENTED_EDGE('',*,*,#4349,.F.);
#3037=ORIENTED_EDGE('',*,*,#4436,.F.);
#3038=ORIENTED_EDGE('',*,*,#4437,.F.);
#3039=ORIENTED_EDGE('',*,*,#4327,.F.);
#3040=ORIENTED_EDGE('',*,*,#4143,.F.);
#3041=ORIENTED_EDGE('',*,*,#4409,.F.);
#3042=ORIENTED_EDGE('',*,*,#4434,.T.);
#3043=ORIENTED_EDGE('',*,*,#4424,.F.);
#3044=ORIENTED_EDGE('',*,*,#4323,.T.);
#3045=ORIENTED_EDGE('',*,*,#4333,.F.);
#3046=ORIENTED_EDGE('',*,*,#4438,.F.);
#3047=ORIENTED_EDGE('',*,*,#4439,.F.);
#3048=ORIENTED_EDGE('',*,*,#4440,.T.);
#3049=ORIENTED_EDGE('',*,*,#4330,.T.);
#3050=ORIENTED_EDGE('',*,*,#4328,.T.);
#3051=ORIENTED_EDGE('',*,*,#4325,.T.);
#3052=ORIENTED_EDGE('',*,*,#4437,.T.);
#3053=ORIENTED_EDGE('',*,*,#4348,.F.);
#3054=ORIENTED_EDGE('',*,*,#4340,.F.);
#3055=ORIENTED_EDGE('',*,*,#4285,.F.);
#3056=ORIENTED_EDGE('',*,*,#4288,.F.);
#3057=ORIENTED_EDGE('',*,*,#4347,.F.);
#3058=ORIENTED_EDGE('',*,*,#4441,.F.);
#3059=ORIENTED_EDGE('',*,*,#4439,.T.);
#3060=ORIENTED_EDGE('',*,*,#4436,.T.);
#3061=ORIENTED_EDGE('',*,*,#4334,.F.);
#3062=ORIENTED_EDGE('',*,*,#4318,.F.);
#3063=ORIENTED_EDGE('',*,*,#4423,.F.);
#3064=ORIENTED_EDGE('',*,*,#4419,.T.);
#3065=ORIENTED_EDGE('',*,*,#4411,.F.);
#3066=ORIENTED_EDGE('',*,*,#4147,.F.);
#3067=ORIENTED_EDGE('',*,*,#4331,.T.);
#3068=ORIENTED_EDGE('',*,*,#4440,.F.);
#3069=ORIENTED_EDGE('',*,*,#4441,.T.);
#3070=ORIENTED_EDGE('',*,*,#4346,.T.);
#3071=ORIENTED_EDGE('',*,*,#4442,.T.);
#3072=ORIENTED_EDGE('',*,*,#4443,.T.);
#3073=ORIENTED_EDGE('',*,*,#4344,.T.);
#3074=ORIENTED_EDGE('',*,*,#4337,.T.);
#3075=ORIENTED_EDGE('',*,*,#4278,.F.);
#3076=ORIENTED_EDGE('',*,*,#4444,.F.);
#3077=ORIENTED_EDGE('',*,*,#4445,.T.);
#3078=ORIENTED_EDGE('',*,*,#4444,.T.);
#3079=ORIENTED_EDGE('',*,*,#4277,.F.);
#3080=ORIENTED_EDGE('',*,*,#4446,.F.);
#3081=ORIENTED_EDGE('',*,*,#4447,.T.);
#3082=ORIENTED_EDGE('',*,*,#4446,.T.);
#3083=ORIENTED_EDGE('',*,*,#4280,.F.);
#3084=ORIENTED_EDGE('',*,*,#4336,.F.);
#3085=ORIENTED_EDGE('',*,*,#4343,.T.);
#3086=ORIENTED_EDGE('',*,*,#4342,.F.);
#3087=ORIENTED_EDGE('',*,*,#4438,.T.);
#3088=ORIENTED_EDGE('',*,*,#4332,.F.);
#3089=ORIENTED_EDGE('',*,*,#4442,.F.);
#3090=ORIENTED_EDGE('',*,*,#4345,.F.);
#3091=ORIENTED_EDGE('',*,*,#4443,.F.);
#3092=ORIENTED_EDGE('',*,*,#4445,.F.);
#3093=ORIENTED_EDGE('',*,*,#4447,.F.);
#3094=ORIENTED_EDGE('',*,*,#4448,.T.);
#3095=ORIENTED_EDGE('',*,*,#4449,.T.);
#3096=ORIENTED_EDGE('',*,*,#4450,.T.);
#3097=ORIENTED_EDGE('',*,*,#4448,.F.);
#3098=ORIENTED_EDGE('',*,*,#4451,.F.);
#3099=ORIENTED_EDGE('',*,*,#4452,.T.);
#3100=ORIENTED_EDGE('',*,*,#4453,.F.);
#3101=ORIENTED_EDGE('',*,*,#4365,.F.);
#3102=ORIENTED_EDGE('',*,*,#4454,.T.);
#3103=ORIENTED_EDGE('',*,*,#4395,.T.);
#3104=ORIENTED_EDGE('',*,*,#4455,.T.);
#3105=ORIENTED_EDGE('',*,*,#4449,.F.);
#3106=ORIENTED_EDGE('',*,*,#4454,.F.);
#3107=ORIENTED_EDGE('',*,*,#4394,.T.);
#3108=ORIENTED_EDGE('',*,*,#4451,.T.);
#3109=ORIENTED_EDGE('',*,*,#4450,.F.);
#3110=ORIENTED_EDGE('',*,*,#4455,.F.);
#3111=ORIENTED_EDGE('',*,*,#4456,.T.);
#3112=ORIENTED_EDGE('',*,*,#4452,.F.);
#3113=ORIENTED_EDGE('',*,*,#4393,.T.);
#3114=ORIENTED_EDGE('',*,*,#4385,.T.);
#3115=ORIENTED_EDGE('',*,*,#4382,.T.);
#3116=ORIENTED_EDGE('',*,*,#4378,.T.);
#3117=ORIENTED_EDGE('',*,*,#4389,.T.);
#3118=ORIENTED_EDGE('',*,*,#4351,.F.);
#3119=ORIENTED_EDGE('',*,*,#4350,.F.);
#3120=ORIENTED_EDGE('',*,*,#4453,.T.);
#3121=ORIENTED_EDGE('',*,*,#4456,.F.);
#3122=ORIENTED_EDGE('',*,*,#4457,.T.);
#3123=ORIENTED_EDGE('',*,*,#4122,.F.);
#3124=ORIENTED_EDGE('',*,*,#4457,.F.);
#3125=ORIENTED_EDGE('',*,*,#4458,.T.);
#3126=ORIENTED_EDGE('',*,*,#4121,.F.);
#3127=ORIENTED_EDGE('',*,*,#4458,.F.);
#3128=ORIENTED_EDGE('',*,*,#4459,.T.);
#3129=ORIENTED_EDGE('',*,*,#4120,.F.);
#3130=ORIENTED_EDGE('',*,*,#4459,.F.);
#3131=ORIENTED_EDGE('',*,*,#4460,.T.);
#3132=ORIENTED_EDGE('',*,*,#4119,.F.);
#3133=ORIENTED_EDGE('',*,*,#4460,.F.);
#3134=ORIENTED_EDGE('',*,*,#4461,.T.);
#3135=ORIENTED_EDGE('',*,*,#4118,.F.);
#3136=ORIENTED_EDGE('',*,*,#4461,.F.);
#3137=ORIENTED_EDGE('',*,*,#4203,.T.);
#3138=ORIENTED_EDGE('',*,*,#4429,.F.);
#3139=ORIENTED_EDGE('',*,*,#4204,.F.);
#3140=ORIENTED_EDGE('',*,*,#4462,.T.);
#3141=ORIENTED_EDGE('',*,*,#4196,.T.);
#3142=ORIENTED_EDGE('',*,*,#4462,.F.);
#3143=ORIENTED_EDGE('',*,*,#4194,.T.);
#3144=ORIENTED_EDGE('',*,*,#4428,.F.);
#3145=ORIENTED_EDGE('',*,*,#4195,.F.);
#3146=ORIENTED_EDGE('',*,*,#4463,.T.);
#3147=ORIENTED_EDGE('',*,*,#4187,.T.);
#3148=ORIENTED_EDGE('',*,*,#4463,.F.);
#3149=ORIENTED_EDGE('',*,*,#4185,.T.);
#3150=ORIENTED_EDGE('',*,*,#4117,.F.);
#3151=ORIENTED_EDGE('',*,*,#4186,.F.);
#3152=ORIENTED_EDGE('',*,*,#4464,.T.);
#3153=ORIENTED_EDGE('',*,*,#4178,.T.);
#3154=ORIENTED_EDGE('',*,*,#4464,.F.);
#3155=ORIENTED_EDGE('',*,*,#4176,.T.);
#3156=ORIENTED_EDGE('',*,*,#4116,.F.);
#3157=ORIENTED_EDGE('',*,*,#4177,.F.);
#3158=ORIENTED_EDGE('',*,*,#4465,.T.);
#3159=ORIENTED_EDGE('',*,*,#4169,.T.);
#3160=ORIENTED_EDGE('',*,*,#4465,.F.);
#3161=ORIENTED_EDGE('',*,*,#4115,.F.);
#3162=ORIENTED_EDGE('',*,*,#4167,.T.);
#3163=ORIENTED_EDGE('',*,*,#4168,.F.);
#3164=ORIENTED_EDGE('',*,*,#4466,.T.);
#3165=ORIENTED_EDGE('',*,*,#4160,.T.);
#3166=ORIENTED_EDGE('',*,*,#4466,.F.);
#3167=ORIENTED_EDGE('',*,*,#4158,.T.);
#3168=ORIENTED_EDGE('',*,*,#4114,.F.);
#3169=ORIENTED_EDGE('',*,*,#4159,.F.);
#3170=ORIENTED_EDGE('',*,*,#4467,.T.);
#3171=ORIENTED_EDGE('',*,*,#4151,.T.);
#3172=ORIENTED_EDGE('',*,*,#4467,.F.);
#3173=ORIENTED_EDGE('',*,*,#4468,.F.);
#3174=ORIENTED_EDGE('',*,*,#4113,.F.);
#3175=ORIENTED_EDGE('',*,*,#4468,.T.);
#3176=ORIENTED_EDGE('',*,*,#4469,.F.);
#3177=ORIENTED_EDGE('',*,*,#4112,.F.);
#3178=ORIENTED_EDGE('',*,*,#4469,.T.);
#3179=ORIENTED_EDGE('',*,*,#4470,.F.);
#3180=ORIENTED_EDGE('',*,*,#4111,.F.);
#3181=ORIENTED_EDGE('',*,*,#4470,.T.);
#3182=ORIENTED_EDGE('',*,*,#4471,.F.);
#3183=ORIENTED_EDGE('',*,*,#4110,.F.);
#3184=ORIENTED_EDGE('',*,*,#4471,.T.);
#3185=EDGE_CURVE('',#4472,#4473,#5403,.T.);
#3186=EDGE_CURVE('',#4474,#4472,#263,.T.);
#3187=EDGE_CURVE('',#4475,#4474,#5404,.T.);
#3188=EDGE_CURVE('',#4476,#4475,#264,.T.);
#3189=EDGE_CURVE('',#4477,#4476,#5405,.T.);
#3190=EDGE_CURVE('',#4478,#4477,#265,.T.);
#3191=EDGE_CURVE('',#4479,#4478,#5406,.T.);
#3192=EDGE_CURVE('',#4480,#4479,#266,.T.);
#3193=EDGE_CURVE('',#4481,#4480,#5407,.T.);
#3194=EDGE_CURVE('',#4482,#4481,#267,.T.);
#3195=EDGE_CURVE('',#4483,#4482,#5408,.T.);
#3196=EDGE_CURVE('',#4473,#4483,#268,.T.);
#3197=EDGE_CURVE('',#4484,#4485,#269,.T.);
#3198=EDGE_CURVE('',#4486,#4484,#5409,.T.);
#3199=EDGE_CURVE('',#4487,#4486,#270,.T.);
#3200=EDGE_CURVE('',#4488,#4487,#5410,.T.);
#3201=EDGE_CURVE('',#4489,#4488,#271,.T.);
#3202=EDGE_CURVE('',#4490,#4489,#5411,.T.);
#3203=EDGE_CURVE('',#4491,#4490,#272,.T.);
#3204=EDGE_CURVE('',#4492,#4491,#5412,.T.);
#3205=EDGE_CURVE('',#4493,#4492,#273,.T.);
#3206=EDGE_CURVE('',#4494,#4493,#5413,.T.);
#3207=EDGE_CURVE('',#4495,#4494,#274,.T.);
#3208=EDGE_CURVE('',#4485,#4495,#5414,.T.);
#3209=EDGE_CURVE('',#4496,#4496,#275,.T.);
#3210=EDGE_CURVE('',#4472,#4484,#5415,.T.);
#3211=EDGE_CURVE('',#4473,#4486,#5416,.T.);
#3212=EDGE_CURVE('',#4483,#4487,#5417,.T.);
#3213=EDGE_CURVE('',#4482,#4488,#5418,.T.);
#3214=EDGE_CURVE('',#4481,#4489,#5419,.T.);
#3215=EDGE_CURVE('',#4480,#4490,#5420,.T.);
#3216=EDGE_CURVE('',#4479,#4491,#5421,.T.);
#3217=EDGE_CURVE('',#4478,#4492,#5422,.T.);
#3218=EDGE_CURVE('',#4477,#4493,#5423,.T.);
#3219=EDGE_CURVE('',#4476,#4494,#5424,.T.);
#3220=EDGE_CURVE('',#4475,#4495,#5425,.T.);
#3221=EDGE_CURVE('',#4474,#4485,#5426,.T.);
#3222=EDGE_CURVE('',#4497,#4497,#276,.T.);
#3223=EDGE_CURVE('',#4498,#4498,#277,.T.);
#3224=EDGE_CURVE('',#4499,#4499,#278,.T.);
#3225=EDGE_CURVE('',#4500,#4500,#279,.T.);
#3226=EDGE_CURVE('',#4501,#4501,#280,.T.);
#3227=EDGE_CURVE('',#4502,#4502,#281,.T.);
#3228=EDGE_CURVE('',#4503,#4503,#282,.T.);
#3229=EDGE_CURVE('',#4504,#4504,#283,.T.);
#3230=EDGE_CURVE('',#4505,#4505,#284,.T.);
#3231=EDGE_CURVE('',#4506,#4506,#285,.T.);
#3232=EDGE_CURVE('',#4507,#4507,#286,.T.);
#3233=EDGE_CURVE('',#4508,#4508,#287,.T.);
#3234=EDGE_CURVE('',#4509,#4509,#288,.T.);
#3235=EDGE_CURVE('',#4510,#4510,#289,.T.);
#3236=EDGE_CURVE('',#4511,#4511,#290,.T.);
#3237=EDGE_CURVE('',#4512,#4512,#291,.T.);
#3238=EDGE_CURVE('',#4513,#4513,#292,.T.);
#3239=EDGE_CURVE('',#4514,#4514,#293,.T.);
#3240=EDGE_CURVE('',#4515,#4516,#35,.T.);
#3241=EDGE_CURVE('',#4516,#4517,#5427,.T.);
#3242=EDGE_CURVE('',#4517,#4518,#5428,.T.);
#3243=EDGE_CURVE('',#4519,#4518,#5429,.T.);
#3244=EDGE_CURVE('',#4520,#4519,#5430,.T.);
#3245=EDGE_CURVE('',#4520,#4521,#5431,.T.);
#3246=EDGE_CURVE('',#4522,#4521,#5432,.T.);
#3247=EDGE_CURVE('',#4522,#4523,#5433,.T.);
#3248=EDGE_CURVE('',#4523,#4524,#5434,.T.);
#3249=EDGE_CURVE('',#4524,#4525,#294,.T.);
#3250=EDGE_CURVE('',#4525,#4526,#5435,.T.);
#3251=EDGE_CURVE('',#4526,#4527,#295,.T.);
#3252=EDGE_CURVE('',#4528,#4527,#5436,.T.);
#3253=EDGE_CURVE('',#4528,#4529,#296,.T.);
#3254=EDGE_CURVE('',#4530,#4529,#5437,.T.);
#3255=EDGE_CURVE('',#4530,#4515,#297,.T.);
#3256=EDGE_CURVE('',#4531,#4531,#298,.T.);
#3257=EDGE_CURVE('',#4532,#4532,#299,.T.);
#3258=EDGE_CURVE('',#4533,#4533,#300,.T.);
#3259=EDGE_CURVE('',#4534,#4534,#301,.T.);
#3260=EDGE_CURVE('',#4535,#4535,#302,.F.);
#3261=EDGE_CURVE('',#4536,#4536,#303,.F.);
#3262=EDGE_CURVE('',#4537,#4537,#304,.F.);
#3263=EDGE_CURVE('',#4538,#4538,#305,.F.);
#3264=EDGE_CURVE('',#4539,#4540,#5438,.T.);
#3265=EDGE_CURVE('',#4541,#4539,#5439,.T.);
#3266=EDGE_CURVE('',#4542,#4541,#5440,.T.);
#3267=EDGE_CURVE('',#4543,#4542,#5441,.T.);
#3268=EDGE_CURVE('',#4544,#4543,#5442,.T.);
#3269=EDGE_CURVE('',#4540,#4544,#5443,.T.);
#3270=EDGE_CURVE('',#4545,#4546,#5444,.T.);
#3271=EDGE_CURVE('',#4545,#4547,#5445,.T.);
#3272=EDGE_CURVE('',#4547,#4548,#5446,.T.);
#3273=EDGE_CURVE('',#4549,#4548,#5447,.T.);
#3274=EDGE_CURVE('',#4550,#4549,#5448,.T.);
#3275=EDGE_CURVE('',#4551,#4550,#5449,.T.);
#3276=EDGE_CURVE('',#4552,#4551,#5450,.T.);
#3277=EDGE_CURVE('',#4552,#4546,#306,.T.);
#3278=EDGE_CURVE('',#4553,#4553,#307,.T.);
#3279=EDGE_CURVE('',#4554,#4555,#5451,.T.);
#3280=EDGE_CURVE('',#4555,#4556,#5452,.T.);
#3281=EDGE_CURVE('',#4557,#4556,#5453,.F.);
#3282=EDGE_CURVE('',#4557,#4558,#5454,.T.);
#3283=EDGE_CURVE('',#4558,#4559,#308,.F.);
#3284=EDGE_CURVE('',#4559,#4560,#5455,.T.);
#3285=EDGE_CURVE('',#4560,#4561,#5456,.T.);
#3286=EDGE_CURVE('',#4561,#4554,#5457,.T.);
#3287=EDGE_CURVE('',#4562,#4563,#5458,.T.);
#3288=EDGE_CURVE('',#4563,#4564,#5459,.T.);
#3289=EDGE_CURVE('',#4564,#4520,#309,.T.);
#3290=EDGE_CURVE('',#4565,#4519,#310,.T.);
#3291=EDGE_CURVE('',#4565,#4566,#5460,.T.);
#3292=EDGE_CURVE('',#4566,#4567,#5461,.T.);
#3293=EDGE_CURVE('',#4567,#4568,#5462,.T.);
#3294=EDGE_CURVE('',#4568,#4562,#5463,.T.);
#3295=EDGE_CURVE('',#4569,#4570,#5464,.T.);
#3296=EDGE_CURVE('',#4570,#4571,#5465,.T.);
#3297=EDGE_CURVE('',#4571,#4569,#5466,.F.);
#3298=EDGE_CURVE('',#4572,#4573,#5467,.T.);
#3299=EDGE_CURVE('',#4573,#4574,#5468,.T.);
#3300=EDGE_CURVE('',#4574,#4575,#5469,.T.);
#3301=EDGE_CURVE('',#4576,#4575,#5470,.T.);
#3302=EDGE_CURVE('',#4576,#4577,#5471,.T.);
#3303=EDGE_CURVE('',#4551,#4577,#5472,.T.);
#3304=EDGE_CURVE('',#4550,#4572,#5473,.T.);
#3305=EDGE_CURVE('',#4578,#4578,#311,.T.);
#3306=EDGE_CURVE('',#4579,#4580,#5474,.T.);
#3307=EDGE_CURVE('',#4580,#4581,#5475,.T.);
#3308=EDGE_CURVE('',#4581,#4582,#5476,.T.);
#3309=EDGE_CURVE('',#4583,#4582,#5477,.T.);
#3310=EDGE_CURVE('',#4584,#4583,#5478,.T.);
#3311=EDGE_CURVE('',#4585,#4584,#5479,.T.);
#3312=EDGE_CURVE('',#4586,#4585,#5480,.T.);
#3313=EDGE_CURVE('',#4586,#4587,#5481,.T.);
#3314=EDGE_CURVE('',#4579,#4587,#5482,.T.);
#3315=EDGE_CURVE('',#4588,#4588,#312,.T.);
#3316=EDGE_CURVE('',#4589,#4589,#313,.T.);
#3317=EDGE_CURVE('',#4585,#4554,#5483,.T.);
#3318=EDGE_CURVE('',#4584,#4590,#5484,.T.);
#3319=EDGE_CURVE('',#4590,#4591,#5485,.T.);
#3320=EDGE_CURVE('',#4592,#4591,#5486,.T.);
#3321=EDGE_CURVE('',#4593,#4592,#5487,.T.);
#3322=EDGE_CURVE('',#4594,#4593,#5488,.T.);
#3323=EDGE_CURVE('',#4595,#4594,#5489,.T.);
#3324=EDGE_CURVE('',#4549,#4595,#5490,.T.);
#3325=EDGE_CURVE('',#4548,#4596,#5491,.F.);
#3326=EDGE_CURVE('',#4596,#4597,#5492,.T.);
#3327=EDGE_CURVE('',#4597,#4555,#5493,.T.);
#3328=EDGE_CURVE('',#4586,#4561,#5494,.T.);
#3329=EDGE_CURVE('',#4591,#4598,#5495,.T.);
#3330=EDGE_CURVE('',#4598,#4599,#5496,.T.);
#3331=EDGE_CURVE('',#4592,#4599,#5497,.T.);
#3332=EDGE_CURVE('',#4559,#4552,#5498,.F.);
#3333=EDGE_CURVE('',#4600,#4577,#5499,.T.);
#3334=EDGE_CURVE('',#4601,#4600,#5500,.T.);
#3335=EDGE_CURVE('',#4602,#4601,#5501,.T.);
#3336=EDGE_CURVE('',#4602,#4603,#5502,.T.);
#3337=EDGE_CURVE('',#4603,#4604,#5503,.T.);
#3338=EDGE_CURVE('',#4604,#4583,#5504,.T.);
#3339=EDGE_CURVE('',#4582,#4560,#5505,.T.);
#3340=EDGE_CURVE('',#4523,#4605,#5506,.F.);
#3341=EDGE_CURVE('',#4605,#4606,#5507,.T.);
#3342=EDGE_CURVE('',#4606,#4607,#5508,.T.);
#3343=EDGE_CURVE('',#4607,#4524,#5509,.T.);
#3344=EDGE_CURVE('',#4529,#4608,#5510,.F.);
#3345=EDGE_CURVE('',#4609,#4608,#5511,.T.);
#3346=EDGE_CURVE('',#4609,#4530,#5512,.T.);
#3347=EDGE_CURVE('',#4610,#4611,#5513,.T.);
#3348=EDGE_CURVE('',#4611,#4526,#5514,.T.);
#3349=EDGE_CURVE('',#4525,#4610,#5515,.F.);
#3350=EDGE_CURVE('',#4612,#4613,#5516,.T.);
#3351=EDGE_CURVE('',#4612,#4528,#5517,.T.);
#3352=EDGE_CURVE('',#4527,#4613,#5518,.F.);
#3353=EDGE_CURVE('',#4614,#4614,#314,.T.);
#3354=EDGE_CURVE('',#4606,#4615,#5519,.F.);
#3355=EDGE_CURVE('',#4615,#4616,#5520,.T.);
#3356=EDGE_CURVE('',#4616,#4597,#5521,.T.);
#3357=EDGE_CURVE('',#4596,#4563,#5522,.F.);
#3358=EDGE_CURVE('',#4562,#4570,#5523,.T.);
#3359=EDGE_CURVE('',#4569,#4609,#315,.F.);
#3360=EDGE_CURVE('',#4608,#4612,#316,.F.);
#3361=EDGE_CURVE('',#4613,#4611,#317,.F.);
#3362=EDGE_CURVE('',#4610,#4607,#318,.F.);
#3363=EDGE_CURVE('',#4617,#4617,#319,.F.);
#3364=EDGE_CURVE('',#4618,#4618,#320,.F.);
#3365=EDGE_CURVE('',#4619,#4619,#321,.F.);
#3366=EDGE_CURVE('',#4620,#4620,#322,.F.);
#3367=EDGE_CURVE('',#4621,#4621,#323,.T.);
#3368=EDGE_CURVE('',#4622,#4622,#324,.T.);
#3369=EDGE_CURVE('',#4623,#4623,#325,.T.);
#3370=EDGE_CURVE('',#4624,#4624,#326,.T.);
#3371=EDGE_CURVE('',#4625,#4625,#327,.T.);
#3372=EDGE_CURVE('',#4626,#4626,#328,.T.);
#3373=EDGE_CURVE('',#4627,#4627,#329,.T.);
#3374=EDGE_CURVE('',#4628,#4628,#330,.T.);
#3375=EDGE_CURVE('',#4629,#4629,#331,.T.);
#3376=EDGE_CURVE('',#4630,#4630,#332,.T.);
#3377=EDGE_CURVE('',#4631,#4631,#333,.T.);
#3378=EDGE_CURVE('',#4632,#4632,#334,.T.);
#3379=EDGE_CURVE('',#4633,#4633,#335,.T.);
#3380=EDGE_CURVE('',#4634,#4634,#336,.T.);
#3381=EDGE_CURVE('',#4635,#4635,#337,.T.);
#3382=EDGE_CURVE('',#4636,#4636,#338,.T.);
#3383=EDGE_CURVE('',#4637,#4637,#339,.T.);
#3384=EDGE_CURVE('',#4638,#4638,#340,.T.);
#3385=EDGE_CURVE('',#4639,#4639,#341,.T.);
#3386=EDGE_CURVE('',#4640,#4640,#342,.T.);
#3387=EDGE_CURVE('',#4641,#4642,#5524,.T.);
#3388=EDGE_CURVE('',#4642,#4643,#5525,.T.);
#3389=EDGE_CURVE('',#4643,#4644,#5526,.T.);
#3390=EDGE_CURVE('',#4644,#4522,#5527,.F.);
#3391=EDGE_CURVE('',#4645,#4521,#343,.T.);
#3392=EDGE_CURVE('',#4645,#4545,#5528,.F.);
#3393=EDGE_CURVE('',#4546,#4558,#5529,.T.);
#3394=EDGE_CURVE('',#4641,#4557,#344,.T.);
#3395=EDGE_CURVE('',#4572,#4595,#5530,.T.);
#3396=EDGE_CURVE('',#4587,#4646,#5531,.T.);
#3397=EDGE_CURVE('',#4581,#4647,#5532,.T.);
#3398=EDGE_CURVE('',#4646,#4647,#5533,.T.);
#3399=EDGE_CURVE('',#4590,#4604,#5534,.T.);
#3400=EDGE_CURVE('',#4648,#4648,#345,.T.);
#3401=EDGE_CURVE('',#4598,#4603,#5535,.T.);
#3402=EDGE_CURVE('',#4599,#4602,#5536,.T.);
#3403=EDGE_CURVE('',#4593,#4601,#5537,.T.);
#3404=EDGE_CURVE('',#4649,#4649,#346,.T.);
#3405=EDGE_CURVE('',#4594,#4600,#5538,.T.);
#3406=EDGE_CURVE('',#4650,#4651,#5539,.T.);
#3407=EDGE_CURVE('',#4650,#4573,#5540,.T.);
#3408=EDGE_CURVE('',#4651,#4576,#5541,.T.);
#3409=EDGE_CURVE('',#4652,#4540,#5542,.T.);
#3410=EDGE_CURVE('',#4653,#4652,#5543,.T.);
#3411=EDGE_CURVE('',#4653,#4539,#5544,.T.);
#3412=EDGE_CURVE('',#4654,#4544,#5545,.T.);
#3413=EDGE_CURVE('',#4652,#4654,#5546,.T.);
#3414=EDGE_CURVE('',#4655,#4543,#5547,.T.);
#3415=EDGE_CURVE('',#4654,#4655,#5548,.T.);
#3416=EDGE_CURVE('',#4656,#4542,#5549,.T.);
#3417=EDGE_CURVE('',#4655,#4656,#5550,.T.);
#3418=EDGE_CURVE('',#4657,#4541,#5551,.T.);
#3419=EDGE_CURVE('',#4656,#4657,#5552,.T.);
#3420=EDGE_CURVE('',#4657,#4653,#5553,.T.);
#3421=EDGE_CURVE('',#4650,#4658,#5554,.T.);
#3422=EDGE_CURVE('',#4658,#4574,#5555,.T.);
#3423=EDGE_CURVE('',#4659,#4575,#5556,.T.);
#3424=EDGE_CURVE('',#4651,#4659,#5557,.T.);
#3425=EDGE_CURVE('',#4658,#4659,#5558,.T.);
#3426=EDGE_CURVE('',#4660,#4646,#5559,.T.);
#3427=EDGE_CURVE('',#4579,#4660,#5560,.T.);
#3428=EDGE_CURVE('',#4661,#4647,#5561,.T.);
#3429=EDGE_CURVE('',#4660,#4661,#5562,.T.);
#3430=EDGE_CURVE('',#4580,#4661,#5563,.T.);
#3431=EDGE_CURVE('',#4571,#4515,#36,.T.);
#3432=EDGE_CURVE('',#4662,#4663,#5564,.T.);
#3433=EDGE_CURVE('',#4663,#4664,#5565,.T.);
#3434=EDGE_CURVE('',#4664,#4665,#37,.T.);
#3435=EDGE_CURVE('',#4665,#4568,#38,.T.);
#3436=EDGE_CURVE('',#4567,#4666,#5566,.T.);
#3437=EDGE_CURVE('',#4666,#4667,#5567,.T.);
#3438=EDGE_CURVE('',#4667,#4668,#5568,.T.);
#3439=EDGE_CURVE('',#4669,#4668,#5569,.T.);
#3440=EDGE_CURVE('',#4669,#4670,#5570,.F.);
#3441=EDGE_CURVE('',#4671,#4670,#5571,.T.);
#3442=EDGE_CURVE('',#4671,#4672,#5572,.T.);
#3443=EDGE_CURVE('',#4672,#4673,#5573,.T.);
#3444=EDGE_CURVE('',#4673,#4662,#5574,.T.);
#3445=EDGE_CURVE('',#4674,#4518,#347,.T.);
#3446=EDGE_CURVE('',#4565,#4674,#5575,.T.);
#3447=EDGE_CURVE('',#4674,#4675,#5576,.T.);
#3448=EDGE_CURVE('',#4675,#4676,#5577,.T.);
#3449=EDGE_CURVE('',#4677,#4676,#5578,.T.);
#3450=EDGE_CURVE('',#4566,#4677,#5579,.T.);
#3451=EDGE_CURVE('',#4676,#4678,#5580,.T.);
#3452=EDGE_CURVE('',#4679,#4678,#5581,.T.);
#3453=EDGE_CURVE('',#4679,#4677,#5582,.T.);
#3454=EDGE_CURVE('',#4662,#4675,#5583,.T.);
#3455=EDGE_CURVE('',#4517,#4663,#5584,.T.);
#3456=EDGE_CURVE('',#4668,#4680,#5585,.T.);
#3457=EDGE_CURVE('',#4681,#4680,#5586,.T.);
#3458=EDGE_CURVE('',#4681,#4669,#5587,.T.);
#3459=EDGE_CURVE('',#4670,#4682,#5588,.T.);
#3460=EDGE_CURVE('',#4683,#4682,#5589,.T.);
#3461=EDGE_CURVE('',#4671,#4683,#5590,.T.);
#3462=EDGE_CURVE('',#4683,#4684,#5591,.T.);
#3463=EDGE_CURVE('',#4672,#4684,#5592,.T.);
#3464=EDGE_CURVE('',#4673,#4678,#5593,.T.);
#3465=EDGE_CURVE('',#4684,#4678,#5594,.T.);
#3466=EDGE_CURVE('',#4666,#4685,#5595,.T.);
#3467=EDGE_CURVE('',#4685,#4686,#5596,.T.);
#3468=EDGE_CURVE('',#4686,#4667,#5597,.T.);
#3469=EDGE_CURVE('',#4685,#4679,#5598,.T.);
#3470=EDGE_CURVE('',#4682,#4681,#5599,.F.);
#3471=EDGE_CURVE('',#4680,#4686,#5600,.T.);
#3472=EDGE_CURVE('',#4566,#4685,#5601,.F.);
#3473=EDGE_CURVE('',#4687,#4688,#5602,.T.);
#3474=EDGE_CURVE('',#4688,#4642,#5603,.T.);
#3475=EDGE_CURVE('',#4689,#4641,#5604,.T.);
#3476=EDGE_CURVE('',#4689,#4690,#5605,.T.);
#3477=EDGE_CURVE('',#4690,#4687,#5606,.T.);
#3478=EDGE_CURVE('',#4691,#4692,#5607,.T.);
#3479=EDGE_CURVE('',#4691,#4688,#5608,.T.);
#3480=EDGE_CURVE('',#4687,#4692,#5609,.T.);
#3481=EDGE_CURVE('',#4689,#4693,#348,.T.);
#3482=EDGE_CURVE('',#4693,#4616,#5610,.T.);
#3483=EDGE_CURVE('',#4694,#4615,#5611,.T.);
#3484=EDGE_CURVE('',#4695,#4694,#5612,.T.);
#3485=EDGE_CURVE('',#4695,#4690,#5613,.T.);
#3486=EDGE_CURVE('',#4556,#4693,#27,.F.);
#3487=EDGE_CURVE('',#4694,#4644,#5614,.T.);
#3488=EDGE_CURVE('',#4643,#4696,#5615,.T.);
#3489=EDGE_CURVE('',#4697,#4696,#5616,.T.);
#3490=EDGE_CURVE('',#4698,#4697,#5617,.T.);
#3491=EDGE_CURVE('',#4698,#4699,#5618,.T.);
#3492=EDGE_CURVE('',#4699,#4700,#5619,.F.);
#3493=EDGE_CURVE('',#4700,#4701,#5620,.T.);
#3494=EDGE_CURVE('',#4701,#4702,#5621,.T.);
#3495=EDGE_CURVE('',#4703,#4702,#5622,.T.);
#3496=EDGE_CURVE('',#4703,#4695,#5623,.F.);
#3497=EDGE_CURVE('',#4564,#4704,#28,.T.);
#3498=EDGE_CURVE('',#4704,#4645,#5624,.T.);
#3499=EDGE_CURVE('',#4705,#4706,#5625,.T.);
#3500=EDGE_CURVE('',#4706,#4701,#5626,.T.);
#3501=EDGE_CURVE('',#4700,#4705,#5627,.T.);
#3502=EDGE_CURVE('',#4707,#4708,#5628,.T.);
#3503=EDGE_CURVE('',#4707,#4703,#5629,.T.);
#3504=EDGE_CURVE('',#4702,#4708,#5630,.T.);
#3505=EDGE_CURVE('',#4696,#4691,#5631,.T.);
#3506=EDGE_CURVE('',#4709,#4691,#5632,.T.);
#3507=EDGE_CURVE('',#4697,#4709,#5633,.T.);
#3508=EDGE_CURVE('',#4710,#4709,#5634,.T.);
#3509=EDGE_CURVE('',#4698,#4710,#5635,.T.);
#3510=EDGE_CURVE('',#4710,#4711,#5636,.T.);
#3511=EDGE_CURVE('',#4711,#4699,#5637,.T.);
#3512=EDGE_CURVE('',#4692,#4707,#5638,.T.);
#3513=EDGE_CURVE('',#4708,#4706,#5639,.T.);
#3514=EDGE_CURVE('',#4705,#4711,#5640,.F.);
#3515=EDGE_CURVE('',#4707,#4690,#5641,.T.);
#3516=EDGE_CURVE('',#4605,#4694,#5642,.T.);
#3517=EDGE_CURVE('',#4568,#4571,#39,.T.);
#3518=EDGE_CURVE('',#4664,#4516,#40,.T.);
#3519=EDGE_CURVE('',#4704,#4547,#5643,.F.);
#3520=EDGE_CURVE('',#4712,#4712,#349,.T.);
#3521=EDGE_CURVE('',#4713,#4714,#5644,.T.);
#3522=EDGE_CURVE('',#4713,#4715,#5645,.T.);
#3523=EDGE_CURVE('',#4715,#4716,#5646,.T.);
#3524=EDGE_CURVE('',#4716,#4717,#5647,.T.);
#3525=EDGE_CURVE('',#4717,#4718,#5648,.T.);
#3526=EDGE_CURVE('',#4718,#4714,#5649,.T.);
#3527=EDGE_CURVE('',#4719,#4719,#350,.F.);
#3528=EDGE_CURVE('',#4720,#4720,#351,.T.);
#3529=EDGE_CURVE('',#4721,#4721,#352,.F.);
#3530=EDGE_CURVE('',#4722,#4722,#353,.T.);
#3531=EDGE_CURVE('',#4723,#4723,#354,.F.);
#3532=EDGE_CURVE('',#4724,#4724,#355,.T.);
#3533=EDGE_CURVE('',#4725,#4726,#5650,.T.);
#3534=EDGE_CURVE('',#4727,#4726,#5651,.T.);
#3535=EDGE_CURVE('',#4728,#4727,#5652,.T.);
#3536=EDGE_CURVE('',#4728,#4725,#5653,.T.);
#3537=EDGE_CURVE('',#4729,#4729,#29,.F.);
#3538=EDGE_CURVE('',#4730,#4730,#30,.F.);
#3539=EDGE_CURVE('',#4731,#4732,#5654,.T.);
#3540=EDGE_CURVE('',#4732,#4733,#5655,.T.);
#3541=EDGE_CURVE('',#4733,#4734,#5656,.T.);
#3542=EDGE_CURVE('',#4734,#4731,#5657,.F.);
#3543=EDGE_CURVE('',#4725,#4735,#5658,.T.);
#3544=EDGE_CURVE('',#4735,#4736,#5659,.T.);
#3545=EDGE_CURVE('',#4736,#4737,#5660,.T.);
#3546=EDGE_CURVE('',#4738,#4737,#5661,.T.);
#3547=EDGE_CURVE('',#4739,#4738,#5662,.T.);
#3548=EDGE_CURVE('',#4739,#4740,#5663,.F.);
#3549=EDGE_CURVE('',#4726,#4740,#5664,.T.);
#3550=EDGE_CURVE('',#4741,#4742,#5665,.T.);
#3551=EDGE_CURVE('',#4741,#4743,#5666,.F.);
#3552=EDGE_CURVE('',#4743,#4744,#5667,.T.);
#3553=EDGE_CURVE('',#4744,#4745,#5668,.T.);
#3554=EDGE_CURVE('',#4746,#4745,#5669,.T.);
#3555=EDGE_CURVE('',#4746,#4742,#5670,.F.);
#3556=EDGE_CURVE('',#4747,#4748,#5671,.T.);
#3557=EDGE_CURVE('',#4747,#4749,#5672,.F.);
#3558=EDGE_CURVE('',#4750,#4749,#5673,.T.);
#3559=EDGE_CURVE('',#4750,#4748,#5674,.T.);
#3560=EDGE_CURVE('',#4751,#4752,#5675,.T.);
#3561=EDGE_CURVE('',#4752,#4753,#5676,.F.);
#3562=EDGE_CURVE('',#4754,#4753,#5677,.T.);
#3563=EDGE_CURVE('',#4754,#4751,#5678,.T.);
#3564=EDGE_CURVE('',#4755,#4756,#5679,.T.);
#3565=EDGE_CURVE('',#4755,#4757,#5680,.T.);
#3566=EDGE_CURVE('',#4757,#4758,#5681,.T.);
#3567=EDGE_CURVE('',#4756,#4758,#5682,.T.);
#3568=EDGE_CURVE('',#4759,#4760,#5683,.T.);
#3569=EDGE_CURVE('',#4759,#4755,#5684,.T.);
#3570=EDGE_CURVE('',#4760,#4756,#5685,.T.);
#3571=EDGE_CURVE('',#4761,#4761,#356,.F.);
#3572=EDGE_CURVE('',#4762,#4762,#357,.F.);
#3573=EDGE_CURVE('',#4759,#4754,#5686,.T.);
#3574=EDGE_CURVE('',#4760,#4751,#5687,.T.);
#3575=EDGE_CURVE('',#4757,#4763,#5688,.T.);
#3576=EDGE_CURVE('',#4763,#4764,#5689,.T.);
#3577=EDGE_CURVE('',#4764,#4728,#5690,.T.);
#3578=EDGE_CURVE('',#4765,#4727,#5691,.T.);
#3579=EDGE_CURVE('',#4765,#4766,#5692,.F.);
#3580=EDGE_CURVE('',#4758,#4766,#5693,.T.);
#3581=EDGE_CURVE('',#4767,#4768,#5694,.T.);
#3582=EDGE_CURVE('',#4769,#4767,#5695,.T.);
#3583=EDGE_CURVE('',#4770,#4769,#5696,.T.);
#3584=EDGE_CURVE('',#4771,#4770,#5697,.T.);
#3585=EDGE_CURVE('',#4772,#4771,#5698,.T.);
#3586=EDGE_CURVE('',#4768,#4772,#5699,.T.);
#3587=EDGE_CURVE('',#4773,#4774,#5700,.T.);
#3588=EDGE_CURVE('',#4775,#4773,#5701,.T.);
#3589=EDGE_CURVE('',#4776,#4775,#5702,.T.);
#3590=EDGE_CURVE('',#4777,#4776,#5703,.T.);
#3591=EDGE_CURVE('',#4778,#4777,#5704,.T.);
#3592=EDGE_CURVE('',#4774,#4778,#5705,.T.);
#3593=EDGE_CURVE('',#4779,#4780,#5706,.T.);
#3594=EDGE_CURVE('',#4781,#4779,#5707,.T.);
#3595=EDGE_CURVE('',#4782,#4781,#5708,.T.);
#3596=EDGE_CURVE('',#4783,#4782,#5709,.T.);
#3597=EDGE_CURVE('',#4784,#4783,#5710,.T.);
#3598=EDGE_CURVE('',#4780,#4784,#5711,.T.);
#3599=EDGE_CURVE('',#4764,#4741,#358,.T.);
#3600=EDGE_CURVE('',#4742,#4750,#359,.T.);
#3601=EDGE_CURVE('',#4749,#4732,#360,.T.);
#3602=EDGE_CURVE('',#4731,#4735,#361,.T.);
#3603=EDGE_CURVE('',#4743,#4763,#362,.F.);
#3604=EDGE_CURVE('',#4753,#4744,#363,.T.);
#3605=EDGE_CURVE('',#4785,#4737,#5712,.T.);
#3606=EDGE_CURVE('',#4785,#4786,#5713,.T.);
#3607=EDGE_CURVE('',#4786,#4738,#5714,.T.);
#3608=EDGE_CURVE('',#4733,#4747,#364,.T.);
#3609=EDGE_CURVE('',#4748,#4746,#365,.T.);
#3610=EDGE_CURVE('',#4745,#4785,#366,.T.);
#3611=EDGE_CURVE('',#4736,#4734,#367,.T.);
#3612=EDGE_CURVE('',#4787,#4788,#5715,.T.);
#3613=EDGE_CURVE('',#4787,#4789,#5716,.F.);
#3614=EDGE_CURVE('',#4790,#4789,#5717,.T.);
#3615=EDGE_CURVE('',#4790,#4788,#5718,.T.);
#3616=EDGE_CURVE('',#4791,#4792,#5719,.T.);
#3617=EDGE_CURVE('',#4792,#4793,#5720,.T.);
#3618=EDGE_CURVE('',#4793,#4794,#5721,.T.);
#3619=EDGE_CURVE('',#4794,#4791,#5722,.F.);
#3620=EDGE_CURVE('',#4795,#4795,#368,.T.);
#3621=EDGE_CURVE('',#4796,#4796,#369,.T.);
#3622=EDGE_CURVE('',#4797,#4797,#370,.T.);
#3623=EDGE_CURVE('',#4715,#4765,#371,.T.);
#3624=EDGE_CURVE('',#4740,#4790,#372,.T.);
#3625=EDGE_CURVE('',#4789,#4792,#373,.T.);
#3626=EDGE_CURVE('',#4791,#4716,#374,.T.);
#3627=EDGE_CURVE('',#4766,#4713,#375,.F.);
#3628=EDGE_CURVE('',#4714,#4752,#376,.T.);
#3629=EDGE_CURVE('',#4798,#4798,#377,.F.);
#3630=EDGE_CURVE('',#4799,#4799,#378,.F.);
#3631=EDGE_CURVE('',#4800,#4800,#379,.F.);
#3632=EDGE_CURVE('',#4793,#4787,#380,.T.);
#3633=EDGE_CURVE('',#4788,#4739,#381,.T.);
#3634=EDGE_CURVE('',#4786,#4718,#382,.T.);
#3635=EDGE_CURVE('',#4717,#4794,#383,.T.);
#3636=EDGE_CURVE('',#4801,#4801,#384,.T.);
#3637=EDGE_CURVE('',#4802,#4802,#385,.T.);
#3638=EDGE_CURVE('',#4803,#4803,#386,.T.);
#3639=EDGE_CURVE('',#4804,#4804,#387,.T.);
#3640=EDGE_CURVE('',#4805,#4805,#388,.T.);
#3641=EDGE_CURVE('',#4806,#4806,#389,.T.);
#3642=EDGE_CURVE('',#4807,#4807,#390,.T.);
#3643=EDGE_CURVE('',#4808,#4808,#391,.T.);
#3644=EDGE_CURVE('',#4809,#4809,#392,.T.);
#3645=EDGE_CURVE('',#4810,#4810,#393,.T.);
#3646=EDGE_CURVE('',#4811,#4768,#5723,.T.);
#3647=EDGE_CURVE('',#4812,#4811,#5724,.T.);
#3648=EDGE_CURVE('',#4812,#4767,#5725,.T.);
#3649=EDGE_CURVE('',#4813,#4772,#5726,.T.);
#3650=EDGE_CURVE('',#4811,#4813,#5727,.T.);
#3651=EDGE_CURVE('',#4814,#4771,#5728,.T.);
#3652=EDGE_CURVE('',#4813,#4814,#5729,.T.);
#3653=EDGE_CURVE('',#4815,#4770,#5730,.T.);
#3654=EDGE_CURVE('',#4814,#4815,#5731,.T.);
#3655=EDGE_CURVE('',#4816,#4769,#5732,.T.);
#3656=EDGE_CURVE('',#4815,#4816,#5733,.T.);
#3657=EDGE_CURVE('',#4816,#4812,#5734,.T.);
#3658=EDGE_CURVE('',#4817,#4774,#5735,.T.);
#3659=EDGE_CURVE('',#4818,#4817,#5736,.T.);
#3660=EDGE_CURVE('',#4818,#4773,#5737,.T.);
#3661=EDGE_CURVE('',#4819,#4778,#5738,.T.);
#3662=EDGE_CURVE('',#4817,#4819,#5739,.T.);
#3663=EDGE_CURVE('',#4820,#4777,#5740,.T.);
#3664=EDGE_CURVE('',#4819,#4820,#5741,.T.);
#3665=EDGE_CURVE('',#4821,#4776,#5742,.T.);
#3666=EDGE_CURVE('',#4820,#4821,#5743,.T.);
#3667=EDGE_CURVE('',#4822,#4775,#5744,.T.);
#3668=EDGE_CURVE('',#4821,#4822,#5745,.T.);
#3669=EDGE_CURVE('',#4822,#4818,#5746,.T.);
#3670=EDGE_CURVE('',#4823,#4780,#5747,.T.);
#3671=EDGE_CURVE('',#4824,#4823,#5748,.T.);
#3672=EDGE_CURVE('',#4824,#4779,#5749,.T.);
#3673=EDGE_CURVE('',#4825,#4784,#5750,.T.);
#3674=EDGE_CURVE('',#4823,#4825,#5751,.T.);
#3675=EDGE_CURVE('',#4826,#4783,#5752,.T.);
#3676=EDGE_CURVE('',#4825,#4826,#5753,.T.);
#3677=EDGE_CURVE('',#4827,#4782,#5754,.T.);
#3678=EDGE_CURVE('',#4826,#4827,#5755,.T.);
#3679=EDGE_CURVE('',#4828,#4781,#5756,.T.);
#3680=EDGE_CURVE('',#4827,#4828,#5757,.T.);
#3681=EDGE_CURVE('',#4828,#4824,#5758,.T.);
#3682=EDGE_CURVE('',#4829,#4830,#5759,.T.);
#3683=EDGE_CURVE('',#4831,#4829,#394,.T.);
#3684=EDGE_CURVE('',#4832,#4831,#5760,.T.);
#3685=EDGE_CURVE('',#4833,#4832,#395,.T.);
#3686=EDGE_CURVE('',#4834,#4833,#5761,.T.);
#3687=EDGE_CURVE('',#4835,#4834,#396,.T.);
#3688=EDGE_CURVE('',#4836,#4835,#5762,.T.);
#3689=EDGE_CURVE('',#4837,#4836,#397,.T.);
#3690=EDGE_CURVE('',#4838,#4837,#5763,.T.);
#3691=EDGE_CURVE('',#4839,#4838,#398,.T.);
#3692=EDGE_CURVE('',#4840,#4839,#5764,.T.);
#3693=EDGE_CURVE('',#4830,#4840,#399,.T.);
#3694=EDGE_CURVE('',#4841,#4842,#400,.T.);
#3695=EDGE_CURVE('',#4843,#4841,#5765,.T.);
#3696=EDGE_CURVE('',#4844,#4843,#401,.T.);
#3697=EDGE_CURVE('',#4845,#4844,#5766,.T.);
#3698=EDGE_CURVE('',#4846,#4845,#402,.T.);
#3699=EDGE_CURVE('',#4847,#4846,#5767,.T.);
#3700=EDGE_CURVE('',#4848,#4847,#403,.T.);
#3701=EDGE_CURVE('',#4849,#4848,#5768,.T.);
#3702=EDGE_CURVE('',#4850,#4849,#404,.T.);
#3703=EDGE_CURVE('',#4851,#4850,#5769,.T.);
#3704=EDGE_CURVE('',#4852,#4851,#405,.T.);
#3705=EDGE_CURVE('',#4842,#4852,#5770,.T.);
#3706=EDGE_CURVE('',#4853,#4853,#406,.T.);
#3707=EDGE_CURVE('',#4829,#4841,#5771,.T.);
#3708=EDGE_CURVE('',#4830,#4843,#5772,.T.);
#3709=EDGE_CURVE('',#4840,#4844,#5773,.T.);
#3710=EDGE_CURVE('',#4839,#4845,#5774,.T.);
#3711=EDGE_CURVE('',#4838,#4846,#5775,.T.);
#3712=EDGE_CURVE('',#4837,#4847,#5776,.T.);
#3713=EDGE_CURVE('',#4836,#4848,#5777,.T.);
#3714=EDGE_CURVE('',#4835,#4849,#5778,.T.);
#3715=EDGE_CURVE('',#4834,#4850,#5779,.T.);
#3716=EDGE_CURVE('',#4833,#4851,#5780,.T.);
#3717=EDGE_CURVE('',#4832,#4852,#5781,.T.);
#3718=EDGE_CURVE('',#4831,#4842,#5782,.T.);
#3719=EDGE_CURVE('',#4854,#4854,#407,.T.);
#3720=EDGE_CURVE('',#4855,#4855,#408,.T.);
#3721=EDGE_CURVE('',#4856,#4856,#409,.T.);
#3722=EDGE_CURVE('',#4857,#4857,#410,.T.);
#3723=EDGE_CURVE('',#4858,#4858,#411,.T.);
#3724=EDGE_CURVE('',#4859,#4859,#412,.T.);
#3725=EDGE_CURVE('',#4860,#4860,#413,.T.);
#3726=EDGE_CURVE('',#4861,#4861,#414,.T.);
#3727=EDGE_CURVE('',#4862,#4862,#415,.T.);
#3728=EDGE_CURVE('',#4863,#4863,#416,.T.);
#3729=EDGE_CURVE('',#4864,#4864,#417,.T.);
#3730=EDGE_CURVE('',#4865,#4865,#418,.T.);
#3731=EDGE_CURVE('',#4866,#4866,#419,.T.);
#3732=EDGE_CURVE('',#4867,#4867,#420,.T.);
#3733=EDGE_CURVE('',#4868,#4868,#421,.T.);
#3734=EDGE_CURVE('',#4869,#4869,#422,.T.);
#3735=EDGE_CURVE('',#4870,#4870,#423,.T.);
#3736=EDGE_CURVE('',#4871,#4871,#424,.T.);
#3737=EDGE_CURVE('',#4872,#4873,#5783,.T.);
#3738=EDGE_CURVE('',#4874,#4873,#5784,.T.);
#3739=EDGE_CURVE('',#4875,#4874,#5785,.T.);
#3740=EDGE_CURVE('',#4876,#4875,#5786,.T.);
#3741=EDGE_CURVE('',#4877,#4876,#5787,.T.);
#3742=EDGE_CURVE('',#4872,#4877,#5788,.T.);
#3743=EDGE_CURVE('',#4878,#4878,#425,.F.);
#3744=EDGE_CURVE('',#4879,#4879,#426,.T.);
#3745=EDGE_CURVE('',#4880,#4880,#427,.F.);
#3746=EDGE_CURVE('',#4881,#4881,#428,.T.);
#3747=EDGE_CURVE('',#4882,#4882,#429,.F.);
#3748=EDGE_CURVE('',#4883,#4883,#430,.T.);
#3749=EDGE_CURVE('',#4884,#4885,#5789,.T.);
#3750=EDGE_CURVE('',#4886,#4884,#5790,.T.);
#3751=EDGE_CURVE('',#4886,#4887,#5791,.T.);
#3752=EDGE_CURVE('',#4887,#4885,#5792,.T.);
#3753=EDGE_CURVE('',#4888,#4888,#31,.F.);
#3754=EDGE_CURVE('',#4889,#4889,#32,.F.);
#3755=EDGE_CURVE('',#4890,#4891,#5793,.T.);
#3756=EDGE_CURVE('',#4892,#4890,#5794,.F.);
#3757=EDGE_CURVE('',#4893,#4892,#5795,.T.);
#3758=EDGE_CURVE('',#4891,#4893,#5796,.T.);
#3759=EDGE_CURVE('',#4884,#4894,#5797,.T.);
#3760=EDGE_CURVE('',#4885,#4895,#5798,.T.);
#3761=EDGE_CURVE('',#4896,#4895,#5799,.F.);
#3762=EDGE_CURVE('',#4896,#4897,#5800,.T.);
#3763=EDGE_CURVE('',#4897,#4898,#5801,.T.);
#3764=EDGE_CURVE('',#4899,#4898,#5802,.T.);
#3765=EDGE_CURVE('',#4894,#4899,#5803,.T.);
#3766=EDGE_CURVE('',#4900,#4901,#5804,.T.);
#3767=EDGE_CURVE('',#4902,#4901,#5805,.F.);
#3768=EDGE_CURVE('',#4902,#4903,#5806,.T.);
#3769=EDGE_CURVE('',#4904,#4903,#5807,.T.);
#3770=EDGE_CURVE('',#4905,#4904,#5808,.T.);
#3771=EDGE_CURVE('',#4900,#4905,#5809,.F.);
#3772=EDGE_CURVE('',#4906,#4907,#5810,.T.);
#3773=EDGE_CURVE('',#4908,#4907,#5811,.T.);
#3774=EDGE_CURVE('',#4908,#4909,#5812,.T.);
#3775=EDGE_CURVE('',#4906,#4909,#5813,.F.);
#3776=EDGE_CURVE('',#4910,#4911,#5814,.T.);
#3777=EDGE_CURVE('',#4912,#4910,#5815,.T.);
#3778=EDGE_CURVE('',#4912,#4913,#5816,.T.);
#3779=EDGE_CURVE('',#4911,#4913,#5817,.F.);
#3780=EDGE_CURVE('',#4914,#4915,#5818,.T.);
#3781=EDGE_CURVE('',#4915,#4916,#5819,.T.);
#3782=EDGE_CURVE('',#4917,#4916,#5820,.T.);
#3783=EDGE_CURVE('',#4914,#4917,#5821,.T.);
#3784=EDGE_CURVE('',#4918,#4919,#5822,.T.);
#3785=EDGE_CURVE('',#4919,#4915,#5823,.T.);
#3786=EDGE_CURVE('',#4918,#4914,#5824,.T.);
#3787=EDGE_CURVE('',#4920,#4920,#431,.F.);
#3788=EDGE_CURVE('',#4921,#4921,#432,.F.);
#3789=EDGE_CURVE('',#4918,#4912,#5825,.T.);
#3790=EDGE_CURVE('',#4919,#4910,#5826,.T.);
#3791=EDGE_CURVE('',#4917,#4922,#5827,.T.);
#3792=EDGE_CURVE('',#4916,#4923,#5828,.T.);
#3793=EDGE_CURVE('',#4924,#4923,#5829,.F.);
#3794=EDGE_CURVE('',#4924,#4887,#5830,.T.);
#3795=EDGE_CURVE('',#4925,#4886,#5831,.T.);
#3796=EDGE_CURVE('',#4922,#4925,#5832,.T.);
#3797=EDGE_CURVE('',#4926,#4927,#5833,.T.);
#3798=EDGE_CURVE('',#4927,#4928,#5834,.T.);
#3799=EDGE_CURVE('',#4928,#4929,#5835,.T.);
#3800=EDGE_CURVE('',#4929,#4930,#5836,.T.);
#3801=EDGE_CURVE('',#4930,#4931,#5837,.T.);
#3802=EDGE_CURVE('',#4931,#4926,#5838,.T.);
#3803=EDGE_CURVE('',#4932,#4933,#5839,.T.);
#3804=EDGE_CURVE('',#4933,#4934,#5840,.T.);
#3805=EDGE_CURVE('',#4934,#4935,#5841,.T.);
#3806=EDGE_CURVE('',#4935,#4936,#5842,.T.);
#3807=EDGE_CURVE('',#4936,#4937,#5843,.T.);
#3808=EDGE_CURVE('',#4937,#4932,#5844,.T.);
#3809=EDGE_CURVE('',#4938,#4939,#5845,.T.);
#3810=EDGE_CURVE('',#4939,#4940,#5846,.T.);
#3811=EDGE_CURVE('',#4940,#4941,#5847,.T.);
#3812=EDGE_CURVE('',#4941,#4942,#5848,.T.);
#3813=EDGE_CURVE('',#4942,#4943,#5849,.T.);
#3814=EDGE_CURVE('',#4943,#4938,#5850,.T.);
#3815=EDGE_CURVE('',#4890,#4894,#433,.T.);
#3816=EDGE_CURVE('',#4909,#4891,#434,.T.);
#3817=EDGE_CURVE('',#4901,#4908,#435,.T.);
#3818=EDGE_CURVE('',#4925,#4900,#436,.T.);
#3819=EDGE_CURVE('',#4913,#4904,#437,.T.);
#3820=EDGE_CURVE('',#4905,#4922,#438,.F.);
#3821=EDGE_CURVE('',#4944,#4898,#5851,.T.);
#3822=EDGE_CURVE('',#4945,#4897,#5852,.T.);
#3823=EDGE_CURVE('',#4944,#4945,#5853,.T.);
#3824=EDGE_CURVE('',#4899,#4892,#439,.T.);
#3825=EDGE_CURVE('',#4903,#4944,#440,.T.);
#3826=EDGE_CURVE('',#4907,#4902,#441,.T.);
#3827=EDGE_CURVE('',#4893,#4906,#442,.T.);
#3828=EDGE_CURVE('',#4946,#4947,#5854,.T.);
#3829=EDGE_CURVE('',#4948,#4947,#5855,.T.);
#3830=EDGE_CURVE('',#4948,#4949,#5856,.T.);
#3831=EDGE_CURVE('',#4946,#4949,#5857,.F.);
#3832=EDGE_CURVE('',#4950,#4951,#5858,.T.);
#3833=EDGE_CURVE('',#4952,#4950,#5859,.F.);
#3834=EDGE_CURVE('',#4953,#4952,#5860,.T.);
#3835=EDGE_CURVE('',#4951,#4953,#5861,.T.);
#3836=EDGE_CURVE('',#4954,#4954,#443,.T.);
#3837=EDGE_CURVE('',#4955,#4955,#444,.T.);
#3838=EDGE_CURVE('',#4956,#4956,#445,.T.);
#3839=EDGE_CURVE('',#4950,#4876,#446,.T.);
#3840=EDGE_CURVE('',#4949,#4951,#447,.T.);
#3841=EDGE_CURVE('',#4895,#4948,#448,.T.);
#3842=EDGE_CURVE('',#4877,#4924,#449,.T.);
#3843=EDGE_CURVE('',#4873,#4911,#450,.T.);
#3844=EDGE_CURVE('',#4923,#4872,#451,.F.);
#3845=EDGE_CURVE('',#4957,#4957,#452,.F.);
#3846=EDGE_CURVE('',#4958,#4958,#453,.F.);
#3847=EDGE_CURVE('',#4959,#4959,#454,.F.);
#3848=EDGE_CURVE('',#4875,#4952,#455,.T.);
#3849=EDGE_CURVE('',#4945,#4874,#456,.T.);
#3850=EDGE_CURVE('',#4947,#4896,#457,.T.);
#3851=EDGE_CURVE('',#4953,#4946,#458,.T.);
#3852=EDGE_CURVE('',#4960,#4960,#459,.T.);
#3853=EDGE_CURVE('',#4961,#4961,#460,.T.);
#3854=EDGE_CURVE('',#4962,#4962,#461,.T.);
#3855=EDGE_CURVE('',#4963,#4963,#462,.T.);
#3856=EDGE_CURVE('',#4964,#4964,#463,.T.);
#3857=EDGE_CURVE('',#4965,#4965,#464,.T.);
#3858=EDGE_CURVE('',#4966,#4966,#465,.T.);
#3859=EDGE_CURVE('',#4967,#4967,#466,.T.);
#3860=EDGE_CURVE('',#4968,#4968,#467,.T.);
#3861=EDGE_CURVE('',#4969,#4969,#468,.T.);
#3862=EDGE_CURVE('',#4970,#4926,#5862,.T.);
#3863=EDGE_CURVE('',#4970,#4971,#5863,.T.);
#3864=EDGE_CURVE('',#4971,#4927,#5864,.T.);
#3865=EDGE_CURVE('',#4971,#4972,#5865,.T.);
#3866=EDGE_CURVE('',#4972,#4928,#5866,.T.);
#3867=EDGE_CURVE('',#4972,#4973,#5867,.T.);
#3868=EDGE_CURVE('',#4973,#4929,#5868,.T.);
#3869=EDGE_CURVE('',#4973,#4974,#5869,.T.);
#3870=EDGE_CURVE('',#4974,#4930,#5870,.T.);
#3871=EDGE_CURVE('',#4974,#4975,#5871,.T.);
#3872=EDGE_CURVE('',#4975,#4931,#5872,.T.);
#3873=EDGE_CURVE('',#4975,#4970,#5873,.T.);
#3874=EDGE_CURVE('',#4976,#4932,#5874,.T.);
#3875=EDGE_CURVE('',#4976,#4977,#5875,.T.);
#3876=EDGE_CURVE('',#4977,#4933,#5876,.T.);
#3877=EDGE_CURVE('',#4977,#4978,#5877,.T.);
#3878=EDGE_CURVE('',#4978,#4934,#5878,.T.);
#3879=EDGE_CURVE('',#4978,#4979,#5879,.T.);
#3880=EDGE_CURVE('',#4979,#4935,#5880,.T.);
#3881=EDGE_CURVE('',#4979,#4980,#5881,.T.);
#3882=EDGE_CURVE('',#4980,#4936,#5882,.T.);
#3883=EDGE_CURVE('',#4980,#4981,#5883,.T.);
#3884=EDGE_CURVE('',#4981,#4937,#5884,.T.);
#3885=EDGE_CURVE('',#4981,#4976,#5885,.T.);
#3886=EDGE_CURVE('',#4982,#4938,#5886,.T.);
#3887=EDGE_CURVE('',#4982,#4983,#5887,.T.);
#3888=EDGE_CURVE('',#4983,#4939,#5888,.T.);
#3889=EDGE_CURVE('',#4983,#4984,#5889,.T.);
#3890=EDGE_CURVE('',#4984,#4940,#5890,.T.);
#3891=EDGE_CURVE('',#4984,#4985,#5891,.T.);
#3892=EDGE_CURVE('',#4985,#4941,#5892,.T.);
#3893=EDGE_CURVE('',#4985,#4986,#5893,.T.);
#3894=EDGE_CURVE('',#4986,#4942,#5894,.T.);
#3895=EDGE_CURVE('',#4986,#4987,#5895,.T.);
#3896=EDGE_CURVE('',#4987,#4943,#5896,.T.);
#3897=EDGE_CURVE('',#4987,#4982,#5897,.T.);
#3898=EDGE_CURVE('',#4988,#4989,#5898,.T.);
#3899=EDGE_CURVE('',#4989,#4990,#5899,.T.);
#3900=EDGE_CURVE('',#4990,#4991,#5900,.T.);
#3901=EDGE_CURVE('',#4988,#4991,#5901,.T.);
#3902=EDGE_CURVE('',#4992,#4993,#5902,.T.);
#3903=EDGE_CURVE('',#4994,#4992,#5903,.T.);
#3904=EDGE_CURVE('',#4995,#4994,#5904,.T.);
#3905=EDGE_CURVE('',#4993,#4995,#5905,.T.);
#3906=EDGE_CURVE('',#4996,#4992,#5906,.T.);
#3907=EDGE_CURVE('',#4996,#4997,#5907,.T.);
#3908=EDGE_CURVE('',#4994,#4997,#5908,.T.);
#3909=EDGE_CURVE('',#4998,#4995,#5909,.T.);
#3910=EDGE_CURVE('',#4998,#4999,#5910,.T.);
#3911=EDGE_CURVE('',#4999,#4993,#5911,.T.);
#3912=EDGE_CURVE('',#4999,#4996,#5912,.T.);
#3913=EDGE_CURVE('',#5000,#5000,#469,.T.);
#3914=EDGE_CURVE('',#5001,#5001,#470,.T.);
#3915=EDGE_CURVE('',#5002,#5002,#471,.T.);
#3916=EDGE_CURVE('',#5003,#5003,#472,.T.);
#3917=EDGE_CURVE('',#5004,#5004,#473,.T.);
#3918=EDGE_CURVE('',#5005,#5005,#474,.T.);
#3919=EDGE_CURVE('',#5006,#5006,#475,.T.);
#3920=EDGE_CURVE('',#5007,#5007,#476,.T.);
#3921=EDGE_CURVE('',#5008,#5009,#477,.T.);
#3922=EDGE_CURVE('',#5010,#5008,#5913,.T.);
#3923=EDGE_CURVE('',#5011,#5010,#478,.T.);
#3924=EDGE_CURVE('',#5011,#5009,#5914,.T.);
#3925=EDGE_CURVE('',#5012,#5008,#5915,.T.);
#3926=EDGE_CURVE('',#5013,#5012,#5916,.T.);
#3927=EDGE_CURVE('',#5010,#5013,#5917,.T.);
#3928=EDGE_CURVE('',#5014,#5012,#479,.T.);
#3929=EDGE_CURVE('',#5015,#5014,#5918,.T.);
#3930=EDGE_CURVE('',#5013,#5015,#480,.T.);
#3931=EDGE_CURVE('',#5016,#5014,#5919,.T.);
#3932=EDGE_CURVE('',#5017,#5016,#5920,.T.);
#3933=EDGE_CURVE('',#5015,#5017,#5921,.T.);
#3934=EDGE_CURVE('',#5018,#5016,#481,.T.);
#3935=EDGE_CURVE('',#5019,#5018,#5922,.T.);
#3936=EDGE_CURVE('',#5017,#5019,#482,.T.);
#3937=EDGE_CURVE('',#5020,#5018,#5923,.T.);
#3938=EDGE_CURVE('',#5021,#5020,#5924,.T.);
#3939=EDGE_CURVE('',#5019,#5021,#5925,.T.);
#3940=EDGE_CURVE('',#5022,#5020,#483,.T.);
#3941=EDGE_CURVE('',#5023,#5022,#5926,.T.);
#3942=EDGE_CURVE('',#5021,#5023,#484,.T.);
#3943=EDGE_CURVE('',#5009,#5022,#5927,.T.);
#3944=EDGE_CURVE('',#5023,#5011,#5928,.T.);
#3945=EDGE_CURVE('',#5024,#5024,#485,.T.);
#3946=EDGE_CURVE('',#5025,#5025,#486,.T.);
#3947=EDGE_CURVE('',#5026,#5027,#5929,.T.);
#3948=EDGE_CURVE('',#5028,#5027,#5930,.T.);
#3949=EDGE_CURVE('',#5029,#5028,#5931,.T.);
#3950=EDGE_CURVE('',#5029,#5030,#5932,.T.);
#3951=EDGE_CURVE('',#5031,#5030,#5933,.T.);
#3952=EDGE_CURVE('',#5026,#5031,#5934,.T.);
#3953=EDGE_CURVE('',#5032,#5032,#487,.T.);
#3954=EDGE_CURVE('',#5033,#5033,#488,.T.);
#3955=EDGE_CURVE('',#5034,#5035,#5935,.T.);
#3956=EDGE_CURVE('',#5035,#5036,#5936,.T.);
#3957=EDGE_CURVE('',#5036,#5029,#5937,.T.);
#3958=EDGE_CURVE('',#5037,#5028,#5938,.T.);
#3959=EDGE_CURVE('',#5034,#5037,#5939,.T.);
#3960=EDGE_CURVE('',#5038,#5036,#5940,.T.);
#3961=EDGE_CURVE('',#5030,#5038,#5941,.T.);
#3962=EDGE_CURVE('',#5039,#5040,#5942,.T.);
#3963=EDGE_CURVE('',#5041,#5040,#5943,.T.);
#3964=EDGE_CURVE('',#5041,#4997,#5944,.T.);
#3965=EDGE_CURVE('',#4998,#5031,#5945,.T.);
#3966=EDGE_CURVE('',#5039,#5038,#5946,.T.);
#3967=EDGE_CURVE('',#5035,#5039,#5947,.T.);
#3968=EDGE_CURVE('',#5040,#5034,#5948,.T.);
#3969=EDGE_CURVE('',#4989,#5042,#5949,.T.);
#3970=EDGE_CURVE('',#5037,#5042,#5950,.T.);
#3971=EDGE_CURVE('',#5027,#4990,#5951,.T.);
#3972=EDGE_CURVE('',#4991,#5026,#5952,.T.);
#3973=EDGE_CURVE('',#5043,#4988,#5953,.T.);
#3974=EDGE_CURVE('',#5043,#5041,#5954,.T.);
#3975=EDGE_CURVE('',#5042,#5043,#5955,.T.);
#3976=EDGE_CURVE('',#5044,#5045,#5956,.T.);
#3977=EDGE_CURVE('',#5046,#5044,#5957,.T.);
#3978=EDGE_CURVE('',#5047,#5046,#5958,.T.);
#3979=EDGE_CURVE('',#5048,#5047,#5959,.T.);
#3980=EDGE_CURVE('',#5049,#5048,#5960,.T.);
#3981=EDGE_CURVE('',#5045,#5049,#5961,.T.);
#3982=EDGE_CURVE('',#5050,#5050,#489,.T.);
#3983=EDGE_CURVE('',#5051,#5051,#490,.T.);
#3984=EDGE_CURVE('',#5052,#5052,#491,.T.);
#3985=EDGE_CURVE('',#5053,#5054,#5962,.T.);
#3986=EDGE_CURVE('',#5048,#5054,#5963,.T.);
#3987=EDGE_CURVE('',#5047,#5053,#5964,.T.);
#3988=EDGE_CURVE('',#5055,#5053,#5965,.T.);
#3989=EDGE_CURVE('',#5046,#5055,#5966,.T.);
#3990=EDGE_CURVE('',#5056,#5055,#5967,.T.);
#3991=EDGE_CURVE('',#5044,#5056,#5968,.T.);
#3992=EDGE_CURVE('',#5057,#5056,#5969,.T.);
#3993=EDGE_CURVE('',#5045,#5057,#5970,.T.);
#3994=EDGE_CURVE('',#5054,#5058,#5971,.T.);
#3995=EDGE_CURVE('',#5049,#5058,#5972,.T.);
#3996=EDGE_CURVE('',#5059,#5060,#5973,.T.);
#3997=EDGE_CURVE('',#5061,#5060,#5974,.T.);
#3998=EDGE_CURVE('',#5061,#5062,#5975,.T.);
#3999=EDGE_CURVE('',#5062,#5063,#5976,.T.);
#4000=EDGE_CURVE('',#5063,#5059,#5977,.T.);
#4001=EDGE_CURVE('',#5058,#5057,#5978,.T.);
#4002=EDGE_CURVE('',#5064,#5065,#5979,.T.);
#4003=EDGE_CURVE('',#5066,#5065,#5980,.T.);
#4004=EDGE_CURVE('',#5066,#5061,#5981,.T.);
#4005=EDGE_CURVE('',#5060,#5064,#5982,.T.);
#4006=EDGE_CURVE('',#5067,#5067,#492,.T.);
#4007=EDGE_CURVE('',#5068,#5068,#493,.T.);
#4008=EDGE_CURVE('',#5069,#5069,#494,.T.);
#4009=EDGE_CURVE('',#5070,#5071,#5983,.T.);
#4010=EDGE_CURVE('',#5072,#5071,#5984,.T.);
#4011=EDGE_CURVE('',#5072,#5066,#5985,.T.);
#4012=EDGE_CURVE('',#5065,#5070,#5986,.T.);
#4013=EDGE_CURVE('',#5073,#5073,#495,.T.);
#4014=EDGE_CURVE('',#5074,#5072,#5987,.T.);
#4015=EDGE_CURVE('',#5075,#5074,#5988,.T.);
#4016=EDGE_CURVE('',#5062,#5075,#5989,.T.);
#4017=EDGE_CURVE('',#5076,#5077,#5990,.T.);
#4018=EDGE_CURVE('',#5077,#5063,#5991,.T.);
#4019=EDGE_CURVE('',#5075,#5076,#5992,.T.);
#4020=EDGE_CURVE('',#5078,#5079,#5993,.T.);
#4021=EDGE_CURVE('',#5079,#5076,#5994,.T.);
#4022=EDGE_CURVE('',#5074,#5078,#5995,.T.);
#4023=EDGE_CURVE('',#5071,#5080,#5996,.T.);
#4024=EDGE_CURVE('',#5080,#5078,#5997,.T.);
#4025=EDGE_CURVE('',#5077,#5079,#496,.T.);
#4026=EDGE_CURVE('',#5079,#5080,#497,.T.);
#4027=EDGE_CURVE('',#5080,#5070,#498,.T.);
#4028=EDGE_CURVE('',#5070,#5064,#499,.T.);
#4029=EDGE_CURVE('',#5064,#5059,#500,.T.);
#4030=EDGE_CURVE('',#5059,#5077,#501,.T.);
#4031=EDGE_CURVE('',#5081,#5081,#502,.T.);
#4032=EDGE_CURVE('',#5082,#5083,#5998,.T.);
#4033=EDGE_CURVE('',#5083,#5084,#5999,.T.);
#4034=EDGE_CURVE('',#5084,#5085,#6000,.T.);
#4035=EDGE_CURVE('',#5082,#5085,#6001,.T.);
#4036=EDGE_CURVE('',#5086,#5087,#6002,.T.);
#4037=EDGE_CURVE('',#5088,#5086,#6003,.T.);
#4038=EDGE_CURVE('',#5089,#5088,#6004,.T.);
#4039=EDGE_CURVE('',#5087,#5089,#6005,.T.);
#4040=EDGE_CURVE('',#5090,#5086,#6006,.T.);
#4041=EDGE_CURVE('',#5090,#5091,#6007,.T.);
#4042=EDGE_CURVE('',#5088,#5091,#6008,.T.);
#4043=EDGE_CURVE('',#5092,#5089,#6009,.T.);
#4044=EDGE_CURVE('',#5092,#5093,#6010,.T.);
#4045=EDGE_CURVE('',#5093,#5087,#6011,.T.);
#4046=EDGE_CURVE('',#5093,#5090,#6012,.T.);
#4047=EDGE_CURVE('',#5094,#5094,#503,.T.);
#4048=EDGE_CURVE('',#5095,#5095,#504,.T.);
#4049=EDGE_CURVE('',#5096,#5096,#505,.T.);
#4050=EDGE_CURVE('',#5097,#5097,#506,.T.);
#4051=EDGE_CURVE('',#5098,#5098,#507,.T.);
#4052=EDGE_CURVE('',#5099,#5099,#508,.T.);
#4053=EDGE_CURVE('',#5100,#5100,#509,.T.);
#4054=EDGE_CURVE('',#5101,#5101,#510,.T.);
#4055=EDGE_CURVE('',#5102,#5103,#511,.T.);
#4056=EDGE_CURVE('',#5104,#5102,#6013,.T.);
#4057=EDGE_CURVE('',#5105,#5104,#512,.T.);
#4058=EDGE_CURVE('',#5105,#5103,#6014,.T.);
#4059=EDGE_CURVE('',#5106,#5102,#6015,.T.);
#4060=EDGE_CURVE('',#5107,#5106,#6016,.T.);
#4061=EDGE_CURVE('',#5104,#5107,#6017,.T.);
#4062=EDGE_CURVE('',#5108,#5106,#513,.T.);
#4063=EDGE_CURVE('',#5109,#5108,#6018,.T.);
#4064=EDGE_CURVE('',#5107,#5109,#514,.T.);
#4065=EDGE_CURVE('',#5110,#5108,#6019,.T.);
#4066=EDGE_CURVE('',#5111,#5110,#6020,.T.);
#4067=EDGE_CURVE('',#5109,#5111,#6021,.T.);
#4068=EDGE_CURVE('',#5112,#5110,#515,.T.);
#4069=EDGE_CURVE('',#5113,#5112,#6022,.T.);
#4070=EDGE_CURVE('',#5111,#5113,#516,.T.);
#4071=EDGE_CURVE('',#5114,#5112,#6023,.T.);
#4072=EDGE_CURVE('',#5115,#5114,#6024,.T.);
#4073=EDGE_CURVE('',#5113,#5115,#6025,.T.);
#4074=EDGE_CURVE('',#5116,#5114,#517,.T.);
#4075=EDGE_CURVE('',#5117,#5116,#6026,.T.);
#4076=EDGE_CURVE('',#5115,#5117,#518,.T.);
#4077=EDGE_CURVE('',#5103,#5116,#6027,.T.);
#4078=EDGE_CURVE('',#5117,#5105,#6028,.T.);
#4079=EDGE_CURVE('',#5118,#5118,#519,.T.);
#4080=EDGE_CURVE('',#5119,#5119,#520,.T.);
#4081=EDGE_CURVE('',#5120,#5121,#6029,.T.);
#4082=EDGE_CURVE('',#5122,#5121,#6030,.T.);
#4083=EDGE_CURVE('',#5123,#5122,#6031,.T.);
#4084=EDGE_CURVE('',#5123,#5124,#6032,.T.);
#4085=EDGE_CURVE('',#5125,#5124,#6033,.T.);
#4086=EDGE_CURVE('',#5120,#5125,#6034,.T.);
#4087=EDGE_CURVE('',#5126,#5126,#521,.T.);
#4088=EDGE_CURVE('',#5127,#5127,#522,.T.);
#4089=EDGE_CURVE('',#5128,#5129,#6035,.T.);
#4090=EDGE_CURVE('',#5129,#5130,#6036,.T.);
#4091=EDGE_CURVE('',#5130,#5123,#6037,.T.);
#4092=EDGE_CURVE('',#5131,#5122,#6038,.T.);
#4093=EDGE_CURVE('',#5128,#5131,#6039,.T.);
#4094=EDGE_CURVE('',#5132,#5130,#6040,.T.);
#4095=EDGE_CURVE('',#5124,#5132,#6041,.T.);
#4096=EDGE_CURVE('',#5133,#5134,#6042,.T.);
#4097=EDGE_CURVE('',#5135,#5134,#6043,.T.);
#4098=EDGE_CURVE('',#5135,#5091,#6044,.T.);
#4099=EDGE_CURVE('',#5092,#5125,#6045,.T.);
#4100=EDGE_CURVE('',#5133,#5132,#6046,.T.);
#4101=EDGE_CURVE('',#5129,#5133,#6047,.T.);
#4102=EDGE_CURVE('',#5134,#5128,#6048,.T.);
#4103=EDGE_CURVE('',#5083,#5136,#6049,.T.);
#4104=EDGE_CURVE('',#5131,#5136,#6050,.T.);
#4105=EDGE_CURVE('',#5121,#5084,#6051,.T.);
#4106=EDGE_CURVE('',#5085,#5120,#6052,.T.);
#4107=EDGE_CURVE('',#5137,#5082,#6053,.T.);
#4108=EDGE_CURVE('',#5137,#5135,#6054,.T.);
#4109=EDGE_CURVE('',#5136,#5137,#6055,.T.);
#4110=EDGE_CURVE('',#5138,#5138,#523,.F.);
#4111=EDGE_CURVE('',#5139,#5139,#524,.F.);
#4112=EDGE_CURVE('',#5140,#5140,#525,.F.);
#4113=EDGE_CURVE('',#5141,#5141,#526,.F.);
#4114=EDGE_CURVE('',#5142,#5142,#527,.T.);
#4115=EDGE_CURVE('',#5143,#5143,#528,.T.);
#4116=EDGE_CURVE('',#5144,#5144,#529,.T.);
#4117=EDGE_CURVE('',#5145,#5145,#530,.T.);
#4118=EDGE_CURVE('',#5146,#5146,#531,.T.);
#4119=EDGE_CURVE('',#5147,#5147,#532,.T.);
#4120=EDGE_CURVE('',#5148,#5148,#533,.T.);
#4121=EDGE_CURVE('',#5149,#5149,#534,.T.);
#4122=EDGE_CURVE('',#5150,#5150,#535,.T.);
#4123=EDGE_CURVE('',#5151,#5152,#6056,.T.);
#4124=EDGE_CURVE('',#5152,#5153,#6057,.T.);
#4125=EDGE_CURVE('',#5153,#5154,#6058,.T.);
#4126=EDGE_CURVE('',#5154,#5155,#536,.T.);
#4127=EDGE_CURVE('',#5155,#5156,#6059,.T.);
#4128=EDGE_CURVE('',#5156,#5157,#537,.T.);
#4129=EDGE_CURVE('',#5157,#5158,#6060,.T.);
#4130=EDGE_CURVE('',#5158,#5159,#538,.T.);
#4131=EDGE_CURVE('',#5159,#5160,#6061,.T.);
#4132=EDGE_CURVE('',#5160,#5161,#539,.T.);
#4133=EDGE_CURVE('',#5161,#5162,#6062,.T.);
#4134=EDGE_CURVE('',#5162,#5163,#540,.T.);
#4135=EDGE_CURVE('',#5163,#5164,#6063,.T.);
#4136=EDGE_CURVE('',#5164,#5165,#541,.T.);
#4137=EDGE_CURVE('',#5165,#5166,#6064,.T.);
#4138=EDGE_CURVE('',#5166,#5167,#6065,.T.);
#4139=EDGE_CURVE('',#5167,#5168,#6066,.T.);
#4140=EDGE_CURVE('',#5168,#5151,#6067,.T.);
#4141=EDGE_CURVE('',#5169,#5170,#6068,.T.);
#4142=EDGE_CURVE('',#5170,#5171,#6069,.T.);
#4143=EDGE_CURVE('',#5171,#5172,#6070,.T.);
#4144=EDGE_CURVE('',#5172,#5173,#542,.T.);
#4145=EDGE_CURVE('',#5173,#5174,#6071,.T.);
#4146=EDGE_CURVE('',#5174,#5175,#543,.T.);
#4147=EDGE_CURVE('',#5175,#5176,#6072,.T.);
#4148=EDGE_CURVE('',#5176,#5177,#6073,.T.);
#4149=EDGE_CURVE('',#5177,#5178,#6074,.T.);
#4150=EDGE_CURVE('',#5169,#5178,#6075,.T.);
#4151=EDGE_CURVE('',#5179,#5179,#544,.T.);
#4152=EDGE_CURVE('',#5180,#5181,#6076,.T.);
#4153=EDGE_CURVE('',#5181,#5182,#6077,.T.);
#4154=EDGE_CURVE('',#5182,#5183,#6078,.T.);
#4155=EDGE_CURVE('',#5183,#5184,#6079,.T.);
#4156=EDGE_CURVE('',#5184,#5185,#6080,.T.);
#4157=EDGE_CURVE('',#5185,#5180,#6081,.T.);
#4158=EDGE_CURVE('',#5186,#5186,#545,.T.);
#4159=EDGE_CURVE('',#5187,#5187,#546,.T.);
#4160=EDGE_CURVE('',#5188,#5188,#547,.T.);
#4161=EDGE_CURVE('',#5189,#5190,#6082,.T.);
#4162=EDGE_CURVE('',#5190,#5191,#6083,.T.);
#4163=EDGE_CURVE('',#5191,#5192,#6084,.T.);
#4164=EDGE_CURVE('',#5192,#5193,#6085,.T.);
#4165=EDGE_CURVE('',#5193,#5194,#6086,.T.);
#4166=EDGE_CURVE('',#5194,#5189,#6087,.T.);
#4167=EDGE_CURVE('',#5195,#5195,#548,.T.);
#4168=EDGE_CURVE('',#5196,#5196,#549,.T.);
#4169=EDGE_CURVE('',#5197,#5197,#550,.T.);
#4170=EDGE_CURVE('',#5198,#5199,#6088,.T.);
#4171=EDGE_CURVE('',#5199,#5200,#6089,.T.);
#4172=EDGE_CURVE('',#5200,#5201,#6090,.T.);
#4173=EDGE_CURVE('',#5201,#5202,#6091,.T.);
#4174=EDGE_CURVE('',#5202,#5203,#6092,.T.);
#4175=EDGE_CURVE('',#5203,#5198,#6093,.T.);
#4176=EDGE_CURVE('',#5204,#5204,#551,.T.);
#4177=EDGE_CURVE('',#5205,#5205,#552,.T.);
#4178=EDGE_CURVE('',#5206,#5206,#553,.T.);
#4179=EDGE_CURVE('',#5207,#5208,#6094,.T.);
#4180=EDGE_CURVE('',#5208,#5209,#6095,.T.);
#4181=EDGE_CURVE('',#5209,#5210,#6096,.T.);
#4182=EDGE_CURVE('',#5210,#5211,#6097,.T.);
#4183=EDGE_CURVE('',#5211,#5212,#6098,.T.);
#4184=EDGE_CURVE('',#5212,#5207,#6099,.T.);
#4185=EDGE_CURVE('',#5213,#5213,#554,.T.);
#4186=EDGE_CURVE('',#5214,#5214,#555,.T.);
#4187=EDGE_CURVE('',#5215,#5215,#556,.T.);
#4188=EDGE_CURVE('',#5216,#5217,#6100,.T.);
#4189=EDGE_CURVE('',#5217,#5218,#6101,.T.);
#4190=EDGE_CURVE('',#5218,#5219,#6102,.T.);
#4191=EDGE_CURVE('',#5219,#5220,#6103,.T.);
#4192=EDGE_CURVE('',#5220,#5221,#6104,.T.);
#4193=EDGE_CURVE('',#5221,#5216,#6105,.T.);
#4194=EDGE_CURVE('',#5222,#5222,#557,.T.);
#4195=EDGE_CURVE('',#5223,#5223,#558,.T.);
#4196=EDGE_CURVE('',#5224,#5224,#559,.T.);
#4197=EDGE_CURVE('',#5225,#5226,#6106,.T.);
#4198=EDGE_CURVE('',#5226,#5227,#6107,.T.);
#4199=EDGE_CURVE('',#5227,#5228,#6108,.T.);
#4200=EDGE_CURVE('',#5228,#5229,#6109,.T.);
#4201=EDGE_CURVE('',#5229,#5230,#6110,.T.);
#4202=EDGE_CURVE('',#5230,#5225,#6111,.T.);
#4203=EDGE_CURVE('',#5231,#5231,#560,.T.);
#4204=EDGE_CURVE('',#5232,#5232,#561,.T.);
#4205=EDGE_CURVE('',#5233,#5234,#6112,.T.);
#4206=EDGE_CURVE('',#5234,#5235,#6113,.T.);
#4207=EDGE_CURVE('',#5235,#5236,#6114,.T.);
#4208=EDGE_CURVE('',#5236,#5237,#6115,.T.);
#4209=EDGE_CURVE('',#5237,#5238,#6116,.T.);
#4210=EDGE_CURVE('',#5238,#5233,#6117,.T.);
#4211=EDGE_CURVE('',#5181,#5233,#6118,.T.);
#4212=EDGE_CURVE('',#5182,#5238,#6119,.T.);
#4213=EDGE_CURVE('',#5183,#5237,#6120,.T.);
#4214=EDGE_CURVE('',#5180,#5234,#6121,.T.);
#4215=EDGE_CURVE('',#5185,#5235,#6122,.T.);
#4216=EDGE_CURVE('',#5184,#5236,#6123,.T.);
#4217=EDGE_CURVE('',#5239,#5240,#6124,.T.);
#4218=EDGE_CURVE('',#5240,#5241,#6125,.T.);
#4219=EDGE_CURVE('',#5241,#5242,#6126,.T.);
#4220=EDGE_CURVE('',#5242,#5243,#6127,.T.);
#4221=EDGE_CURVE('',#5243,#5244,#6128,.T.);
#4222=EDGE_CURVE('',#5244,#5239,#6129,.T.);
#4223=EDGE_CURVE('',#5208,#5239,#6130,.T.);
#4224=EDGE_CURVE('',#5209,#5244,#6131,.T.);
#4225=EDGE_CURVE('',#5210,#5243,#6132,.T.);
#4226=EDGE_CURVE('',#5207,#5240,#6133,.T.);
#4227=EDGE_CURVE('',#5212,#5241,#6134,.T.);
#4228=EDGE_CURVE('',#5211,#5242,#6135,.T.);
#4229=EDGE_CURVE('',#5245,#5246,#6136,.T.);
#4230=EDGE_CURVE('',#5246,#5247,#6137,.T.);
#4231=EDGE_CURVE('',#5247,#5248,#6138,.T.);
#4232=EDGE_CURVE('',#5248,#5249,#6139,.T.);
#4233=EDGE_CURVE('',#5249,#5250,#6140,.T.);
#4234=EDGE_CURVE('',#5250,#5245,#6141,.T.);
#4235=EDGE_CURVE('',#5226,#5245,#6142,.T.);
#4236=EDGE_CURVE('',#5227,#5250,#6143,.T.);
#4237=EDGE_CURVE('',#5228,#5249,#6144,.T.);
#4238=EDGE_CURVE('',#5225,#5246,#6145,.T.);
#4239=EDGE_CURVE('',#5230,#5247,#6146,.T.);
#4240=EDGE_CURVE('',#5229,#5248,#6147,.T.);
#4241=EDGE_CURVE('',#5251,#5252,#6148,.T.);
#4242=EDGE_CURVE('',#5252,#5253,#6149,.T.);
#4243=EDGE_CURVE('',#5253,#5254,#6150,.T.);
#4244=EDGE_CURVE('',#5254,#5255,#6151,.T.);
#4245=EDGE_CURVE('',#5255,#5256,#6152,.T.);
#4246=EDGE_CURVE('',#5256,#5251,#6153,.T.);
#4247=EDGE_CURVE('',#5217,#5251,#6154,.T.);
#4248=EDGE_CURVE('',#5218,#5256,#6155,.T.);
#4249=EDGE_CURVE('',#5219,#5255,#6156,.T.);
#4250=EDGE_CURVE('',#5216,#5252,#6157,.T.);
#4251=EDGE_CURVE('',#5221,#5253,#6158,.T.);
#4252=EDGE_CURVE('',#5220,#5254,#6159,.T.);
#4253=EDGE_CURVE('',#5257,#5258,#6160,.T.);
#4254=EDGE_CURVE('',#5258,#5259,#6161,.T.);
#4255=EDGE_CURVE('',#5259,#5260,#6162,.T.);
#4256=EDGE_CURVE('',#5260,#5261,#6163,.T.);
#4257=EDGE_CURVE('',#5261,#5262,#6164,.T.);
#4258=EDGE_CURVE('',#5262,#5257,#6165,.T.);
#4259=EDGE_CURVE('',#5199,#5257,#6166,.T.);
#4260=EDGE_CURVE('',#5200,#5262,#6167,.T.);
#4261=EDGE_CURVE('',#5201,#5261,#6168,.T.);
#4262=EDGE_CURVE('',#5198,#5258,#6169,.T.);
#4263=EDGE_CURVE('',#5203,#5259,#6170,.T.);
#4264=EDGE_CURVE('',#5202,#5260,#6171,.T.);
#4265=EDGE_CURVE('',#5263,#5264,#6172,.T.);
#4266=EDGE_CURVE('',#5264,#5265,#6173,.T.);
#4267=EDGE_CURVE('',#5265,#5266,#6174,.T.);
#4268=EDGE_CURVE('',#5266,#5267,#6175,.T.);
#4269=EDGE_CURVE('',#5267,#5268,#6176,.T.);
#4270=EDGE_CURVE('',#5268,#5263,#6177,.T.);
#4271=EDGE_CURVE('',#5190,#5263,#6178,.T.);
#4272=EDGE_CURVE('',#5191,#5268,#6179,.T.);
#4273=EDGE_CURVE('',#5192,#5267,#6180,.T.);
#4274=EDGE_CURVE('',#5189,#5264,#6181,.T.);
#4275=EDGE_CURVE('',#5194,#5265,#6182,.T.);
#4276=EDGE_CURVE('',#5193,#5266,#6183,.T.);
#4277=EDGE_CURVE('',#5269,#5270,#6184,.T.);
#4278=EDGE_CURVE('',#5270,#5271,#6185,.T.);
#4279=EDGE_CURVE('',#5271,#5272,#6186,.T.);
#4280=EDGE_CURVE('',#5272,#5269,#6187,.T.);
#4281=EDGE_CURVE('',#5273,#5274,#6188,.T.);
#4282=EDGE_CURVE('',#5274,#5275,#6189,.T.);
#4283=EDGE_CURVE('',#5275,#5276,#6190,.T.);
#4284=EDGE_CURVE('',#5276,#5273,#6191,.T.);
#4285=EDGE_CURVE('',#5277,#5278,#6192,.T.);
#4286=EDGE_CURVE('',#5278,#5275,#6193,.T.);
#4287=EDGE_CURVE('',#5277,#5274,#6194,.T.);
#4288=EDGE_CURVE('',#5279,#5277,#562,.T.);
#4289=EDGE_CURVE('',#5280,#5273,#6195,.T.);
#4290=EDGE_CURVE('',#5280,#5279,#6196,.T.);
#4291=EDGE_CURVE('',#5281,#5282,#6197,.T.);
#4292=EDGE_CURVE('',#5282,#5283,#563,.T.);
#4293=EDGE_CURVE('',#5283,#5284,#6198,.T.);
#4294=EDGE_CURVE('',#5284,#5285,#564,.T.);
#4295=EDGE_CURVE('',#5285,#5286,#6199,.T.);
#4296=EDGE_CURVE('',#5286,#5287,#565,.T.);
#4297=EDGE_CURVE('',#5287,#5288,#6200,.T.);
#4298=EDGE_CURVE('',#5288,#5281,#566,.T.);
#4299=EDGE_CURVE('',#5289,#5288,#6201,.T.);
#4300=EDGE_CURVE('',#5290,#5289,#567,.T.);
#4301=EDGE_CURVE('',#5290,#5281,#6202,.T.);
#4302=EDGE_CURVE('',#5291,#5287,#6203,.T.);
#4303=EDGE_CURVE('',#5289,#5291,#6204,.T.);
#4304=EDGE_CURVE('',#5292,#5286,#6205,.T.);
#4305=EDGE_CURVE('',#5291,#5292,#568,.T.);
#4306=EDGE_CURVE('',#5293,#5285,#6206,.T.);
#4307=EDGE_CURVE('',#5292,#5293,#6207,.T.);
#4308=EDGE_CURVE('',#5294,#5284,#6208,.T.);
#4309=EDGE_CURVE('',#5293,#5294,#569,.T.);
#4310=EDGE_CURVE('',#5295,#5283,#6209,.T.);
#4311=EDGE_CURVE('',#5294,#5295,#6210,.T.);
#4312=EDGE_CURVE('',#5296,#5282,#6211,.T.);
#4313=EDGE_CURVE('',#5295,#5296,#570,.T.);
#4314=EDGE_CURVE('',#5296,#5290,#6212,.T.);
#4315=EDGE_CURVE('',#5297,#5298,#571,.T.);
#4316=EDGE_CURVE('',#5299,#5297,#6213,.T.);
#4317=EDGE_CURVE('',#5300,#5299,#572,.T.);
#4318=EDGE_CURVE('',#5300,#5298,#6214,.T.);
#4319=EDGE_CURVE('',#5301,#5297,#6215,.T.);
#4320=EDGE_CURVE('',#5302,#5301,#6216,.T.);
#4321=EDGE_CURVE('',#5299,#5302,#6217,.T.);
#4322=EDGE_CURVE('',#5303,#5301,#573,.T.);
#4323=EDGE_CURVE('',#5304,#5303,#6218,.T.);
#4324=EDGE_CURVE('',#5302,#5304,#574,.T.);
#4325=EDGE_CURVE('',#5305,#5306,#575,.T.);
#4326=EDGE_CURVE('',#5173,#5305,#6219,.T.);
#4327=EDGE_CURVE('',#5172,#5306,#6220,.T.);
#4328=EDGE_CURVE('',#5307,#5305,#6221,.T.);
#4329=EDGE_CURVE('',#5174,#5307,#6222,.T.);
#4330=EDGE_CURVE('',#5308,#5307,#576,.T.);
#4331=EDGE_CURVE('',#5175,#5308,#6223,.T.);
#4332=EDGE_CURVE('',#5309,#5310,#6224,.T.);
#4333=EDGE_CURVE('',#5310,#5303,#6225,.T.);
#4334=EDGE_CURVE('',#5298,#5309,#6226,.T.);
#4335=EDGE_CURVE('',#5311,#5312,#6227,.T.);
#4336=EDGE_CURVE('',#5312,#5272,#6228,.T.);
#4337=EDGE_CURVE('',#5311,#5271,#6229,.T.);
#4338=EDGE_CURVE('',#5313,#5280,#6230,.T.);
#4339=EDGE_CURVE('',#5313,#5276,#6231,.T.);
#4340=EDGE_CURVE('',#5278,#5314,#577,.T.);
#4341=EDGE_CURVE('',#5314,#5313,#6232,.T.);
#4342=EDGE_CURVE('',#5315,#5316,#6233,.T.);
#4343=EDGE_CURVE('',#5312,#5316,#6234,.T.);
#4344=EDGE_CURVE('',#5317,#5311,#6235,.T.);
#4345=EDGE_CURVE('',#5317,#5318,#6236,.T.);
#4346=EDGE_CURVE('',#5319,#5318,#6237,.T.);
#4347=EDGE_CURVE('',#5319,#5279,#6238,.T.);
#4348=EDGE_CURVE('',#5314,#5320,#6239,.T.);
#4349=EDGE_CURVE('',#5320,#5315,#6240,.T.);
#4350=EDGE_CURVE('',#5321,#5322,#6241,.T.);
#4351=EDGE_CURVE('',#5322,#5323,#6242,.T.);
#4352=EDGE_CURVE('',#5323,#5324,#6243,.T.);
#4353=EDGE_CURVE('',#5324,#5325,#578,.T.);
#4354=EDGE_CURVE('',#5325,#5326,#6244,.T.);
#4355=EDGE_CURVE('',#5326,#5327,#579,.T.);
#4356=EDGE_CURVE('',#5327,#5328,#6245,.T.);
#4357=EDGE_CURVE('',#5328,#5329,#580,.T.);
#4358=EDGE_CURVE('',#5329,#5330,#6246,.T.);
#4359=EDGE_CURVE('',#5330,#5331,#581,.T.);
#4360=EDGE_CURVE('',#5331,#5332,#6247,.T.);
#4361=EDGE_CURVE('',#5332,#5333,#582,.T.);
#4362=EDGE_CURVE('',#5333,#5334,#6248,.T.);
#4363=EDGE_CURVE('',#5334,#5335,#583,.T.);
#4364=EDGE_CURVE('',#5335,#5336,#6249,.T.);
#4365=EDGE_CURVE('',#5336,#5321,#6250,.T.);
#4366=EDGE_CURVE('',#5157,#5332,#6251,.T.);
#4367=EDGE_CURVE('',#5156,#5333,#6252,.T.);
#4368=EDGE_CURVE('',#5158,#5331,#6253,.T.);
#4369=EDGE_CURVE('',#5159,#5330,#6254,.T.);
#4370=EDGE_CURVE('',#5160,#5329,#6255,.T.);
#4371=EDGE_CURVE('',#5161,#5328,#6256,.T.);
#4372=EDGE_CURVE('',#5162,#5327,#6257,.T.);
#4373=EDGE_CURVE('',#5163,#5326,#6258,.T.);
#4374=EDGE_CURVE('',#5164,#5325,#6259,.T.);
#4375=EDGE_CURVE('',#5165,#5324,#6260,.T.);
#4376=EDGE_CURVE('',#5155,#5334,#6261,.T.);
#4377=EDGE_CURVE('',#5154,#5335,#6262,.T.);
#4378=EDGE_CURVE('',#5337,#5338,#584,.T.);
#4379=EDGE_CURVE('',#5339,#5337,#6263,.T.);
#4380=EDGE_CURVE('',#5340,#5339,#585,.T.);
#4381=EDGE_CURVE('',#5340,#5338,#6264,.T.);
#4382=EDGE_CURVE('',#5341,#5337,#6265,.T.);
#4383=EDGE_CURVE('',#5342,#5341,#6266,.T.);
#4384=EDGE_CURVE('',#5339,#5342,#6267,.T.);
#4385=EDGE_CURVE('',#5343,#5341,#586,.T.);
#4386=EDGE_CURVE('',#5344,#5343,#6268,.T.);
#4387=EDGE_CURVE('',#5342,#5344,#587,.T.);
#4388=EDGE_CURVE('',#5345,#5166,#6269,.T.);
#4389=EDGE_CURVE('',#5338,#5323,#6270,.T.);
#4390=EDGE_CURVE('',#5345,#5340,#6271,.T.);
#4391=EDGE_CURVE('',#5153,#5346,#6272,.T.);
#4392=EDGE_CURVE('',#5344,#5346,#6273,.T.);
#4393=EDGE_CURVE('',#5347,#5343,#6274,.T.);
#4394=EDGE_CURVE('',#5348,#5347,#6275,.T.);
#4395=EDGE_CURVE('',#5336,#5348,#6276,.T.);
#4396=EDGE_CURVE('',#5349,#5345,#6277,.T.);
#4397=EDGE_CURVE('',#5167,#5349,#6278,.T.);
#4398=EDGE_CURVE('',#5350,#5351,#6279,.T.);
#4399=EDGE_CURVE('',#5351,#5151,#6280,.T.);
#4400=EDGE_CURVE('',#5352,#5168,#6281,.T.);
#4401=EDGE_CURVE('',#5350,#5352,#6282,.T.);
#4402=EDGE_CURVE('',#5353,#5354,#6283,.T.);
#4403=EDGE_CURVE('',#5152,#5354,#6284,.T.);
#4404=EDGE_CURVE('',#5351,#5355,#6285,.T.);
#4405=EDGE_CURVE('',#5353,#5355,#6286,.T.);
#4406=EDGE_CURVE('',#5170,#5356,#6287,.T.);
#4407=EDGE_CURVE('',#5357,#5356,#6288,.T.);
#4408=EDGE_CURVE('',#5357,#5358,#6289,.T.);
#4409=EDGE_CURVE('',#5358,#5171,#6290,.T.);
#4410=EDGE_CURVE('',#5359,#5177,#6291,.T.);
#4411=EDGE_CURVE('',#5176,#5360,#6292,.T.);
#4412=EDGE_CURVE('',#5360,#5361,#6293,.T.);
#4413=EDGE_CURVE('',#5361,#5359,#6294,.T.);
#4414=EDGE_CURVE('',#5361,#5350,#6295,.T.);
#4415=EDGE_CURVE('',#5362,#5352,#6296,.T.);
#4416=EDGE_CURVE('',#5362,#5359,#6297,.T.);
#4417=EDGE_CURVE('',#5178,#5362,#6298,.T.);
#4418=EDGE_CURVE('',#5363,#5361,#6299,.T.);
#4419=EDGE_CURVE('',#5364,#5360,#6300,.T.);
#4420=EDGE_CURVE('',#5363,#5364,#6301,.T.);
#4421=EDGE_CURVE('',#5365,#5353,#6302,.T.);
#4422=EDGE_CURVE('',#5355,#5363,#6303,.T.);
#4423=EDGE_CURVE('',#5364,#5300,#6304,.T.);
#4424=EDGE_CURVE('',#5304,#5366,#6305,.T.);
#4425=EDGE_CURVE('',#5366,#5365,#6306,.T.);
#4426=EDGE_CURVE('',#5367,#5169,#6307,.T.);
#4427=EDGE_CURVE('',#5367,#5349,#6308,.T.);
#4428=EDGE_CURVE('',#5368,#5368,#33,.T.);
#4429=EDGE_CURVE('',#5369,#5369,#34,.T.);
#4430=EDGE_CURVE('',#5370,#5357,#6309,.T.);
#4431=EDGE_CURVE('',#5356,#5367,#6310,.T.);
#4432=EDGE_CURVE('',#5346,#5370,#6311,.T.);
#4433=EDGE_CURVE('',#5357,#5365,#6312,.T.);
#4434=EDGE_CURVE('',#5358,#5366,#6313,.T.);
#4435=EDGE_CURVE('',#5354,#5370,#6314,.T.);
#4436=EDGE_CURVE('',#5371,#5320,#588,.T.);
#4437=EDGE_CURVE('',#5306,#5371,#6315,.T.);
#4438=EDGE_CURVE('',#5315,#5310,#589,.T.);
#4439=EDGE_CURVE('',#5372,#5371,#6316,.T.);
#4440=EDGE_CURVE('',#5372,#5308,#6317,.T.);
#4441=EDGE_CURVE('',#5372,#5319,#590,.T.);
#4442=EDGE_CURVE('',#5318,#5309,#591,.T.);
#4443=EDGE_CURVE('',#5373,#5317,#592,.T.);
#4444=EDGE_CURVE('',#5373,#5270,#6318,.T.);
#4445=EDGE_CURVE('',#5374,#5373,#6319,.T.);
#4446=EDGE_CURVE('',#5374,#5269,#6320,.T.);
#4447=EDGE_CURVE('',#5316,#5374,#593,.T.);
#4448=EDGE_CURVE('',#5375,#5376,#594,.T.);
#4449=EDGE_CURVE('',#5376,#5377,#6321,.T.);
#4450=EDGE_CURVE('',#5377,#5375,#6322,.T.);
#4451=EDGE_CURVE('',#5347,#5375,#6323,.T.);
#4452=EDGE_CURVE('',#5347,#5378,#6324,.T.);
#4453=EDGE_CURVE('',#5321,#5378,#595,.T.);
#4454=EDGE_CURVE('',#5336,#5376,#6325,.T.);
#4455=EDGE_CURVE('',#5348,#5377,#6326,.T.);
#4456=EDGE_CURVE('',#5322,#5378,#6327,.T.);
#4457=EDGE_CURVE('',#5379,#5379,#596,.T.);
#4458=EDGE_CURVE('',#5381,#5381,#597,.T.);
#4459=EDGE_CURVE('',#5383,#5383,#598,.T.);
#4460=EDGE_CURVE('',#5385,#5385,#599,.T.);
#4461=EDGE_CURVE('',#5387,#5387,#600,.T.);
#4462=EDGE_CURVE('',#5389,#5389,#601,.T.);
#4463=EDGE_CURVE('',#5390,#5390,#602,.T.);
#4464=EDGE_CURVE('',#5391,#5391,#603,.T.);
#4465=EDGE_CURVE('',#5392,#5392,#604,.T.);
#4466=EDGE_CURVE('',#5393,#5393,#605,.T.);
#4467=EDGE_CURVE('',#5394,#5394,#606,.T.);
#4468=EDGE_CURVE('',#5396,#5396,#607,.T.);
#4469=EDGE_CURVE('',#5398,#5398,#608,.T.);
#4470=EDGE_CURVE('',#5400,#5400,#609,.T.);
#4471=EDGE_CURVE('',#5402,#5402,#610,.T.);
#4472=VERTEX_POINT('',#13886);
#4473=VERTEX_POINT('',#13887);
#4474=VERTEX_POINT('',#13889);
#4475=VERTEX_POINT('',#13891);
#4476=VERTEX_POINT('',#13893);
#4477=VERTEX_POINT('',#13895);
#4478=VERTEX_POINT('',#13897);
#4479=VERTEX_POINT('',#13899);
#4480=VERTEX_POINT('',#13901);
#4481=VERTEX_POINT('',#13903);
#4482=VERTEX_POINT('',#13905);
#4483=VERTEX_POINT('',#13907);
#4484=VERTEX_POINT('',#13911);
#4485=VERTEX_POINT('',#13912);
#4486=VERTEX_POINT('',#13914);
#4487=VERTEX_POINT('',#13916);
#4488=VERTEX_POINT('',#13918);
#4489=VERTEX_POINT('',#13920);
#4490=VERTEX_POINT('',#13922);
#4491=VERTEX_POINT('',#13924);
#4492=VERTEX_POINT('',#13926);
#4493=VERTEX_POINT('',#13928);
#4494=VERTEX_POINT('',#13930);
#4495=VERTEX_POINT('',#13932);
#4496=VERTEX_POINT('',#13935);
#4497=VERTEX_POINT('',#13962);
#4498=VERTEX_POINT('',#13964);
#4499=VERTEX_POINT('',#13967);
#4500=VERTEX_POINT('',#13969);
#4501=VERTEX_POINT('',#13972);
#4502=VERTEX_POINT('',#13974);
#4503=VERTEX_POINT('',#13976);
#4504=VERTEX_POINT('',#13978);
#4505=VERTEX_POINT('',#13980);
#4506=VERTEX_POINT('',#13983);
#4507=VERTEX_POINT('',#13986);
#4508=VERTEX_POINT('',#13989);
#4509=VERTEX_POINT('',#13992);
#4510=VERTEX_POINT('',#14000);
#4511=VERTEX_POINT('',#14003);
#4512=VERTEX_POINT('',#14006);
#4513=VERTEX_POINT('',#14009);
#4514=VERTEX_POINT('',#14013);
#4515=VERTEX_POINT('',#14021);
#4516=VERTEX_POINT('',#14022);
#4517=VERTEX_POINT('',#14024);
#4518=VERTEX_POINT('',#14026);
#4519=VERTEX_POINT('',#14028);
#4520=VERTEX_POINT('',#14030);
#4521=VERTEX_POINT('',#14032);
#4522=VERTEX_POINT('',#14034);
#4523=VERTEX_POINT('',#14036);
#4524=VERTEX_POINT('',#14038);
#4525=VERTEX_POINT('',#14040);
#4526=VERTEX_POINT('',#14042);
#4527=VERTEX_POINT('',#14044);
#4528=VERTEX_POINT('',#14046);
#4529=VERTEX_POINT('',#14048);
#4530=VERTEX_POINT('',#14050);
#4531=VERTEX_POINT('',#14053);
#4532=VERTEX_POINT('',#14055);
#4533=VERTEX_POINT('',#14057);
#4534=VERTEX_POINT('',#14059);
#4535=VERTEX_POINT('',#14061);
#4536=VERTEX_POINT('',#14063);
#4537=VERTEX_POINT('',#14065);
#4538=VERTEX_POINT('',#14067);
#4539=VERTEX_POINT('',#14070);
#4540=VERTEX_POINT('',#14071);
#4541=VERTEX_POINT('',#14073);
#4542=VERTEX_POINT('',#14075);
#4543=VERTEX_POINT('',#14077);
#4544=VERTEX_POINT('',#14079);
#4545=VERTEX_POINT('',#14082);
#4546=VERTEX_POINT('',#14083);
#4547=VERTEX_POINT('',#14085);
#4548=VERTEX_POINT('',#14087);
#4549=VERTEX_POINT('',#14089);
#4550=VERTEX_POINT('',#14091);
#4551=VERTEX_POINT('',#14093);
#4552=VERTEX_POINT('',#14095);
#4553=VERTEX_POINT('',#14099);
#4554=VERTEX_POINT('',#14101);
#4555=VERTEX_POINT('',#14102);
#4556=VERTEX_POINT('',#14104);
#4557=VERTEX_POINT('',#14106);
#4558=VERTEX_POINT('',#14108);
#4559=VERTEX_POINT('',#14110);
#4560=VERTEX_POINT('',#14112);
#4561=VERTEX_POINT('',#14114);
#4562=VERTEX_POINT('',#14118);
#4563=VERTEX_POINT('',#14119);
#4564=VERTEX_POINT('',#14121);
#4565=VERTEX_POINT('',#14124);
#4566=VERTEX_POINT('',#14126);
#4567=VERTEX_POINT('',#14128);
#4568=VERTEX_POINT('',#14130);
#4569=VERTEX_POINT('',#14134);
#4570=VERTEX_POINT('',#14135);
#4571=VERTEX_POINT('',#14137);
#4572=VERTEX_POINT('',#14141);
#4573=VERTEX_POINT('',#14142);
#4574=VERTEX_POINT('',#14144);
#4575=VERTEX_POINT('',#14146);
#4576=VERTEX_POINT('',#14148);
#4577=VERTEX_POINT('',#14150);
#4578=VERTEX_POINT('',#14155);
#4579=VERTEX_POINT('',#14157);
#4580=VERTEX_POINT('',#14158);
#4581=VERTEX_POINT('',#14160);
#4582=VERTEX_POINT('',#14162);
#4583=VERTEX_POINT('',#14164);
#4584=VERTEX_POINT('',#14166);
#4585=VERTEX_POINT('',#14168);
#4586=VERTEX_POINT('',#14170);
#4587=VERTEX_POINT('',#14172);
#4588=VERTEX_POINT('',#14176);
#4589=VERTEX_POINT('',#14178);
#4590=VERTEX_POINT('',#14182);
#4591=VERTEX_POINT('',#14184);
#4592=VERTEX_POINT('',#14186);
#4593=VERTEX_POINT('',#14188);
#4594=VERTEX_POINT('',#14190);
#4595=VERTEX_POINT('',#14192);
#4596=VERTEX_POINT('',#14195);
#4597=VERTEX_POINT('',#14197);
#4598=VERTEX_POINT('',#14203);
#4599=VERTEX_POINT('',#14205);
#4600=VERTEX_POINT('',#14210);
#4601=VERTEX_POINT('',#14212);
#4602=VERTEX_POINT('',#14214);
#4603=VERTEX_POINT('',#14216);
#4604=VERTEX_POINT('',#14218);
#4605=VERTEX_POINT('',#14224);
#4606=VERTEX_POINT('',#14226);
#4607=VERTEX_POINT('',#14228);
#4608=VERTEX_POINT('',#14232);
#4609=VERTEX_POINT('',#14234);
#4610=VERTEX_POINT('',#14238);
#4611=VERTEX_POINT('',#14239);
#4612=VERTEX_POINT('',#14244);
#4613=VERTEX_POINT('',#14245);
#4614=VERTEX_POINT('',#14250);
#4615=VERTEX_POINT('',#14252);
#4616=VERTEX_POINT('',#14254);
#4617=VERTEX_POINT('',#14263);
#4618=VERTEX_POINT('',#14265);
#4619=VERTEX_POINT('',#14267);
#4620=VERTEX_POINT('',#14269);
#4621=VERTEX_POINT('',#14271);
#4622=VERTEX_POINT('',#14273);
#4623=VERTEX_POINT('',#14275);
#4624=VERTEX_POINT('',#14277);
#4625=VERTEX_POINT('',#14280);
#4626=VERTEX_POINT('',#14283);
#4627=VERTEX_POINT('',#14287);
#4628=VERTEX_POINT('',#14290);
#4629=VERTEX_POINT('',#14294);
#4630=VERTEX_POINT('',#14297);
#4631=VERTEX_POINT('',#14301);
#4632=VERTEX_POINT('',#14304);
#4633=VERTEX_POINT('',#14308);
#4634=VERTEX_POINT('',#14311);
#4635=VERTEX_POINT('',#14315);
#4636=VERTEX_POINT('',#14318);
#4637=VERTEX_POINT('',#14322);
#4638=VERTEX_POINT('',#14325);
#4639=VERTEX_POINT('',#14329);
#4640=VERTEX_POINT('',#14332);
#4641=VERTEX_POINT('',#14336);
#4642=VERTEX_POINT('',#14337);
#4643=VERTEX_POINT('',#14339);
#4644=VERTEX_POINT('',#14341);
#4645=VERTEX_POINT('',#14344);
#4646=VERTEX_POINT('',#14352);
#4647=VERTEX_POINT('',#14354);
#4648=VERTEX_POINT('',#14360);
#4649=VERTEX_POINT('',#14367);
#4650=VERTEX_POINT('',#14372);
#4651=VERTEX_POINT('',#14373);
#4652=VERTEX_POINT('',#14379);
#4653=VERTEX_POINT('',#14381);
#4654=VERTEX_POINT('',#14385);
#4655=VERTEX_POINT('',#14389);
#4656=VERTEX_POINT('',#14393);
#4657=VERTEX_POINT('',#14397);
#4658=VERTEX_POINT('',#14404);
#4659=VERTEX_POINT('',#14408);
#4660=VERTEX_POINT('',#14415);
#4661=VERTEX_POINT('',#14419);
#4662=VERTEX_POINT('',#14435);
#4663=VERTEX_POINT('',#14436);
#4664=VERTEX_POINT('',#14438);
#4665=VERTEX_POINT('',#14457);
#4666=VERTEX_POINT('',#14463);
#4667=VERTEX_POINT('',#14465);
#4668=VERTEX_POINT('',#14467);
#4669=VERTEX_POINT('',#14469);
#4670=VERTEX_POINT('',#14471);
#4671=VERTEX_POINT('',#14473);
#4672=VERTEX_POINT('',#14475);
#4673=VERTEX_POINT('',#14477);
#4674=VERTEX_POINT('',#14481);
#4675=VERTEX_POINT('',#14485);
#4676=VERTEX_POINT('',#14487);
#4677=VERTEX_POINT('',#14489);
#4678=VERTEX_POINT('',#14493);
#4679=VERTEX_POINT('',#14495);
#4680=VERTEX_POINT('',#14502);
#4681=VERTEX_POINT('',#14504);
#4682=VERTEX_POINT('',#14508);
#4683=VERTEX_POINT('',#14510);
#4684=VERTEX_POINT('',#14514);
#4685=VERTEX_POINT('',#14521);
#4686=VERTEX_POINT('',#14523);
#4687=VERTEX_POINT('',#14537);
#4688=VERTEX_POINT('',#14538);
#4689=VERTEX_POINT('',#14541);
#4690=VERTEX_POINT('',#14543);
#4691=VERTEX_POINT('',#14547);
#4692=VERTEX_POINT('',#14548);
#4693=VERTEX_POINT('',#14553);
#4694=VERTEX_POINT('',#14556);
#4695=VERTEX_POINT('',#14558);
#4696=VERTEX_POINT('',#14565);
#4697=VERTEX_POINT('',#14567);
#4698=VERTEX_POINT('',#14569);
#4699=VERTEX_POINT('',#14571);
#4700=VERTEX_POINT('',#14573);
#4701=VERTEX_POINT('',#14575);
#4702=VERTEX_POINT('',#14577);
#4703=VERTEX_POINT('',#14579);
#4704=VERTEX_POINT('',#14583);
#4705=VERTEX_POINT('',#14587);
#4706=VERTEX_POINT('',#14588);
#4707=VERTEX_POINT('',#14593);
#4708=VERTEX_POINT('',#14594);
#4709=VERTEX_POINT('',#14600);
#4710=VERTEX_POINT('',#14604);
#4711=VERTEX_POINT('',#14608);
#4712=VERTEX_POINT('',#14653);
#4713=VERTEX_POINT('',#14658);
#4714=VERTEX_POINT('',#14659);
#4715=VERTEX_POINT('',#14661);
#4716=VERTEX_POINT('',#14663);
#4717=VERTEX_POINT('',#14665);
#4718=VERTEX_POINT('',#14667);
#4719=VERTEX_POINT('',#14671);
#4720=VERTEX_POINT('',#14673);
#4721=VERTEX_POINT('',#14676);
#4722=VERTEX_POINT('',#14678);
#4723=VERTEX_POINT('',#14681);
#4724=VERTEX_POINT('',#14683);
#4725=VERTEX_POINT('',#14686);
#4726=VERTEX_POINT('',#14687);
#4727=VERTEX_POINT('',#14689);
#4728=VERTEX_POINT('',#14691);
#4729=VERTEX_POINT('',#14694);
#4730=VERTEX_POINT('',#14696);
#4731=VERTEX_POINT('',#14699);
#4732=VERTEX_POINT('',#14700);
#4733=VERTEX_POINT('',#14702);
#4734=VERTEX_POINT('',#14704);
#4735=VERTEX_POINT('',#14708);
#4736=VERTEX_POINT('',#14710);
#4737=VERTEX_POINT('',#14712);
#4738=VERTEX_POINT('',#14714);
#4739=VERTEX_POINT('',#14716);
#4740=VERTEX_POINT('',#14718);
#4741=VERTEX_POINT('',#14722);
#4742=VERTEX_POINT('',#14723);
#4743=VERTEX_POINT('',#14725);
#4744=VERTEX_POINT('',#14727);
#4745=VERTEX_POINT('',#14729);
#4746=VERTEX_POINT('',#14731);
#4747=VERTEX_POINT('',#14735);
#4748=VERTEX_POINT('',#14736);
#4749=VERTEX_POINT('',#14738);
#4750=VERTEX_POINT('',#14740);
#4751=VERTEX_POINT('',#14744);
#4752=VERTEX_POINT('',#14745);
#4753=VERTEX_POINT('',#14747);
#4754=VERTEX_POINT('',#14749);
#4755=VERTEX_POINT('',#14753);
#4756=VERTEX_POINT('',#14754);
#4757=VERTEX_POINT('',#14756);
#4758=VERTEX_POINT('',#14758);
#4759=VERTEX_POINT('',#14762);
#4760=VERTEX_POINT('',#14763);
#4761=VERTEX_POINT('',#14768);
#4762=VERTEX_POINT('',#14770);
#4763=VERTEX_POINT('',#14775);
#4764=VERTEX_POINT('',#14777);
#4765=VERTEX_POINT('',#14780);
#4766=VERTEX_POINT('',#14782);
#4767=VERTEX_POINT('',#14786);
#4768=VERTEX_POINT('',#14787);
#4769=VERTEX_POINT('',#14789);
#4770=VERTEX_POINT('',#14791);
#4771=VERTEX_POINT('',#14793);
#4772=VERTEX_POINT('',#14795);
#4773=VERTEX_POINT('',#14798);
#4774=VERTEX_POINT('',#14799);
#4775=VERTEX_POINT('',#14801);
#4776=VERTEX_POINT('',#14803);
#4777=VERTEX_POINT('',#14805);
#4778=VERTEX_POINT('',#14807);
#4779=VERTEX_POINT('',#14810);
#4780=VERTEX_POINT('',#14811);
#4781=VERTEX_POINT('',#14813);
#4782=VERTEX_POINT('',#14815);
#4783=VERTEX_POINT('',#14817);
#4784=VERTEX_POINT('',#14819);
#4785=VERTEX_POINT('',#14830);
#4786=VERTEX_POINT('',#14832);
#4787=VERTEX_POINT('',#14841);
#4788=VERTEX_POINT('',#14842);
#4789=VERTEX_POINT('',#14844);
#4790=VERTEX_POINT('',#14846);
#4791=VERTEX_POINT('',#14850);
#4792=VERTEX_POINT('',#14851);
#4793=VERTEX_POINT('',#14853);
#4794=VERTEX_POINT('',#14855);
#4795=VERTEX_POINT('',#14859);
#4796=VERTEX_POINT('',#14861);
#4797=VERTEX_POINT('',#14863);
#4798=VERTEX_POINT('',#14873);
#4799=VERTEX_POINT('',#14875);
#4800=VERTEX_POINT('',#14877);
#4801=VERTEX_POINT('',#14884);
#4802=VERTEX_POINT('',#14887);
#4803=VERTEX_POINT('',#14891);
#4804=VERTEX_POINT('',#14894);
#4805=VERTEX_POINT('',#14898);
#4806=VERTEX_POINT('',#14901);
#4807=VERTEX_POINT('',#14905);
#4808=VERTEX_POINT('',#14908);
#4809=VERTEX_POINT('',#14912);
#4810=VERTEX_POINT('',#14915);
#4811=VERTEX_POINT('',#14919);
#4812=VERTEX_POINT('',#14921);
#4813=VERTEX_POINT('',#14925);
#4814=VERTEX_POINT('',#14929);
#4815=VERTEX_POINT('',#14933);
#4816=VERTEX_POINT('',#14937);
#4817=VERTEX_POINT('',#14944);
#4818=VERTEX_POINT('',#14946);
#4819=VERTEX_POINT('',#14950);
#4820=VERTEX_POINT('',#14954);
#4821=VERTEX_POINT('',#14958);
#4822=VERTEX_POINT('',#14962);
#4823=VERTEX_POINT('',#14969);
#4824=VERTEX_POINT('',#14971);
#4825=VERTEX_POINT('',#14975);
#4826=VERTEX_POINT('',#14979);
#4827=VERTEX_POINT('',#14983);
#4828=VERTEX_POINT('',#14987);
#4829=VERTEX_POINT('',#15004);
#4830=VERTEX_POINT('',#15005);
#4831=VERTEX_POINT('',#15007);
#4832=VERTEX_POINT('',#15009);
#4833=VERTEX_POINT('',#15011);
#4834=VERTEX_POINT('',#15013);
#4835=VERTEX_POINT('',#15015);
#4836=VERTEX_POINT('',#15017);
#4837=VERTEX_POINT('',#15019);
#4838=VERTEX_POINT('',#15021);
#4839=VERTEX_POINT('',#15023);
#4840=VERTEX_POINT('',#15025);
#4841=VERTEX_POINT('',#15029);
#4842=VERTEX_POINT('',#15030);
#4843=VERTEX_POINT('',#15032);
#4844=VERTEX_POINT('',#15034);
#4845=VERTEX_POINT('',#15036);
#4846=VERTEX_POINT('',#15038);
#4847=VERTEX_POINT('',#15040);
#4848=VERTEX_POINT('',#15042);
#4849=VERTEX_POINT('',#15044);
#4850=VERTEX_POINT('',#15046);
#4851=VERTEX_POINT('',#15048);
#4852=VERTEX_POINT('',#15050);
#4853=VERTEX_POINT('',#15053);
#4854=VERTEX_POINT('',#15080);
#4855=VERTEX_POINT('',#15082);
#4856=VERTEX_POINT('',#15085);
#4857=VERTEX_POINT('',#15087);
#4858=VERTEX_POINT('',#15090);
#4859=VERTEX_POINT('',#15092);
#4860=VERTEX_POINT('',#15094);
#4861=VERTEX_POINT('',#15096);
#4862=VERTEX_POINT('',#15098);
#4863=VERTEX_POINT('',#15101);
#4864=VERTEX_POINT('',#15104);
#4865=VERTEX_POINT('',#15107);
#4866=VERTEX_POINT('',#15110);
#4867=VERTEX_POINT('',#15118);
#4868=VERTEX_POINT('',#15121);
#4869=VERTEX_POINT('',#15124);
#4870=VERTEX_POINT('',#15127);
#4871=VERTEX_POINT('',#15131);
#4872=VERTEX_POINT('',#15136);
#4873=VERTEX_POINT('',#15137);
#4874=VERTEX_POINT('',#15139);
#4875=VERTEX_POINT('',#15141);
#4876=VERTEX_POINT('',#15143);
#4877=VERTEX_POINT('',#15145);
#4878=VERTEX_POINT('',#15149);
#4879=VERTEX_POINT('',#15151);
#4880=VERTEX_POINT('',#15154);
#4881=VERTEX_POINT('',#15156);
#4882=VERTEX_POINT('',#15159);
#4883=VERTEX_POINT('',#15161);
#4884=VERTEX_POINT('',#15164);
#4885=VERTEX_POINT('',#15165);
#4886=VERTEX_POINT('',#15167);
#4887=VERTEX_POINT('',#15169);
#4888=VERTEX_POINT('',#15172);
#4889=VERTEX_POINT('',#15174);
#4890=VERTEX_POINT('',#15177);
#4891=VERTEX_POINT('',#15178);
#4892=VERTEX_POINT('',#15180);
#4893=VERTEX_POINT('',#15182);
#4894=VERTEX_POINT('',#15186);
#4895=VERTEX_POINT('',#15188);
#4896=VERTEX_POINT('',#15190);
#4897=VERTEX_POINT('',#15192);
#4898=VERTEX_POINT('',#15194);
#4899=VERTEX_POINT('',#15196);
#4900=VERTEX_POINT('',#15200);
#4901=VERTEX_POINT('',#15201);
#4902=VERTEX_POINT('',#15203);
#4903=VERTEX_POINT('',#15205);
#4904=VERTEX_POINT('',#15207);
#4905=VERTEX_POINT('',#15209);
#4906=VERTEX_POINT('',#15213);
#4907=VERTEX_POINT('',#15214);
#4908=VERTEX_POINT('',#15216);
#4909=VERTEX_POINT('',#15218);
#4910=VERTEX_POINT('',#15222);
#4911=VERTEX_POINT('',#15223);
#4912=VERTEX_POINT('',#15225);
#4913=VERTEX_POINT('',#15227);
#4914=VERTEX_POINT('',#15231);
#4915=VERTEX_POINT('',#15232);
#4916=VERTEX_POINT('',#15234);
#4917=VERTEX_POINT('',#15236);
#4918=VERTEX_POINT('',#15240);
#4919=VERTEX_POINT('',#15241);
#4920=VERTEX_POINT('',#15246);
#4921=VERTEX_POINT('',#15248);
#4922=VERTEX_POINT('',#15253);
#4923=VERTEX_POINT('',#15255);
#4924=VERTEX_POINT('',#15257);
#4925=VERTEX_POINT('',#15260);
#4926=VERTEX_POINT('',#15264);
#4927=VERTEX_POINT('',#15265);
#4928=VERTEX_POINT('',#15267);
#4929=VERTEX_POINT('',#15269);
#4930=VERTEX_POINT('',#15271);
#4931=VERTEX_POINT('',#15273);
#4932=VERTEX_POINT('',#15276);
#4933=VERTEX_POINT('',#15277);
#4934=VERTEX_POINT('',#15279);
#4935=VERTEX_POINT('',#15281);
#4936=VERTEX_POINT('',#15283);
#4937=VERTEX_POINT('',#15285);
#4938=VERTEX_POINT('',#15288);
#4939=VERTEX_POINT('',#15289);
#4940=VERTEX_POINT('',#15291);
#4941=VERTEX_POINT('',#15293);
#4942=VERTEX_POINT('',#15295);
#4943=VERTEX_POINT('',#15297);
#4944=VERTEX_POINT('',#15308);
#4945=VERTEX_POINT('',#15310);
#4946=VERTEX_POINT('',#15319);
#4947=VERTEX_POINT('',#15320);
#4948=VERTEX_POINT('',#15322);
#4949=VERTEX_POINT('',#15324);
#4950=VERTEX_POINT('',#15328);
#4951=VERTEX_POINT('',#15329);
#4952=VERTEX_POINT('',#15331);
#4953=VERTEX_POINT('',#15333);
#4954=VERTEX_POINT('',#15337);
#4955=VERTEX_POINT('',#15339);
#4956=VERTEX_POINT('',#15341);
#4957=VERTEX_POINT('',#15351);
#4958=VERTEX_POINT('',#15353);
#4959=VERTEX_POINT('',#15355);
#4960=VERTEX_POINT('',#15362);
#4961=VERTEX_POINT('',#15365);
#4962=VERTEX_POINT('',#15369);
#4963=VERTEX_POINT('',#15372);
#4964=VERTEX_POINT('',#15376);
#4965=VERTEX_POINT('',#15379);
#4966=VERTEX_POINT('',#15383);
#4967=VERTEX_POINT('',#15386);
#4968=VERTEX_POINT('',#15390);
#4969=VERTEX_POINT('',#15393);
#4970=VERTEX_POINT('',#15397);
#4971=VERTEX_POINT('',#15399);
#4972=VERTEX_POINT('',#15403);
#4973=VERTEX_POINT('',#15407);
#4974=VERTEX_POINT('',#15411);
#4975=VERTEX_POINT('',#15415);
#4976=VERTEX_POINT('',#15422);
#4977=VERTEX_POINT('',#15424);
#4978=VERTEX_POINT('',#15428);
#4979=VERTEX_POINT('',#15432);
#4980=VERTEX_POINT('',#15436);
#4981=VERTEX_POINT('',#15440);
#4982=VERTEX_POINT('',#15447);
#4983=VERTEX_POINT('',#15449);
#4984=VERTEX_POINT('',#15453);
#4985=VERTEX_POINT('',#15457);
#4986=VERTEX_POINT('',#15461);
#4987=VERTEX_POINT('',#15465);
#4988=VERTEX_POINT('',#15482);
#4989=VERTEX_POINT('',#15483);
#4990=VERTEX_POINT('',#15485);
#4991=VERTEX_POINT('',#15487);
#4992=VERTEX_POINT('',#15491);
#4993=VERTEX_POINT('',#15492);
#4994=VERTEX_POINT('',#15494);
#4995=VERTEX_POINT('',#15496);
#4996=VERTEX_POINT('',#15500);
#4997=VERTEX_POINT('',#15502);
#4998=VERTEX_POINT('',#15506);
#4999=VERTEX_POINT('',#15508);
#5000=VERTEX_POINT('',#15514);
#5001=VERTEX_POINT('',#15516);
#5002=VERTEX_POINT('',#15519);
#5003=VERTEX_POINT('',#15521);
#5004=VERTEX_POINT('',#15524);
#5005=VERTEX_POINT('',#15526);
#5006=VERTEX_POINT('',#15529);
#5007=VERTEX_POINT('',#15531);
#5008=VERTEX_POINT('',#15534);
#5009=VERTEX_POINT('',#15535);
#5010=VERTEX_POINT('',#15537);
#5011=VERTEX_POINT('',#15539);
#5012=VERTEX_POINT('',#15543);
#5013=VERTEX_POINT('',#15545);
#5014=VERTEX_POINT('',#15549);
#5015=VERTEX_POINT('',#15551);
#5016=VERTEX_POINT('',#15555);
#5017=VERTEX_POINT('',#15557);
#5018=VERTEX_POINT('',#15561);
#5019=VERTEX_POINT('',#15563);
#5020=VERTEX_POINT('',#15567);
#5021=VERTEX_POINT('',#15569);
#5022=VERTEX_POINT('',#15573);
#5023=VERTEX_POINT('',#15575);
#5024=VERTEX_POINT('',#15582);
#5025=VERTEX_POINT('',#15584);
#5026=VERTEX_POINT('',#15587);
#5027=VERTEX_POINT('',#15588);
#5028=VERTEX_POINT('',#15590);
#5029=VERTEX_POINT('',#15592);
#5030=VERTEX_POINT('',#15594);
#5031=VERTEX_POINT('',#15596);
#5032=VERTEX_POINT('',#15600);
#5033=VERTEX_POINT('',#15602);
#5034=VERTEX_POINT('',#15604);
#5035=VERTEX_POINT('',#15605);
#5036=VERTEX_POINT('',#15607);
#5037=VERTEX_POINT('',#15610);
#5038=VERTEX_POINT('',#15614);
#5039=VERTEX_POINT('',#15618);
#5040=VERTEX_POINT('',#15619);
#5041=VERTEX_POINT('',#15621);
#5042=VERTEX_POINT('',#15631);
#5043=VERTEX_POINT('',#15638);
#5044=VERTEX_POINT('',#15652);
#5045=VERTEX_POINT('',#15653);
#5046=VERTEX_POINT('',#15655);
#5047=VERTEX_POINT('',#15657);
#5048=VERTEX_POINT('',#15659);
#5049=VERTEX_POINT('',#15661);
#5050=VERTEX_POINT('',#15664);
#5051=VERTEX_POINT('',#15667);
#5052=VERTEX_POINT('',#15669);
#5053=VERTEX_POINT('',#15672);
#5054=VERTEX_POINT('',#15673);
#5055=VERTEX_POINT('',#15678);
#5056=VERTEX_POINT('',#15682);
#5057=VERTEX_POINT('',#15686);
#5058=VERTEX_POINT('',#15690);
#5059=VERTEX_POINT('',#15694);
#5060=VERTEX_POINT('',#15695);
#5061=VERTEX_POINT('',#15697);
#5062=VERTEX_POINT('',#15699);
#5063=VERTEX_POINT('',#15701);
#5064=VERTEX_POINT('',#15707);
#5065=VERTEX_POINT('',#15708);
#5066=VERTEX_POINT('',#15710);
#5067=VERTEX_POINT('',#15715);
#5068=VERTEX_POINT('',#15717);
#5069=VERTEX_POINT('',#15720);
#5070=VERTEX_POINT('',#15723);
#5071=VERTEX_POINT('',#15724);
#5072=VERTEX_POINT('',#15726);
#5073=VERTEX_POINT('',#15731);
#5074=VERTEX_POINT('',#15733);
#5075=VERTEX_POINT('',#15735);
#5076=VERTEX_POINT('',#15739);
#5077=VERTEX_POINT('',#15740);
#5078=VERTEX_POINT('',#15745);
#5079=VERTEX_POINT('',#15746);
#5080=VERTEX_POINT('',#15751);
#5081=VERTEX_POINT('',#15768);
#5082=VERTEX_POINT('',#15775);
#5083=VERTEX_POINT('',#15776);
#5084=VERTEX_POINT('',#15778);
#5085=VERTEX_POINT('',#15780);
#5086=VERTEX_POINT('',#15784);
#5087=VERTEX_POINT('',#15785);
#5088=VERTEX_POINT('',#15787);
#5089=VERTEX_POINT('',#15789);
#5090=VERTEX_POINT('',#15793);
#5091=VERTEX_POINT('',#15795);
#5092=VERTEX_POINT('',#15799);
#5093=VERTEX_POINT('',#15801);
#5094=VERTEX_POINT('',#15807);
#5095=VERTEX_POINT('',#15809);
#5096=VERTEX_POINT('',#15812);
#5097=VERTEX_POINT('',#15814);
#5098=VERTEX_POINT('',#15817);
#5099=VERTEX_POINT('',#15819);
#5100=VERTEX_POINT('',#15822);
#5101=VERTEX_POINT('',#15824);
#5102=VERTEX_POINT('',#15827);
#5103=VERTEX_POINT('',#15828);
#5104=VERTEX_POINT('',#15830);
#5105=VERTEX_POINT('',#15832);
#5106=VERTEX_POINT('',#15836);
#5107=VERTEX_POINT('',#15838);
#5108=VERTEX_POINT('',#15842);
#5109=VERTEX_POINT('',#15844);
#5110=VERTEX_POINT('',#15848);
#5111=VERTEX_POINT('',#15850);
#5112=VERTEX_POINT('',#15854);
#5113=VERTEX_POINT('',#15856);
#5114=VERTEX_POINT('',#15860);
#5115=VERTEX_POINT('',#15862);
#5116=VERTEX_POINT('',#15866);
#5117=VERTEX_POINT('',#15868);
#5118=VERTEX_POINT('',#15875);
#5119=VERTEX_POINT('',#15877);
#5120=VERTEX_POINT('',#15880);
#5121=VERTEX_POINT('',#15881);
#5122=VERTEX_POINT('',#15883);
#5123=VERTEX_POINT('',#15885);
#5124=VERTEX_POINT('',#15887);
#5125=VERTEX_POINT('',#15889);
#5126=VERTEX_POINT('',#15893);
#5127=VERTEX_POINT('',#15895);
#5128=VERTEX_POINT('',#15897);
#5129=VERTEX_POINT('',#15898);
#5130=VERTEX_POINT('',#15900);
#5131=VERTEX_POINT('',#15903);
#5132=VERTEX_POINT('',#15907);
#5133=VERTEX_POINT('',#15911);
#5134=VERTEX_POINT('',#15912);
#5135=VERTEX_POINT('',#15914);
#5136=VERTEX_POINT('',#15924);
#5137=VERTEX_POINT('',#15931);
#5138=VERTEX_POINT('',#15945);
#5139=VERTEX_POINT('',#15947);
#5140=VERTEX_POINT('',#15949);
#5141=VERTEX_POINT('',#15951);
#5142=VERTEX_POINT('',#15953);
#5143=VERTEX_POINT('',#15955);
#5144=VERTEX_POINT('',#15957);
#5145=VERTEX_POINT('',#15959);
#5146=VERTEX_POINT('',#15961);
#5147=VERTEX_POINT('',#15963);
#5148=VERTEX_POINT('',#15965);
#5149=VERTEX_POINT('',#15967);
#5150=VERTEX_POINT('',#15969);
#5151=VERTEX_POINT('',#15971);
#5152=VERTEX_POINT('',#15972);
#5153=VERTEX_POINT('',#15974);
#5154=VERTEX_POINT('',#15976);
#5155=VERTEX_POINT('',#15978);
#5156=VERTEX_POINT('',#15980);
#5157=VERTEX_POINT('',#15982);
#5158=VERTEX_POINT('',#15984);
#5159=VERTEX_POINT('',#15986);
#5160=VERTEX_POINT('',#15988);
#5161=VERTEX_POINT('',#15990);
#5162=VERTEX_POINT('',#15992);
#5163=VERTEX_POINT('',#15994);
#5164=VERTEX_POINT('',#15996);
#5165=VERTEX_POINT('',#15998);
#5166=VERTEX_POINT('',#16000);
#5167=VERTEX_POINT('',#16002);
#5168=VERTEX_POINT('',#16004);
#5169=VERTEX_POINT('',#16008);
#5170=VERTEX_POINT('',#16009);
#5171=VERTEX_POINT('',#16011);
#5172=VERTEX_POINT('',#16013);
#5173=VERTEX_POINT('',#16015);
#5174=VERTEX_POINT('',#16017);
#5175=VERTEX_POINT('',#16019);
#5176=VERTEX_POINT('',#16021);
#5177=VERTEX_POINT('',#16023);
#5178=VERTEX_POINT('',#16025);
#5179=VERTEX_POINT('',#16029);
#5180=VERTEX_POINT('',#16031);
#5181=VERTEX_POINT('',#16032);
#5182=VERTEX_POINT('',#16034);
#5183=VERTEX_POINT('',#16036);
#5184=VERTEX_POINT('',#16038);
#5185=VERTEX_POINT('',#16040);
#5186=VERTEX_POINT('',#16044);
#5187=VERTEX_POINT('',#16046);
#5188=VERTEX_POINT('',#16049);
#5189=VERTEX_POINT('',#16051);
#5190=VERTEX_POINT('',#16052);
#5191=VERTEX_POINT('',#16054);
#5192=VERTEX_POINT('',#16056);
#5193=VERTEX_POINT('',#16058);
#5194=VERTEX_POINT('',#16060);
#5195=VERTEX_POINT('',#16064);
#5196=VERTEX_POINT('',#16066);
#5197=VERTEX_POINT('',#16069);
#5198=VERTEX_POINT('',#16071);
#5199=VERTEX_POINT('',#16072);
#5200=VERTEX_POINT('',#16074);
#5201=VERTEX_POINT('',#16076);
#5202=VERTEX_POINT('',#16078);
#5203=VERTEX_POINT('',#16080);
#5204=VERTEX_POINT('',#16084);
#5205=VERTEX_POINT('',#16086);
#5206=VERTEX_POINT('',#16089);
#5207=VERTEX_POINT('',#16091);
#5208=VERTEX_POINT('',#16092);
#5209=VERTEX_POINT('',#16094);
#5210=VERTEX_POINT('',#16096);
#5211=VERTEX_POINT('',#16098);
#5212=VERTEX_POINT('',#16100);
#5213=VERTEX_POINT('',#16104);
#5214=VERTEX_POINT('',#16106);
#5215=VERTEX_POINT('',#16109);
#5216=VERTEX_POINT('',#16111);
#5217=VERTEX_POINT('',#16112);
#5218=VERTEX_POINT('',#16114);
#5219=VERTEX_POINT('',#16116);
#5220=VERTEX_POINT('',#16118);
#5221=VERTEX_POINT('',#16120);
#5222=VERTEX_POINT('',#16124);
#5223=VERTEX_POINT('',#16126);
#5224=VERTEX_POINT('',#16129);
#5225=VERTEX_POINT('',#16131);
#5226=VERTEX_POINT('',#16132);
#5227=VERTEX_POINT('',#16134);
#5228=VERTEX_POINT('',#16136);
#5229=VERTEX_POINT('',#16138);
#5230=VERTEX_POINT('',#16140);
#5231=VERTEX_POINT('',#16144);
#5232=VERTEX_POINT('',#16146);
#5233=VERTEX_POINT('',#16149);
#5234=VERTEX_POINT('',#16150);
#5235=VERTEX_POINT('',#16152);
#5236=VERTEX_POINT('',#16154);
#5237=VERTEX_POINT('',#16156);
#5238=VERTEX_POINT('',#16158);
#5239=VERTEX_POINT('',#16174);
#5240=VERTEX_POINT('',#16175);
#5241=VERTEX_POINT('',#16177);
#5242=VERTEX_POINT('',#16179);
#5243=VERTEX_POINT('',#16181);
#5244=VERTEX_POINT('',#16183);
#5245=VERTEX_POINT('',#16199);
#5246=VERTEX_POINT('',#16200);
#5247=VERTEX_POINT('',#16202);
#5248=VERTEX_POINT('',#16204);
#5249=VERTEX_POINT('',#16206);
#5250=VERTEX_POINT('',#16208);
#5251=VERTEX_POINT('',#16224);
#5252=VERTEX_POINT('',#16225);
#5253=VERTEX_POINT('',#16227);
#5254=VERTEX_POINT('',#16229);
#5255=VERTEX_POINT('',#16231);
#5256=VERTEX_POINT('',#16233);
#5257=VERTEX_POINT('',#16249);
#5258=VERTEX_POINT('',#16250);
#5259=VERTEX_POINT('',#16252);
#5260=VERTEX_POINT('',#16254);
#5261=VERTEX_POINT('',#16256);
#5262=VERTEX_POINT('',#16258);
#5263=VERTEX_POINT('',#16274);
#5264=VERTEX_POINT('',#16275);
#5265=VERTEX_POINT('',#16277);
#5266=VERTEX_POINT('',#16279);
#5267=VERTEX_POINT('',#16281);
#5268=VERTEX_POINT('',#16283);
#5269=VERTEX_POINT('',#16299);
#5270=VERTEX_POINT('',#16300);
#5271=VERTEX_POINT('',#16302);
#5272=VERTEX_POINT('',#16304);
#5273=VERTEX_POINT('',#16308);
#5274=VERTEX_POINT('',#16309);
#5275=VERTEX_POINT('',#16311);
#5276=VERTEX_POINT('',#16313);
#5277=VERTEX_POINT('',#16317);
#5278=VERTEX_POINT('',#16318);
#5279=VERTEX_POINT('',#16323);
#5280=VERTEX_POINT('',#16325);
#5281=VERTEX_POINT('',#16329);
#5282=VERTEX_POINT('',#16330);
#5283=VERTEX_POINT('',#16332);
#5284=VERTEX_POINT('',#16334);
#5285=VERTEX_POINT('',#16336);
#5286=VERTEX_POINT('',#16338);
#5287=VERTEX_POINT('',#16340);
#5288=VERTEX_POINT('',#16342);
#5289=VERTEX_POINT('',#16346);
#5290=VERTEX_POINT('',#16348);
#5291=VERTEX_POINT('',#16352);
#5292=VERTEX_POINT('',#16356);
#5293=VERTEX_POINT('',#16360);
#5294=VERTEX_POINT('',#16364);
#5295=VERTEX_POINT('',#16368);
#5296=VERTEX_POINT('',#16372);
#5297=VERTEX_POINT('',#16378);
#5298=VERTEX_POINT('',#16379);
#5299=VERTEX_POINT('',#16381);
#5300=VERTEX_POINT('',#16383);
#5301=VERTEX_POINT('',#16387);
#5302=VERTEX_POINT('',#16389);
#5303=VERTEX_POINT('',#16393);
#5304=VERTEX_POINT('',#16395);
#5305=VERTEX_POINT('',#16399);
#5306=VERTEX_POINT('',#16400);
#5307=VERTEX_POINT('',#16405);
#5308=VERTEX_POINT('',#16409);
#5309=VERTEX_POINT('',#16413);
#5310=VERTEX_POINT('',#16414);
#5311=VERTEX_POINT('',#16419);
#5312=VERTEX_POINT('',#16420);
#5313=VERTEX_POINT('',#16425);
#5314=VERTEX_POINT('',#16429);
#5315=VERTEX_POINT('',#16433);
#5316=VERTEX_POINT('',#16434);
#5317=VERTEX_POINT('',#16437);
#5318=VERTEX_POINT('',#16439);
#5319=VERTEX_POINT('',#16441);
#5320=VERTEX_POINT('',#16444);
#5321=VERTEX_POINT('',#16448);
#5322=VERTEX_POINT('',#16449);
#5323=VERTEX_POINT('',#16451);
#5324=VERTEX_POINT('',#16453);
#5325=VERTEX_POINT('',#16455);
#5326=VERTEX_POINT('',#16457);
#5327=VERTEX_POINT('',#16459);
#5328=VERTEX_POINT('',#16461);
#5329=VERTEX_POINT('',#16463);
#5330=VERTEX_POINT('',#16465);
#5331=VERTEX_POINT('',#16467);
#5332=VERTEX_POINT('',#16469);
#5333=VERTEX_POINT('',#16471);
#5334=VERTEX_POINT('',#16473);
#5335=VERTEX_POINT('',#16475);
#5336=VERTEX_POINT('',#16477);
#5337=VERTEX_POINT('',#16504);
#5338=VERTEX_POINT('',#16505);
#5339=VERTEX_POINT('',#16507);
#5340=VERTEX_POINT('',#16509);
#5341=VERTEX_POINT('',#16513);
#5342=VERTEX_POINT('',#16515);
#5343=VERTEX_POINT('',#16519);
#5344=VERTEX_POINT('',#16521);
#5345=VERTEX_POINT('',#16525);
#5346=VERTEX_POINT('',#16530);
#5347=VERTEX_POINT('',#16533);
#5348=VERTEX_POINT('',#16535);
#5349=VERTEX_POINT('',#16539);
#5350=VERTEX_POINT('',#16543);
#5351=VERTEX_POINT('',#16544);
#5352=VERTEX_POINT('',#16547);
#5353=VERTEX_POINT('',#16551);
#5354=VERTEX_POINT('',#16552);
#5355=VERTEX_POINT('',#16555);
#5356=VERTEX_POINT('',#16559);
#5357=VERTEX_POINT('',#16561);
#5358=VERTEX_POINT('',#16563);
#5359=VERTEX_POINT('',#16567);
#5360=VERTEX_POINT('',#16569);
#5361=VERTEX_POINT('',#16571);
#5362=VERTEX_POINT('',#16576);
#5363=VERTEX_POINT('',#16582);
#5364=VERTEX_POINT('',#16584);
#5365=VERTEX_POINT('',#16588);
#5366=VERTEX_POINT('',#16592);
#5367=VERTEX_POINT('',#16597);
#5368=VERTEX_POINT('',#16600);
#5369=VERTEX_POINT('',#16602);
#5370=VERTEX_POINT('',#16605);
#5371=VERTEX_POINT('',#16617);
#5372=VERTEX_POINT('',#16622);
#5373=VERTEX_POINT('',#16630);
#5374=VERTEX_POINT('',#16634);
#5375=VERTEX_POINT('',#16641);
#5376=VERTEX_POINT('',#16642);
#5377=VERTEX_POINT('',#16644);
#5378=VERTEX_POINT('',#16649);
#5379=VERTEX_POINT('',#16660);
#5380=VERTEX_POINT('',#16662);
#5381=VERTEX_POINT('',#16665);
#5382=VERTEX_POINT('',#16667);
#5383=VERTEX_POINT('',#16670);
#5384=VERTEX_POINT('',#16672);
#5385=VERTEX_POINT('',#16675);
#5386=VERTEX_POINT('',#16677);
#5387=VERTEX_POINT('',#16680);
#5388=VERTEX_POINT('',#16682);
#5389=VERTEX_POINT('',#16686);
#5390=VERTEX_POINT('',#16691);
#5391=VERTEX_POINT('',#16696);
#5392=VERTEX_POINT('',#16701);
#5393=VERTEX_POINT('',#16706);
#5394=VERTEX_POINT('',#16711);
#5395=VERTEX_POINT('',#16714);
#5396=VERTEX_POINT('',#16716);
#5397=VERTEX_POINT('',#16719);
#5398=VERTEX_POINT('',#16721);
#5399=VERTEX_POINT('',#16724);
#5400=VERTEX_POINT('',#16726);
#5401=VERTEX_POINT('',#16729);
#5402=VERTEX_POINT('',#16731);
#5403=LINE('',#13885,#6328);
#5404=LINE('',#13890,#6329);
#5405=LINE('',#13894,#6330);
#5406=LINE('',#13898,#6331);
#5407=LINE('',#13902,#6332);
#5408=LINE('',#13906,#6333);
#5409=LINE('',#13913,#6334);
#5410=LINE('',#13917,#6335);
#5411=LINE('',#13921,#6336);
#5412=LINE('',#13925,#6337);
#5413=LINE('',#13929,#6338);
#5414=LINE('',#13933,#6339);
#5415=LINE('',#13937,#6340);
#5416=LINE('',#13938,#6341);
#5417=LINE('',#13940,#6342);
#5418=LINE('',#13942,#6343);
#5419=LINE('',#13944,#6344);
#5420=LINE('',#13946,#6345);
#5421=LINE('',#13948,#6346);
#5422=LINE('',#13950,#6347);
#5423=LINE('',#13952,#6348);
#5424=LINE('',#13954,#6349);
#5425=LINE('',#13956,#6350);
#5426=LINE('',#13958,#6351);
#5427=LINE('',#14023,#6352);
#5428=LINE('',#14025,#6353);
#5429=LINE('',#14027,#6354);
#5430=LINE('',#14029,#6355);
#5431=LINE('',#14031,#6356);
#5432=LINE('',#14033,#6357);
#5433=LINE('',#14035,#6358);
#5434=LINE('',#14037,#6359);
#5435=LINE('',#14041,#6360);
#5436=LINE('',#14045,#6361);
#5437=LINE('',#14049,#6362);
#5438=LINE('',#14069,#6363);
#5439=LINE('',#14072,#6364);
#5440=LINE('',#14074,#6365);
#5441=LINE('',#14076,#6366);
#5442=LINE('',#14078,#6367);
#5443=LINE('',#14080,#6368);
#5444=LINE('',#14081,#6369);
#5445=LINE('',#14084,#6370);
#5446=LINE('',#14086,#6371);
#5447=LINE('',#14088,#6372);
#5448=LINE('',#14090,#6373);
#5449=LINE('',#14092,#6374);
#5450=LINE('',#14094,#6375);
#5451=LINE('',#14100,#6376);
#5452=LINE('',#14103,#6377);
#5453=LINE('',#14105,#6378);
#5454=LINE('',#14107,#6379);
#5455=LINE('',#14111,#6380);
#5456=LINE('',#14113,#6381);
#5457=LINE('',#14115,#6382);
#5458=LINE('',#14117,#6383);
#5459=LINE('',#14120,#6384);
#5460=LINE('',#14125,#6385);
#5461=LINE('',#14127,#6386);
#5462=LINE('',#14129,#6387);
#5463=LINE('',#14131,#6388);
#5464=LINE('',#14133,#6389);
#5465=LINE('',#14136,#6390);
#5466=LINE('',#14138,#6391);
#5467=LINE('',#14140,#6392);
#5468=LINE('',#14143,#6393);
#5469=LINE('',#14145,#6394);
#5470=LINE('',#14147,#6395);
#5471=LINE('',#14149,#6396);
#5472=LINE('',#14151,#6397);
#5473=LINE('',#14152,#6398);
#5474=LINE('',#14156,#6399);
#5475=LINE('',#14159,#6400);
#5476=LINE('',#14161,#6401);
#5477=LINE('',#14163,#6402);
#5478=LINE('',#14165,#6403);
#5479=LINE('',#14167,#6404);
#5480=LINE('',#14169,#6405);
#5481=LINE('',#14171,#6406);
#5482=LINE('',#14173,#6407);
#5483=LINE('',#14180,#6408);
#5484=LINE('',#14181,#6409);
#5485=LINE('',#14183,#6410);
#5486=LINE('',#14185,#6411);
#5487=LINE('',#14187,#6412);
#5488=LINE('',#14189,#6413);
#5489=LINE('',#14191,#6414);
#5490=LINE('',#14193,#6415);
#5491=LINE('',#14194,#6416);
#5492=LINE('',#14196,#6417);
#5493=LINE('',#14198,#6418);
#5494=LINE('',#14200,#6419);
#5495=LINE('',#14202,#6420);
#5496=LINE('',#14204,#6421);
#5497=LINE('',#14206,#6422);
#5498=LINE('',#14208,#6423);
#5499=LINE('',#14209,#6424);
#5500=LINE('',#14211,#6425);
#5501=LINE('',#14213,#6426);
#5502=LINE('',#14215,#6427);
#5503=LINE('',#14217,#6428);
#5504=LINE('',#14219,#6429);
#5505=LINE('',#14220,#6430);
#5506=LINE('',#14223,#6431);
#5507=LINE('',#14225,#6432);
#5508=LINE('',#14227,#6433);
#5509=LINE('',#14229,#6434);
#5510=LINE('',#14231,#6435);
#5511=LINE('',#14233,#6436);
#5512=LINE('',#14235,#6437);
#5513=LINE('',#14237,#6438);
#5514=LINE('',#14240,#6439);
#5515=LINE('',#14241,#6440);
#5516=LINE('',#14243,#6441);
#5517=LINE('',#14246,#6442);
#5518=LINE('',#14247,#6443);
#5519=LINE('',#14251,#6444);
#5520=LINE('',#14253,#6445);
#5521=LINE('',#14255,#6446);
#5522=LINE('',#14256,#6447);
#5523=LINE('',#14257,#6448);
#5524=LINE('',#14335,#6449);
#5525=LINE('',#14338,#6450);
#5526=LINE('',#14340,#6451);
#5527=LINE('',#14342,#6452);
#5528=LINE('',#14345,#6453);
#5529=LINE('',#14346,#6454);
#5530=LINE('',#14349,#6455);
#5531=LINE('',#14351,#6456);
#5532=LINE('',#14353,#6457);
#5533=LINE('',#14355,#6458);
#5534=LINE('',#14357,#6459);
#5535=LINE('',#14361,#6460);
#5536=LINE('',#14363,#6461);
#5537=LINE('',#14365,#6462);
#5538=LINE('',#14369,#6463);
#5539=LINE('',#14371,#6464);
#5540=LINE('',#14374,#6465);
#5541=LINE('',#14375,#6466);
#5542=LINE('',#14378,#6467);
#5543=LINE('',#14380,#6468);
#5544=LINE('',#14382,#6469);
#5545=LINE('',#14384,#6470);
#5546=LINE('',#14386,#6471);
#5547=LINE('',#14388,#6472);
#5548=LINE('',#14390,#6473);
#5549=LINE('',#14392,#6474);
#5550=LINE('',#14394,#6475);
#5551=LINE('',#14396,#6476);
#5552=LINE('',#14398,#6477);
#5553=LINE('',#14400,#6478);
#5554=LINE('',#14403,#6479);
#5555=LINE('',#14405,#6480);
#5556=LINE('',#14407,#6481);
#5557=LINE('',#14409,#6482);
#5558=LINE('',#14411,#6483);
#5559=LINE('',#14414,#6484);
#5560=LINE('',#14416,#6485);
#5561=LINE('',#14418,#6486);
#5562=LINE('',#14420,#6487);
#5563=LINE('',#14422,#6488);
#5564=LINE('',#14434,#6489);
#5565=LINE('',#14437,#6490);
#5566=LINE('',#14462,#6491);
#5567=LINE('',#14464,#6492);
#5568=LINE('',#14466,#6493);
#5569=LINE('',#14468,#6494);
#5570=LINE('',#14470,#6495);
#5571=LINE('',#14472,#6496);
#5572=LINE('',#14474,#6497);
#5573=LINE('',#14476,#6498);
#5574=LINE('',#14478,#6499);
#5575=LINE('',#14482,#6500);
#5576=LINE('',#14484,#6501);
#5577=LINE('',#14486,#6502);
#5578=LINE('',#14488,#6503);
#5579=LINE('',#14490,#6504);
#5580=LINE('',#14492,#6505);
#5581=LINE('',#14494,#6506);
#5582=LINE('',#14496,#6507);
#5583=LINE('',#14498,#6508);
#5584=LINE('',#14499,#6509);
#5585=LINE('',#14501,#6510);
#5586=LINE('',#14503,#6511);
#5587=LINE('',#14505,#6512);
#5588=LINE('',#14507,#6513);
#5589=LINE('',#14509,#6514);
#5590=LINE('',#14511,#6515);
#5591=LINE('',#14513,#6516);
#5592=LINE('',#14515,#6517);
#5593=LINE('',#14517,#6518);
#5594=LINE('',#14518,#6519);
#5595=LINE('',#14520,#6520);
#5596=LINE('',#14522,#6521);
#5597=LINE('',#14524,#6522);
#5598=LINE('',#14526,#6523);
#5599=LINE('',#14527,#6524);
#5600=LINE('',#14528,#6525);
#5601=LINE('',#14532,#6526);
#5602=LINE('',#14536,#6527);
#5603=LINE('',#14539,#6528);
#5604=LINE('',#14540,#6529);
#5605=LINE('',#14542,#6530);
#5606=LINE('',#14544,#6531);
#5607=LINE('',#14546,#6532);
#5608=LINE('',#14549,#6533);
#5609=LINE('',#14550,#6534);
#5610=LINE('',#14554,#6535);
#5611=LINE('',#14555,#6536);
#5612=LINE('',#14557,#6537);
#5613=LINE('',#14559,#6538);
#5614=LINE('',#14563,#6539);
#5615=LINE('',#14564,#6540);
#5616=LINE('',#14566,#6541);
#5617=LINE('',#14568,#6542);
#5618=LINE('',#14570,#6543);
#5619=LINE('',#14572,#6544);
#5620=LINE('',#14574,#6545);
#5621=LINE('',#14576,#6546);
#5622=LINE('',#14578,#6547);
#5623=LINE('',#14580,#6548);
#5624=LINE('',#14584,#6549);
#5625=LINE('',#14586,#6550);
#5626=LINE('',#14589,#6551);
#5627=LINE('',#14590,#6552);
#5628=LINE('',#14592,#6553);
#5629=LINE('',#14595,#6554);
#5630=LINE('',#14596,#6555);
#5631=LINE('',#14598,#6556);
#5632=LINE('',#14599,#6557);
#5633=LINE('',#14601,#6558);
#5634=LINE('',#14603,#6559);
#5635=LINE('',#14605,#6560);
#5636=LINE('',#14607,#6561);
#5637=LINE('',#14609,#6562);
#5638=LINE('',#14611,#6563);
#5639=LINE('',#14612,#6564);
#5640=LINE('',#14613,#6565);
#5641=LINE('',#14617,#6566);
#5642=LINE('',#14621,#6567);
#5643=LINE('',#14648,#6568);
#5644=LINE('',#14657,#6569);
#5645=LINE('',#14660,#6570);
#5646=LINE('',#14662,#6571);
#5647=LINE('',#14664,#6572);
#5648=LINE('',#14666,#6573);
#5649=LINE('',#14668,#6574);
#5650=LINE('',#14685,#6575);
#5651=LINE('',#14688,#6576);
#5652=LINE('',#14690,#6577);
#5653=LINE('',#14692,#6578);
#5654=LINE('',#14698,#6579);
#5655=LINE('',#14701,#6580);
#5656=LINE('',#14703,#6581);
#5657=LINE('',#14705,#6582);
#5658=LINE('',#14707,#6583);
#5659=LINE('',#14709,#6584);
#5660=LINE('',#14711,#6585);
#5661=LINE('',#14713,#6586);
#5662=LINE('',#14715,#6587);
#5663=LINE('',#14717,#6588);
#5664=LINE('',#14719,#6589);
#5665=LINE('',#14721,#6590);
#5666=LINE('',#14724,#6591);
#5667=LINE('',#14726,#6592);
#5668=LINE('',#14728,#6593);
#5669=LINE('',#14730,#6594);
#5670=LINE('',#14732,#6595);
#5671=LINE('',#14734,#6596);
#5672=LINE('',#14737,#6597);
#5673=LINE('',#14739,#6598);
#5674=LINE('',#14741,#6599);
#5675=LINE('',#14743,#6600);
#5676=LINE('',#14746,#6601);
#5677=LINE('',#14748,#6602);
#5678=LINE('',#14750,#6603);
#5679=LINE('',#14752,#6604);
#5680=LINE('',#14755,#6605);
#5681=LINE('',#14757,#6606);
#5682=LINE('',#14759,#6607);
#5683=LINE('',#14761,#6608);
#5684=LINE('',#14764,#6609);
#5685=LINE('',#14765,#6610);
#5686=LINE('',#14771,#6611);
#5687=LINE('',#14772,#6612);
#5688=LINE('',#14774,#6613);
#5689=LINE('',#14776,#6614);
#5690=LINE('',#14778,#6615);
#5691=LINE('',#14779,#6616);
#5692=LINE('',#14781,#6617);
#5693=LINE('',#14783,#6618);
#5694=LINE('',#14785,#6619);
#5695=LINE('',#14788,#6620);
#5696=LINE('',#14790,#6621);
#5697=LINE('',#14792,#6622);
#5698=LINE('',#14794,#6623);
#5699=LINE('',#14796,#6624);
#5700=LINE('',#14797,#6625);
#5701=LINE('',#14800,#6626);
#5702=LINE('',#14802,#6627);
#5703=LINE('',#14804,#6628);
#5704=LINE('',#14806,#6629);
#5705=LINE('',#14808,#6630);
#5706=LINE('',#14809,#6631);
#5707=LINE('',#14812,#6632);
#5708=LINE('',#14814,#6633);
#5709=LINE('',#14816,#6634);
#5710=LINE('',#14818,#6635);
#5711=LINE('',#14820,#6636);
#5712=LINE('',#14829,#6637);
#5713=LINE('',#14831,#6638);
#5714=LINE('',#14833,#6639);
#5715=LINE('',#14840,#6640);
#5716=LINE('',#14843,#6641);
#5717=LINE('',#14845,#6642);
#5718=LINE('',#14847,#6643);
#5719=LINE('',#14849,#6644);
#5720=LINE('',#14852,#6645);
#5721=LINE('',#14854,#6646);
#5722=LINE('',#14856,#6647);
#5723=LINE('',#14918,#6648);
#5724=LINE('',#14920,#6649);
#5725=LINE('',#14922,#6650);
#5726=LINE('',#14924,#6651);
#5727=LINE('',#14926,#6652);
#5728=LINE('',#14928,#6653);
#5729=LINE('',#14930,#6654);
#5730=LINE('',#14932,#6655);
#5731=LINE('',#14934,#6656);
#5732=LINE('',#14936,#6657);
#5733=LINE('',#14938,#6658);
#5734=LINE('',#14940,#6659);
#5735=LINE('',#14943,#6660);
#5736=LINE('',#14945,#6661);
#5737=LINE('',#14947,#6662);
#5738=LINE('',#14949,#6663);
#5739=LINE('',#14951,#6664);
#5740=LINE('',#14953,#6665);
#5741=LINE('',#14955,#6666);
#5742=LINE('',#14957,#6667);
#5743=LINE('',#14959,#6668);
#5744=LINE('',#14961,#6669);
#5745=LINE('',#14963,#6670);
#5746=LINE('',#14965,#6671);
#5747=LINE('',#14968,#6672);
#5748=LINE('',#14970,#6673);
#5749=LINE('',#14972,#6674);
#5750=LINE('',#14974,#6675);
#5751=LINE('',#14976,#6676);
#5752=LINE('',#14978,#6677);
#5753=LINE('',#14980,#6678);
#5754=LINE('',#14982,#6679);
#5755=LINE('',#14984,#6680);
#5756=LINE('',#14986,#6681);
#5757=LINE('',#14988,#6682);
#5758=LINE('',#14990,#6683);
#5759=LINE('',#15003,#6684);
#5760=LINE('',#15008,#6685);
#5761=LINE('',#15012,#6686);
#5762=LINE('',#15016,#6687);
#5763=LINE('',#15020,#6688);
#5764=LINE('',#15024,#6689);
#5765=LINE('',#15031,#6690);
#5766=LINE('',#15035,#6691);
#5767=LINE('',#15039,#6692);
#5768=LINE('',#15043,#6693);
#5769=LINE('',#15047,#6694);
#5770=LINE('',#15051,#6695);
#5771=LINE('',#15055,#6696);
#5772=LINE('',#15056,#6697);
#5773=LINE('',#15058,#6698);
#5774=LINE('',#15060,#6699);
#5775=LINE('',#15062,#6700);
#5776=LINE('',#15064,#6701);
#5777=LINE('',#15066,#6702);
#5778=LINE('',#15068,#6703);
#5779=LINE('',#15070,#6704);
#5780=LINE('',#15072,#6705);
#5781=LINE('',#15074,#6706);
#5782=LINE('',#15076,#6707);
#5783=LINE('',#15135,#6708);
#5784=LINE('',#15138,#6709);
#5785=LINE('',#15140,#6710);
#5786=LINE('',#15142,#6711);
#5787=LINE('',#15144,#6712);
#5788=LINE('',#15146,#6713);
#5789=LINE('',#15163,#6714);
#5790=LINE('',#15166,#6715);
#5791=LINE('',#15168,#6716);
#5792=LINE('',#15170,#6717);
#5793=LINE('',#15176,#6718);
#5794=LINE('',#15179,#6719);
#5795=LINE('',#15181,#6720);
#5796=LINE('',#15183,#6721);
#5797=LINE('',#15185,#6722);
#5798=LINE('',#15187,#6723);
#5799=LINE('',#15189,#6724);
#5800=LINE('',#15191,#6725);
#5801=LINE('',#15193,#6726);
#5802=LINE('',#15195,#6727);
#5803=LINE('',#15197,#6728);
#5804=LINE('',#15199,#6729);
#5805=LINE('',#15202,#6730);
#5806=LINE('',#15204,#6731);
#5807=LINE('',#15206,#6732);
#5808=LINE('',#15208,#6733);
#5809=LINE('',#15210,#6734);
#5810=LINE('',#15212,#6735);
#5811=LINE('',#15215,#6736);
#5812=LINE('',#15217,#6737);
#5813=LINE('',#15219,#6738);
#5814=LINE('',#15221,#6739);
#5815=LINE('',#15224,#6740);
#5816=LINE('',#15226,#6741);
#5817=LINE('',#15228,#6742);
#5818=LINE('',#15230,#6743);
#5819=LINE('',#15233,#6744);
#5820=LINE('',#15235,#6745);
#5821=LINE('',#15237,#6746);
#5822=LINE('',#15239,#6747);
#5823=LINE('',#15242,#6748);
#5824=LINE('',#15243,#6749);
#5825=LINE('',#15249,#6750);
#5826=LINE('',#15250,#6751);
#5827=LINE('',#15252,#6752);
#5828=LINE('',#15254,#6753);
#5829=LINE('',#15256,#6754);
#5830=LINE('',#15258,#6755);
#5831=LINE('',#15259,#6756);
#5832=LINE('',#15261,#6757);
#5833=LINE('',#15263,#6758);
#5834=LINE('',#15266,#6759);
#5835=LINE('',#15268,#6760);
#5836=LINE('',#15270,#6761);
#5837=LINE('',#15272,#6762);
#5838=LINE('',#15274,#6763);
#5839=LINE('',#15275,#6764);
#5840=LINE('',#15278,#6765);
#5841=LINE('',#15280,#6766);
#5842=LINE('',#15282,#6767);
#5843=LINE('',#15284,#6768);
#5844=LINE('',#15286,#6769);
#5845=LINE('',#15287,#6770);
#5846=LINE('',#15290,#6771);
#5847=LINE('',#15292,#6772);
#5848=LINE('',#15294,#6773);
#5849=LINE('',#15296,#6774);
#5850=LINE('',#15298,#6775);
#5851=LINE('',#15307,#6776);
#5852=LINE('',#15309,#6777);
#5853=LINE('',#15311,#6778);
#5854=LINE('',#15318,#6779);
#5855=LINE('',#15321,#6780);
#5856=LINE('',#15323,#6781);
#5857=LINE('',#15325,#6782);
#5858=LINE('',#15327,#6783);
#5859=LINE('',#15330,#6784);
#5860=LINE('',#15332,#6785);
#5861=LINE('',#15334,#6786);
#5862=LINE('',#15396,#6787);
#5863=LINE('',#15398,#6788);
#5864=LINE('',#15400,#6789);
#5865=LINE('',#15402,#6790);
#5866=LINE('',#15404,#6791);
#5867=LINE('',#15406,#6792);
#5868=LINE('',#15408,#6793);
#5869=LINE('',#15410,#6794);
#5870=LINE('',#15412,#6795);
#5871=LINE('',#15414,#6796);
#5872=LINE('',#15416,#6797);
#5873=LINE('',#15418,#6798);
#5874=LINE('',#15421,#6799);
#5875=LINE('',#15423,#6800);
#5876=LINE('',#15425,#6801);
#5877=LINE('',#15427,#6802);
#5878=LINE('',#15429,#6803);
#5879=LINE('',#15431,#6804);
#5880=LINE('',#15433,#6805);
#5881=LINE('',#15435,#6806);
#5882=LINE('',#15437,#6807);
#5883=LINE('',#15439,#6808);
#5884=LINE('',#15441,#6809);
#5885=LINE('',#15443,#6810);
#5886=LINE('',#15446,#6811);
#5887=LINE('',#15448,#6812);
#5888=LINE('',#15450,#6813);
#5889=LINE('',#15452,#6814);
#5890=LINE('',#15454,#6815);
#5891=LINE('',#15456,#6816);
#5892=LINE('',#15458,#6817);
#5893=LINE('',#15460,#6818);
#5894=LINE('',#15462,#6819);
#5895=LINE('',#15464,#6820);
#5896=LINE('',#15466,#6821);
#5897=LINE('',#15468,#6822);
#5898=LINE('',#15481,#6823);
#5899=LINE('',#15484,#6824);
#5900=LINE('',#15486,#6825);
#5901=LINE('',#15488,#6826);
#5902=LINE('',#15490,#6827);
#5903=LINE('',#15493,#6828);
#5904=LINE('',#15495,#6829);
#5905=LINE('',#15497,#6830);
#5906=LINE('',#15499,#6831);
#5907=LINE('',#15501,#6832);
#5908=LINE('',#15503,#6833);
#5909=LINE('',#15505,#6834);
#5910=LINE('',#15507,#6835);
#5911=LINE('',#15509,#6836);
#5912=LINE('',#15511,#6837);
#5913=LINE('',#15536,#6838);
#5914=LINE('',#15540,#6839);
#5915=LINE('',#15542,#6840);
#5916=LINE('',#15544,#6841);
#5917=LINE('',#15546,#6842);
#5918=LINE('',#15550,#6843);
#5919=LINE('',#15554,#6844);
#5920=LINE('',#15556,#6845);
#5921=LINE('',#15558,#6846);
#5922=LINE('',#15562,#6847);
#5923=LINE('',#15566,#6848);
#5924=LINE('',#15568,#6849);
#5925=LINE('',#15570,#6850);
#5926=LINE('',#15574,#6851);
#5927=LINE('',#15578,#6852);
#5928=LINE('',#15579,#6853);
#5929=LINE('',#15586,#6854);
#5930=LINE('',#15589,#6855);
#5931=LINE('',#15591,#6856);
#5932=LINE('',#15593,#6857);
#5933=LINE('',#15595,#6858);
#5934=LINE('',#15597,#6859);
#5935=LINE('',#15603,#6860);
#5936=LINE('',#15606,#6861);
#5937=LINE('',#15608,#6862);
#5938=LINE('',#15609,#6863);
#5939=LINE('',#15611,#6864);
#5940=LINE('',#15613,#6865);
#5941=LINE('',#15615,#6866);
#5942=LINE('',#15617,#6867);
#5943=LINE('',#15620,#6868);
#5944=LINE('',#15622,#6869);
#5945=LINE('',#15623,#6870);
#5946=LINE('',#15624,#6871);
#5947=LINE('',#15626,#6872);
#5948=LINE('',#15628,#6873);
#5949=LINE('',#15630,#6874);
#5950=LINE('',#15632,#6875);
#5951=LINE('',#15633,#6876);
#5952=LINE('',#15635,#6877);
#5953=LINE('',#15637,#6878);
#5954=LINE('',#15639,#6879);
#5955=LINE('',#15641,#6880);
#5956=LINE('',#15651,#6881);
#5957=LINE('',#15654,#6882);
#5958=LINE('',#15656,#6883);
#5959=LINE('',#15658,#6884);
#5960=LINE('',#15660,#6885);
#5961=LINE('',#15662,#6886);
#5962=LINE('',#15671,#6887);
#5963=LINE('',#15674,#6888);
#5964=LINE('',#15675,#6889);
#5965=LINE('',#15677,#6890);
#5966=LINE('',#15679,#6891);
#5967=LINE('',#15681,#6892);
#5968=LINE('',#15683,#6893);
#5969=LINE('',#15685,#6894);
#5970=LINE('',#15687,#6895);
#5971=LINE('',#15689,#6896);
#5972=LINE('',#15691,#6897);
#5973=LINE('',#15693,#6898);
#5974=LINE('',#15696,#6899);
#5975=LINE('',#15698,#6900);
#5976=LINE('',#15700,#6901);
#5977=LINE('',#15702,#6902);
#5978=LINE('',#15704,#6903);
#5979=LINE('',#15706,#6904);
#5980=LINE('',#15709,#6905);
#5981=LINE('',#15711,#6906);
#5982=LINE('',#15712,#6907);
#5983=LINE('',#15722,#6908);
#5984=LINE('',#15725,#6909);
#5985=LINE('',#15727,#6910);
#5986=LINE('',#15728,#6911);
#5987=LINE('',#15732,#6912);
#5988=LINE('',#15734,#6913);
#5989=LINE('',#15736,#6914);
#5990=LINE('',#15738,#6915);
#5991=LINE('',#15741,#6916);
#5992=LINE('',#15742,#6917);
#5993=LINE('',#15744,#6918);
#5994=LINE('',#15747,#6919);
#5995=LINE('',#15748,#6920);
#5996=LINE('',#15750,#6921);
#5997=LINE('',#15752,#6922);
#5998=LINE('',#15774,#6923);
#5999=LINE('',#15777,#6924);
#6000=LINE('',#15779,#6925);
#6001=LINE('',#15781,#6926);
#6002=LINE('',#15783,#6927);
#6003=LINE('',#15786,#6928);
#6004=LINE('',#15788,#6929);
#6005=LINE('',#15790,#6930);
#6006=LINE('',#15792,#6931);
#6007=LINE('',#15794,#6932);
#6008=LINE('',#15796,#6933);
#6009=LINE('',#15798,#6934);
#6010=LINE('',#15800,#6935);
#6011=LINE('',#15802,#6936);
#6012=LINE('',#15804,#6937);
#6013=LINE('',#15829,#6938);
#6014=LINE('',#15833,#6939);
#6015=LINE('',#15835,#6940);
#6016=LINE('',#15837,#6941);
#6017=LINE('',#15839,#6942);
#6018=LINE('',#15843,#6943);
#6019=LINE('',#15847,#6944);
#6020=LINE('',#15849,#6945);
#6021=LINE('',#15851,#6946);
#6022=LINE('',#15855,#6947);
#6023=LINE('',#15859,#6948);
#6024=LINE('',#15861,#6949);
#6025=LINE('',#15863,#6950);
#6026=LINE('',#15867,#6951);
#6027=LINE('',#15871,#6952);
#6028=LINE('',#15872,#6953);
#6029=LINE('',#15879,#6954);
#6030=LINE('',#15882,#6955);
#6031=LINE('',#15884,#6956);
#6032=LINE('',#15886,#6957);
#6033=LINE('',#15888,#6958);
#6034=LINE('',#15890,#6959);
#6035=LINE('',#15896,#6960);
#6036=LINE('',#15899,#6961);
#6037=LINE('',#15901,#6962);
#6038=LINE('',#15902,#6963);
#6039=LINE('',#15904,#6964);
#6040=LINE('',#15906,#6965);
#6041=LINE('',#15908,#6966);
#6042=LINE('',#15910,#6967);
#6043=LINE('',#15913,#6968);
#6044=LINE('',#15915,#6969);
#6045=LINE('',#15916,#6970);
#6046=LINE('',#15917,#6971);
#6047=LINE('',#15919,#6972);
#6048=LINE('',#15921,#6973);
#6049=LINE('',#15923,#6974);
#6050=LINE('',#15925,#6975);
#6051=LINE('',#15926,#6976);
#6052=LINE('',#15928,#6977);
#6053=LINE('',#15930,#6978);
#6054=LINE('',#15932,#6979);
#6055=LINE('',#15934,#6980);
#6056=LINE('',#15970,#6981);
#6057=LINE('',#15973,#6982);
#6058=LINE('',#15975,#6983);
#6059=LINE('',#15979,#6984);
#6060=LINE('',#15983,#6985);
#6061=LINE('',#15987,#6986);
#6062=LINE('',#15991,#6987);
#6063=LINE('',#15995,#6988);
#6064=LINE('',#15999,#6989);
#6065=LINE('',#16001,#6990);
#6066=LINE('',#16003,#6991);
#6067=LINE('',#16005,#6992);
#6068=LINE('',#16007,#6993);
#6069=LINE('',#16010,#6994);
#6070=LINE('',#16012,#6995);
#6071=LINE('',#16016,#6996);
#6072=LINE('',#16020,#6997);
#6073=LINE('',#16022,#6998);
#6074=LINE('',#16024,#6999);
#6075=LINE('',#16026,#7000);
#6076=LINE('',#16030,#7001);
#6077=LINE('',#16033,#7002);
#6078=LINE('',#16035,#7003);
#6079=LINE('',#16037,#7004);
#6080=LINE('',#16039,#7005);
#6081=LINE('',#16041,#7006);
#6082=LINE('',#16050,#7007);
#6083=LINE('',#16053,#7008);
#6084=LINE('',#16055,#7009);
#6085=LINE('',#16057,#7010);
#6086=LINE('',#16059,#7011);
#6087=LINE('',#16061,#7012);
#6088=LINE('',#16070,#7013);
#6089=LINE('',#16073,#7014);
#6090=LINE('',#16075,#7015);
#6091=LINE('',#16077,#7016);
#6092=LINE('',#16079,#7017);
#6093=LINE('',#16081,#7018);
#6094=LINE('',#16090,#7019);
#6095=LINE('',#16093,#7020);
#6096=LINE('',#16095,#7021);
#6097=LINE('',#16097,#7022);
#6098=LINE('',#16099,#7023);
#6099=LINE('',#16101,#7024);
#6100=LINE('',#16110,#7025);
#6101=LINE('',#16113,#7026);
#6102=LINE('',#16115,#7027);
#6103=LINE('',#16117,#7028);
#6104=LINE('',#16119,#7029);
#6105=LINE('',#16121,#7030);
#6106=LINE('',#16130,#7031);
#6107=LINE('',#16133,#7032);
#6108=LINE('',#16135,#7033);
#6109=LINE('',#16137,#7034);
#6110=LINE('',#16139,#7035);
#6111=LINE('',#16141,#7036);
#6112=LINE('',#16148,#7037);
#6113=LINE('',#16151,#7038);
#6114=LINE('',#16153,#7039);
#6115=LINE('',#16155,#7040);
#6116=LINE('',#16157,#7041);
#6117=LINE('',#16159,#7042);
#6118=LINE('',#16161,#7043);
#6119=LINE('',#16162,#7044);
#6120=LINE('',#16164,#7045);
#6121=LINE('',#16166,#7046);
#6122=LINE('',#16168,#7047);
#6123=LINE('',#16170,#7048);
#6124=LINE('',#16173,#7049);
#6125=LINE('',#16176,#7050);
#6126=LINE('',#16178,#7051);
#6127=LINE('',#16180,#7052);
#6128=LINE('',#16182,#7053);
#6129=LINE('',#16184,#7054);
#6130=LINE('',#16186,#7055);
#6131=LINE('',#16187,#7056);
#6132=LINE('',#16189,#7057);
#6133=LINE('',#16191,#7058);
#6134=LINE('',#16193,#7059);
#6135=LINE('',#16195,#7060);
#6136=LINE('',#16198,#7061);
#6137=LINE('',#16201,#7062);
#6138=LINE('',#16203,#7063);
#6139=LINE('',#16205,#7064);
#6140=LINE('',#16207,#7065);
#6141=LINE('',#16209,#7066);
#6142=LINE('',#16211,#7067);
#6143=LINE('',#16212,#7068);
#6144=LINE('',#16214,#7069);
#6145=LINE('',#16216,#7070);
#6146=LINE('',#16218,#7071);
#6147=LINE('',#16220,#7072);
#6148=LINE('',#16223,#7073);
#6149=LINE('',#16226,#7074);
#6150=LINE('',#16228,#7075);
#6151=LINE('',#16230,#7076);
#6152=LINE('',#16232,#7077);
#6153=LINE('',#16234,#7078);
#6154=LINE('',#16236,#7079);
#6155=LINE('',#16237,#7080);
#6156=LINE('',#16239,#7081);
#6157=LINE('',#16241,#7082);
#6158=LINE('',#16243,#7083);
#6159=LINE('',#16245,#7084);
#6160=LINE('',#16248,#7085);
#6161=LINE('',#16251,#7086);
#6162=LINE('',#16253,#7087);
#6163=LINE('',#16255,#7088);
#6164=LINE('',#16257,#7089);
#6165=LINE('',#16259,#7090);
#6166=LINE('',#16261,#7091);
#6167=LINE('',#16262,#7092);
#6168=LINE('',#16264,#7093);
#6169=LINE('',#16266,#7094);
#6170=LINE('',#16268,#7095);
#6171=LINE('',#16270,#7096);
#6172=LINE('',#16273,#7097);
#6173=LINE('',#16276,#7098);
#6174=LINE('',#16278,#7099);
#6175=LINE('',#16280,#7100);
#6176=LINE('',#16282,#7101);
#6177=LINE('',#16284,#7102);
#6178=LINE('',#16286,#7103);
#6179=LINE('',#16287,#7104);
#6180=LINE('',#16289,#7105);
#6181=LINE('',#16291,#7106);
#6182=LINE('',#16293,#7107);
#6183=LINE('',#16295,#7108);
#6184=LINE('',#16298,#7109);
#6185=LINE('',#16301,#7110);
#6186=LINE('',#16303,#7111);
#6187=LINE('',#16305,#7112);
#6188=LINE('',#16307,#7113);
#6189=LINE('',#16310,#7114);
#6190=LINE('',#16312,#7115);
#6191=LINE('',#16314,#7116);
#6192=LINE('',#16316,#7117);
#6193=LINE('',#16319,#7118);
#6194=LINE('',#16320,#7119);
#6195=LINE('',#16324,#7120);
#6196=LINE('',#16326,#7121);
#6197=LINE('',#16328,#7122);
#6198=LINE('',#16333,#7123);
#6199=LINE('',#16337,#7124);
#6200=LINE('',#16341,#7125);
#6201=LINE('',#16345,#7126);
#6202=LINE('',#16349,#7127);
#6203=LINE('',#16351,#7128);
#6204=LINE('',#16353,#7129);
#6205=LINE('',#16355,#7130);
#6206=LINE('',#16359,#7131);
#6207=LINE('',#16361,#7132);
#6208=LINE('',#16363,#7133);
#6209=LINE('',#16367,#7134);
#6210=LINE('',#16369,#7135);
#6211=LINE('',#16371,#7136);
#6212=LINE('',#16375,#7137);
#6213=LINE('',#16380,#7138);
#6214=LINE('',#16384,#7139);
#6215=LINE('',#16386,#7140);
#6216=LINE('',#16388,#7141);
#6217=LINE('',#16390,#7142);
#6218=LINE('',#16394,#7143);
#6219=LINE('',#16401,#7144);
#6220=LINE('',#16402,#7145);
#6221=LINE('',#16404,#7146);
#6222=LINE('',#16406,#7147);
#6223=LINE('',#16410,#7148);
#6224=LINE('',#16412,#7149);
#6225=LINE('',#16415,#7150);
#6226=LINE('',#16416,#7151);
#6227=LINE('',#16418,#7152);
#6228=LINE('',#16421,#7153);
#6229=LINE('',#16422,#7154);
#6230=LINE('',#16424,#7155);
#6231=LINE('',#16426,#7156);
#6232=LINE('',#16430,#7157);
#6233=LINE('',#16432,#7158);
#6234=LINE('',#16435,#7159);
#6235=LINE('',#16436,#7160);
#6236=LINE('',#16438,#7161);
#6237=LINE('',#16440,#7162);
#6238=LINE('',#16442,#7163);
#6239=LINE('',#16443,#7164);
#6240=LINE('',#16445,#7165);
#6241=LINE('',#16447,#7166);
#6242=LINE('',#16450,#7167);
#6243=LINE('',#16452,#7168);
#6244=LINE('',#16456,#7169);
#6245=LINE('',#16460,#7170);
#6246=LINE('',#16464,#7171);
#6247=LINE('',#16468,#7172);
#6248=LINE('',#16472,#7173);
#6249=LINE('',#16476,#7174);
#6250=LINE('',#16478,#7175);
#6251=LINE('',#16480,#7176);
#6252=LINE('',#16481,#7177);
#6253=LINE('',#16483,#7178);
#6254=LINE('',#16485,#7179);
#6255=LINE('',#16487,#7180);
#6256=LINE('',#16489,#7181);
#6257=LINE('',#16491,#7182);
#6258=LINE('',#16493,#7183);
#6259=LINE('',#16495,#7184);
#6260=LINE('',#16497,#7185);
#6261=LINE('',#16499,#7186);
#6262=LINE('',#16500,#7187);
#6263=LINE('',#16506,#7188);
#6264=LINE('',#16510,#7189);
#6265=LINE('',#16512,#7190);
#6266=LINE('',#16514,#7191);
#6267=LINE('',#16516,#7192);
#6268=LINE('',#16520,#7193);
#6269=LINE('',#16524,#7194);
#6270=LINE('',#16526,#7195);
#6271=LINE('',#16527,#7196);
#6272=LINE('',#16529,#7197);
#6273=LINE('',#16531,#7198);
#6274=LINE('',#16532,#7199);
#6275=LINE('',#16534,#7200);
#6276=LINE('',#16536,#7201);
#6277=LINE('',#16538,#7202);
#6278=LINE('',#16540,#7203);
#6279=LINE('',#16542,#7204);
#6280=LINE('',#16545,#7205);
#6281=LINE('',#16546,#7206);
#6282=LINE('',#16548,#7207);
#6283=LINE('',#16550,#7208);
#6284=LINE('',#16553,#7209);
#6285=LINE('',#16554,#7210);
#6286=LINE('',#16556,#7211);
#6287=LINE('',#16558,#7212);
#6288=LINE('',#16560,#7213);
#6289=LINE('',#16562,#7214);
#6290=LINE('',#16564,#7215);
#6291=LINE('',#16566,#7216);
#6292=LINE('',#16568,#7217);
#6293=LINE('',#16570,#7218);
#6294=LINE('',#16572,#7219);
#6295=LINE('',#16574,#7220);
#6296=LINE('',#16575,#7221);
#6297=LINE('',#16577,#7222);
#6298=LINE('',#16579,#7223);
#6299=LINE('',#16581,#7224);
#6300=LINE('',#16583,#7225);
#6301=LINE('',#16585,#7226);
#6302=LINE('',#16587,#7227);
#6303=LINE('',#16589,#7228);
#6304=LINE('',#16590,#7229);
#6305=LINE('',#16591,#7230);
#6306=LINE('',#16593,#7231);
#6307=LINE('',#16596,#7232);
#6308=LINE('',#16598,#7233);
#6309=LINE('',#16604,#7234);
#6310=LINE('',#16606,#7235);
#6311=LINE('',#16607,#7236);
#6312=LINE('',#16610,#7237);
#6313=LINE('',#16611,#7238);
#6314=LINE('',#16613,#7239);
#6315=LINE('',#16618,#7240);
#6316=LINE('',#16621,#7241);
#6317=LINE('',#16623,#7242);
#6318=LINE('',#16631,#7243);
#6319=LINE('',#16633,#7244);
#6320=LINE('',#16635,#7245);
#6321=LINE('',#16643,#7246);
#6322=LINE('',#16645,#7247);
#6323=LINE('',#16647,#7248);
#6324=LINE('',#16648,#7249);
#6325=LINE('',#16651,#7250);
#6326=LINE('',#16653,#7251);
#6327=LINE('',#16656,#7252);
#6328=VECTOR('',#11078,1000.);
#6329=VECTOR('',#11081,1000.);
#6330=VECTOR('',#11084,1000.);
#6331=VECTOR('',#11087,1000.);
#6332=VECTOR('',#11090,1000.);
#6333=VECTOR('',#11093,1000.);
#6334=VECTOR('',#11100,1000.);
#6335=VECTOR('',#11103,1000.);
#6336=VECTOR('',#11106,1000.);
#6337=VECTOR('',#11109,1000.);
#6338=VECTOR('',#11112,1000.);
#6339=VECTOR('',#11115,1000.);
#6340=VECTOR('',#11120,1000.);
#6341=VECTOR('',#11121,1000.);
#6342=VECTOR('',#11124,1000.);
#6343=VECTOR('',#11127,1000.);
#6344=VECTOR('',#11130,1000.);
#6345=VECTOR('',#11133,1000.);
#6346=VECTOR('',#11136,1000.);
#6347=VECTOR('',#11139,1000.);
#6348=VECTOR('',#11142,1000.);
#6349=VECTOR('',#11145,1000.);
#6350=VECTOR('',#11148,1000.);
#6351=VECTOR('',#11151,1000.);
#6352=VECTOR('',#11232,1000.);
#6353=VECTOR('',#11233,1000.);
#6354=VECTOR('',#11234,1000.);
#6355=VECTOR('',#11235,1000.);
#6356=VECTOR('',#11236,1000.);
#6357=VECTOR('',#11237,1000.);
#6358=VECTOR('',#11238,1000.);
#6359=VECTOR('',#11239,1000.);
#6360=VECTOR('',#11242,1000.);
#6361=VECTOR('',#11245,1000.);
#6362=VECTOR('',#11248,1000.);
#6363=VECTOR('',#11269,1000.);
#6364=VECTOR('',#11270,1000.);
#6365=VECTOR('',#11271,1000.);
#6366=VECTOR('',#11272,1000.);
#6367=VECTOR('',#11273,1000.);
#6368=VECTOR('',#11274,1000.);
#6369=VECTOR('',#11275,1000.);
#6370=VECTOR('',#11276,1000.);
#6371=VECTOR('',#11277,1000.);
#6372=VECTOR('',#11278,1000.);
#6373=VECTOR('',#11279,1000.);
#6374=VECTOR('',#11280,1000.);
#6375=VECTOR('',#11281,1000.);
#6376=VECTOR('',#11288,1000.);
#6377=VECTOR('',#11289,1000.);
#6378=VECTOR('',#11290,1000.);
#6379=VECTOR('',#11291,1000.);
#6380=VECTOR('',#11294,1000.);
#6381=VECTOR('',#11295,1000.);
#6382=VECTOR('',#11296,1000.);
#6383=VECTOR('',#11299,1000.);
#6384=VECTOR('',#11300,1000.);
#6385=VECTOR('',#11305,1000.);
#6386=VECTOR('',#11306,1000.);
#6387=VECTOR('',#11307,1000.);
#6388=VECTOR('',#11308,1000.);
#6389=VECTOR('',#11311,1000.);
#6390=VECTOR('',#11312,1000.);
#6391=VECTOR('',#11313,1000.);
#6392=VECTOR('',#11316,1000.);
#6393=VECTOR('',#11317,1000.);
#6394=VECTOR('',#11318,1000.);
#6395=VECTOR('',#11319,1000.);
#6396=VECTOR('',#11320,1000.);
#6397=VECTOR('',#11321,1000.);
#6398=VECTOR('',#11322,1000.);
#6399=VECTOR('',#11327,1000.);
#6400=VECTOR('',#11328,1000.);
#6401=VECTOR('',#11329,1000.);
#6402=VECTOR('',#11330,1000.);
#6403=VECTOR('',#11331,1000.);
#6404=VECTOR('',#11332,1000.);
#6405=VECTOR('',#11333,1000.);
#6406=VECTOR('',#11334,1000.);
#6407=VECTOR('',#11335,1000.);
#6408=VECTOR('',#11344,1000.);
#6409=VECTOR('',#11345,1000.);
#6410=VECTOR('',#11346,1000.);
#6411=VECTOR('',#11347,1000.);
#6412=VECTOR('',#11348,1000.);
#6413=VECTOR('',#11349,1000.);
#6414=VECTOR('',#11350,1000.);
#6415=VECTOR('',#11351,1000.);
#6416=VECTOR('',#11352,1000.);
#6417=VECTOR('',#11353,1000.);
#6418=VECTOR('',#11354,1000.);
#6419=VECTOR('',#11357,1000.);
#6420=VECTOR('',#11360,1000.);
#6421=VECTOR('',#11361,1000.);
#6422=VECTOR('',#11362,1000.);
#6423=VECTOR('',#11365,1000.);
#6424=VECTOR('',#11366,1000.);
#6425=VECTOR('',#11367,1000.);
#6426=VECTOR('',#11368,1000.);
#6427=VECTOR('',#11369,1000.);
#6428=VECTOR('',#11370,1000.);
#6429=VECTOR('',#11371,1000.);
#6430=VECTOR('',#11372,1000.);
#6431=VECTOR('',#11377,1000.);
#6432=VECTOR('',#11378,1000.);
#6433=VECTOR('',#11379,1000.);
#6434=VECTOR('',#11380,1000.);
#6435=VECTOR('',#11383,1000.);
#6436=VECTOR('',#11384,1000.);
#6437=VECTOR('',#11385,1000.);
#6438=VECTOR('',#11388,1000.);
#6439=VECTOR('',#11389,1000.);
#6440=VECTOR('',#11390,1000.);
#6441=VECTOR('',#11393,1000.);
#6442=VECTOR('',#11394,1000.);
#6443=VECTOR('',#11395,1000.);
#6444=VECTOR('',#11400,1000.);
#6445=VECTOR('',#11401,1000.);
#6446=VECTOR('',#11402,1000.);
#6447=VECTOR('',#11403,1000.);
#6448=VECTOR('',#11404,1000.);
#6449=VECTOR('',#11511,1000.);
#6450=VECTOR('',#11512,1000.);
#6451=VECTOR('',#11513,1000.);
#6452=VECTOR('',#11514,1000.);
#6453=VECTOR('',#11517,1000.);
#6454=VECTOR('',#11518,1000.);
#6455=VECTOR('',#11523,1000.);
#6456=VECTOR('',#11526,1000.);
#6457=VECTOR('',#11527,1000.);
#6458=VECTOR('',#11528,1000.);
#6459=VECTOR('',#11531,1000.);
#6460=VECTOR('',#11536,1000.);
#6461=VECTOR('',#11539,1000.);
#6462=VECTOR('',#11542,1000.);
#6463=VECTOR('',#11547,1000.);
#6464=VECTOR('',#11550,1000.);
#6465=VECTOR('',#11551,1000.);
#6466=VECTOR('',#11552,1000.);
#6467=VECTOR('',#11557,1000.);
#6468=VECTOR('',#11558,1000.);
#6469=VECTOR('',#11559,1000.);
#6470=VECTOR('',#11562,1000.);
#6471=VECTOR('',#11563,1000.);
#6472=VECTOR('',#11566,1000.);
#6473=VECTOR('',#11567,1000.);
#6474=VECTOR('',#11570,1000.);
#6475=VECTOR('',#11571,1000.);
#6476=VECTOR('',#11574,1000.);
#6477=VECTOR('',#11575,1000.);
#6478=VECTOR('',#11578,1000.);
#6479=VECTOR('',#11583,1000.);
#6480=VECTOR('',#11584,1000.);
#6481=VECTOR('',#11587,1000.);
#6482=VECTOR('',#11588,1000.);
#6483=VECTOR('',#11591,1000.);
#6484=VECTOR('',#11596,1000.);
#6485=VECTOR('',#11597,1000.);
#6486=VECTOR('',#11600,1000.);
#6487=VECTOR('',#11601,1000.);
#6488=VECTOR('',#11604,1000.);
#6489=VECTOR('',#11619,1000.);
#6490=VECTOR('',#11620,1000.);
#6491=VECTOR('',#11621,1000.);
#6492=VECTOR('',#11622,1000.);
#6493=VECTOR('',#11623,1000.);
#6494=VECTOR('',#11624,1000.);
#6495=VECTOR('',#11625,1000.);
#6496=VECTOR('',#11626,1000.);
#6497=VECTOR('',#11627,1000.);
#6498=VECTOR('',#11628,1000.);
#6499=VECTOR('',#11629,1000.);
#6500=VECTOR('',#11634,1000.);
#6501=VECTOR('',#11637,1000.);
#6502=VECTOR('',#11638,1000.);
#6503=VECTOR('',#11639,1000.);
#6504=VECTOR('',#11640,1000.);
#6505=VECTOR('',#11643,1000.);
#6506=VECTOR('',#11644,1000.);
#6507=VECTOR('',#11645,1000.);
#6508=VECTOR('',#11648,1000.);
#6509=VECTOR('',#11649,1000.);
#6510=VECTOR('',#11652,1000.);
#6511=VECTOR('',#11653,1000.);
#6512=VECTOR('',#11654,1000.);
#6513=VECTOR('',#11657,1000.);
#6514=VECTOR('',#11658,1000.);
#6515=VECTOR('',#11659,1000.);
#6516=VECTOR('',#11662,1000.);
#6517=VECTOR('',#11663,1000.);
#6518=VECTOR('',#11666,1000.);
#6519=VECTOR('',#11667,1000.);
#6520=VECTOR('',#11670,1000.);
#6521=VECTOR('',#11671,1000.);
#6522=VECTOR('',#11672,1000.);
#6523=VECTOR('',#11675,1000.);
#6524=VECTOR('',#11676,1000.);
#6525=VECTOR('',#11677,1000.);
#6526=VECTOR('',#11684,1000.);
#6527=VECTOR('',#11691,1000.);
#6528=VECTOR('',#11692,1000.);
#6529=VECTOR('',#11693,1000.);
#6530=VECTOR('',#11694,1000.);
#6531=VECTOR('',#11695,1000.);
#6532=VECTOR('',#11698,1000.);
#6533=VECTOR('',#11699,1000.);
#6534=VECTOR('',#11700,1000.);
#6535=VECTOR('',#11705,1000.);
#6536=VECTOR('',#11706,1000.);
#6537=VECTOR('',#11707,1000.);
#6538=VECTOR('',#11708,1000.);
#6539=VECTOR('',#11715,1000.);
#6540=VECTOR('',#11716,1000.);
#6541=VECTOR('',#11717,1000.);
#6542=VECTOR('',#11718,1000.);
#6543=VECTOR('',#11719,1000.);
#6544=VECTOR('',#11720,1000.);
#6545=VECTOR('',#11721,1000.);
#6546=VECTOR('',#11722,1000.);
#6547=VECTOR('',#11723,1000.);
#6548=VECTOR('',#11724,1000.);
#6549=VECTOR('',#11729,1000.);
#6550=VECTOR('',#11732,1000.);
#6551=VECTOR('',#11733,1000.);
#6552=VECTOR('',#11734,1000.);
#6553=VECTOR('',#11737,1000.);
#6554=VECTOR('',#11738,1000.);
#6555=VECTOR('',#11739,1000.);
#6556=VECTOR('',#11742,1000.);
#6557=VECTOR('',#11743,1000.);
#6558=VECTOR('',#11744,1000.);
#6559=VECTOR('',#11747,1000.);
#6560=VECTOR('',#11748,1000.);
#6561=VECTOR('',#11751,1000.);
#6562=VECTOR('',#11752,1000.);
#6563=VECTOR('',#11755,1000.);
#6564=VECTOR('',#11756,1000.);
#6565=VECTOR('',#11757,1000.);
#6566=VECTOR('',#11764,1000.);
#6567=VECTOR('',#11771,1000.);
#6568=VECTOR('',#11780,1000.);
#6569=VECTOR('',#11795,1000.);
#6570=VECTOR('',#11796,1000.);
#6571=VECTOR('',#11797,1000.);
#6572=VECTOR('',#11798,1000.);
#6573=VECTOR('',#11799,1000.);
#6574=VECTOR('',#11800,1000.);
#6575=VECTOR('',#11821,1000.);
#6576=VECTOR('',#11822,1000.);
#6577=VECTOR('',#11823,1000.);
#6578=VECTOR('',#11824,1000.);
#6579=VECTOR('',#11831,1000.);
#6580=VECTOR('',#11832,1000.);
#6581=VECTOR('',#11833,1000.);
#6582=VECTOR('',#11834,1000.);
#6583=VECTOR('',#11837,1000.);
#6584=VECTOR('',#11838,1000.);
#6585=VECTOR('',#11839,1000.);
#6586=VECTOR('',#11840,1000.);
#6587=VECTOR('',#11841,1000.);
#6588=VECTOR('',#11842,1000.);
#6589=VECTOR('',#11843,1000.);
#6590=VECTOR('',#11846,1000.);
#6591=VECTOR('',#11847,1000.);
#6592=VECTOR('',#11848,1000.);
#6593=VECTOR('',#11849,1000.);
#6594=VECTOR('',#11850,1000.);
#6595=VECTOR('',#11851,1000.);
#6596=VECTOR('',#11854,1000.);
#6597=VECTOR('',#11855,1000.);
#6598=VECTOR('',#11856,1000.);
#6599=VECTOR('',#11857,1000.);
#6600=VECTOR('',#11860,1000.);
#6601=VECTOR('',#11861,1000.);
#6602=VECTOR('',#11862,1000.);
#6603=VECTOR('',#11863,1000.);
#6604=VECTOR('',#11866,1000.);
#6605=VECTOR('',#11867,1000.);
#6606=VECTOR('',#11868,1000.);
#6607=VECTOR('',#11869,1000.);
#6608=VECTOR('',#11872,1000.);
#6609=VECTOR('',#11873,1000.);
#6610=VECTOR('',#11874,1000.);
#6611=VECTOR('',#11881,1000.);
#6612=VECTOR('',#11882,1000.);
#6613=VECTOR('',#11885,1000.);
#6614=VECTOR('',#11886,1000.);
#6615=VECTOR('',#11887,1000.);
#6616=VECTOR('',#11888,1000.);
#6617=VECTOR('',#11889,1000.);
#6618=VECTOR('',#11890,1000.);
#6619=VECTOR('',#11893,1000.);
#6620=VECTOR('',#11894,1000.);
#6621=VECTOR('',#11895,1000.);
#6622=VECTOR('',#11896,1000.);
#6623=VECTOR('',#11897,1000.);
#6624=VECTOR('',#11898,1000.);
#6625=VECTOR('',#11899,1000.);
#6626=VECTOR('',#11900,1000.);
#6627=VECTOR('',#11901,1000.);
#6628=VECTOR('',#11902,1000.);
#6629=VECTOR('',#11903,1000.);
#6630=VECTOR('',#11904,1000.);
#6631=VECTOR('',#11905,1000.);
#6632=VECTOR('',#11906,1000.);
#6633=VECTOR('',#11907,1000.);
#6634=VECTOR('',#11908,1000.);
#6635=VECTOR('',#11909,1000.);
#6636=VECTOR('',#11910,1000.);
#6637=VECTOR('',#11927,1000.);
#6638=VECTOR('',#11928,1000.);
#6639=VECTOR('',#11929,1000.);
#6640=VECTOR('',#11942,1000.);
#6641=VECTOR('',#11943,1000.);
#6642=VECTOR('',#11944,1000.);
#6643=VECTOR('',#11945,1000.);
#6644=VECTOR('',#11948,1000.);
#6645=VECTOR('',#11949,1000.);
#6646=VECTOR('',#11950,1000.);
#6647=VECTOR('',#11951,1000.);
#6648=VECTOR('',#12042,1000.);
#6649=VECTOR('',#12043,1000.);
#6650=VECTOR('',#12044,1000.);
#6651=VECTOR('',#12047,1000.);
#6652=VECTOR('',#12048,1000.);
#6653=VECTOR('',#12051,1000.);
#6654=VECTOR('',#12052,1000.);
#6655=VECTOR('',#12055,1000.);
#6656=VECTOR('',#12056,1000.);
#6657=VECTOR('',#12059,1000.);
#6658=VECTOR('',#12060,1000.);
#6659=VECTOR('',#12063,1000.);
#6660=VECTOR('',#12068,1000.);
#6661=VECTOR('',#12069,1000.);
#6662=VECTOR('',#12070,1000.);
#6663=VECTOR('',#12073,1000.);
#6664=VECTOR('',#12074,1000.);
#6665=VECTOR('',#12077,1000.);
#6666=VECTOR('',#12078,1000.);
#6667=VECTOR('',#12081,1000.);
#6668=VECTOR('',#12082,1000.);
#6669=VECTOR('',#12085,1000.);
#6670=VECTOR('',#12086,1000.);
#6671=VECTOR('',#12089,1000.);
#6672=VECTOR('',#12094,1000.);
#6673=VECTOR('',#12095,1000.);
#6674=VECTOR('',#12096,1000.);
#6675=VECTOR('',#12099,1000.);
#6676=VECTOR('',#12100,1000.);
#6677=VECTOR('',#12103,1000.);
#6678=VECTOR('',#12104,1000.);
#6679=VECTOR('',#12107,1000.);
#6680=VECTOR('',#12108,1000.);
#6681=VECTOR('',#12111,1000.);
#6682=VECTOR('',#12112,1000.);
#6683=VECTOR('',#12115,1000.);
#6684=VECTOR('',#12140,1000.);
#6685=VECTOR('',#12143,1000.);
#6686=VECTOR('',#12146,1000.);
#6687=VECTOR('',#12149,1000.);
#6688=VECTOR('',#12152,1000.);
#6689=VECTOR('',#12155,1000.);
#6690=VECTOR('',#12162,1000.);
#6691=VECTOR('',#12165,1000.);
#6692=VECTOR('',#12168,1000.);
#6693=VECTOR('',#12171,1000.);
#6694=VECTOR('',#12174,1000.);
#6695=VECTOR('',#12177,1000.);
#6696=VECTOR('',#12182,1000.);
#6697=VECTOR('',#12183,1000.);
#6698=VECTOR('',#12186,1000.);
#6699=VECTOR('',#12189,1000.);
#6700=VECTOR('',#12192,1000.);
#6701=VECTOR('',#12195,1000.);
#6702=VECTOR('',#12198,1000.);
#6703=VECTOR('',#12201,1000.);
#6704=VECTOR('',#12204,1000.);
#6705=VECTOR('',#12207,1000.);
#6706=VECTOR('',#12210,1000.);
#6707=VECTOR('',#12213,1000.);
#6708=VECTOR('',#12294,1000.);
#6709=VECTOR('',#12295,1000.);
#6710=VECTOR('',#12296,1000.);
#6711=VECTOR('',#12297,1000.);
#6712=VECTOR('',#12298,1000.);
#6713=VECTOR('',#12299,1000.);
#6714=VECTOR('',#12320,1000.);
#6715=VECTOR('',#12321,1000.);
#6716=VECTOR('',#12322,1000.);
#6717=VECTOR('',#12323,1000.);
#6718=VECTOR('',#12330,1000.);
#6719=VECTOR('',#12331,1000.);
#6720=VECTOR('',#12332,1000.);
#6721=VECTOR('',#12333,1000.);
#6722=VECTOR('',#12336,1000.);
#6723=VECTOR('',#12337,1000.);
#6724=VECTOR('',#12338,1000.);
#6725=VECTOR('',#12339,1000.);
#6726=VECTOR('',#12340,1000.);
#6727=VECTOR('',#12341,1000.);
#6728=VECTOR('',#12342,1000.);
#6729=VECTOR('',#12345,1000.);
#6730=VECTOR('',#12346,1000.);
#6731=VECTOR('',#12347,1000.);
#6732=VECTOR('',#12348,1000.);
#6733=VECTOR('',#12349,1000.);
#6734=VECTOR('',#12350,1000.);
#6735=VECTOR('',#12353,1000.);
#6736=VECTOR('',#12354,1000.);
#6737=VECTOR('',#12355,1000.);
#6738=VECTOR('',#12356,1000.);
#6739=VECTOR('',#12359,1000.);
#6740=VECTOR('',#12360,1000.);
#6741=VECTOR('',#12361,1000.);
#6742=VECTOR('',#12362,1000.);
#6743=VECTOR('',#12365,1000.);
#6744=VECTOR('',#12366,1000.);
#6745=VECTOR('',#12367,1000.);
#6746=VECTOR('',#12368,1000.);
#6747=VECTOR('',#12371,1000.);
#6748=VECTOR('',#12372,1000.);
#6749=VECTOR('',#12373,1000.);
#6750=VECTOR('',#12380,1000.);
#6751=VECTOR('',#12381,1000.);
#6752=VECTOR('',#12384,1000.);
#6753=VECTOR('',#12385,1000.);
#6754=VECTOR('',#12386,1000.);
#6755=VECTOR('',#12387,1000.);
#6756=VECTOR('',#12388,1000.);
#6757=VECTOR('',#12389,1000.);
#6758=VECTOR('',#12392,1000.);
#6759=VECTOR('',#12393,1000.);
#6760=VECTOR('',#12394,1000.);
#6761=VECTOR('',#12395,1000.);
#6762=VECTOR('',#12396,1000.);
#6763=VECTOR('',#12397,1000.);
#6764=VECTOR('',#12398,1000.);
#6765=VECTOR('',#12399,1000.);
#6766=VECTOR('',#12400,1000.);
#6767=VECTOR('',#12401,1000.);
#6768=VECTOR('',#12402,1000.);
#6769=VECTOR('',#12403,1000.);
#6770=VECTOR('',#12404,1000.);
#6771=VECTOR('',#12405,1000.);
#6772=VECTOR('',#12406,1000.);
#6773=VECTOR('',#12407,1000.);
#6774=VECTOR('',#12408,1000.);
#6775=VECTOR('',#12409,1000.);
#6776=VECTOR('',#12426,1000.);
#6777=VECTOR('',#12427,1000.);
#6778=VECTOR('',#12428,1000.);
#6779=VECTOR('',#12441,1000.);
#6780=VECTOR('',#12442,1000.);
#6781=VECTOR('',#12443,1000.);
#6782=VECTOR('',#12444,1000.);
#6783=VECTOR('',#12447,1000.);
#6784=VECTOR('',#12448,1000.);
#6785=VECTOR('',#12449,1000.);
#6786=VECTOR('',#12450,1000.);
#6787=VECTOR('',#12541,1000.);
#6788=VECTOR('',#12542,1000.);
#6789=VECTOR('',#12543,1000.);
#6790=VECTOR('',#12546,1000.);
#6791=VECTOR('',#12547,1000.);
#6792=VECTOR('',#12550,1000.);
#6793=VECTOR('',#12551,1000.);
#6794=VECTOR('',#12554,1000.);
#6795=VECTOR('',#12555,1000.);
#6796=VECTOR('',#12558,1000.);
#6797=VECTOR('',#12559,1000.);
#6798=VECTOR('',#12562,1000.);
#6799=VECTOR('',#12567,1000.);
#6800=VECTOR('',#12568,1000.);
#6801=VECTOR('',#12569,1000.);
#6802=VECTOR('',#12572,1000.);
#6803=VECTOR('',#12573,1000.);
#6804=VECTOR('',#12576,1000.);
#6805=VECTOR('',#12577,1000.);
#6806=VECTOR('',#12580,1000.);
#6807=VECTOR('',#12581,1000.);
#6808=VECTOR('',#12584,1000.);
#6809=VECTOR('',#12585,1000.);
#6810=VECTOR('',#12588,1000.);
#6811=VECTOR('',#12593,1000.);
#6812=VECTOR('',#12594,1000.);
#6813=VECTOR('',#12595,1000.);
#6814=VECTOR('',#12598,1000.);
#6815=VECTOR('',#12599,1000.);
#6816=VECTOR('',#12602,1000.);
#6817=VECTOR('',#12603,1000.);
#6818=VECTOR('',#12606,1000.);
#6819=VECTOR('',#12607,1000.);
#6820=VECTOR('',#12610,1000.);
#6821=VECTOR('',#12611,1000.);
#6822=VECTOR('',#12614,1000.);
#6823=VECTOR('',#12639,1000.);
#6824=VECTOR('',#12640,1000.);
#6825=VECTOR('',#12641,1000.);
#6826=VECTOR('',#12642,1000.);
#6827=VECTOR('',#12645,1000.);
#6828=VECTOR('',#12646,1000.);
#6829=VECTOR('',#12647,1000.);
#6830=VECTOR('',#12648,1000.);
#6831=VECTOR('',#12651,1000.);
#6832=VECTOR('',#12652,1000.);
#6833=VECTOR('',#12653,1000.);
#6834=VECTOR('',#12656,1000.);
#6835=VECTOR('',#12657,1000.);
#6836=VECTOR('',#12658,1000.);
#6837=VECTOR('',#12661,1000.);
#6838=VECTOR('',#12690,1000.);
#6839=VECTOR('',#12693,1000.);
#6840=VECTOR('',#12696,1000.);
#6841=VECTOR('',#12697,1000.);
#6842=VECTOR('',#12698,1000.);
#6843=VECTOR('',#12703,1000.);
#6844=VECTOR('',#12708,1000.);
#6845=VECTOR('',#12709,1000.);
#6846=VECTOR('',#12710,1000.);
#6847=VECTOR('',#12715,1000.);
#6848=VECTOR('',#12720,1000.);
#6849=VECTOR('',#12721,1000.);
#6850=VECTOR('',#12722,1000.);
#6851=VECTOR('',#12727,1000.);
#6852=VECTOR('',#12732,1000.);
#6853=VECTOR('',#12733,1000.);
#6854=VECTOR('',#12742,1000.);
#6855=VECTOR('',#12743,1000.);
#6856=VECTOR('',#12744,1000.);
#6857=VECTOR('',#12745,1000.);
#6858=VECTOR('',#12746,1000.);
#6859=VECTOR('',#12747,1000.);
#6860=VECTOR('',#12754,1000.);
#6861=VECTOR('',#12755,1000.);
#6862=VECTOR('',#12756,1000.);
#6863=VECTOR('',#12757,1000.);
#6864=VECTOR('',#12758,1000.);
#6865=VECTOR('',#12761,1000.);
#6866=VECTOR('',#12762,1000.);
#6867=VECTOR('',#12765,1000.);
#6868=VECTOR('',#12766,1000.);
#6869=VECTOR('',#12767,1000.);
#6870=VECTOR('',#12768,1000.);
#6871=VECTOR('',#12769,1000.);
#6872=VECTOR('',#12772,1000.);
#6873=VECTOR('',#12775,1000.);
#6874=VECTOR('',#12778,1000.);
#6875=VECTOR('',#12779,1000.);
#6876=VECTOR('',#12780,1000.);
#6877=VECTOR('',#12783,1000.);
#6878=VECTOR('',#12786,1000.);
#6879=VECTOR('',#12787,1000.);
#6880=VECTOR('',#12790,1000.);
#6881=VECTOR('',#12809,1000.);
#6882=VECTOR('',#12810,1000.);
#6883=VECTOR('',#12811,1000.);
#6884=VECTOR('',#12812,1000.);
#6885=VECTOR('',#12813,1000.);
#6886=VECTOR('',#12814,1000.);
#6887=VECTOR('',#12825,1000.);
#6888=VECTOR('',#12826,1000.);
#6889=VECTOR('',#12827,1000.);
#6890=VECTOR('',#12830,1000.);
#6891=VECTOR('',#12831,1000.);
#6892=VECTOR('',#12834,1000.);
#6893=VECTOR('',#12835,1000.);
#6894=VECTOR('',#12838,1000.);
#6895=VECTOR('',#12839,1000.);
#6896=VECTOR('',#12842,1000.);
#6897=VECTOR('',#12843,1000.);
#6898=VECTOR('',#12846,1000.);
#6899=VECTOR('',#12847,1000.);
#6900=VECTOR('',#12848,1000.);
#6901=VECTOR('',#12849,1000.);
#6902=VECTOR('',#12850,1000.);
#6903=VECTOR('',#12853,1000.);
#6904=VECTOR('',#12856,1000.);
#6905=VECTOR('',#12857,1000.);
#6906=VECTOR('',#12858,1000.);
#6907=VECTOR('',#12859,1000.);
#6908=VECTOR('',#12872,1000.);
#6909=VECTOR('',#12873,1000.);
#6910=VECTOR('',#12874,1000.);
#6911=VECTOR('',#12875,1000.);
#6912=VECTOR('',#12880,1000.);
#6913=VECTOR('',#12881,1000.);
#6914=VECTOR('',#12882,1000.);
#6915=VECTOR('',#12885,1000.);
#6916=VECTOR('',#12886,1000.);
#6917=VECTOR('',#12887,1000.);
#6918=VECTOR('',#12890,1000.);
#6919=VECTOR('',#12891,1000.);
#6920=VECTOR('',#12892,1000.);
#6921=VECTOR('',#12895,1000.);
#6922=VECTOR('',#12896,1000.);
#6923=VECTOR('',#12937,1000.);
#6924=VECTOR('',#12938,1000.);
#6925=VECTOR('',#12939,1000.);
#6926=VECTOR('',#12940,1000.);
#6927=VECTOR('',#12943,1000.);
#6928=VECTOR('',#12944,1000.);
#6929=VECTOR('',#12945,1000.);
#6930=VECTOR('',#12946,1000.);
#6931=VECTOR('',#12949,1000.);
#6932=VECTOR('',#12950,1000.);
#6933=VECTOR('',#12951,1000.);
#6934=VECTOR('',#12954,1000.);
#6935=VECTOR('',#12955,1000.);
#6936=VECTOR('',#12956,1000.);
#6937=VECTOR('',#12959,1000.);
#6938=VECTOR('',#12988,1000.);
#6939=VECTOR('',#12991,1000.);
#6940=VECTOR('',#12994,1000.);
#6941=VECTOR('',#12995,1000.);
#6942=VECTOR('',#12996,1000.);
#6943=VECTOR('',#13001,1000.);
#6944=VECTOR('',#13006,1000.);
#6945=VECTOR('',#13007,1000.);
#6946=VECTOR('',#13008,1000.);
#6947=VECTOR('',#13013,1000.);
#6948=VECTOR('',#13018,1000.);
#6949=VECTOR('',#13019,1000.);
#6950=VECTOR('',#13020,1000.);
#6951=VECTOR('',#13025,1000.);
#6952=VECTOR('',#13030,1000.);
#6953=VECTOR('',#13031,1000.);
#6954=VECTOR('',#13040,1000.);
#6955=VECTOR('',#13041,1000.);
#6956=VECTOR('',#13042,1000.);
#6957=VECTOR('',#13043,1000.);
#6958=VECTOR('',#13044,1000.);
#6959=VECTOR('',#13045,1000.);
#6960=VECTOR('',#13052,1000.);
#6961=VECTOR('',#13053,1000.);
#6962=VECTOR('',#13054,1000.);
#6963=VECTOR('',#13055,1000.);
#6964=VECTOR('',#13056,1000.);
#6965=VECTOR('',#13059,1000.);
#6966=VECTOR('',#13060,1000.);
#6967=VECTOR('',#13063,1000.);
#6968=VECTOR('',#13064,1000.);
#6969=VECTOR('',#13065,1000.);
#6970=VECTOR('',#13066,1000.);
#6971=VECTOR('',#13067,1000.);
#6972=VECTOR('',#13070,1000.);
#6973=VECTOR('',#13073,1000.);
#6974=VECTOR('',#13076,1000.);
#6975=VECTOR('',#13077,1000.);
#6976=VECTOR('',#13078,1000.);
#6977=VECTOR('',#13081,1000.);
#6978=VECTOR('',#13084,1000.);
#6979=VECTOR('',#13085,1000.);
#6980=VECTOR('',#13088,1000.);
#6981=VECTOR('',#13133,1000.);
#6982=VECTOR('',#13134,1000.);
#6983=VECTOR('',#13135,1000.);
#6984=VECTOR('',#13138,1000.);
#6985=VECTOR('',#13141,1000.);
#6986=VECTOR('',#13144,1000.);
#6987=VECTOR('',#13147,1000.);
#6988=VECTOR('',#13150,1000.);
#6989=VECTOR('',#13153,1000.);
#6990=VECTOR('',#13154,1000.);
#6991=VECTOR('',#13155,1000.);
#6992=VECTOR('',#13156,1000.);
#6993=VECTOR('',#13159,1000.);
#6994=VECTOR('',#13160,1000.);
#6995=VECTOR('',#13161,1000.);
#6996=VECTOR('',#13164,1000.);
#6997=VECTOR('',#13167,1000.);
#6998=VECTOR('',#13168,1000.);
#6999=VECTOR('',#13169,1000.);
#7000=VECTOR('',#13170,1000.);
#7001=VECTOR('',#13175,1000.);
#7002=VECTOR('',#13176,1000.);
#7003=VECTOR('',#13177,1000.);
#7004=VECTOR('',#13178,1000.);
#7005=VECTOR('',#13179,1000.);
#7006=VECTOR('',#13180,1000.);
#7007=VECTOR('',#13191,1000.);
#7008=VECTOR('',#13192,1000.);
#7009=VECTOR('',#13193,1000.);
#7010=VECTOR('',#13194,1000.);
#7011=VECTOR('',#13195,1000.);
#7012=VECTOR('',#13196,1000.);
#7013=VECTOR('',#13207,1000.);
#7014=VECTOR('',#13208,1000.);
#7015=VECTOR('',#13209,1000.);
#7016=VECTOR('',#13210,1000.);
#7017=VECTOR('',#13211,1000.);
#7018=VECTOR('',#13212,1000.);
#7019=VECTOR('',#13223,1000.);
#7020=VECTOR('',#13224,1000.);
#7021=VECTOR('',#13225,1000.);
#7022=VECTOR('',#13226,1000.);
#7023=VECTOR('',#13227,1000.);
#7024=VECTOR('',#13228,1000.);
#7025=VECTOR('',#13239,1000.);
#7026=VECTOR('',#13240,1000.);
#7027=VECTOR('',#13241,1000.);
#7028=VECTOR('',#13242,1000.);
#7029=VECTOR('',#13243,1000.);
#7030=VECTOR('',#13244,1000.);
#7031=VECTOR('',#13255,1000.);
#7032=VECTOR('',#13256,1000.);
#7033=VECTOR('',#13257,1000.);
#7034=VECTOR('',#13258,1000.);
#7035=VECTOR('',#13259,1000.);
#7036=VECTOR('',#13260,1000.);
#7037=VECTOR('',#13269,1000.);
#7038=VECTOR('',#13270,1000.);
#7039=VECTOR('',#13271,1000.);
#7040=VECTOR('',#13272,1000.);
#7041=VECTOR('',#13273,1000.);
#7042=VECTOR('',#13274,1000.);
#7043=VECTOR('',#13277,1000.);
#7044=VECTOR('',#13278,1000.);
#7045=VECTOR('',#13281,1000.);
#7046=VECTOR('',#13284,1000.);
#7047=VECTOR('',#13287,1000.);
#7048=VECTOR('',#13290,1000.);
#7049=VECTOR('',#13295,1000.);
#7050=VECTOR('',#13296,1000.);
#7051=VECTOR('',#13297,1000.);
#7052=VECTOR('',#13298,1000.);
#7053=VECTOR('',#13299,1000.);
#7054=VECTOR('',#13300,1000.);
#7055=VECTOR('',#13303,1000.);
#7056=VECTOR('',#13304,1000.);
#7057=VECTOR('',#13307,1000.);
#7058=VECTOR('',#13310,1000.);
#7059=VECTOR('',#13313,1000.);
#7060=VECTOR('',#13316,1000.);
#7061=VECTOR('',#13321,1000.);
#7062=VECTOR('',#13322,1000.);
#7063=VECTOR('',#13323,1000.);
#7064=VECTOR('',#13324,1000.);
#7065=VECTOR('',#13325,1000.);
#7066=VECTOR('',#13326,1000.);
#7067=VECTOR('',#13329,1000.);
#7068=VECTOR('',#13330,1000.);
#7069=VECTOR('',#13333,1000.);
#7070=VECTOR('',#13336,1000.);
#7071=VECTOR('',#13339,1000.);
#7072=VECTOR('',#13342,1000.);
#7073=VECTOR('',#13347,1000.);
#7074=VECTOR('',#13348,1000.);
#7075=VECTOR('',#13349,1000.);
#7076=VECTOR('',#13350,1000.);
#7077=VECTOR('',#13351,1000.);
#7078=VECTOR('',#13352,1000.);
#7079=VECTOR('',#13355,1000.);
#7080=VECTOR('',#13356,1000.);
#7081=VECTOR('',#13359,1000.);
#7082=VECTOR('',#13362,1000.);
#7083=VECTOR('',#13365,1000.);
#7084=VECTOR('',#13368,1000.);
#7085=VECTOR('',#13373,1000.);
#7086=VECTOR('',#13374,1000.);
#7087=VECTOR('',#13375,1000.);
#7088=VECTOR('',#13376,1000.);
#7089=VECTOR('',#13377,1000.);
#7090=VECTOR('',#13378,1000.);
#7091=VECTOR('',#13381,1000.);
#7092=VECTOR('',#13382,1000.);
#7093=VECTOR('',#13385,1000.);
#7094=VECTOR('',#13388,1000.);
#7095=VECTOR('',#13391,1000.);
#7096=VECTOR('',#13394,1000.);
#7097=VECTOR('',#13399,1000.);
#7098=VECTOR('',#13400,1000.);
#7099=VECTOR('',#13401,1000.);
#7100=VECTOR('',#13402,1000.);
#7101=VECTOR('',#13403,1000.);
#7102=VECTOR('',#13404,1000.);
#7103=VECTOR('',#13407,1000.);
#7104=VECTOR('',#13408,1000.);
#7105=VECTOR('',#13411,1000.);
#7106=VECTOR('',#13414,1000.);
#7107=VECTOR('',#13417,1000.);
#7108=VECTOR('',#13420,1000.);
#7109=VECTOR('',#13425,1000.);
#7110=VECTOR('',#13426,1000.);
#7111=VECTOR('',#13427,1000.);
#7112=VECTOR('',#13428,1000.);
#7113=VECTOR('',#13431,1000.);
#7114=VECTOR('',#13432,1000.);
#7115=VECTOR('',#13433,1000.);
#7116=VECTOR('',#13434,1000.);
#7117=VECTOR('',#13437,1000.);
#7118=VECTOR('',#13438,1000.);
#7119=VECTOR('',#13439,1000.);
#7120=VECTOR('',#13444,1000.);
#7121=VECTOR('',#13445,1000.);
#7122=VECTOR('',#13448,1000.);
#7123=VECTOR('',#13451,1000.);
#7124=VECTOR('',#13454,1000.);
#7125=VECTOR('',#13457,1000.);
#7126=VECTOR('',#13462,1000.);
#7127=VECTOR('',#13465,1000.);
#7128=VECTOR('',#13468,1000.);
#7129=VECTOR('',#13469,1000.);
#7130=VECTOR('',#13472,1000.);
#7131=VECTOR('',#13477,1000.);
#7132=VECTOR('',#13478,1000.);
#7133=VECTOR('',#13481,1000.);
#7134=VECTOR('',#13486,1000.);
#7135=VECTOR('',#13487,1000.);
#7136=VECTOR('',#13490,1000.);
#7137=VECTOR('',#13495,1000.);
#7138=VECTOR('',#13500,1000.);
#7139=VECTOR('',#13503,1000.);
#7140=VECTOR('',#13506,1000.);
#7141=VECTOR('',#13507,1000.);
#7142=VECTOR('',#13508,1000.);
#7143=VECTOR('',#13513,1000.);
#7144=VECTOR('',#13520,1000.);
#7145=VECTOR('',#13521,1000.);
#7146=VECTOR('',#13524,1000.);
#7147=VECTOR('',#13525,1000.);
#7148=VECTOR('',#13530,1000.);
#7149=VECTOR('',#13533,1000.);
#7150=VECTOR('',#13534,1000.);
#7151=VECTOR('',#13535,1000.);
#7152=VECTOR('',#13538,1000.);
#7153=VECTOR('',#13539,1000.);
#7154=VECTOR('',#13540,1000.);
#7155=VECTOR('',#13543,1000.);
#7156=VECTOR('',#13544,1000.);
#7157=VECTOR('',#13549,1000.);
#7158=VECTOR('',#13552,1000.);
#7159=VECTOR('',#13553,1000.);
#7160=VECTOR('',#13554,1000.);
#7161=VECTOR('',#13555,1000.);
#7162=VECTOR('',#13556,1000.);
#7163=VECTOR('',#13557,1000.);
#7164=VECTOR('',#13558,1000.);
#7165=VECTOR('',#13559,1000.);
#7166=VECTOR('',#13562,1000.);
#7167=VECTOR('',#13563,1000.);
#7168=VECTOR('',#13564,1000.);
#7169=VECTOR('',#13567,1000.);
#7170=VECTOR('',#13570,1000.);
#7171=VECTOR('',#13573,1000.);
#7172=VECTOR('',#13576,1000.);
#7173=VECTOR('',#13579,1000.);
#7174=VECTOR('',#13582,1000.);
#7175=VECTOR('',#13583,1000.);
#7176=VECTOR('',#13586,1000.);
#7177=VECTOR('',#13587,1000.);
#7178=VECTOR('',#13590,1000.);
#7179=VECTOR('',#13593,1000.);
#7180=VECTOR('',#13596,1000.);
#7181=VECTOR('',#13599,1000.);
#7182=VECTOR('',#13602,1000.);
#7183=VECTOR('',#13605,1000.);
#7184=VECTOR('',#13608,1000.);
#7185=VECTOR('',#13611,1000.);
#7186=VECTOR('',#13614,1000.);
#7187=VECTOR('',#13615,1000.);
#7188=VECTOR('',#13622,1000.);
#7189=VECTOR('',#13625,1000.);
#7190=VECTOR('',#13628,1000.);
#7191=VECTOR('',#13629,1000.);
#7192=VECTOR('',#13630,1000.);
#7193=VECTOR('',#13635,1000.);
#7194=VECTOR('',#13640,1000.);
#7195=VECTOR('',#13641,1000.);
#7196=VECTOR('',#13642,1000.);
#7197=VECTOR('',#13645,1000.);
#7198=VECTOR('',#13646,1000.);
#7199=VECTOR('',#13647,1000.);
#7200=VECTOR('',#13648,1000.);
#7201=VECTOR('',#13649,1000.);
#7202=VECTOR('',#13652,1000.);
#7203=VECTOR('',#13653,1000.);
#7204=VECTOR('',#13656,1000.);
#7205=VECTOR('',#13657,1000.);
#7206=VECTOR('',#13658,1000.);
#7207=VECTOR('',#13659,1000.);
#7208=VECTOR('',#13662,1000.);
#7209=VECTOR('',#13663,1000.);
#7210=VECTOR('',#13664,1000.);
#7211=VECTOR('',#13665,1000.);
#7212=VECTOR('',#13668,1000.);
#7213=VECTOR('',#13669,1000.);
#7214=VECTOR('',#13670,1000.);
#7215=VECTOR('',#13671,1000.);
#7216=VECTOR('',#13674,1000.);
#7217=VECTOR('',#13675,1000.);
#7218=VECTOR('',#13676,1000.);
#7219=VECTOR('',#13677,1000.);
#7220=VECTOR('',#13680,1000.);
#7221=VECTOR('',#13681,1000.);
#7222=VECTOR('',#13682,1000.);
#7223=VECTOR('',#13685,1000.);
#7224=VECTOR('',#13688,1000.);
#7225=VECTOR('',#13689,1000.);
#7226=VECTOR('',#13690,1000.);
#7227=VECTOR('',#13693,1000.);
#7228=VECTOR('',#13694,1000.);
#7229=VECTOR('',#13695,1000.);
#7230=VECTOR('',#13696,1000.);
#7231=VECTOR('',#13697,1000.);
#7232=VECTOR('',#13702,1000.);
#7233=VECTOR('',#13703,1000.);
#7234=VECTOR('',#13710,1000.);
#7235=VECTOR('',#13711,1000.);
#7236=VECTOR('',#13712,1000.);
#7237=VECTOR('',#13717,1000.);
#7238=VECTOR('',#13718,1000.);
#7239=VECTOR('',#13721,1000.);
#7240=VECTOR('',#13728,1000.);
#7241=VECTOR('',#13733,1000.);
#7242=VECTOR('',#13734,1000.);
#7243=VECTOR('',#13747,1000.);
#7244=VECTOR('',#13750,1000.);
#7245=VECTOR('',#13751,1000.);
#7246=VECTOR('',#13762,1000.);
#7247=VECTOR('',#13763,1000.);
#7248=VECTOR('',#13766,1000.);
#7249=VECTOR('',#13767,1000.);
#7250=VECTOR('',#13770,1000.);
#7251=VECTOR('',#13773,1000.);
#7252=VECTOR('',#13778,1000.);
#7253=EDGE_LOOP('',(#611,#612,#613,#614,#615,#616,#617,#618,#619,#620,#621,
#622));
#7254=EDGE_LOOP('',(#623,#624,#625,#626,#627,#628,#629,#630,#631,#632,#633,
#634));
#7255=EDGE_LOOP('',(#635));
#7256=EDGE_LOOP('',(#636,#637,#638,#639));
#7257=EDGE_LOOP('',(#640,#641,#642,#643));
#7258=EDGE_LOOP('',(#644,#645,#646,#647));
#7259=EDGE_LOOP('',(#648,#649,#650,#651));
#7260=EDGE_LOOP('',(#652,#653,#654,#655));
#7261=EDGE_LOOP('',(#656,#657,#658,#659));
#7262=EDGE_LOOP('',(#660,#661,#662,#663));
#7263=EDGE_LOOP('',(#664,#665,#666,#667));
#7264=EDGE_LOOP('',(#668,#669,#670,#671));
#7265=EDGE_LOOP('',(#672,#673,#674,#675));
#7266=EDGE_LOOP('',(#676,#677,#678,#679));
#7267=EDGE_LOOP('',(#680,#681,#682,#683));
#7268=EDGE_LOOP('',(#684));
#7269=EDGE_LOOP('',(#685));
#7270=EDGE_LOOP('',(#686));
#7271=EDGE_LOOP('',(#687));
#7272=EDGE_LOOP('',(#688));
#7273=EDGE_LOOP('',(#689));
#7274=EDGE_LOOP('',(#690));
#7275=EDGE_LOOP('',(#691));
#7276=EDGE_LOOP('',(#692));
#7277=EDGE_LOOP('',(#693));
#7278=EDGE_LOOP('',(#694));
#7279=EDGE_LOOP('',(#695));
#7280=EDGE_LOOP('',(#696));
#7281=EDGE_LOOP('',(#697));
#7282=EDGE_LOOP('',(#698));
#7283=EDGE_LOOP('',(#699));
#7284=EDGE_LOOP('',(#700));
#7285=EDGE_LOOP('',(#701));
#7286=EDGE_LOOP('',(#702));
#7287=EDGE_LOOP('',(#703));
#7288=EDGE_LOOP('',(#704));
#7289=EDGE_LOOP('',(#705));
#7290=EDGE_LOOP('',(#706));
#7291=EDGE_LOOP('',(#707));
#7292=EDGE_LOOP('',(#708));
#7293=EDGE_LOOP('',(#709));
#7294=EDGE_LOOP('',(#710));
#7295=EDGE_LOOP('',(#711));
#7296=EDGE_LOOP('',(#712));
#7297=EDGE_LOOP('',(#713));
#7298=EDGE_LOOP('',(#714));
#7299=EDGE_LOOP('',(#715));
#7300=EDGE_LOOP('',(#716));
#7301=EDGE_LOOP('',(#717));
#7302=EDGE_LOOP('',(#718));
#7303=EDGE_LOOP('',(#719));
#7304=EDGE_LOOP('',(#720));
#7305=EDGE_LOOP('',(#721,#722,#723,#724,#725,#726,#727,#728,#729,#730,#731,
#732,#733,#734,#735,#736));
#7306=EDGE_LOOP('',(#737));
#7307=EDGE_LOOP('',(#738));
#7308=EDGE_LOOP('',(#739));
#7309=EDGE_LOOP('',(#740));
#7310=EDGE_LOOP('',(#741));
#7311=EDGE_LOOP('',(#742));
#7312=EDGE_LOOP('',(#743));
#7313=EDGE_LOOP('',(#744));
#7314=EDGE_LOOP('',(#745,#746,#747,#748,#749,#750));
#7315=EDGE_LOOP('',(#751,#752,#753,#754,#755,#756,#757,#758));
#7316=EDGE_LOOP('',(#759));
#7317=EDGE_LOOP('',(#760,#761,#762,#763,#764,#765,#766,#767));
#7318=EDGE_LOOP('',(#768,#769,#770,#771,#772,#773,#774,#775,#776));
#7319=EDGE_LOOP('',(#777,#778,#779));
#7320=EDGE_LOOP('',(#780,#781,#782,#783,#784,#785,#786,#787));
#7321=EDGE_LOOP('',(#788));
#7322=EDGE_LOOP('',(#789,#790,#791,#792,#793,#794,#795,#796,#797));
#7323=EDGE_LOOP('',(#798));
#7324=EDGE_LOOP('',(#799));
#7325=EDGE_LOOP('',(#800,#801,#802,#803,#804,#805,#806,#807,#808,#809,#810,
#811,#812,#813));
#7326=EDGE_LOOP('',(#814,#815,#816,#817));
#7327=EDGE_LOOP('',(#818,#819,#820,#821));
#7328=EDGE_LOOP('',(#822,#823,#824,#825,#826,#827,#828,#829,#830,#831,#832,
#833));
#7329=EDGE_LOOP('',(#834));
#7330=EDGE_LOOP('',(#835));
#7331=EDGE_LOOP('',(#836,#837,#838,#839,#840));
#7332=EDGE_LOOP('',(#841,#842,#843,#844));
#7333=EDGE_LOOP('',(#845,#846,#847,#848));
#7334=EDGE_LOOP('',(#849,#850,#851,#852));
#7335=EDGE_LOOP('',(#853));
#7336=EDGE_LOOP('',(#854,#855,#856,#857,#858,#859,#860,#861,#862,#863,#864,
#865,#866,#867,#868,#869));
#7337=EDGE_LOOP('',(#870));
#7338=EDGE_LOOP('',(#871));
#7339=EDGE_LOOP('',(#872));
#7340=EDGE_LOOP('',(#873));
#7341=EDGE_LOOP('',(#874));
#7342=EDGE_LOOP('',(#875));
#7343=EDGE_LOOP('',(#876));
#7344=EDGE_LOOP('',(#877));
#7345=EDGE_LOOP('',(#878));
#7346=EDGE_LOOP('',(#879));
#7347=EDGE_LOOP('',(#880));
#7348=EDGE_LOOP('',(#881));
#7349=EDGE_LOOP('',(#882));
#7350=EDGE_LOOP('',(#883));
#7351=EDGE_LOOP('',(#884));
#7352=EDGE_LOOP('',(#885));
#7353=EDGE_LOOP('',(#886));
#7354=EDGE_LOOP('',(#887));
#7355=EDGE_LOOP('',(#888));
#7356=EDGE_LOOP('',(#889));
#7357=EDGE_LOOP('',(#890));
#7358=EDGE_LOOP('',(#891));
#7359=EDGE_LOOP('',(#892));
#7360=EDGE_LOOP('',(#893));
#7361=EDGE_LOOP('',(#894));
#7362=EDGE_LOOP('',(#895));
#7363=EDGE_LOOP('',(#896));
#7364=EDGE_LOOP('',(#897));
#7365=EDGE_LOOP('',(#898));
#7366=EDGE_LOOP('',(#899));
#7367=EDGE_LOOP('',(#900));
#7368=EDGE_LOOP('',(#901));
#7369=EDGE_LOOP('',(#902));
#7370=EDGE_LOOP('',(#903));
#7371=EDGE_LOOP('',(#904));
#7372=EDGE_LOOP('',(#905));
#7373=EDGE_LOOP('',(#906));
#7374=EDGE_LOOP('',(#907));
#7375=EDGE_LOOP('',(#908));
#7376=EDGE_LOOP('',(#909));
#7377=EDGE_LOOP('',(#910));
#7378=EDGE_LOOP('',(#911));
#7379=EDGE_LOOP('',(#912));
#7380=EDGE_LOOP('',(#913));
#7381=EDGE_LOOP('',(#914));
#7382=EDGE_LOOP('',(#915));
#7383=EDGE_LOOP('',(#916));
#7384=EDGE_LOOP('',(#917));
#7385=EDGE_LOOP('',(#918));
#7386=EDGE_LOOP('',(#919));
#7387=EDGE_LOOP('',(#920));
#7388=EDGE_LOOP('',(#921));
#7389=EDGE_LOOP('',(#922));
#7390=EDGE_LOOP('',(#923));
#7391=EDGE_LOOP('',(#924));
#7392=EDGE_LOOP('',(#925));
#7393=EDGE_LOOP('',(#926,#927,#928,#929,#930,#931,#932,#933,#934,#935,#936));
#7394=EDGE_LOOP('',(#937,#938,#939,#940));
#7395=EDGE_LOOP('',(#941,#942,#943,#944,#945,#946,#947,#948));
#7396=EDGE_LOOP('',(#949,#950,#951,#952));
#7397=EDGE_LOOP('',(#953));
#7398=EDGE_LOOP('',(#954,#955,#956,#957,#958));
#7399=EDGE_LOOP('',(#959,#960,#961,#962));
#7400=EDGE_LOOP('',(#963,#964,#965,#966,#967));
#7401=EDGE_LOOP('',(#968));
#7402=EDGE_LOOP('',(#969,#970,#971,#972));
#7403=EDGE_LOOP('',(#973,#974,#975,#976,#977,#978,#979,#980,#981));
#7404=EDGE_LOOP('',(#982));
#7405=EDGE_LOOP('',(#983));
#7406=EDGE_LOOP('',(#984));
#7407=EDGE_LOOP('',(#985,#986,#987,#988));
#7408=EDGE_LOOP('',(#989,#990,#991,#992));
#7409=EDGE_LOOP('',(#993,#994,#995,#996));
#7410=EDGE_LOOP('',(#997,#998,#999,#1000));
#7411=EDGE_LOOP('',(#1001,#1002,#1003,#1004));
#7412=EDGE_LOOP('',(#1005,#1006,#1007,#1008));
#7413=EDGE_LOOP('',(#1009));
#7414=EDGE_LOOP('',(#1010,#1011,#1012,#1013,#1014,#1015));
#7415=EDGE_LOOP('',(#1016,#1017,#1018,#1019));
#7416=EDGE_LOOP('',(#1020,#1021,#1022,#1023));
#7417=EDGE_LOOP('',(#1024,#1025,#1026,#1027));
#7418=EDGE_LOOP('',(#1028,#1029,#1030,#1031));
#7419=EDGE_LOOP('',(#1032,#1033,#1034,#1035));
#7420=EDGE_LOOP('',(#1036,#1037,#1038,#1039));
#7421=EDGE_LOOP('',(#1040,#1041,#1042,#1043));
#7422=EDGE_LOOP('',(#1044,#1045,#1046,#1047));
#7423=EDGE_LOOP('',(#1048,#1049,#1050,#1051));
#7424=EDGE_LOOP('',(#1052,#1053,#1054,#1055));
#7425=EDGE_LOOP('',(#1056,#1057,#1058,#1059));
#7426=EDGE_LOOP('',(#1060,#1061,#1062,#1063));
#7427=EDGE_LOOP('',(#1064,#1065,#1066,#1067,#1068));
#7428=EDGE_LOOP('',(#1069,#1070,#1071,#1072,#1073,#1074,#1075,#1076,#1077,
#1078,#1079,#1080,#1081,#1082));
#7429=EDGE_LOOP('',(#1083,#1084,#1085,#1086));
#7430=EDGE_LOOP('',(#1087,#1088,#1089,#1090,#1091,#1092));
#7431=EDGE_LOOP('',(#1093,#1094,#1095,#1096));
#7432=EDGE_LOOP('',(#1097,#1098,#1099,#1100,#1101,#1102));
#7433=EDGE_LOOP('',(#1103,#1104,#1105,#1106));
#7434=EDGE_LOOP('',(#1107,#1108,#1109,#1110));
#7435=EDGE_LOOP('',(#1111,#1112,#1113,#1114));
#7436=EDGE_LOOP('',(#1115,#1116,#1117,#1118));
#7437=EDGE_LOOP('',(#1119,#1120,#1121,#1122));
#7438=EDGE_LOOP('',(#1123,#1124,#1125,#1126,#1127,#1128,#1129,#1130,#1131));
#7439=EDGE_LOOP('',(#1132,#1133,#1134,#1135));
#7440=EDGE_LOOP('',(#1136,#1137,#1138,#1139));
#7441=EDGE_LOOP('',(#1140,#1141,#1142,#1143));
#7442=EDGE_LOOP('',(#1144,#1145,#1146,#1147));
#7443=EDGE_LOOP('',(#1148,#1149,#1150,#1151,#1152));
#7444=EDGE_LOOP('',(#1153,#1154,#1155,#1156,#1157,#1158));
#7445=EDGE_LOOP('',(#1159,#1160,#1161,#1162));
#7446=EDGE_LOOP('',(#1163,#1164,#1165,#1166,#1167,#1168,#1169));
#7447=EDGE_LOOP('',(#1170,#1171,#1172,#1173,#1174));
#7448=EDGE_LOOP('',(#1175,#1176,#1177,#1178,#1179,#1180,#1181,#1182,#1183,
#1184,#1185,#1186));
#7449=EDGE_LOOP('',(#1187,#1188,#1189,#1190,#1191));
#7450=EDGE_LOOP('',(#1192,#1193,#1194,#1195));
#7451=EDGE_LOOP('',(#1196,#1197,#1198,#1199));
#7452=EDGE_LOOP('',(#1200,#1201,#1202,#1203));
#7453=EDGE_LOOP('',(#1204,#1205,#1206,#1207));
#7454=EDGE_LOOP('',(#1208,#1209,#1210,#1211));
#7455=EDGE_LOOP('',(#1212,#1213,#1214,#1215,#1216,#1217,#1218,#1219,#1220));
#7456=EDGE_LOOP('',(#1221,#1222,#1223,#1224));
#7457=EDGE_LOOP('',(#1225,#1226,#1227,#1228));
#7458=EDGE_LOOP('',(#1229,#1230,#1231,#1232));
#7459=EDGE_LOOP('',(#1233,#1234,#1235,#1236));
#7460=EDGE_LOOP('',(#1237,#1238,#1239,#1240,#1241));
#7461=EDGE_LOOP('',(#1242,#1243,#1244,#1245));
#7462=EDGE_LOOP('',(#1246,#1247,#1248,#1249,#1250));
#7463=EDGE_LOOP('',(#1251,#1252,#1253,#1254,#1255,#1256));
#7464=EDGE_LOOP('',(#1257,#1258,#1259,#1260));
#7465=EDGE_LOOP('',(#1261,#1262,#1263,#1264,#1265));
#7466=EDGE_LOOP('',(#1266,#1267,#1268,#1269,#1270,#1271));
#7467=EDGE_LOOP('',(#1272,#1273,#1274,#1275));
#7468=EDGE_LOOP('',(#1276,#1277,#1278,#1279));
#7469=EDGE_LOOP('',(#1280));
#7470=EDGE_LOOP('',(#1281));
#7471=EDGE_LOOP('',(#1282));
#7472=EDGE_LOOP('',(#1283,#1284,#1285,#1286,#1287,#1288));
#7473=EDGE_LOOP('',(#1289));
#7474=EDGE_LOOP('',(#1290));
#7475=EDGE_LOOP('',(#1291));
#7476=EDGE_LOOP('',(#1292));
#7477=EDGE_LOOP('',(#1293));
#7478=EDGE_LOOP('',(#1294));
#7479=EDGE_LOOP('',(#1295,#1296,#1297,#1298));
#7480=EDGE_LOOP('',(#1299));
#7481=EDGE_LOOP('',(#1300));
#7482=EDGE_LOOP('',(#1301,#1302,#1303,#1304));
#7483=EDGE_LOOP('',(#1305,#1306,#1307,#1308,#1309,#1310,#1311,#1312));
#7484=EDGE_LOOP('',(#1313,#1314,#1315,#1316,#1317,#1318));
#7485=EDGE_LOOP('',(#1319,#1320,#1321,#1322));
#7486=EDGE_LOOP('',(#1323,#1324,#1325,#1326));
#7487=EDGE_LOOP('',(#1327,#1328,#1329,#1330));
#7488=EDGE_LOOP('',(#1331,#1332,#1333,#1334));
#7489=EDGE_LOOP('',(#1335));
#7490=EDGE_LOOP('',(#1336));
#7491=EDGE_LOOP('',(#1337,#1338,#1339,#1340));
#7492=EDGE_LOOP('',(#1341,#1342,#1343,#1344,#1345,#1346,#1347,#1348));
#7493=EDGE_LOOP('',(#1349,#1350,#1351,#1352,#1353,#1354));
#7494=EDGE_LOOP('',(#1355,#1356,#1357,#1358,#1359,#1360));
#7495=EDGE_LOOP('',(#1361,#1362,#1363,#1364,#1365,#1366));
#7496=EDGE_LOOP('',(#1367,#1368,#1369,#1370,#1371,#1372,#1373,#1374,#1375,
#1376));
#7497=EDGE_LOOP('',(#1377,#1378,#1379,#1380,#1381,#1382,#1383,#1384));
#7498=EDGE_LOOP('',(#1385,#1386,#1387,#1388));
#7499=EDGE_LOOP('',(#1389));
#7500=EDGE_LOOP('',(#1390));
#7501=EDGE_LOOP('',(#1391));
#7502=EDGE_LOOP('',(#1392,#1393,#1394,#1395,#1396,#1397,#1398,#1399,#1400));
#7503=EDGE_LOOP('',(#1401,#1402,#1403,#1404));
#7504=EDGE_LOOP('',(#1405,#1406,#1407,#1408));
#7505=EDGE_LOOP('',(#1409));
#7506=EDGE_LOOP('',(#1410));
#7507=EDGE_LOOP('',(#1411));
#7508=EDGE_LOOP('',(#1412,#1413,#1414,#1415,#1416,#1417,#1418,#1419,#1420,
#1421));
#7509=EDGE_LOOP('',(#1422,#1423,#1424,#1425,#1426,#1427,#1428,#1429));
#7510=EDGE_LOOP('',(#1430));
#7511=EDGE_LOOP('',(#1431));
#7512=EDGE_LOOP('',(#1432));
#7513=EDGE_LOOP('',(#1433,#1434,#1435,#1436,#1437,#1438,#1439,#1440,#1441));
#7514=EDGE_LOOP('',(#1442));
#7515=EDGE_LOOP('',(#1443));
#7516=EDGE_LOOP('',(#1444));
#7517=EDGE_LOOP('',(#1445));
#7518=EDGE_LOOP('',(#1446));
#7519=EDGE_LOOP('',(#1447));
#7520=EDGE_LOOP('',(#1448));
#7521=EDGE_LOOP('',(#1449));
#7522=EDGE_LOOP('',(#1450));
#7523=EDGE_LOOP('',(#1451));
#7524=EDGE_LOOP('',(#1452));
#7525=EDGE_LOOP('',(#1453));
#7526=EDGE_LOOP('',(#1454));
#7527=EDGE_LOOP('',(#1455));
#7528=EDGE_LOOP('',(#1456));
#7529=EDGE_LOOP('',(#1457));
#7530=EDGE_LOOP('',(#1458));
#7531=EDGE_LOOP('',(#1459));
#7532=EDGE_LOOP('',(#1460));
#7533=EDGE_LOOP('',(#1461));
#7534=EDGE_LOOP('',(#1462));
#7535=EDGE_LOOP('',(#1463));
#7536=EDGE_LOOP('',(#1464));
#7537=EDGE_LOOP('',(#1465));
#7538=EDGE_LOOP('',(#1466));
#7539=EDGE_LOOP('',(#1467));
#7540=EDGE_LOOP('',(#1468));
#7541=EDGE_LOOP('',(#1469));
#7542=EDGE_LOOP('',(#1470));
#7543=EDGE_LOOP('',(#1471));
#7544=EDGE_LOOP('',(#1472,#1473,#1474,#1475));
#7545=EDGE_LOOP('',(#1476,#1477,#1478,#1479));
#7546=EDGE_LOOP('',(#1480,#1481,#1482,#1483));
#7547=EDGE_LOOP('',(#1484,#1485,#1486,#1487));
#7548=EDGE_LOOP('',(#1488,#1489,#1490,#1491));
#7549=EDGE_LOOP('',(#1492,#1493,#1494,#1495));
#7550=EDGE_LOOP('',(#1496));
#7551=EDGE_LOOP('',(#1497,#1498,#1499,#1500,#1501,#1502));
#7552=EDGE_LOOP('',(#1503,#1504,#1505,#1506));
#7553=EDGE_LOOP('',(#1507,#1508,#1509,#1510));
#7554=EDGE_LOOP('',(#1511,#1512,#1513,#1514));
#7555=EDGE_LOOP('',(#1515,#1516,#1517,#1518));
#7556=EDGE_LOOP('',(#1519,#1520,#1521,#1522));
#7557=EDGE_LOOP('',(#1523,#1524,#1525,#1526));
#7558=EDGE_LOOP('',(#1527));
#7559=EDGE_LOOP('',(#1528,#1529,#1530,#1531,#1532,#1533));
#7560=EDGE_LOOP('',(#1534,#1535,#1536,#1537));
#7561=EDGE_LOOP('',(#1538,#1539,#1540,#1541));
#7562=EDGE_LOOP('',(#1542,#1543,#1544,#1545));
#7563=EDGE_LOOP('',(#1546,#1547,#1548,#1549));
#7564=EDGE_LOOP('',(#1550,#1551,#1552,#1553));
#7565=EDGE_LOOP('',(#1554,#1555,#1556,#1557));
#7566=EDGE_LOOP('',(#1558));
#7567=EDGE_LOOP('',(#1559,#1560,#1561,#1562,#1563,#1564));
#7568=EDGE_LOOP('',(#1565,#1566,#1567,#1568));
#7569=EDGE_LOOP('',(#1569,#1570,#1571,#1572));
#7570=EDGE_LOOP('',(#1573,#1574,#1575,#1576));
#7571=EDGE_LOOP('',(#1577,#1578,#1579,#1580));
#7572=EDGE_LOOP('',(#1581,#1582,#1583,#1584));
#7573=EDGE_LOOP('',(#1585,#1586,#1587,#1588));
#7574=EDGE_LOOP('',(#1589,#1590,#1591,#1592));
#7575=EDGE_LOOP('',(#1593,#1594,#1595,#1596,#1597,#1598,#1599,#1600));
#7576=EDGE_LOOP('',(#1601,#1602,#1603,#1604));
#7577=EDGE_LOOP('',(#1605,#1606,#1607,#1608,#1609,#1610,#1611,#1612,#1613,
#1614,#1615,#1616));
#7578=EDGE_LOOP('',(#1617,#1618,#1619,#1620,#1621,#1622,#1623,#1624,#1625,
#1626,#1627,#1628));
#7579=EDGE_LOOP('',(#1629));
#7580=EDGE_LOOP('',(#1630,#1631,#1632,#1633));
#7581=EDGE_LOOP('',(#1634,#1635,#1636,#1637));
#7582=EDGE_LOOP('',(#1638,#1639,#1640,#1641));
#7583=EDGE_LOOP('',(#1642,#1643,#1644,#1645));
#7584=EDGE_LOOP('',(#1646,#1647,#1648,#1649));
#7585=EDGE_LOOP('',(#1650,#1651,#1652,#1653));
#7586=EDGE_LOOP('',(#1654,#1655,#1656,#1657));
#7587=EDGE_LOOP('',(#1658,#1659,#1660,#1661));
#7588=EDGE_LOOP('',(#1662,#1663,#1664,#1665));
#7589=EDGE_LOOP('',(#1666,#1667,#1668,#1669));
#7590=EDGE_LOOP('',(#1670,#1671,#1672,#1673));
#7591=EDGE_LOOP('',(#1674,#1675,#1676,#1677));
#7592=EDGE_LOOP('',(#1678));
#7593=EDGE_LOOP('',(#1679));
#7594=EDGE_LOOP('',(#1680));
#7595=EDGE_LOOP('',(#1681));
#7596=EDGE_LOOP('',(#1682));
#7597=EDGE_LOOP('',(#1683));
#7598=EDGE_LOOP('',(#1684));
#7599=EDGE_LOOP('',(#1685));
#7600=EDGE_LOOP('',(#1686));
#7601=EDGE_LOOP('',(#1687));
#7602=EDGE_LOOP('',(#1688));
#7603=EDGE_LOOP('',(#1689));
#7604=EDGE_LOOP('',(#1690));
#7605=EDGE_LOOP('',(#1691));
#7606=EDGE_LOOP('',(#1692));
#7607=EDGE_LOOP('',(#1693));
#7608=EDGE_LOOP('',(#1694));
#7609=EDGE_LOOP('',(#1695));
#7610=EDGE_LOOP('',(#1696));
#7611=EDGE_LOOP('',(#1697));
#7612=EDGE_LOOP('',(#1698));
#7613=EDGE_LOOP('',(#1699));
#7614=EDGE_LOOP('',(#1700));
#7615=EDGE_LOOP('',(#1701));
#7616=EDGE_LOOP('',(#1702));
#7617=EDGE_LOOP('',(#1703));
#7618=EDGE_LOOP('',(#1704));
#7619=EDGE_LOOP('',(#1705));
#7620=EDGE_LOOP('',(#1706));
#7621=EDGE_LOOP('',(#1707));
#7622=EDGE_LOOP('',(#1708));
#7623=EDGE_LOOP('',(#1709));
#7624=EDGE_LOOP('',(#1710));
#7625=EDGE_LOOP('',(#1711));
#7626=EDGE_LOOP('',(#1712));
#7627=EDGE_LOOP('',(#1713));
#7628=EDGE_LOOP('',(#1714));
#7629=EDGE_LOOP('',(#1715,#1716,#1717,#1718,#1719,#1720));
#7630=EDGE_LOOP('',(#1721));
#7631=EDGE_LOOP('',(#1722));
#7632=EDGE_LOOP('',(#1723));
#7633=EDGE_LOOP('',(#1724));
#7634=EDGE_LOOP('',(#1725));
#7635=EDGE_LOOP('',(#1726));
#7636=EDGE_LOOP('',(#1727,#1728,#1729,#1730));
#7637=EDGE_LOOP('',(#1731));
#7638=EDGE_LOOP('',(#1732));
#7639=EDGE_LOOP('',(#1733,#1734,#1735,#1736));
#7640=EDGE_LOOP('',(#1737,#1738,#1739,#1740,#1741,#1742,#1743,#1744));
#7641=EDGE_LOOP('',(#1745,#1746,#1747,#1748,#1749,#1750));
#7642=EDGE_LOOP('',(#1751,#1752,#1753,#1754));
#7643=EDGE_LOOP('',(#1755,#1756,#1757,#1758));
#7644=EDGE_LOOP('',(#1759,#1760,#1761,#1762));
#7645=EDGE_LOOP('',(#1763,#1764,#1765,#1766));
#7646=EDGE_LOOP('',(#1767));
#7647=EDGE_LOOP('',(#1768));
#7648=EDGE_LOOP('',(#1769,#1770,#1771,#1772));
#7649=EDGE_LOOP('',(#1773,#1774,#1775,#1776,#1777,#1778,#1779,#1780));
#7650=EDGE_LOOP('',(#1781,#1782,#1783,#1784,#1785,#1786));
#7651=EDGE_LOOP('',(#1787,#1788,#1789,#1790,#1791,#1792));
#7652=EDGE_LOOP('',(#1793,#1794,#1795,#1796,#1797,#1798));
#7653=EDGE_LOOP('',(#1799,#1800,#1801,#1802,#1803,#1804,#1805,#1806,#1807,
#1808));
#7654=EDGE_LOOP('',(#1809,#1810,#1811,#1812,#1813,#1814,#1815,#1816));
#7655=EDGE_LOOP('',(#1817,#1818,#1819,#1820));
#7656=EDGE_LOOP('',(#1821));
#7657=EDGE_LOOP('',(#1822));
#7658=EDGE_LOOP('',(#1823));
#7659=EDGE_LOOP('',(#1824,#1825,#1826,#1827,#1828,#1829,#1830,#1831,#1832));
#7660=EDGE_LOOP('',(#1833,#1834,#1835,#1836));
#7661=EDGE_LOOP('',(#1837,#1838,#1839,#1840));
#7662=EDGE_LOOP('',(#1841));
#7663=EDGE_LOOP('',(#1842));
#7664=EDGE_LOOP('',(#1843));
#7665=EDGE_LOOP('',(#1844,#1845,#1846,#1847,#1848,#1849,#1850,#1851,#1852,
#1853));
#7666=EDGE_LOOP('',(#1854,#1855,#1856,#1857,#1858,#1859,#1860,#1861));
#7667=EDGE_LOOP('',(#1862));
#7668=EDGE_LOOP('',(#1863));
#7669=EDGE_LOOP('',(#1864));
#7670=EDGE_LOOP('',(#1865,#1866,#1867,#1868,#1869,#1870,#1871,#1872,#1873));
#7671=EDGE_LOOP('',(#1874));
#7672=EDGE_LOOP('',(#1875));
#7673=EDGE_LOOP('',(#1876));
#7674=EDGE_LOOP('',(#1877));
#7675=EDGE_LOOP('',(#1878));
#7676=EDGE_LOOP('',(#1879));
#7677=EDGE_LOOP('',(#1880));
#7678=EDGE_LOOP('',(#1881));
#7679=EDGE_LOOP('',(#1882));
#7680=EDGE_LOOP('',(#1883));
#7681=EDGE_LOOP('',(#1884));
#7682=EDGE_LOOP('',(#1885));
#7683=EDGE_LOOP('',(#1886));
#7684=EDGE_LOOP('',(#1887));
#7685=EDGE_LOOP('',(#1888));
#7686=EDGE_LOOP('',(#1889));
#7687=EDGE_LOOP('',(#1890));
#7688=EDGE_LOOP('',(#1891));
#7689=EDGE_LOOP('',(#1892));
#7690=EDGE_LOOP('',(#1893));
#7691=EDGE_LOOP('',(#1894));
#7692=EDGE_LOOP('',(#1895));
#7693=EDGE_LOOP('',(#1896));
#7694=EDGE_LOOP('',(#1897));
#7695=EDGE_LOOP('',(#1898));
#7696=EDGE_LOOP('',(#1899));
#7697=EDGE_LOOP('',(#1900));
#7698=EDGE_LOOP('',(#1901));
#7699=EDGE_LOOP('',(#1902));
#7700=EDGE_LOOP('',(#1903));
#7701=EDGE_LOOP('',(#1904,#1905,#1906,#1907));
#7702=EDGE_LOOP('',(#1908,#1909,#1910,#1911));
#7703=EDGE_LOOP('',(#1912,#1913,#1914,#1915));
#7704=EDGE_LOOP('',(#1916,#1917,#1918,#1919));
#7705=EDGE_LOOP('',(#1920,#1921,#1922,#1923));
#7706=EDGE_LOOP('',(#1924,#1925,#1926,#1927));
#7707=EDGE_LOOP('',(#1928));
#7708=EDGE_LOOP('',(#1929,#1930,#1931,#1932,#1933,#1934));
#7709=EDGE_LOOP('',(#1935,#1936,#1937,#1938));
#7710=EDGE_LOOP('',(#1939,#1940,#1941,#1942));
#7711=EDGE_LOOP('',(#1943,#1944,#1945,#1946));
#7712=EDGE_LOOP('',(#1947,#1948,#1949,#1950));
#7713=EDGE_LOOP('',(#1951,#1952,#1953,#1954));
#7714=EDGE_LOOP('',(#1955,#1956,#1957,#1958));
#7715=EDGE_LOOP('',(#1959));
#7716=EDGE_LOOP('',(#1960,#1961,#1962,#1963,#1964,#1965));
#7717=EDGE_LOOP('',(#1966,#1967,#1968,#1969));
#7718=EDGE_LOOP('',(#1970,#1971,#1972,#1973));
#7719=EDGE_LOOP('',(#1974,#1975,#1976,#1977));
#7720=EDGE_LOOP('',(#1978,#1979,#1980,#1981));
#7721=EDGE_LOOP('',(#1982,#1983,#1984,#1985));
#7722=EDGE_LOOP('',(#1986,#1987,#1988,#1989));
#7723=EDGE_LOOP('',(#1990));
#7724=EDGE_LOOP('',(#1991,#1992,#1993,#1994,#1995,#1996));
#7725=EDGE_LOOP('',(#1997,#1998,#1999,#2000));
#7726=EDGE_LOOP('',(#2001,#2002,#2003,#2004));
#7727=EDGE_LOOP('',(#2005,#2006,#2007,#2008));
#7728=EDGE_LOOP('',(#2009,#2010,#2011,#2012));
#7729=EDGE_LOOP('',(#2013,#2014,#2015,#2016));
#7730=EDGE_LOOP('',(#2017,#2018,#2019,#2020));
#7731=EDGE_LOOP('',(#2021,#2022,#2023,#2024));
#7732=EDGE_LOOP('',(#2025,#2026,#2027,#2028,#2029,#2030,#2031,#2032));
#7733=EDGE_LOOP('',(#2033,#2034,#2035,#2036));
#7734=EDGE_LOOP('',(#2037,#2038,#2039,#2040));
#7735=EDGE_LOOP('',(#2041,#2042,#2043,#2044));
#7736=EDGE_LOOP('',(#2045,#2046,#2047,#2048));
#7737=EDGE_LOOP('',(#2049,#2050,#2051,#2052));
#7738=EDGE_LOOP('',(#2053,#2054,#2055,#2056));
#7739=EDGE_LOOP('',(#2057));
#7740=EDGE_LOOP('',(#2058));
#7741=EDGE_LOOP('',(#2059));
#7742=EDGE_LOOP('',(#2060));
#7743=EDGE_LOOP('',(#2061));
#7744=EDGE_LOOP('',(#2062));
#7745=EDGE_LOOP('',(#2063));
#7746=EDGE_LOOP('',(#2064));
#7747=EDGE_LOOP('',(#2065,#2066,#2067,#2068));
#7748=EDGE_LOOP('',(#2069,#2070,#2071,#2072));
#7749=EDGE_LOOP('',(#2073,#2074,#2075,#2076));
#7750=EDGE_LOOP('',(#2077,#2078,#2079,#2080));
#7751=EDGE_LOOP('',(#2081,#2082,#2083,#2084));
#7752=EDGE_LOOP('',(#2085,#2086,#2087,#2088));
#7753=EDGE_LOOP('',(#2089,#2090,#2091,#2092));
#7754=EDGE_LOOP('',(#2093,#2094,#2095,#2096));
#7755=EDGE_LOOP('',(#2097));
#7756=EDGE_LOOP('',(#2098));
#7757=EDGE_LOOP('',(#2099,#2100,#2101,#2102,#2103,#2104,#2105,#2106));
#7758=EDGE_LOOP('',(#2107,#2108,#2109,#2110,#2111,#2112));
#7759=EDGE_LOOP('',(#2113));
#7760=EDGE_LOOP('',(#2114));
#7761=EDGE_LOOP('',(#2115,#2116,#2117,#2118,#2119,#2120));
#7762=EDGE_LOOP('',(#2121,#2122,#2123,#2124));
#7763=EDGE_LOOP('',(#2125,#2126,#2127,#2128,#2129,#2130,#2131,#2132,#2133,
#2134));
#7764=EDGE_LOOP('',(#2135,#2136,#2137,#2138,#2139,#2140,#2141,#2142));
#7765=EDGE_LOOP('',(#2143,#2144,#2145,#2146));
#7766=EDGE_LOOP('',(#2147,#2148,#2149,#2150));
#7767=EDGE_LOOP('',(#2151,#2152,#2153,#2154,#2155,#2156));
#7768=EDGE_LOOP('',(#2157,#2158,#2159,#2160));
#7769=EDGE_LOOP('',(#2161,#2162,#2163,#2164,#2165,#2166,#2167,#2168,#2169,
#2170));
#7770=EDGE_LOOP('',(#2171,#2172,#2173,#2174,#2175,#2176));
#7771=EDGE_LOOP('',(#2177,#2178,#2179,#2180));
#7772=EDGE_LOOP('',(#2181));
#7773=EDGE_LOOP('',(#2182));
#7774=EDGE_LOOP('',(#2183));
#7775=EDGE_LOOP('',(#2184));
#7776=EDGE_LOOP('',(#2185));
#7777=EDGE_LOOP('',(#2186));
#7778=EDGE_LOOP('',(#2187));
#7779=EDGE_LOOP('',(#2188));
#7780=EDGE_LOOP('',(#2189));
#7781=EDGE_LOOP('',(#2190));
#7782=EDGE_LOOP('',(#2191));
#7783=EDGE_LOOP('',(#2192));
#7784=EDGE_LOOP('',(#2193,#2194,#2195,#2196,#2197,#2198));
#7785=EDGE_LOOP('',(#2199));
#7786=EDGE_LOOP('',(#2200));
#7787=EDGE_LOOP('',(#2201));
#7788=EDGE_LOOP('',(#2202,#2203,#2204,#2205));
#7789=EDGE_LOOP('',(#2206,#2207,#2208,#2209));
#7790=EDGE_LOOP('',(#2210,#2211,#2212,#2213));
#7791=EDGE_LOOP('',(#2214,#2215,#2216,#2217));
#7792=EDGE_LOOP('',(#2218,#2219,#2220,#2221));
#7793=EDGE_LOOP('',(#2222,#2223,#2224,#2225,#2226));
#7794=EDGE_LOOP('',(#2227,#2228,#2229,#2230));
#7795=EDGE_LOOP('',(#2231,#2232,#2233,#2234,#2235));
#7796=EDGE_LOOP('',(#2236));
#7797=EDGE_LOOP('',(#2237));
#7798=EDGE_LOOP('',(#2238));
#7799=EDGE_LOOP('',(#2239,#2240,#2241,#2242,#2243,#2244));
#7800=EDGE_LOOP('',(#2245,#2246,#2247,#2248,#2249));
#7801=EDGE_LOOP('',(#2250));
#7802=EDGE_LOOP('',(#2251,#2252,#2253,#2254,#2255,#2256));
#7803=EDGE_LOOP('',(#2257,#2258,#2259,#2260,#2261));
#7804=EDGE_LOOP('',(#2262,#2263,#2264,#2265,#2266));
#7805=EDGE_LOOP('',(#2267,#2268,#2269,#2270,#2271));
#7806=EDGE_LOOP('',(#2272,#2273,#2274));
#7807=EDGE_LOOP('',(#2275,#2276,#2277));
#7808=EDGE_LOOP('',(#2278,#2279,#2280));
#7809=EDGE_LOOP('',(#2281,#2282,#2283));
#7810=EDGE_LOOP('',(#2284,#2285,#2286));
#7811=EDGE_LOOP('',(#2287,#2288,#2289));
#7812=EDGE_LOOP('',(#2290));
#7813=EDGE_LOOP('',(#2291));
#7814=EDGE_LOOP('',(#2292));
#7815=EDGE_LOOP('',(#2293,#2294,#2295,#2296,#2297,#2298));
#7816=EDGE_LOOP('',(#2299));
#7817=EDGE_LOOP('',(#2300));
#7818=EDGE_LOOP('',(#2301));
#7819=EDGE_LOOP('',(#2302));
#7820=EDGE_LOOP('',(#2303));
#7821=EDGE_LOOP('',(#2304));
#7822=EDGE_LOOP('',(#2305,#2306,#2307,#2308));
#7823=EDGE_LOOP('',(#2309,#2310,#2311,#2312));
#7824=EDGE_LOOP('',(#2313,#2314,#2315,#2316));
#7825=EDGE_LOOP('',(#2317,#2318,#2319,#2320));
#7826=EDGE_LOOP('',(#2321,#2322,#2323,#2324));
#7827=EDGE_LOOP('',(#2325));
#7828=EDGE_LOOP('',(#2326));
#7829=EDGE_LOOP('',(#2327));
#7830=EDGE_LOOP('',(#2328));
#7831=EDGE_LOOP('',(#2329));
#7832=EDGE_LOOP('',(#2330));
#7833=EDGE_LOOP('',(#2331));
#7834=EDGE_LOOP('',(#2332));
#7835=EDGE_LOOP('',(#2333,#2334,#2335,#2336));
#7836=EDGE_LOOP('',(#2337,#2338,#2339,#2340));
#7837=EDGE_LOOP('',(#2341,#2342,#2343,#2344));
#7838=EDGE_LOOP('',(#2345,#2346,#2347,#2348));
#7839=EDGE_LOOP('',(#2349,#2350,#2351,#2352));
#7840=EDGE_LOOP('',(#2353,#2354,#2355,#2356));
#7841=EDGE_LOOP('',(#2357,#2358,#2359,#2360));
#7842=EDGE_LOOP('',(#2361,#2362,#2363,#2364));
#7843=EDGE_LOOP('',(#2365));
#7844=EDGE_LOOP('',(#2366));
#7845=EDGE_LOOP('',(#2367,#2368,#2369,#2370,#2371,#2372,#2373,#2374));
#7846=EDGE_LOOP('',(#2375,#2376,#2377,#2378,#2379,#2380));
#7847=EDGE_LOOP('',(#2381));
#7848=EDGE_LOOP('',(#2382));
#7849=EDGE_LOOP('',(#2383,#2384,#2385,#2386,#2387,#2388));
#7850=EDGE_LOOP('',(#2389,#2390,#2391,#2392));
#7851=EDGE_LOOP('',(#2393,#2394,#2395,#2396,#2397,#2398,#2399,#2400,#2401,
#2402));
#7852=EDGE_LOOP('',(#2403,#2404,#2405,#2406,#2407,#2408,#2409,#2410));
#7853=EDGE_LOOP('',(#2411,#2412,#2413,#2414));
#7854=EDGE_LOOP('',(#2415,#2416,#2417,#2418));
#7855=EDGE_LOOP('',(#2419,#2420,#2421,#2422,#2423,#2424));
#7856=EDGE_LOOP('',(#2425,#2426,#2427,#2428));
#7857=EDGE_LOOP('',(#2429,#2430,#2431,#2432,#2433,#2434,#2435,#2436,#2437,
#2438));
#7858=EDGE_LOOP('',(#2439,#2440,#2441,#2442,#2443,#2444));
#7859=EDGE_LOOP('',(#2445,#2446,#2447,#2448));
#7860=EDGE_LOOP('',(#2449));
#7861=EDGE_LOOP('',(#2450));
#7862=EDGE_LOOP('',(#2451));
#7863=EDGE_LOOP('',(#2452));
#7864=EDGE_LOOP('',(#2453));
#7865=EDGE_LOOP('',(#2454));
#7866=EDGE_LOOP('',(#2455));
#7867=EDGE_LOOP('',(#2456));
#7868=EDGE_LOOP('',(#2457));
#7869=EDGE_LOOP('',(#2458));
#7870=EDGE_LOOP('',(#2459));
#7871=EDGE_LOOP('',(#2460));
#7872=EDGE_LOOP('',(#2461));
#7873=EDGE_LOOP('',(#2462));
#7874=EDGE_LOOP('',(#2463));
#7875=EDGE_LOOP('',(#2464));
#7876=EDGE_LOOP('',(#2465));
#7877=EDGE_LOOP('',(#2466));
#7878=EDGE_LOOP('',(#2467));
#7879=EDGE_LOOP('',(#2468));
#7880=EDGE_LOOP('',(#2469));
#7881=EDGE_LOOP('',(#2470));
#7882=EDGE_LOOP('',(#2471));
#7883=EDGE_LOOP('',(#2472));
#7884=EDGE_LOOP('',(#2473));
#7885=EDGE_LOOP('',(#2474,#2475,#2476,#2477,#2478,#2479,#2480,#2481,#2482,
#2483,#2484,#2485,#2486,#2487,#2488,#2489,#2490,#2491));
#7886=EDGE_LOOP('',(#2492,#2493,#2494,#2495,#2496,#2497,#2498,#2499,#2500,
#2501));
#7887=EDGE_LOOP('',(#2502));
#7888=EDGE_LOOP('',(#2503,#2504,#2505,#2506,#2507,#2508));
#7889=EDGE_LOOP('',(#2509));
#7890=EDGE_LOOP('',(#2510));
#7891=EDGE_LOOP('',(#2511));
#7892=EDGE_LOOP('',(#2512,#2513,#2514,#2515,#2516,#2517));
#7893=EDGE_LOOP('',(#2518));
#7894=EDGE_LOOP('',(#2519));
#7895=EDGE_LOOP('',(#2520));
#7896=EDGE_LOOP('',(#2521,#2522,#2523,#2524,#2525,#2526));
#7897=EDGE_LOOP('',(#2527));
#7898=EDGE_LOOP('',(#2528));
#7899=EDGE_LOOP('',(#2529));
#7900=EDGE_LOOP('',(#2530,#2531,#2532,#2533,#2534,#2535));
#7901=EDGE_LOOP('',(#2536));
#7902=EDGE_LOOP('',(#2537));
#7903=EDGE_LOOP('',(#2538));
#7904=EDGE_LOOP('',(#2539,#2540,#2541,#2542,#2543,#2544));
#7905=EDGE_LOOP('',(#2545));
#7906=EDGE_LOOP('',(#2546));
#7907=EDGE_LOOP('',(#2547));
#7908=EDGE_LOOP('',(#2548,#2549,#2550,#2551,#2552,#2553));
#7909=EDGE_LOOP('',(#2554));
#7910=EDGE_LOOP('',(#2555));
#7911=EDGE_LOOP('',(#2556,#2557,#2558,#2559,#2560,#2561));
#7912=EDGE_LOOP('',(#2562,#2563,#2564,#2565));
#7913=EDGE_LOOP('',(#2566,#2567,#2568,#2569));
#7914=EDGE_LOOP('',(#2570,#2571,#2572,#2573));
#7915=EDGE_LOOP('',(#2574,#2575,#2576,#2577));
#7916=EDGE_LOOP('',(#2578,#2579,#2580,#2581));
#7917=EDGE_LOOP('',(#2582,#2583,#2584,#2585));
#7918=EDGE_LOOP('',(#2586,#2587,#2588,#2589,#2590,#2591));
#7919=EDGE_LOOP('',(#2592,#2593,#2594,#2595));
#7920=EDGE_LOOP('',(#2596,#2597,#2598,#2599));
#7921=EDGE_LOOP('',(#2600,#2601,#2602,#2603));
#7922=EDGE_LOOP('',(#2604,#2605,#2606,#2607));
#7923=EDGE_LOOP('',(#2608,#2609,#2610,#2611));
#7924=EDGE_LOOP('',(#2612,#2613,#2614,#2615));
#7925=EDGE_LOOP('',(#2616,#2617,#2618,#2619,#2620,#2621));
#7926=EDGE_LOOP('',(#2622,#2623,#2624,#2625));
#7927=EDGE_LOOP('',(#2626,#2627,#2628,#2629));
#7928=EDGE_LOOP('',(#2630,#2631,#2632,#2633));
#7929=EDGE_LOOP('',(#2634,#2635,#2636,#2637));
#7930=EDGE_LOOP('',(#2638,#2639,#2640,#2641));
#7931=EDGE_LOOP('',(#2642,#2643,#2644,#2645));
#7932=EDGE_LOOP('',(#2646,#2647,#2648,#2649,#2650,#2651));
#7933=EDGE_LOOP('',(#2652,#2653,#2654,#2655));
#7934=EDGE_LOOP('',(#2656,#2657,#2658,#2659));
#7935=EDGE_LOOP('',(#2660,#2661,#2662,#2663));
#7936=EDGE_LOOP('',(#2664,#2665,#2666,#2667));
#7937=EDGE_LOOP('',(#2668,#2669,#2670,#2671));
#7938=EDGE_LOOP('',(#2672,#2673,#2674,#2675));
#7939=EDGE_LOOP('',(#2676,#2677,#2678,#2679,#2680,#2681));
#7940=EDGE_LOOP('',(#2682,#2683,#2684,#2685));
#7941=EDGE_LOOP('',(#2686,#2687,#2688,#2689));
#7942=EDGE_LOOP('',(#2690,#2691,#2692,#2693));
#7943=EDGE_LOOP('',(#2694,#2695,#2696,#2697));
#7944=EDGE_LOOP('',(#2698,#2699,#2700,#2701));
#7945=EDGE_LOOP('',(#2702,#2703,#2704,#2705));
#7946=EDGE_LOOP('',(#2706,#2707,#2708,#2709,#2710,#2711));
#7947=EDGE_LOOP('',(#2712,#2713,#2714,#2715));
#7948=EDGE_LOOP('',(#2716,#2717,#2718,#2719));
#7949=EDGE_LOOP('',(#2720,#2721,#2722,#2723));
#7950=EDGE_LOOP('',(#2724,#2725,#2726,#2727));
#7951=EDGE_LOOP('',(#2728,#2729,#2730,#2731));
#7952=EDGE_LOOP('',(#2732,#2733,#2734,#2735));
#7953=EDGE_LOOP('',(#2736,#2737,#2738,#2739));
#7954=EDGE_LOOP('',(#2740,#2741,#2742,#2743));
#7955=EDGE_LOOP('',(#2744,#2745,#2746,#2747));
#7956=EDGE_LOOP('',(#2748,#2749,#2750,#2751,#2752));
#7957=EDGE_LOOP('',(#2753,#2754,#2755,#2756,#2757,#2758,#2759,#2760));
#7958=EDGE_LOOP('',(#2761,#2762,#2763,#2764));
#7959=EDGE_LOOP('',(#2765,#2766,#2767,#2768));
#7960=EDGE_LOOP('',(#2769,#2770,#2771,#2772));
#7961=EDGE_LOOP('',(#2773,#2774,#2775,#2776));
#7962=EDGE_LOOP('',(#2777,#2778,#2779,#2780));
#7963=EDGE_LOOP('',(#2781,#2782,#2783,#2784));
#7964=EDGE_LOOP('',(#2785,#2786,#2787,#2788));
#7965=EDGE_LOOP('',(#2789,#2790,#2791,#2792));
#7966=EDGE_LOOP('',(#2793,#2794,#2795,#2796));
#7967=EDGE_LOOP('',(#2797,#2798,#2799,#2800));
#7968=EDGE_LOOP('',(#2801,#2802,#2803,#2804));
#7969=EDGE_LOOP('',(#2805,#2806,#2807,#2808));
#7970=EDGE_LOOP('',(#2809,#2810,#2811,#2812));
#7971=EDGE_LOOP('',(#2813,#2814,#2815,#2816));
#7972=EDGE_LOOP('',(#2817,#2818,#2819,#2820,#2821,#2822));
#7973=EDGE_LOOP('',(#2823,#2824,#2825,#2826));
#7974=EDGE_LOOP('',(#2827,#2828,#2829,#2830));
#7975=EDGE_LOOP('',(#2831,#2832,#2833,#2834,#2835));
#7976=EDGE_LOOP('',(#2836,#2837,#2838,#2839,#2840,#2841,#2842,#2843,#2844,
#2845,#2846,#2847));
#7977=EDGE_LOOP('',(#2848,#2849,#2850,#2851,#2852,#2853,#2854,#2855,#2856,
#2857,#2858,#2859,#2860,#2861,#2862,#2863));
#7978=EDGE_LOOP('',(#2864,#2865,#2866,#2867));
#7979=EDGE_LOOP('',(#2868,#2869,#2870,#2871));
#7980=EDGE_LOOP('',(#2872,#2873,#2874,#2875));
#7981=EDGE_LOOP('',(#2876,#2877,#2878,#2879));
#7982=EDGE_LOOP('',(#2880,#2881,#2882,#2883));
#7983=EDGE_LOOP('',(#2884,#2885,#2886,#2887));
#7984=EDGE_LOOP('',(#2888,#2889,#2890,#2891));
#7985=EDGE_LOOP('',(#2892,#2893,#2894,#2895));
#7986=EDGE_LOOP('',(#2896,#2897,#2898,#2899));
#7987=EDGE_LOOP('',(#2900,#2901,#2902,#2903));
#7988=EDGE_LOOP('',(#2904,#2905,#2906,#2907));
#7989=EDGE_LOOP('',(#2908,#2909,#2910,#2911));
#7990=EDGE_LOOP('',(#2912,#2913,#2914,#2915));
#7991=EDGE_LOOP('',(#2916,#2917,#2918,#2919));
#7992=EDGE_LOOP('',(#2920,#2921,#2922,#2923,#2924,#2925,#2926));
#7993=EDGE_LOOP('',(#2927,#2928,#2929,#2930,#2931,#2932,#2933,#2934,#2935));
#7994=EDGE_LOOP('',(#2936,#2937,#2938,#2939));
#7995=EDGE_LOOP('',(#2940,#2941,#2942,#2943,#2944));
#7996=EDGE_LOOP('',(#2945,#2946,#2947,#2948,#2949,#2950));
#7997=EDGE_LOOP('',(#2951,#2952,#2953,#2954,#2955));
#7998=EDGE_LOOP('',(#2956,#2957,#2958,#2959,#2960));
#7999=EDGE_LOOP('',(#2961,#2962,#2963,#2964,#2965));
#8000=EDGE_LOOP('',(#2966,#2967,#2968,#2969));
#8001=EDGE_LOOP('',(#2970,#2971,#2972,#2973));
#8002=EDGE_LOOP('',(#2974,#2975,#2976,#2977,#2978,#2979,#2980,#2981));
#8003=EDGE_LOOP('',(#2982,#2983,#2984,#2985,#2986,#2987,#2988,#2989,#2990,
#2991));
#8004=EDGE_LOOP('',(#2992,#2993,#2994,#2995,#2996));
#8005=EDGE_LOOP('',(#2997,#2998,#2999,#3000,#3001,#3002,#3003,#3004));
#8006=EDGE_LOOP('',(#3005));
#8007=EDGE_LOOP('',(#3006));
#8008=EDGE_LOOP('',(#3007,#3008,#3009,#3010,#3011,#3012,#3013,#3014,#3015,
#3016,#3017));
#8009=EDGE_LOOP('',(#3018,#3019,#3020,#3021));
#8010=EDGE_LOOP('',(#3022,#3023,#3024,#3025));
#8011=EDGE_LOOP('',(#3026,#3027,#3028,#3029,#3030));
#8012=EDGE_LOOP('',(#3031,#3032,#3033,#3034,#3035));
#8013=EDGE_LOOP('',(#3036,#3037,#3038,#3039,#3040,#3041,#3042,#3043,#3044,
#3045,#3046));
#8014=EDGE_LOOP('',(#3047,#3048,#3049,#3050,#3051,#3052));
#8015=EDGE_LOOP('',(#3053,#3054,#3055,#3056,#3057,#3058,#3059,#3060));
#8016=EDGE_LOOP('',(#3061,#3062,#3063,#3064,#3065,#3066,#3067,#3068,#3069,
#3070,#3071));
#8017=EDGE_LOOP('',(#3072,#3073,#3074,#3075,#3076));
#8018=EDGE_LOOP('',(#3077,#3078,#3079,#3080));
#8019=EDGE_LOOP('',(#3081,#3082,#3083,#3084,#3085));
#8020=EDGE_LOOP('',(#3086,#3087,#3088,#3089,#3090,#3091,#3092,#3093));
#8021=EDGE_LOOP('',(#3094,#3095,#3096));
#8022=EDGE_LOOP('',(#3097,#3098,#3099,#3100,#3101,#3102));
#8023=EDGE_LOOP('',(#3103,#3104,#3105,#3106));
#8024=EDGE_LOOP('',(#3107,#3108,#3109,#3110));
#8025=EDGE_LOOP('',(#3111,#3112,#3113,#3114,#3115,#3116,#3117,#3118));
#8026=EDGE_LOOP('',(#3119,#3120,#3121));
#8027=EDGE_LOOP('',(#3122));
#8028=EDGE_LOOP('',(#3123));
#8029=EDGE_LOOP('',(#3124));
#8030=EDGE_LOOP('',(#3125));
#8031=EDGE_LOOP('',(#3126));
#8032=EDGE_LOOP('',(#3127));
#8033=EDGE_LOOP('',(#3128));
#8034=EDGE_LOOP('',(#3129));
#8035=EDGE_LOOP('',(#3130));
#8036=EDGE_LOOP('',(#3131));
#8037=EDGE_LOOP('',(#3132));
#8038=EDGE_LOOP('',(#3133));
#8039=EDGE_LOOP('',(#3134));
#8040=EDGE_LOOP('',(#3135));
#8041=EDGE_LOOP('',(#3136));
#8042=EDGE_LOOP('',(#3137));
#8043=EDGE_LOOP('',(#3138));
#8044=EDGE_LOOP('',(#3139));
#8045=EDGE_LOOP('',(#3140));
#8046=EDGE_LOOP('',(#3141));
#8047=EDGE_LOOP('',(#3142));
#8048=EDGE_LOOP('',(#3143));
#8049=EDGE_LOOP('',(#3144));
#8050=EDGE_LOOP('',(#3145));
#8051=EDGE_LOOP('',(#3146));
#8052=EDGE_LOOP('',(#3147));
#8053=EDGE_LOOP('',(#3148));
#8054=EDGE_LOOP('',(#3149));
#8055=EDGE_LOOP('',(#3150));
#8056=EDGE_LOOP('',(#3151));
#8057=EDGE_LOOP('',(#3152));
#8058=EDGE_LOOP('',(#3153));
#8059=EDGE_LOOP('',(#3154));
#8060=EDGE_LOOP('',(#3155));
#8061=EDGE_LOOP('',(#3156));
#8062=EDGE_LOOP('',(#3157));
#8063=EDGE_LOOP('',(#3158));
#8064=EDGE_LOOP('',(#3159));
#8065=EDGE_LOOP('',(#3160));
#8066=EDGE_LOOP('',(#3161));
#8067=EDGE_LOOP('',(#3162));
#8068=EDGE_LOOP('',(#3163));
#8069=EDGE_LOOP('',(#3164));
#8070=EDGE_LOOP('',(#3165));
#8071=EDGE_LOOP('',(#3166));
#8072=EDGE_LOOP('',(#3167));
#8073=EDGE_LOOP('',(#3168));
#8074=EDGE_LOOP('',(#3169));
#8075=EDGE_LOOP('',(#3170));
#8076=EDGE_LOOP('',(#3171));
#8077=EDGE_LOOP('',(#3172));
#8078=EDGE_LOOP('',(#3173));
#8079=EDGE_LOOP('',(#3174));
#8080=EDGE_LOOP('',(#3175));
#8081=EDGE_LOOP('',(#3176));
#8082=EDGE_LOOP('',(#3177));
#8083=EDGE_LOOP('',(#3178));
#8084=EDGE_LOOP('',(#3179));
#8085=EDGE_LOOP('',(#3180));
#8086=EDGE_LOOP('',(#3181));
#8087=EDGE_LOOP('',(#3182));
#8088=EDGE_LOOP('',(#3183));
#8089=EDGE_LOOP('',(#3184));
#8090=FACE_BOUND('',#7253,.T.);
#8091=FACE_BOUND('',#7254,.T.);
#8092=FACE_BOUND('',#7255,.T.);
#8093=FACE_BOUND('',#7256,.T.);
#8094=FACE_BOUND('',#7257,.T.);
#8095=FACE_BOUND('',#7258,.T.);
#8096=FACE_BOUND('',#7259,.T.);
#8097=FACE_BOUND('',#7260,.T.);
#8098=FACE_BOUND('',#7261,.T.);
#8099=FACE_BOUND('',#7262,.T.);
#8100=FACE_BOUND('',#7263,.T.);
#8101=FACE_BOUND('',#7264,.T.);
#8102=FACE_BOUND('',#7265,.T.);
#8103=FACE_BOUND('',#7266,.T.);
#8104=FACE_BOUND('',#7267,.T.);
#8105=FACE_BOUND('',#7268,.T.);
#8106=FACE_BOUND('',#7269,.T.);
#8107=FACE_BOUND('',#7270,.T.);
#8108=FACE_BOUND('',#7271,.T.);
#8109=FACE_BOUND('',#7272,.T.);
#8110=FACE_BOUND('',#7273,.T.);
#8111=FACE_BOUND('',#7274,.T.);
#8112=FACE_BOUND('',#7275,.T.);
#8113=FACE_BOUND('',#7276,.T.);
#8114=FACE_BOUND('',#7277,.T.);
#8115=FACE_BOUND('',#7278,.T.);
#8116=FACE_BOUND('',#7279,.T.);
#8117=FACE_BOUND('',#7280,.T.);
#8118=FACE_BOUND('',#7281,.T.);
#8119=FACE_BOUND('',#7282,.T.);
#8120=FACE_BOUND('',#7283,.T.);
#8121=FACE_BOUND('',#7284,.T.);
#8122=FACE_BOUND('',#7285,.T.);
#8123=FACE_BOUND('',#7286,.T.);
#8124=FACE_BOUND('',#7287,.T.);
#8125=FACE_BOUND('',#7288,.T.);
#8126=FACE_BOUND('',#7289,.T.);
#8127=FACE_BOUND('',#7290,.T.);
#8128=FACE_BOUND('',#7291,.T.);
#8129=FACE_BOUND('',#7292,.T.);
#8130=FACE_BOUND('',#7293,.T.);
#8131=FACE_BOUND('',#7294,.T.);
#8132=FACE_BOUND('',#7295,.T.);
#8133=FACE_BOUND('',#7296,.T.);
#8134=FACE_BOUND('',#7297,.T.);
#8135=FACE_BOUND('',#7298,.T.);
#8136=FACE_BOUND('',#7299,.T.);
#8137=FACE_BOUND('',#7300,.T.);
#8138=FACE_BOUND('',#7301,.T.);
#8139=FACE_BOUND('',#7302,.T.);
#8140=FACE_BOUND('',#7303,.T.);
#8141=FACE_BOUND('',#7304,.T.);
#8142=FACE_BOUND('',#7305,.T.);
#8143=FACE_BOUND('',#7306,.T.);
#8144=FACE_BOUND('',#7307,.T.);
#8145=FACE_BOUND('',#7308,.T.);
#8146=FACE_BOUND('',#7309,.T.);
#8147=FACE_BOUND('',#7310,.T.);
#8148=FACE_BOUND('',#7311,.T.);
#8149=FACE_BOUND('',#7312,.T.);
#8150=FACE_BOUND('',#7313,.T.);
#8151=FACE_BOUND('',#7314,.T.);
#8152=FACE_BOUND('',#7315,.T.);
#8153=FACE_BOUND('',#7316,.T.);
#8154=FACE_BOUND('',#7317,.T.);
#8155=FACE_BOUND('',#7318,.T.);
#8156=FACE_BOUND('',#7319,.T.);
#8157=FACE_BOUND('',#7320,.T.);
#8158=FACE_BOUND('',#7321,.T.);
#8159=FACE_BOUND('',#7322,.T.);
#8160=FACE_BOUND('',#7323,.T.);
#8161=FACE_BOUND('',#7324,.T.);
#8162=FACE_BOUND('',#7325,.T.);
#8163=FACE_BOUND('',#7326,.T.);
#8164=FACE_BOUND('',#7327,.T.);
#8165=FACE_BOUND('',#7328,.T.);
#8166=FACE_BOUND('',#7329,.T.);
#8167=FACE_BOUND('',#7330,.T.);
#8168=FACE_BOUND('',#7331,.T.);
#8169=FACE_BOUND('',#7332,.T.);
#8170=FACE_BOUND('',#7333,.T.);
#8171=FACE_BOUND('',#7334,.T.);
#8172=FACE_BOUND('',#7335,.T.);
#8173=FACE_BOUND('',#7336,.T.);
#8174=FACE_BOUND('',#7337,.T.);
#8175=FACE_BOUND('',#7338,.T.);
#8176=FACE_BOUND('',#7339,.T.);
#8177=FACE_BOUND('',#7340,.T.);
#8178=FACE_BOUND('',#7341,.T.);
#8179=FACE_BOUND('',#7342,.T.);
#8180=FACE_BOUND('',#7343,.T.);
#8181=FACE_BOUND('',#7344,.T.);
#8182=FACE_BOUND('',#7345,.T.);
#8183=FACE_BOUND('',#7346,.T.);
#8184=FACE_BOUND('',#7347,.T.);
#8185=FACE_BOUND('',#7348,.T.);
#8186=FACE_BOUND('',#7349,.T.);
#8187=FACE_BOUND('',#7350,.T.);
#8188=FACE_BOUND('',#7351,.T.);
#8189=FACE_BOUND('',#7352,.T.);
#8190=FACE_BOUND('',#7353,.T.);
#8191=FACE_BOUND('',#7354,.T.);
#8192=FACE_BOUND('',#7355,.T.);
#8193=FACE_BOUND('',#7356,.T.);
#8194=FACE_BOUND('',#7357,.T.);
#8195=FACE_BOUND('',#7358,.T.);
#8196=FACE_BOUND('',#7359,.T.);
#8197=FACE_BOUND('',#7360,.T.);
#8198=FACE_BOUND('',#7361,.T.);
#8199=FACE_BOUND('',#7362,.T.);
#8200=FACE_BOUND('',#7363,.T.);
#8201=FACE_BOUND('',#7364,.T.);
#8202=FACE_BOUND('',#7365,.T.);
#8203=FACE_BOUND('',#7366,.T.);
#8204=FACE_BOUND('',#7367,.T.);
#8205=FACE_BOUND('',#7368,.T.);
#8206=FACE_BOUND('',#7369,.T.);
#8207=FACE_BOUND('',#7370,.T.);
#8208=FACE_BOUND('',#7371,.T.);
#8209=FACE_BOUND('',#7372,.T.);
#8210=FACE_BOUND('',#7373,.T.);
#8211=FACE_BOUND('',#7374,.T.);
#8212=FACE_BOUND('',#7375,.T.);
#8213=FACE_BOUND('',#7376,.T.);
#8214=FACE_BOUND('',#7377,.T.);
#8215=FACE_BOUND('',#7378,.T.);
#8216=FACE_BOUND('',#7379,.T.);
#8217=FACE_BOUND('',#7380,.T.);
#8218=FACE_BOUND('',#7381,.T.);
#8219=FACE_BOUND('',#7382,.T.);
#8220=FACE_BOUND('',#7383,.T.);
#8221=FACE_BOUND('',#7384,.T.);
#8222=FACE_BOUND('',#7385,.T.);
#8223=FACE_BOUND('',#7386,.T.);
#8224=FACE_BOUND('',#7387,.T.);
#8225=FACE_BOUND('',#7388,.T.);
#8226=FACE_BOUND('',#7389,.T.);
#8227=FACE_BOUND('',#7390,.T.);
#8228=FACE_BOUND('',#7391,.T.);
#8229=FACE_BOUND('',#7392,.T.);
#8230=FACE_BOUND('',#7393,.T.);
#8231=FACE_BOUND('',#7394,.T.);
#8232=FACE_BOUND('',#7395,.T.);
#8233=FACE_BOUND('',#7396,.T.);
#8234=FACE_BOUND('',#7397,.T.);
#8235=FACE_BOUND('',#7398,.T.);
#8236=FACE_BOUND('',#7399,.T.);
#8237=FACE_BOUND('',#7400,.T.);
#8238=FACE_BOUND('',#7401,.T.);
#8239=FACE_BOUND('',#7402,.T.);
#8240=FACE_BOUND('',#7403,.T.);
#8241=FACE_BOUND('',#7404,.T.);
#8242=FACE_BOUND('',#7405,.T.);
#8243=FACE_BOUND('',#7406,.T.);
#8244=FACE_BOUND('',#7407,.T.);
#8245=FACE_BOUND('',#7408,.T.);
#8246=FACE_BOUND('',#7409,.T.);
#8247=FACE_BOUND('',#7410,.T.);
#8248=FACE_BOUND('',#7411,.T.);
#8249=FACE_BOUND('',#7412,.T.);
#8250=FACE_BOUND('',#7413,.T.);
#8251=FACE_BOUND('',#7414,.T.);
#8252=FACE_BOUND('',#7415,.T.);
#8253=FACE_BOUND('',#7416,.T.);
#8254=FACE_BOUND('',#7417,.T.);
#8255=FACE_BOUND('',#7418,.T.);
#8256=FACE_BOUND('',#7419,.T.);
#8257=FACE_BOUND('',#7420,.T.);
#8258=FACE_BOUND('',#7421,.T.);
#8259=FACE_BOUND('',#7422,.T.);
#8260=FACE_BOUND('',#7423,.T.);
#8261=FACE_BOUND('',#7424,.T.);
#8262=FACE_BOUND('',#7425,.T.);
#8263=FACE_BOUND('',#7426,.T.);
#8264=FACE_BOUND('',#7427,.T.);
#8265=FACE_BOUND('',#7428,.T.);
#8266=FACE_BOUND('',#7429,.T.);
#8267=FACE_BOUND('',#7430,.T.);
#8268=FACE_BOUND('',#7431,.T.);
#8269=FACE_BOUND('',#7432,.T.);
#8270=FACE_BOUND('',#7433,.T.);
#8271=FACE_BOUND('',#7434,.T.);
#8272=FACE_BOUND('',#7435,.T.);
#8273=FACE_BOUND('',#7436,.T.);
#8274=FACE_BOUND('',#7437,.T.);
#8275=FACE_BOUND('',#7438,.T.);
#8276=FACE_BOUND('',#7439,.T.);
#8277=FACE_BOUND('',#7440,.T.);
#8278=FACE_BOUND('',#7441,.T.);
#8279=FACE_BOUND('',#7442,.T.);
#8280=FACE_BOUND('',#7443,.T.);
#8281=FACE_BOUND('',#7444,.T.);
#8282=FACE_BOUND('',#7445,.T.);
#8283=FACE_BOUND('',#7446,.T.);
#8284=FACE_BOUND('',#7447,.T.);
#8285=FACE_BOUND('',#7448,.T.);
#8286=FACE_BOUND('',#7449,.T.);
#8287=FACE_BOUND('',#7450,.T.);
#8288=FACE_BOUND('',#7451,.T.);
#8289=FACE_BOUND('',#7452,.T.);
#8290=FACE_BOUND('',#7453,.T.);
#8291=FACE_BOUND('',#7454,.T.);
#8292=FACE_BOUND('',#7455,.T.);
#8293=FACE_BOUND('',#7456,.T.);
#8294=FACE_BOUND('',#7457,.T.);
#8295=FACE_BOUND('',#7458,.T.);
#8296=FACE_BOUND('',#7459,.T.);
#8297=FACE_BOUND('',#7460,.T.);
#8298=FACE_BOUND('',#7461,.T.);
#8299=FACE_BOUND('',#7462,.T.);
#8300=FACE_BOUND('',#7463,.T.);
#8301=FACE_BOUND('',#7464,.T.);
#8302=FACE_BOUND('',#7465,.T.);
#8303=FACE_BOUND('',#7466,.T.);
#8304=FACE_BOUND('',#7467,.T.);
#8305=FACE_BOUND('',#7468,.T.);
#8306=FACE_BOUND('',#7469,.T.);
#8307=FACE_BOUND('',#7470,.T.);
#8308=FACE_BOUND('',#7471,.T.);
#8309=FACE_BOUND('',#7472,.T.);
#8310=FACE_BOUND('',#7473,.T.);
#8311=FACE_BOUND('',#7474,.T.);
#8312=FACE_BOUND('',#7475,.T.);
#8313=FACE_BOUND('',#7476,.T.);
#8314=FACE_BOUND('',#7477,.T.);
#8315=FACE_BOUND('',#7478,.T.);
#8316=FACE_BOUND('',#7479,.T.);
#8317=FACE_BOUND('',#7480,.T.);
#8318=FACE_BOUND('',#7481,.T.);
#8319=FACE_BOUND('',#7482,.T.);
#8320=FACE_BOUND('',#7483,.T.);
#8321=FACE_BOUND('',#7484,.T.);
#8322=FACE_BOUND('',#7485,.T.);
#8323=FACE_BOUND('',#7486,.T.);
#8324=FACE_BOUND('',#7487,.T.);
#8325=FACE_BOUND('',#7488,.T.);
#8326=FACE_BOUND('',#7489,.T.);
#8327=FACE_BOUND('',#7490,.T.);
#8328=FACE_BOUND('',#7491,.T.);
#8329=FACE_BOUND('',#7492,.T.);
#8330=FACE_BOUND('',#7493,.T.);
#8331=FACE_BOUND('',#7494,.T.);
#8332=FACE_BOUND('',#7495,.T.);
#8333=FACE_BOUND('',#7496,.T.);
#8334=FACE_BOUND('',#7497,.T.);
#8335=FACE_BOUND('',#7498,.T.);
#8336=FACE_BOUND('',#7499,.T.);
#8337=FACE_BOUND('',#7500,.T.);
#8338=FACE_BOUND('',#7501,.T.);
#8339=FACE_BOUND('',#7502,.T.);
#8340=FACE_BOUND('',#7503,.T.);
#8341=FACE_BOUND('',#7504,.T.);
#8342=FACE_BOUND('',#7505,.T.);
#8343=FACE_BOUND('',#7506,.T.);
#8344=FACE_BOUND('',#7507,.T.);
#8345=FACE_BOUND('',#7508,.T.);
#8346=FACE_BOUND('',#7509,.T.);
#8347=FACE_BOUND('',#7510,.T.);
#8348=FACE_BOUND('',#7511,.T.);
#8349=FACE_BOUND('',#7512,.T.);
#8350=FACE_BOUND('',#7513,.T.);
#8351=FACE_BOUND('',#7514,.T.);
#8352=FACE_BOUND('',#7515,.T.);
#8353=FACE_BOUND('',#7516,.T.);
#8354=FACE_BOUND('',#7517,.T.);
#8355=FACE_BOUND('',#7518,.T.);
#8356=FACE_BOUND('',#7519,.T.);
#8357=FACE_BOUND('',#7520,.T.);
#8358=FACE_BOUND('',#7521,.T.);
#8359=FACE_BOUND('',#7522,.T.);
#8360=FACE_BOUND('',#7523,.T.);
#8361=FACE_BOUND('',#7524,.T.);
#8362=FACE_BOUND('',#7525,.T.);
#8363=FACE_BOUND('',#7526,.T.);
#8364=FACE_BOUND('',#7527,.T.);
#8365=FACE_BOUND('',#7528,.T.);
#8366=FACE_BOUND('',#7529,.T.);
#8367=FACE_BOUND('',#7530,.T.);
#8368=FACE_BOUND('',#7531,.T.);
#8369=FACE_BOUND('',#7532,.T.);
#8370=FACE_BOUND('',#7533,.T.);
#8371=FACE_BOUND('',#7534,.T.);
#8372=FACE_BOUND('',#7535,.T.);
#8373=FACE_BOUND('',#7536,.T.);
#8374=FACE_BOUND('',#7537,.T.);
#8375=FACE_BOUND('',#7538,.T.);
#8376=FACE_BOUND('',#7539,.T.);
#8377=FACE_BOUND('',#7540,.T.);
#8378=FACE_BOUND('',#7541,.T.);
#8379=FACE_BOUND('',#7542,.T.);
#8380=FACE_BOUND('',#7543,.T.);
#8381=FACE_BOUND('',#7544,.T.);
#8382=FACE_BOUND('',#7545,.T.);
#8383=FACE_BOUND('',#7546,.T.);
#8384=FACE_BOUND('',#7547,.T.);
#8385=FACE_BOUND('',#7548,.T.);
#8386=FACE_BOUND('',#7549,.T.);
#8387=FACE_BOUND('',#7550,.T.);
#8388=FACE_BOUND('',#7551,.T.);
#8389=FACE_BOUND('',#7552,.T.);
#8390=FACE_BOUND('',#7553,.T.);
#8391=FACE_BOUND('',#7554,.T.);
#8392=FACE_BOUND('',#7555,.T.);
#8393=FACE_BOUND('',#7556,.T.);
#8394=FACE_BOUND('',#7557,.T.);
#8395=FACE_BOUND('',#7558,.T.);
#8396=FACE_BOUND('',#7559,.T.);
#8397=FACE_BOUND('',#7560,.T.);
#8398=FACE_BOUND('',#7561,.T.);
#8399=FACE_BOUND('',#7562,.T.);
#8400=FACE_BOUND('',#7563,.T.);
#8401=FACE_BOUND('',#7564,.T.);
#8402=FACE_BOUND('',#7565,.T.);
#8403=FACE_BOUND('',#7566,.T.);
#8404=FACE_BOUND('',#7567,.T.);
#8405=FACE_BOUND('',#7568,.T.);
#8406=FACE_BOUND('',#7569,.T.);
#8407=FACE_BOUND('',#7570,.T.);
#8408=FACE_BOUND('',#7571,.T.);
#8409=FACE_BOUND('',#7572,.T.);
#8410=FACE_BOUND('',#7573,.T.);
#8411=FACE_BOUND('',#7574,.T.);
#8412=FACE_BOUND('',#7575,.T.);
#8413=FACE_BOUND('',#7576,.T.);
#8414=FACE_BOUND('',#7577,.T.);
#8415=FACE_BOUND('',#7578,.T.);
#8416=FACE_BOUND('',#7579,.T.);
#8417=FACE_BOUND('',#7580,.T.);
#8418=FACE_BOUND('',#7581,.T.);
#8419=FACE_BOUND('',#7582,.T.);
#8420=FACE_BOUND('',#7583,.T.);
#8421=FACE_BOUND('',#7584,.T.);
#8422=FACE_BOUND('',#7585,.T.);
#8423=FACE_BOUND('',#7586,.T.);
#8424=FACE_BOUND('',#7587,.T.);
#8425=FACE_BOUND('',#7588,.T.);
#8426=FACE_BOUND('',#7589,.T.);
#8427=FACE_BOUND('',#7590,.T.);
#8428=FACE_BOUND('',#7591,.T.);
#8429=FACE_BOUND('',#7592,.T.);
#8430=FACE_BOUND('',#7593,.T.);
#8431=FACE_BOUND('',#7594,.T.);
#8432=FACE_BOUND('',#7595,.T.);
#8433=FACE_BOUND('',#7596,.T.);
#8434=FACE_BOUND('',#7597,.T.);
#8435=FACE_BOUND('',#7598,.T.);
#8436=FACE_BOUND('',#7599,.T.);
#8437=FACE_BOUND('',#7600,.T.);
#8438=FACE_BOUND('',#7601,.T.);
#8439=FACE_BOUND('',#7602,.T.);
#8440=FACE_BOUND('',#7603,.T.);
#8441=FACE_BOUND('',#7604,.T.);
#8442=FACE_BOUND('',#7605,.T.);
#8443=FACE_BOUND('',#7606,.T.);
#8444=FACE_BOUND('',#7607,.T.);
#8445=FACE_BOUND('',#7608,.T.);
#8446=FACE_BOUND('',#7609,.T.);
#8447=FACE_BOUND('',#7610,.T.);
#8448=FACE_BOUND('',#7611,.T.);
#8449=FACE_BOUND('',#7612,.T.);
#8450=FACE_BOUND('',#7613,.T.);
#8451=FACE_BOUND('',#7614,.T.);
#8452=FACE_BOUND('',#7615,.T.);
#8453=FACE_BOUND('',#7616,.T.);
#8454=FACE_BOUND('',#7617,.T.);
#8455=FACE_BOUND('',#7618,.T.);
#8456=FACE_BOUND('',#7619,.T.);
#8457=FACE_BOUND('',#7620,.T.);
#8458=FACE_BOUND('',#7621,.T.);
#8459=FACE_BOUND('',#7622,.T.);
#8460=FACE_BOUND('',#7623,.T.);
#8461=FACE_BOUND('',#7624,.T.);
#8462=FACE_BOUND('',#7625,.T.);
#8463=FACE_BOUND('',#7626,.T.);
#8464=FACE_BOUND('',#7627,.T.);
#8465=FACE_BOUND('',#7628,.T.);
#8466=FACE_BOUND('',#7629,.T.);
#8467=FACE_BOUND('',#7630,.T.);
#8468=FACE_BOUND('',#7631,.T.);
#8469=FACE_BOUND('',#7632,.T.);
#8470=FACE_BOUND('',#7633,.T.);
#8471=FACE_BOUND('',#7634,.T.);
#8472=FACE_BOUND('',#7635,.T.);
#8473=FACE_BOUND('',#7636,.T.);
#8474=FACE_BOUND('',#7637,.T.);
#8475=FACE_BOUND('',#7638,.T.);
#8476=FACE_BOUND('',#7639,.T.);
#8477=FACE_BOUND('',#7640,.T.);
#8478=FACE_BOUND('',#7641,.T.);
#8479=FACE_BOUND('',#7642,.T.);
#8480=FACE_BOUND('',#7643,.T.);
#8481=FACE_BOUND('',#7644,.T.);
#8482=FACE_BOUND('',#7645,.T.);
#8483=FACE_BOUND('',#7646,.T.);
#8484=FACE_BOUND('',#7647,.T.);
#8485=FACE_BOUND('',#7648,.T.);
#8486=FACE_BOUND('',#7649,.T.);
#8487=FACE_BOUND('',#7650,.T.);
#8488=FACE_BOUND('',#7651,.T.);
#8489=FACE_BOUND('',#7652,.T.);
#8490=FACE_BOUND('',#7653,.T.);
#8491=FACE_BOUND('',#7654,.T.);
#8492=FACE_BOUND('',#7655,.T.);
#8493=FACE_BOUND('',#7656,.T.);
#8494=FACE_BOUND('',#7657,.T.);
#8495=FACE_BOUND('',#7658,.T.);
#8496=FACE_BOUND('',#7659,.T.);
#8497=FACE_BOUND('',#7660,.T.);
#8498=FACE_BOUND('',#7661,.T.);
#8499=FACE_BOUND('',#7662,.T.);
#8500=FACE_BOUND('',#7663,.T.);
#8501=FACE_BOUND('',#7664,.T.);
#8502=FACE_BOUND('',#7665,.T.);
#8503=FACE_BOUND('',#7666,.T.);
#8504=FACE_BOUND('',#7667,.T.);
#8505=FACE_BOUND('',#7668,.T.);
#8506=FACE_BOUND('',#7669,.T.);
#8507=FACE_BOUND('',#7670,.T.);
#8508=FACE_BOUND('',#7671,.T.);
#8509=FACE_BOUND('',#7672,.T.);
#8510=FACE_BOUND('',#7673,.T.);
#8511=FACE_BOUND('',#7674,.T.);
#8512=FACE_BOUND('',#7675,.T.);
#8513=FACE_BOUND('',#7676,.T.);
#8514=FACE_BOUND('',#7677,.T.);
#8515=FACE_BOUND('',#7678,.T.);
#8516=FACE_BOUND('',#7679,.T.);
#8517=FACE_BOUND('',#7680,.T.);
#8518=FACE_BOUND('',#7681,.T.);
#8519=FACE_BOUND('',#7682,.T.);
#8520=FACE_BOUND('',#7683,.T.);
#8521=FACE_BOUND('',#7684,.T.);
#8522=FACE_BOUND('',#7685,.T.);
#8523=FACE_BOUND('',#7686,.T.);
#8524=FACE_BOUND('',#7687,.T.);
#8525=FACE_BOUND('',#7688,.T.);
#8526=FACE_BOUND('',#7689,.T.);
#8527=FACE_BOUND('',#7690,.T.);
#8528=FACE_BOUND('',#7691,.T.);
#8529=FACE_BOUND('',#7692,.T.);
#8530=FACE_BOUND('',#7693,.T.);
#8531=FACE_BOUND('',#7694,.T.);
#8532=FACE_BOUND('',#7695,.T.);
#8533=FACE_BOUND('',#7696,.T.);
#8534=FACE_BOUND('',#7697,.T.);
#8535=FACE_BOUND('',#7698,.T.);
#8536=FACE_BOUND('',#7699,.T.);
#8537=FACE_BOUND('',#7700,.T.);
#8538=FACE_BOUND('',#7701,.T.);
#8539=FACE_BOUND('',#7702,.T.);
#8540=FACE_BOUND('',#7703,.T.);
#8541=FACE_BOUND('',#7704,.T.);
#8542=FACE_BOUND('',#7705,.T.);
#8543=FACE_BOUND('',#7706,.T.);
#8544=FACE_BOUND('',#7707,.T.);
#8545=FACE_BOUND('',#7708,.T.);
#8546=FACE_BOUND('',#7709,.T.);
#8547=FACE_BOUND('',#7710,.T.);
#8548=FACE_BOUND('',#7711,.T.);
#8549=FACE_BOUND('',#7712,.T.);
#8550=FACE_BOUND('',#7713,.T.);
#8551=FACE_BOUND('',#7714,.T.);
#8552=FACE_BOUND('',#7715,.T.);
#8553=FACE_BOUND('',#7716,.T.);
#8554=FACE_BOUND('',#7717,.T.);
#8555=FACE_BOUND('',#7718,.T.);
#8556=FACE_BOUND('',#7719,.T.);
#8557=FACE_BOUND('',#7720,.T.);
#8558=FACE_BOUND('',#7721,.T.);
#8559=FACE_BOUND('',#7722,.T.);
#8560=FACE_BOUND('',#7723,.T.);
#8561=FACE_BOUND('',#7724,.T.);
#8562=FACE_BOUND('',#7725,.T.);
#8563=FACE_BOUND('',#7726,.T.);
#8564=FACE_BOUND('',#7727,.T.);
#8565=FACE_BOUND('',#7728,.T.);
#8566=FACE_BOUND('',#7729,.T.);
#8567=FACE_BOUND('',#7730,.T.);
#8568=FACE_BOUND('',#7731,.T.);
#8569=FACE_BOUND('',#7732,.T.);
#8570=FACE_BOUND('',#7733,.T.);
#8571=FACE_BOUND('',#7734,.T.);
#8572=FACE_BOUND('',#7735,.T.);
#8573=FACE_BOUND('',#7736,.T.);
#8574=FACE_BOUND('',#7737,.T.);
#8575=FACE_BOUND('',#7738,.T.);
#8576=FACE_BOUND('',#7739,.T.);
#8577=FACE_BOUND('',#7740,.T.);
#8578=FACE_BOUND('',#7741,.T.);
#8579=FACE_BOUND('',#7742,.T.);
#8580=FACE_BOUND('',#7743,.T.);
#8581=FACE_BOUND('',#7744,.T.);
#8582=FACE_BOUND('',#7745,.T.);
#8583=FACE_BOUND('',#7746,.T.);
#8584=FACE_BOUND('',#7747,.T.);
#8585=FACE_BOUND('',#7748,.T.);
#8586=FACE_BOUND('',#7749,.T.);
#8587=FACE_BOUND('',#7750,.T.);
#8588=FACE_BOUND('',#7751,.T.);
#8589=FACE_BOUND('',#7752,.T.);
#8590=FACE_BOUND('',#7753,.T.);
#8591=FACE_BOUND('',#7754,.T.);
#8592=FACE_BOUND('',#7755,.T.);
#8593=FACE_BOUND('',#7756,.T.);
#8594=FACE_BOUND('',#7757,.T.);
#8595=FACE_BOUND('',#7758,.T.);
#8596=FACE_BOUND('',#7759,.T.);
#8597=FACE_BOUND('',#7760,.T.);
#8598=FACE_BOUND('',#7761,.T.);
#8599=FACE_BOUND('',#7762,.T.);
#8600=FACE_BOUND('',#7763,.T.);
#8601=FACE_BOUND('',#7764,.T.);
#8602=FACE_BOUND('',#7765,.T.);
#8603=FACE_BOUND('',#7766,.T.);
#8604=FACE_BOUND('',#7767,.T.);
#8605=FACE_BOUND('',#7768,.T.);
#8606=FACE_BOUND('',#7769,.T.);
#8607=FACE_BOUND('',#7770,.T.);
#8608=FACE_BOUND('',#7771,.T.);
#8609=FACE_BOUND('',#7772,.T.);
#8610=FACE_BOUND('',#7773,.T.);
#8611=FACE_BOUND('',#7774,.T.);
#8612=FACE_BOUND('',#7775,.T.);
#8613=FACE_BOUND('',#7776,.T.);
#8614=FACE_BOUND('',#7777,.T.);
#8615=FACE_BOUND('',#7778,.T.);
#8616=FACE_BOUND('',#7779,.T.);
#8617=FACE_BOUND('',#7780,.T.);
#8618=FACE_BOUND('',#7781,.T.);
#8619=FACE_BOUND('',#7782,.T.);
#8620=FACE_BOUND('',#7783,.T.);
#8621=FACE_BOUND('',#7784,.T.);
#8622=FACE_BOUND('',#7785,.T.);
#8623=FACE_BOUND('',#7786,.T.);
#8624=FACE_BOUND('',#7787,.T.);
#8625=FACE_BOUND('',#7788,.T.);
#8626=FACE_BOUND('',#7789,.T.);
#8627=FACE_BOUND('',#7790,.T.);
#8628=FACE_BOUND('',#7791,.T.);
#8629=FACE_BOUND('',#7792,.T.);
#8630=FACE_BOUND('',#7793,.T.);
#8631=FACE_BOUND('',#7794,.T.);
#8632=FACE_BOUND('',#7795,.T.);
#8633=FACE_BOUND('',#7796,.T.);
#8634=FACE_BOUND('',#7797,.T.);
#8635=FACE_BOUND('',#7798,.T.);
#8636=FACE_BOUND('',#7799,.T.);
#8637=FACE_BOUND('',#7800,.T.);
#8638=FACE_BOUND('',#7801,.T.);
#8639=FACE_BOUND('',#7802,.T.);
#8640=FACE_BOUND('',#7803,.T.);
#8641=FACE_BOUND('',#7804,.T.);
#8642=FACE_BOUND('',#7805,.T.);
#8643=FACE_BOUND('',#7806,.T.);
#8644=FACE_BOUND('',#7807,.T.);
#8645=FACE_BOUND('',#7808,.T.);
#8646=FACE_BOUND('',#7809,.T.);
#8647=FACE_BOUND('',#7810,.T.);
#8648=FACE_BOUND('',#7811,.T.);
#8649=FACE_BOUND('',#7812,.T.);
#8650=FACE_BOUND('',#7813,.T.);
#8651=FACE_BOUND('',#7814,.T.);
#8652=FACE_BOUND('',#7815,.T.);
#8653=FACE_BOUND('',#7816,.T.);
#8654=FACE_BOUND('',#7817,.T.);
#8655=FACE_BOUND('',#7818,.T.);
#8656=FACE_BOUND('',#7819,.T.);
#8657=FACE_BOUND('',#7820,.T.);
#8658=FACE_BOUND('',#7821,.T.);
#8659=FACE_BOUND('',#7822,.T.);
#8660=FACE_BOUND('',#7823,.T.);
#8661=FACE_BOUND('',#7824,.T.);
#8662=FACE_BOUND('',#7825,.T.);
#8663=FACE_BOUND('',#7826,.T.);
#8664=FACE_BOUND('',#7827,.T.);
#8665=FACE_BOUND('',#7828,.T.);
#8666=FACE_BOUND('',#7829,.T.);
#8667=FACE_BOUND('',#7830,.T.);
#8668=FACE_BOUND('',#7831,.T.);
#8669=FACE_BOUND('',#7832,.T.);
#8670=FACE_BOUND('',#7833,.T.);
#8671=FACE_BOUND('',#7834,.T.);
#8672=FACE_BOUND('',#7835,.T.);
#8673=FACE_BOUND('',#7836,.T.);
#8674=FACE_BOUND('',#7837,.T.);
#8675=FACE_BOUND('',#7838,.T.);
#8676=FACE_BOUND('',#7839,.T.);
#8677=FACE_BOUND('',#7840,.T.);
#8678=FACE_BOUND('',#7841,.T.);
#8679=FACE_BOUND('',#7842,.T.);
#8680=FACE_BOUND('',#7843,.T.);
#8681=FACE_BOUND('',#7844,.T.);
#8682=FACE_BOUND('',#7845,.T.);
#8683=FACE_BOUND('',#7846,.T.);
#8684=FACE_BOUND('',#7847,.T.);
#8685=FACE_BOUND('',#7848,.T.);
#8686=FACE_BOUND('',#7849,.T.);
#8687=FACE_BOUND('',#7850,.T.);
#8688=FACE_BOUND('',#7851,.T.);
#8689=FACE_BOUND('',#7852,.T.);
#8690=FACE_BOUND('',#7853,.T.);
#8691=FACE_BOUND('',#7854,.T.);
#8692=FACE_BOUND('',#7855,.T.);
#8693=FACE_BOUND('',#7856,.T.);
#8694=FACE_BOUND('',#7857,.T.);
#8695=FACE_BOUND('',#7858,.T.);
#8696=FACE_BOUND('',#7859,.T.);
#8697=FACE_BOUND('',#7860,.T.);
#8698=FACE_BOUND('',#7861,.T.);
#8699=FACE_BOUND('',#7862,.T.);
#8700=FACE_BOUND('',#7863,.T.);
#8701=FACE_BOUND('',#7864,.T.);
#8702=FACE_BOUND('',#7865,.T.);
#8703=FACE_BOUND('',#7866,.T.);
#8704=FACE_BOUND('',#7867,.T.);
#8705=FACE_BOUND('',#7868,.T.);
#8706=FACE_BOUND('',#7869,.T.);
#8707=FACE_BOUND('',#7870,.T.);
#8708=FACE_BOUND('',#7871,.T.);
#8709=FACE_BOUND('',#7872,.T.);
#8710=FACE_BOUND('',#7873,.T.);
#8711=FACE_BOUND('',#7874,.T.);
#8712=FACE_BOUND('',#7875,.T.);
#8713=FACE_BOUND('',#7876,.T.);
#8714=FACE_BOUND('',#7877,.T.);
#8715=FACE_BOUND('',#7878,.T.);
#8716=FACE_BOUND('',#7879,.T.);
#8717=FACE_BOUND('',#7880,.T.);
#8718=FACE_BOUND('',#7881,.T.);
#8719=FACE_BOUND('',#7882,.T.);
#8720=FACE_BOUND('',#7883,.T.);
#8721=FACE_BOUND('',#7884,.T.);
#8722=FACE_BOUND('',#7885,.T.);
#8723=FACE_BOUND('',#7886,.T.);
#8724=FACE_BOUND('',#7887,.T.);
#8725=FACE_BOUND('',#7888,.T.);
#8726=FACE_BOUND('',#7889,.T.);
#8727=FACE_BOUND('',#7890,.T.);
#8728=FACE_BOUND('',#7891,.T.);
#8729=FACE_BOUND('',#7892,.T.);
#8730=FACE_BOUND('',#7893,.T.);
#8731=FACE_BOUND('',#7894,.T.);
#8732=FACE_BOUND('',#7895,.T.);
#8733=FACE_BOUND('',#7896,.T.);
#8734=FACE_BOUND('',#7897,.T.);
#8735=FACE_BOUND('',#7898,.T.);
#8736=FACE_BOUND('',#7899,.T.);
#8737=FACE_BOUND('',#7900,.T.);
#8738=FACE_BOUND('',#7901,.T.);
#8739=FACE_BOUND('',#7902,.T.);
#8740=FACE_BOUND('',#7903,.T.);
#8741=FACE_BOUND('',#7904,.T.);
#8742=FACE_BOUND('',#7905,.T.);
#8743=FACE_BOUND('',#7906,.T.);
#8744=FACE_BOUND('',#7907,.T.);
#8745=FACE_BOUND('',#7908,.T.);
#8746=FACE_BOUND('',#7909,.T.);
#8747=FACE_BOUND('',#7910,.T.);
#8748=FACE_BOUND('',#7911,.T.);
#8749=FACE_BOUND('',#7912,.T.);
#8750=FACE_BOUND('',#7913,.T.);
#8751=FACE_BOUND('',#7914,.T.);
#8752=FACE_BOUND('',#7915,.T.);
#8753=FACE_BOUND('',#7916,.T.);
#8754=FACE_BOUND('',#7917,.T.);
#8755=FACE_BOUND('',#7918,.T.);
#8756=FACE_BOUND('',#7919,.T.);
#8757=FACE_BOUND('',#7920,.T.);
#8758=FACE_BOUND('',#7921,.T.);
#8759=FACE_BOUND('',#7922,.T.);
#8760=FACE_BOUND('',#7923,.T.);
#8761=FACE_BOUND('',#7924,.T.);
#8762=FACE_BOUND('',#7925,.T.);
#8763=FACE_BOUND('',#7926,.T.);
#8764=FACE_BOUND('',#7927,.T.);
#8765=FACE_BOUND('',#7928,.T.);
#8766=FACE_BOUND('',#7929,.T.);
#8767=FACE_BOUND('',#7930,.T.);
#8768=FACE_BOUND('',#7931,.T.);
#8769=FACE_BOUND('',#7932,.T.);
#8770=FACE_BOUND('',#7933,.T.);
#8771=FACE_BOUND('',#7934,.T.);
#8772=FACE_BOUND('',#7935,.T.);
#8773=FACE_BOUND('',#7936,.T.);
#8774=FACE_BOUND('',#7937,.T.);
#8775=FACE_BOUND('',#7938,.T.);
#8776=FACE_BOUND('',#7939,.T.);
#8777=FACE_BOUND('',#7940,.T.);
#8778=FACE_BOUND('',#7941,.T.);
#8779=FACE_BOUND('',#7942,.T.);
#8780=FACE_BOUND('',#7943,.T.);
#8781=FACE_BOUND('',#7944,.T.);
#8782=FACE_BOUND('',#7945,.T.);
#8783=FACE_BOUND('',#7946,.T.);
#8784=FACE_BOUND('',#7947,.T.);
#8785=FACE_BOUND('',#7948,.T.);
#8786=FACE_BOUND('',#7949,.T.);
#8787=FACE_BOUND('',#7950,.T.);
#8788=FACE_BOUND('',#7951,.T.);
#8789=FACE_BOUND('',#7952,.T.);
#8790=FACE_BOUND('',#7953,.T.);
#8791=FACE_BOUND('',#7954,.T.);
#8792=FACE_BOUND('',#7955,.T.);
#8793=FACE_BOUND('',#7956,.T.);
#8794=FACE_BOUND('',#7957,.T.);
#8795=FACE_BOUND('',#7958,.T.);
#8796=FACE_BOUND('',#7959,.T.);
#8797=FACE_BOUND('',#7960,.T.);
#8798=FACE_BOUND('',#7961,.T.);
#8799=FACE_BOUND('',#7962,.T.);
#8800=FACE_BOUND('',#7963,.T.);
#8801=FACE_BOUND('',#7964,.T.);
#8802=FACE_BOUND('',#7965,.T.);
#8803=FACE_BOUND('',#7966,.T.);
#8804=FACE_BOUND('',#7967,.T.);
#8805=FACE_BOUND('',#7968,.T.);
#8806=FACE_BOUND('',#7969,.T.);
#8807=FACE_BOUND('',#7970,.T.);
#8808=FACE_BOUND('',#7971,.T.);
#8809=FACE_BOUND('',#7972,.T.);
#8810=FACE_BOUND('',#7973,.T.);
#8811=FACE_BOUND('',#7974,.T.);
#8812=FACE_BOUND('',#7975,.T.);
#8813=FACE_BOUND('',#7976,.T.);
#8814=FACE_BOUND('',#7977,.T.);
#8815=FACE_BOUND('',#7978,.T.);
#8816=FACE_BOUND('',#7979,.T.);
#8817=FACE_BOUND('',#7980,.T.);
#8818=FACE_BOUND('',#7981,.T.);
#8819=FACE_BOUND('',#7982,.T.);
#8820=FACE_BOUND('',#7983,.T.);
#8821=FACE_BOUND('',#7984,.T.);
#8822=FACE_BOUND('',#7985,.T.);
#8823=FACE_BOUND('',#7986,.T.);
#8824=FACE_BOUND('',#7987,.T.);
#8825=FACE_BOUND('',#7988,.T.);
#8826=FACE_BOUND('',#7989,.T.);
#8827=FACE_BOUND('',#7990,.T.);
#8828=FACE_BOUND('',#7991,.T.);
#8829=FACE_BOUND('',#7992,.T.);
#8830=FACE_BOUND('',#7993,.T.);
#8831=FACE_BOUND('',#7994,.T.);
#8832=FACE_BOUND('',#7995,.T.);
#8833=FACE_BOUND('',#7996,.T.);
#8834=FACE_BOUND('',#7997,.T.);
#8835=FACE_BOUND('',#7998,.T.);
#8836=FACE_BOUND('',#7999,.T.);
#8837=FACE_BOUND('',#8000,.T.);
#8838=FACE_BOUND('',#8001,.T.);
#8839=FACE_BOUND('',#8002,.T.);
#8840=FACE_BOUND('',#8003,.T.);
#8841=FACE_BOUND('',#8004,.T.);
#8842=FACE_BOUND('',#8005,.T.);
#8843=FACE_BOUND('',#8006,.T.);
#8844=FACE_BOUND('',#8007,.T.);
#8845=FACE_BOUND('',#8008,.T.);
#8846=FACE_BOUND('',#8009,.T.);
#8847=FACE_BOUND('',#8010,.T.);
#8848=FACE_BOUND('',#8011,.T.);
#8849=FACE_BOUND('',#8012,.T.);
#8850=FACE_BOUND('',#8013,.T.);
#8851=FACE_BOUND('',#8014,.T.);
#8852=FACE_BOUND('',#8015,.T.);
#8853=FACE_BOUND('',#8016,.T.);
#8854=FACE_BOUND('',#8017,.T.);
#8855=FACE_BOUND('',#8018,.T.);
#8856=FACE_BOUND('',#8019,.T.);
#8857=FACE_BOUND('',#8020,.T.);
#8858=FACE_BOUND('',#8021,.T.);
#8859=FACE_BOUND('',#8022,.T.);
#8860=FACE_BOUND('',#8023,.T.);
#8861=FACE_BOUND('',#8024,.T.);
#8862=FACE_BOUND('',#8025,.T.);
#8863=FACE_BOUND('',#8026,.T.);
#8864=FACE_BOUND('',#8027,.T.);
#8865=FACE_BOUND('',#8028,.T.);
#8866=FACE_BOUND('',#8029,.T.);
#8867=FACE_BOUND('',#10,.T.);
#8868=FACE_BOUND('',#8030,.T.);
#8869=FACE_BOUND('',#8031,.T.);
#8870=FACE_BOUND('',#8032,.T.);
#8871=FACE_BOUND('',#11,.T.);
#8872=FACE_BOUND('',#8033,.T.);
#8873=FACE_BOUND('',#8034,.T.);
#8874=FACE_BOUND('',#12,.T.);
#8875=FACE_BOUND('',#8035,.T.);
#8876=FACE_BOUND('',#8036,.T.);
#8877=FACE_BOUND('',#8037,.T.);
#8878=FACE_BOUND('',#8038,.T.);
#8879=FACE_BOUND('',#13,.T.);
#8880=FACE_BOUND('',#8039,.T.);
#8881=FACE_BOUND('',#8040,.T.);
#8882=FACE_BOUND('',#8041,.T.);
#8883=FACE_BOUND('',#14,.T.);
#8884=FACE_BOUND('',#8042,.T.);
#8885=FACE_BOUND('',#8043,.T.);
#8886=FACE_BOUND('',#8044,.T.);
#8887=FACE_BOUND('',#8045,.T.);
#8888=FACE_BOUND('',#8046,.T.);
#8889=FACE_BOUND('',#8047,.T.);
#8890=FACE_BOUND('',#8048,.T.);
#8891=FACE_BOUND('',#8049,.T.);
#8892=FACE_BOUND('',#8050,.T.);
#8893=FACE_BOUND('',#8051,.T.);
#8894=FACE_BOUND('',#8052,.T.);
#8895=FACE_BOUND('',#8053,.T.);
#8896=FACE_BOUND('',#8054,.T.);
#8897=FACE_BOUND('',#8055,.T.);
#8898=FACE_BOUND('',#8056,.T.);
#8899=FACE_BOUND('',#8057,.T.);
#8900=FACE_BOUND('',#8058,.T.);
#8901=FACE_BOUND('',#8059,.T.);
#8902=FACE_BOUND('',#8060,.T.);
#8903=FACE_BOUND('',#8061,.T.);
#8904=FACE_BOUND('',#8062,.T.);
#8905=FACE_BOUND('',#8063,.T.);
#8906=FACE_BOUND('',#8064,.T.);
#8907=FACE_BOUND('',#8065,.T.);
#8908=FACE_BOUND('',#8066,.T.);
#8909=FACE_BOUND('',#8067,.T.);
#8910=FACE_BOUND('',#8068,.T.);
#8911=FACE_BOUND('',#8069,.T.);
#8912=FACE_BOUND('',#8070,.T.);
#8913=FACE_BOUND('',#8071,.T.);
#8914=FACE_BOUND('',#8072,.T.);
#8915=FACE_BOUND('',#8073,.T.);
#8916=FACE_BOUND('',#8074,.T.);
#8917=FACE_BOUND('',#8075,.T.);
#8918=FACE_BOUND('',#8076,.T.);
#8919=FACE_BOUND('',#8077,.T.);
#8920=FACE_BOUND('',#15,.T.);
#8921=FACE_BOUND('',#8078,.T.);
#8922=FACE_BOUND('',#8079,.T.);
#8923=FACE_BOUND('',#8080,.T.);
#8924=FACE_BOUND('',#16,.T.);
#8925=FACE_BOUND('',#8081,.T.);
#8926=FACE_BOUND('',#8082,.T.);
#8927=FACE_BOUND('',#8083,.T.);
#8928=FACE_BOUND('',#17,.T.);
#8929=FACE_BOUND('',#8084,.T.);
#8930=FACE_BOUND('',#8085,.T.);
#8931=FACE_BOUND('',#8086,.T.);
#8932=FACE_BOUND('',#18,.T.);
#8933=FACE_BOUND('',#8087,.T.);
#8934=FACE_BOUND('',#8088,.T.);
#8935=FACE_BOUND('',#8089,.T.);
#8936=PLANE('',#10133);
#8937=PLANE('',#10140);
#8938=PLANE('',#10148);
#8939=PLANE('',#10150);
#8940=PLANE('',#10152);
#8941=PLANE('',#10154);
#8942=PLANE('',#10156);
#8943=PLANE('',#10158);
#8944=PLANE('',#10160);
#8945=PLANE('',#10163);
#8946=PLANE('',#10166);
#8947=PLANE('',#10172);
#8948=PLANE('',#10174);
#8949=PLANE('',#10176);
#8950=PLANE('',#10178);
#8951=PLANE('',#10198);
#8952=PLANE('',#10211);
#8953=PLANE('',#10213);
#8954=PLANE('',#10216);
#8955=PLANE('',#10219);
#8956=PLANE('',#10220);
#8957=PLANE('',#10221);
#8958=PLANE('',#10226);
#8959=PLANE('',#10227);
#8960=PLANE('',#10228);
#8961=PLANE('',#10229);
#8962=PLANE('',#10231);
#8963=PLANE('',#10232);
#8964=PLANE('',#10233);
#8965=PLANE('',#10234);
#8966=PLANE('',#10235);
#8967=PLANE('',#10251);
#8968=PLANE('',#10256);
#8969=PLANE('',#10261);
#8970=PLANE('',#10266);
#8971=PLANE('',#10271);
#8972=PLANE('',#10276);
#8973=PLANE('',#10281);
#8974=PLANE('',#10286);
#8975=PLANE('',#10289);
#8976=PLANE('',#10292);
#8977=PLANE('',#10293);
#8978=PLANE('',#10294);
#8979=PLANE('',#10295);
#8980=PLANE('',#10297);
#8981=PLANE('',#10298);
#8982=PLANE('',#10300);
#8983=PLANE('',#10301);
#8984=PLANE('',#10303);
#8985=PLANE('',#10304);
#8986=PLANE('',#10305);
#8987=PLANE('',#10306);
#8988=PLANE('',#10307);
#8989=PLANE('',#10308);
#8990=PLANE('',#10309);
#8991=PLANE('',#10310);
#8992=PLANE('',#10311);
#8993=PLANE('',#10312);
#8994=PLANE('',#10313);
#8995=PLANE('',#10314);
#8996=PLANE('',#10315);
#8997=PLANE('',#10316);
#8998=PLANE('',#10317);
#8999=PLANE('',#10323);
#9000=PLANE('',#10326);
#9001=PLANE('',#10327);
#9002=PLANE('',#10328);
#9003=PLANE('',#10329);
#9004=PLANE('',#10330);
#9005=PLANE('',#10331);
#9006=PLANE('',#10332);
#9007=PLANE('',#10333);
#9008=PLANE('',#10334);
#9009=PLANE('',#10335);
#9010=PLANE('',#10336);
#9011=PLANE('',#10337);
#9012=PLANE('',#10338);
#9013=PLANE('',#10339);
#9014=PLANE('',#10340);
#9015=PLANE('',#10341);
#9016=PLANE('',#10342);
#9017=PLANE('',#10346);
#9018=PLANE('',#10349);
#9019=PLANE('',#10350);
#9020=PLANE('',#10351);
#9021=PLANE('',#10352);
#9022=PLANE('',#10353);
#9023=PLANE('',#10354);
#9024=PLANE('',#10355);
#9025=PLANE('',#10356);
#9026=PLANE('',#10357);
#9027=PLANE('',#10358);
#9028=PLANE('',#10359);
#9029=PLANE('',#10360);
#9030=PLANE('',#10361);
#9031=PLANE('',#10362);
#9032=PLANE('',#10363);
#9033=PLANE('',#10364);
#9034=PLANE('',#10365);
#9035=PLANE('',#10366);
#9036=PLANE('',#10369);
#9037=PLANE('',#10371);
#9038=PLANE('',#10381);
#9039=PLANE('',#10384);
#9040=PLANE('',#10385);
#9041=PLANE('',#10386);
#9042=PLANE('',#10387);
#9043=PLANE('',#10388);
#9044=PLANE('',#10389);
#9045=PLANE('',#10390);
#9046=PLANE('',#10391);
#9047=PLANE('',#10394);
#9048=PLANE('',#10395);
#9049=PLANE('',#10400);
#9050=PLANE('',#10403);
#9051=PLANE('',#10404);
#9052=PLANE('',#10409);
#9053=PLANE('',#10410);
#9054=PLANE('',#10411);
#9055=PLANE('',#10419);
#9056=PLANE('',#10422);
#9057=PLANE('',#10432);
#9058=PLANE('',#10437);
#9059=PLANE('',#10442);
#9060=PLANE('',#10447);
#9061=PLANE('',#10452);
#9062=PLANE('',#10455);
#9063=PLANE('',#10456);
#9064=PLANE('',#10457);
#9065=PLANE('',#10458);
#9066=PLANE('',#10459);
#9067=PLANE('',#10460);
#9068=PLANE('',#10461);
#9069=PLANE('',#10462);
#9070=PLANE('',#10463);
#9071=PLANE('',#10464);
#9072=PLANE('',#10465);
#9073=PLANE('',#10466);
#9074=PLANE('',#10467);
#9075=PLANE('',#10468);
#9076=PLANE('',#10469);
#9077=PLANE('',#10470);
#9078=PLANE('',#10471);
#9079=PLANE('',#10472);
#9080=PLANE('',#10473);
#9081=PLANE('',#10474);
#9082=PLANE('',#10475);
#9083=PLANE('',#10486);
#9084=PLANE('',#10493);
#9085=PLANE('',#10501);
#9086=PLANE('',#10503);
#9087=PLANE('',#10505);
#9088=PLANE('',#10507);
#9089=PLANE('',#10509);
#9090=PLANE('',#10511);
#9091=PLANE('',#10513);
#9092=PLANE('',#10516);
#9093=PLANE('',#10519);
#9094=PLANE('',#10525);
#9095=PLANE('',#10527);
#9096=PLANE('',#10529);
#9097=PLANE('',#10531);
#9098=PLANE('',#10551);
#9099=PLANE('',#10561);
#9100=PLANE('',#10564);
#9101=PLANE('',#10565);
#9102=PLANE('',#10566);
#9103=PLANE('',#10567);
#9104=PLANE('',#10568);
#9105=PLANE('',#10569);
#9106=PLANE('',#10570);
#9107=PLANE('',#10571);
#9108=PLANE('',#10574);
#9109=PLANE('',#10575);
#9110=PLANE('',#10580);
#9111=PLANE('',#10583);
#9112=PLANE('',#10584);
#9113=PLANE('',#10589);
#9114=PLANE('',#10590);
#9115=PLANE('',#10591);
#9116=PLANE('',#10599);
#9117=PLANE('',#10602);
#9118=PLANE('',#10612);
#9119=PLANE('',#10617);
#9120=PLANE('',#10622);
#9121=PLANE('',#10627);
#9122=PLANE('',#10632);
#9123=PLANE('',#10635);
#9124=PLANE('',#10636);
#9125=PLANE('',#10637);
#9126=PLANE('',#10638);
#9127=PLANE('',#10639);
#9128=PLANE('',#10640);
#9129=PLANE('',#10641);
#9130=PLANE('',#10642);
#9131=PLANE('',#10643);
#9132=PLANE('',#10644);
#9133=PLANE('',#10645);
#9134=PLANE('',#10646);
#9135=PLANE('',#10647);
#9136=PLANE('',#10648);
#9137=PLANE('',#10649);
#9138=PLANE('',#10650);
#9139=PLANE('',#10651);
#9140=PLANE('',#10652);
#9141=PLANE('',#10653);
#9142=PLANE('',#10654);
#9143=PLANE('',#10655);
#9144=PLANE('',#10666);
#9145=PLANE('',#10667);
#9146=PLANE('',#10668);
#9147=PLANE('',#10669);
#9148=PLANE('',#10670);
#9149=PLANE('',#10671);
#9150=PLANE('',#10674);
#9151=PLANE('',#10677);
#9152=PLANE('',#10680);
#9153=PLANE('',#10686);
#9154=PLANE('',#10690);
#9155=PLANE('',#10694);
#9156=PLANE('',#10698);
#9157=PLANE('',#10699);
#9158=PLANE('',#10702);
#9159=PLANE('',#10703);
#9160=PLANE('',#10706);
#9161=PLANE('',#10707);
#9162=PLANE('',#10708);
#9163=PLANE('',#10709);
#9164=PLANE('',#10710);
#9165=PLANE('',#10711);
#9166=PLANE('',#10712);
#9167=PLANE('',#10713);
#9168=PLANE('',#10714);
#9169=PLANE('',#10722);
#9170=PLANE('',#10724);
#9171=PLANE('',#10727);
#9172=PLANE('',#10728);
#9173=PLANE('',#10729);
#9174=PLANE('',#10730);
#9175=PLANE('',#10731);
#9176=PLANE('',#10732);
#9177=PLANE('',#10733);
#9178=PLANE('',#10734);
#9179=PLANE('',#10735);
#9180=PLANE('',#10738);
#9181=PLANE('',#10740);
#9182=PLANE('',#10741);
#9183=PLANE('',#10743);
#9184=PLANE('',#10744);
#9185=PLANE('',#10745);
#9186=PLANE('',#10746);
#9187=PLANE('',#10748);
#9188=PLANE('',#10750);
#9189=PLANE('',#10752);
#9190=PLANE('',#10754);
#9191=PLANE('',#10756);
#9192=PLANE('',#10765);
#9193=PLANE('',#10766);
#9194=PLANE('',#10767);
#9195=PLANE('',#10768);
#9196=PLANE('',#10769);
#9197=PLANE('',#10770);
#9198=PLANE('',#10773);
#9199=PLANE('',#10776);
#9200=PLANE('',#10779);
#9201=PLANE('',#10785);
#9202=PLANE('',#10789);
#9203=PLANE('',#10793);
#9204=PLANE('',#10797);
#9205=PLANE('',#10798);
#9206=PLANE('',#10801);
#9207=PLANE('',#10802);
#9208=PLANE('',#10805);
#9209=PLANE('',#10806);
#9210=PLANE('',#10807);
#9211=PLANE('',#10808);
#9212=PLANE('',#10809);
#9213=PLANE('',#10810);
#9214=PLANE('',#10811);
#9215=PLANE('',#10812);
#9216=PLANE('',#10813);
#9217=PLANE('',#10821);
#9218=PLANE('',#10841);
#9219=PLANE('',#10844);
#9220=PLANE('',#10846);
#9221=PLANE('',#10849);
#9222=PLANE('',#10851);
#9223=PLANE('',#10854);
#9224=PLANE('',#10856);
#9225=PLANE('',#10859);
#9226=PLANE('',#10861);
#9227=PLANE('',#10864);
#9228=PLANE('',#10866);
#9229=PLANE('',#10869);
#9230=PLANE('',#10871);
#9231=PLANE('',#10874);
#9232=PLANE('',#10875);
#9233=PLANE('',#10876);
#9234=PLANE('',#10877);
#9235=PLANE('',#10878);
#9236=PLANE('',#10879);
#9237=PLANE('',#10880);
#9238=PLANE('',#10881);
#9239=PLANE('',#10882);
#9240=PLANE('',#10883);
#9241=PLANE('',#10884);
#9242=PLANE('',#10885);
#9243=PLANE('',#10886);
#9244=PLANE('',#10887);
#9245=PLANE('',#10888);
#9246=PLANE('',#10889);
#9247=PLANE('',#10890);
#9248=PLANE('',#10891);
#9249=PLANE('',#10892);
#9250=PLANE('',#10893);
#9251=PLANE('',#10894);
#9252=PLANE('',#10895);
#9253=PLANE('',#10896);
#9254=PLANE('',#10897);
#9255=PLANE('',#10898);
#9256=PLANE('',#10899);
#9257=PLANE('',#10900);
#9258=PLANE('',#10901);
#9259=PLANE('',#10902);
#9260=PLANE('',#10903);
#9261=PLANE('',#10904);
#9262=PLANE('',#10905);
#9263=PLANE('',#10906);
#9264=PLANE('',#10907);
#9265=PLANE('',#10908);
#9266=PLANE('',#10909);
#9267=PLANE('',#10910);
#9268=PLANE('',#10911);
#9269=PLANE('',#10912);
#9270=PLANE('',#10913);
#9271=PLANE('',#10914);
#9272=PLANE('',#10915);
#9273=PLANE('',#10916);
#9274=PLANE('',#10917);
#9275=PLANE('',#10918);
#9276=PLANE('',#10919);
#9277=PLANE('',#10921);
#9278=PLANE('',#10928);
#9279=PLANE('',#10931);
#9280=PLANE('',#10934);
#9281=PLANE('',#10937);
#9282=PLANE('',#10941);
#9283=PLANE('',#10947);
#9284=PLANE('',#10950);
#9285=PLANE('',#10951);
#9286=PLANE('',#10952);
#9287=PLANE('',#10953);
#9288=PLANE('',#10955);
#9289=PLANE('',#10956);
#9290=PLANE('',#10964);
#9291=PLANE('',#10966);
#9292=PLANE('',#10968);
#9293=PLANE('',#10970);
#9294=PLANE('',#10973);
#9295=PLANE('',#10977);
#9296=PLANE('',#10981);
#9297=PLANE('',#10982);
#9298=PLANE('',#10983);
#9299=PLANE('',#10984);
#9300=PLANE('',#10985);
#9301=PLANE('',#10986);
#9302=PLANE('',#10987);
#9303=PLANE('',#10988);
#9304=PLANE('',#10989);
#9305=PLANE('',#10990);
#9306=PLANE('',#10991);
#9307=PLANE('',#10992);
#9308=PLANE('',#10993);
#9309=PLANE('',#10996);
#9310=PLANE('',#10997);
#9311=PLANE('',#10998);
#9312=PLANE('',#10999);
#9313=PLANE('',#11000);
#9314=PLANE('',#11001);
#9315=PLANE('',#11004);
#9316=PLANE('',#11007);
#9317=PLANE('',#11009);
#9318=PLANE('',#11011);
#9319=PLANE('',#11012);
#9320=PLANE('',#11015);
#9321=PLANE('',#11019);
#9322=PLANE('',#11020);
#9323=PLANE('',#11021);
#9324=PLANE('',#11022);
#9325=ADVANCED_FACE('',(#8090),#8936,.F.);
#9326=ADVANCED_FACE('',(#8091,#8092),#8937,.T.);
#9327=ADVANCED_FACE('',(#8093),#8938,.T.);
#9328=ADVANCED_FACE('',(#8094),#97,.T.);
#9329=ADVANCED_FACE('',(#8095),#8939,.T.);
#9330=ADVANCED_FACE('',(#8096),#98,.T.);
#9331=ADVANCED_FACE('',(#8097),#8940,.T.);
#9332=ADVANCED_FACE('',(#8098),#99,.T.);
#9333=ADVANCED_FACE('',(#8099),#8941,.T.);
#9334=ADVANCED_FACE('',(#8100),#100,.T.);
#9335=ADVANCED_FACE('',(#8101),#8942,.T.);
#9336=ADVANCED_FACE('',(#8102),#101,.T.);
#9337=ADVANCED_FACE('',(#8103),#8943,.T.);
#9338=ADVANCED_FACE('',(#8104),#102,.T.);
#9339=ADVANCED_FACE('',(#8105,#8106),#8944,.T.);
#9340=ADVANCED_FACE('',(#8107,#8108),#8945,.T.);
#9341=ADVANCED_FACE('',(#8109,#8110,#8111,#8112,#8113),#8946,.T.);
#9342=ADVANCED_FACE('',(#8114),#8947,.T.);
#9343=ADVANCED_FACE('',(#8115),#8948,.T.);
#9344=ADVANCED_FACE('',(#8116),#8949,.T.);
#9345=ADVANCED_FACE('',(#8117),#8950,.T.);
#9346=ADVANCED_FACE('',(#8118,#8119),#103,.T.);
#9347=ADVANCED_FACE('',(#8120,#8121),#104,.T.);
#9348=ADVANCED_FACE('',(#8122,#8123),#105,.T.);
#9349=ADVANCED_FACE('',(#8124,#8125),#106,.T.);
#9350=ADVANCED_FACE('',(#8126,#8127),#107,.F.);
#9351=ADVANCED_FACE('',(#8128,#8129),#108,.T.);
#9352=ADVANCED_FACE('',(#8130,#8131),#59,.T.);
#9353=ADVANCED_FACE('',(#8132,#8133),#109,.T.);
#9354=ADVANCED_FACE('',(#8134,#8135),#60,.T.);
#9355=ADVANCED_FACE('',(#8136,#8137),#110,.T.);
#9356=ADVANCED_FACE('',(#8138,#8139),#111,.T.);
#9357=ADVANCED_FACE('',(#8140,#8141),#61,.T.);
#9358=ADVANCED_FACE('',(#8142,#8143,#8144,#8145,#8146,#8147,#8148,#8149,
#8150),#8951,.T.);
#9359=ADVANCED_FACE('',(#8151,#8152),#8952,.T.);
#9360=ADVANCED_FACE('',(#8153,#8154),#8953,.F.);
#9361=ADVANCED_FACE('',(#8155),#8954,.T.);
#9362=ADVANCED_FACE('',(#8156),#8955,.T.);
#9363=ADVANCED_FACE('',(#8157),#8956,.T.);
#9364=ADVANCED_FACE('',(#8158,#8159),#8957,.T.);
#9365=ADVANCED_FACE('',(#8160,#8161),#112,.F.);
#9366=ADVANCED_FACE('',(#8162),#8958,.T.);
#9367=ADVANCED_FACE('',(#8163),#8959,.T.);
#9368=ADVANCED_FACE('',(#8164),#8960,.T.);
#9369=ADVANCED_FACE('',(#8165),#8961,.T.);
#9370=ADVANCED_FACE('',(#8166,#8167),#113,.F.);
#9371=ADVANCED_FACE('',(#8168),#8962,.T.);
#9372=ADVANCED_FACE('',(#8169),#8963,.F.);
#9373=ADVANCED_FACE('',(#8170),#8964,.T.);
#9374=ADVANCED_FACE('',(#8171),#8965,.F.);
#9375=ADVANCED_FACE('',(#8172,#8173,#8174,#8175,#8176,#8177,#8178,#8179,
#8180,#8181),#8966,.F.);
#9376=ADVANCED_FACE('',(#8182,#8183),#114,.F.);
#9377=ADVANCED_FACE('',(#8184,#8185),#8967,.T.);
#9378=ADVANCED_FACE('',(#8186,#8187),#115,.F.);
#9379=ADVANCED_FACE('',(#8188,#8189),#116,.F.);
#9380=ADVANCED_FACE('',(#8190,#8191),#8968,.T.);
#9381=ADVANCED_FACE('',(#8192,#8193),#117,.F.);
#9382=ADVANCED_FACE('',(#8194,#8195),#118,.F.);
#9383=ADVANCED_FACE('',(#8196,#8197),#8969,.T.);
#9384=ADVANCED_FACE('',(#8198,#8199),#119,.F.);
#9385=ADVANCED_FACE('',(#8200,#8201),#120,.F.);
#9386=ADVANCED_FACE('',(#8202,#8203),#8970,.T.);
#9387=ADVANCED_FACE('',(#8204,#8205),#121,.F.);
#9388=ADVANCED_FACE('',(#8206,#8207),#122,.F.);
#9389=ADVANCED_FACE('',(#8208,#8209),#8971,.T.);
#9390=ADVANCED_FACE('',(#8210,#8211),#123,.F.);
#9391=ADVANCED_FACE('',(#8212,#8213),#124,.F.);
#9392=ADVANCED_FACE('',(#8214,#8215),#8972,.T.);
#9393=ADVANCED_FACE('',(#8216,#8217),#125,.F.);
#9394=ADVANCED_FACE('',(#8218,#8219),#126,.F.);
#9395=ADVANCED_FACE('',(#8220,#8221),#8973,.T.);
#9396=ADVANCED_FACE('',(#8222,#8223),#127,.F.);
#9397=ADVANCED_FACE('',(#8224,#8225),#128,.F.);
#9398=ADVANCED_FACE('',(#8226,#8227),#8974,.T.);
#9399=ADVANCED_FACE('',(#8228,#8229),#129,.F.);
#9400=ADVANCED_FACE('',(#8230),#8975,.T.);
#9401=ADVANCED_FACE('',(#8231),#8976,.T.);
#9402=ADVANCED_FACE('',(#8232),#8977,.T.);
#9403=ADVANCED_FACE('',(#8233),#8978,.T.);
#9404=ADVANCED_FACE('',(#8234,#8235),#8979,.T.);
#9405=ADVANCED_FACE('',(#8236),#8980,.T.);
#9406=ADVANCED_FACE('',(#8237,#8238),#8981,.F.);
#9407=ADVANCED_FACE('',(#8239),#8982,.F.);
#9408=ADVANCED_FACE('',(#8240,#8241),#8983,.F.);
#9409=ADVANCED_FACE('',(#8242,#8243),#130,.F.);
#9410=ADVANCED_FACE('',(#8244),#8984,.F.);
#9411=ADVANCED_FACE('',(#8245),#8985,.F.);
#9412=ADVANCED_FACE('',(#8246),#8986,.F.);
#9413=ADVANCED_FACE('',(#8247),#8987,.F.);
#9414=ADVANCED_FACE('',(#8248),#8988,.F.);
#9415=ADVANCED_FACE('',(#8249),#8989,.F.);
#9416=ADVANCED_FACE('',(#8250,#8251),#8990,.T.);
#9417=ADVANCED_FACE('',(#8252),#8991,.T.);
#9418=ADVANCED_FACE('',(#8253),#8992,.F.);
#9419=ADVANCED_FACE('',(#8254),#8993,.T.);
#9420=ADVANCED_FACE('',(#8255),#8994,.T.);
#9421=ADVANCED_FACE('',(#8256),#8995,.F.);
#9422=ADVANCED_FACE('',(#8257),#8996,.F.);
#9423=ADVANCED_FACE('',(#8258),#8997,.T.);
#9424=ADVANCED_FACE('',(#8259),#8998,.T.);
#9425=ADVANCED_FACE('',(#8260),#131,.T.);
#9426=ADVANCED_FACE('',(#8261),#132,.T.);
#9427=ADVANCED_FACE('',(#8262),#133,.T.);
#9428=ADVANCED_FACE('',(#8263),#134,.T.);
#9429=ADVANCED_FACE('',(#8264),#135,.T.);
#9430=ADVANCED_FACE('',(#8265),#8999,.F.);
#9431=ADVANCED_FACE('',(#8266),#136,.F.);
#9432=ADVANCED_FACE('',(#8267),#9000,.F.);
#9433=ADVANCED_FACE('',(#8268),#9001,.F.);
#9434=ADVANCED_FACE('',(#8269),#9002,.F.);
#9435=ADVANCED_FACE('',(#8270),#9003,.T.);
#9436=ADVANCED_FACE('',(#8271),#9004,.T.);
#9437=ADVANCED_FACE('',(#8272),#9005,.F.);
#9438=ADVANCED_FACE('',(#8273),#9006,.F.);
#9439=ADVANCED_FACE('',(#8274),#9007,.F.);
#9440=ADVANCED_FACE('',(#8275),#9008,.F.);
#9441=ADVANCED_FACE('',(#8276),#9009,.T.);
#9442=ADVANCED_FACE('',(#8277),#9010,.F.);
#9443=ADVANCED_FACE('',(#8278),#9011,.F.);
#9444=ADVANCED_FACE('',(#8279),#9012,.F.);
#9445=ADVANCED_FACE('',(#8280),#9013,.T.);
#9446=ADVANCED_FACE('',(#8281),#9014,.T.);
#9447=ADVANCED_FACE('',(#8282),#9015,.T.);
#9448=ADVANCED_FACE('',(#8283),#9016,.T.);
#9449=ADVANCED_FACE('',(#8284),#137,.F.);
#9450=ADVANCED_FACE('',(#8285),#9017,.T.);
#9451=ADVANCED_FACE('',(#8286),#138,.F.);
#9452=ADVANCED_FACE('',(#8287),#9018,.F.);
#9453=ADVANCED_FACE('',(#8288),#9019,.T.);
#9454=ADVANCED_FACE('',(#8289),#9020,.T.);
#9455=ADVANCED_FACE('',(#8290),#9021,.T.);
#9456=ADVANCED_FACE('',(#8291),#9022,.F.);
#9457=ADVANCED_FACE('',(#8292),#9023,.F.);
#9458=ADVANCED_FACE('',(#8293),#9024,.T.);
#9459=ADVANCED_FACE('',(#8294),#9025,.F.);
#9460=ADVANCED_FACE('',(#8295),#9026,.F.);
#9461=ADVANCED_FACE('',(#8296),#9027,.T.);
#9462=ADVANCED_FACE('',(#8297),#9028,.T.);
#9463=ADVANCED_FACE('',(#8298),#9029,.T.);
#9464=ADVANCED_FACE('',(#8299),#9030,.T.);
#9465=ADVANCED_FACE('',(#8300),#26,.T.);
#9466=ADVANCED_FACE('',(#8301),#9031,.F.);
#9467=ADVANCED_FACE('',(#8302),#9032,.F.);
#9468=ADVANCED_FACE('',(#8303),#9033,.T.);
#9469=ADVANCED_FACE('',(#8304),#9034,.T.);
#9470=ADVANCED_FACE('',(#8305),#9035,.F.);
#9471=ADVANCED_FACE('',(#8306,#8307),#139,.F.);
#9472=ADVANCED_FACE('',(#8308),#9036,.T.);
#9473=ADVANCED_FACE('',(#8309),#9037,.F.);
#9474=ADVANCED_FACE('',(#8310,#8311),#140,.F.);
#9475=ADVANCED_FACE('',(#8312,#8313),#141,.F.);
#9476=ADVANCED_FACE('',(#8314,#8315),#142,.F.);
#9477=ADVANCED_FACE('',(#8316,#8317,#8318),#9038,.T.);
#9478=ADVANCED_FACE('',(#8319),#9039,.T.);
#9479=ADVANCED_FACE('',(#8320),#9040,.T.);
#9480=ADVANCED_FACE('',(#8321),#9041,.F.);
#9481=ADVANCED_FACE('',(#8322),#9042,.F.);
#9482=ADVANCED_FACE('',(#8323),#9043,.F.);
#9483=ADVANCED_FACE('',(#8324),#9044,.T.);
#9484=ADVANCED_FACE('',(#8325),#9045,.T.);
#9485=ADVANCED_FACE('',(#8326,#8327,#8328),#9046,.F.);
#9486=ADVANCED_FACE('',(#8329),#9047,.T.);
#9487=ADVANCED_FACE('',(#8330,#8331,#8332,#8333),#9048,.T.);
#9488=ADVANCED_FACE('',(#8334),#9049,.F.);
#9489=ADVANCED_FACE('',(#8335),#9050,.F.);
#9490=ADVANCED_FACE('',(#8336,#8337,#8338,#8339),#9051,.T.);
#9491=ADVANCED_FACE('',(#8340),#9052,.T.);
#9492=ADVANCED_FACE('',(#8341),#9053,.F.);
#9493=ADVANCED_FACE('',(#8342,#8343,#8344,#8345),#9054,.T.);
#9494=ADVANCED_FACE('',(#8346),#9055,.F.);
#9495=ADVANCED_FACE('',(#8347,#8348,#8349,#8350),#9056,.T.);
#9496=ADVANCED_FACE('',(#8351,#8352),#143,.F.);
#9497=ADVANCED_FACE('',(#8353,#8354),#9057,.T.);
#9498=ADVANCED_FACE('',(#8355,#8356),#144,.F.);
#9499=ADVANCED_FACE('',(#8357,#8358),#145,.F.);
#9500=ADVANCED_FACE('',(#8359,#8360),#9058,.T.);
#9501=ADVANCED_FACE('',(#8361,#8362),#146,.F.);
#9502=ADVANCED_FACE('',(#8363,#8364),#147,.F.);
#9503=ADVANCED_FACE('',(#8365,#8366),#9059,.T.);
#9504=ADVANCED_FACE('',(#8367,#8368),#148,.F.);
#9505=ADVANCED_FACE('',(#8369,#8370),#149,.F.);
#9506=ADVANCED_FACE('',(#8371,#8372),#9060,.T.);
#9507=ADVANCED_FACE('',(#8373,#8374),#150,.F.);
#9508=ADVANCED_FACE('',(#8375,#8376),#151,.F.);
#9509=ADVANCED_FACE('',(#8377,#8378),#9061,.T.);
#9510=ADVANCED_FACE('',(#8379,#8380),#152,.F.);
#9511=ADVANCED_FACE('',(#8381),#9062,.F.);
#9512=ADVANCED_FACE('',(#8382),#9063,.F.);
#9513=ADVANCED_FACE('',(#8383),#9064,.F.);
#9514=ADVANCED_FACE('',(#8384),#9065,.F.);
#9515=ADVANCED_FACE('',(#8385),#9066,.F.);
#9516=ADVANCED_FACE('',(#8386),#9067,.F.);
#9517=ADVANCED_FACE('',(#8387,#8388),#9068,.T.);
#9518=ADVANCED_FACE('',(#8389),#9069,.F.);
#9519=ADVANCED_FACE('',(#8390),#9070,.F.);
#9520=ADVANCED_FACE('',(#8391),#9071,.F.);
#9521=ADVANCED_FACE('',(#8392),#9072,.F.);
#9522=ADVANCED_FACE('',(#8393),#9073,.F.);
#9523=ADVANCED_FACE('',(#8394),#9074,.F.);
#9524=ADVANCED_FACE('',(#8395,#8396),#9075,.T.);
#9525=ADVANCED_FACE('',(#8397),#9076,.F.);
#9526=ADVANCED_FACE('',(#8398),#9077,.F.);
#9527=ADVANCED_FACE('',(#8399),#9078,.F.);
#9528=ADVANCED_FACE('',(#8400),#9079,.F.);
#9529=ADVANCED_FACE('',(#8401),#9080,.F.);
#9530=ADVANCED_FACE('',(#8402),#9081,.F.);
#9531=ADVANCED_FACE('',(#8403,#8404),#9082,.T.);
#9532=ADVANCED_FACE('',(#8405),#153,.T.);
#9533=ADVANCED_FACE('',(#8406),#154,.T.);
#9534=ADVANCED_FACE('',(#8407),#155,.T.);
#9535=ADVANCED_FACE('',(#8408),#156,.T.);
#9536=ADVANCED_FACE('',(#8409),#157,.T.);
#9537=ADVANCED_FACE('',(#8410),#158,.T.);
#9538=ADVANCED_FACE('',(#8411),#159,.T.);
#9539=ADVANCED_FACE('',(#8412),#160,.T.);
#9540=ADVANCED_FACE('',(#8413),#161,.T.);
#9541=ADVANCED_FACE('',(#8414),#9083,.F.);
#9542=ADVANCED_FACE('',(#8415,#8416),#9084,.T.);
#9543=ADVANCED_FACE('',(#8417),#9085,.T.);
#9544=ADVANCED_FACE('',(#8418),#162,.T.);
#9545=ADVANCED_FACE('',(#8419),#9086,.T.);
#9546=ADVANCED_FACE('',(#8420),#163,.T.);
#9547=ADVANCED_FACE('',(#8421),#9087,.T.);
#9548=ADVANCED_FACE('',(#8422),#164,.T.);
#9549=ADVANCED_FACE('',(#8423),#9088,.T.);
#9550=ADVANCED_FACE('',(#8424),#165,.T.);
#9551=ADVANCED_FACE('',(#8425),#9089,.T.);
#9552=ADVANCED_FACE('',(#8426),#166,.T.);
#9553=ADVANCED_FACE('',(#8427),#9090,.T.);
#9554=ADVANCED_FACE('',(#8428),#167,.T.);
#9555=ADVANCED_FACE('',(#8429,#8430),#9091,.T.);
#9556=ADVANCED_FACE('',(#8431,#8432),#9092,.T.);
#9557=ADVANCED_FACE('',(#8433,#8434,#8435,#8436,#8437),#9093,.T.);
#9558=ADVANCED_FACE('',(#8438),#9094,.T.);
#9559=ADVANCED_FACE('',(#8439),#9095,.T.);
#9560=ADVANCED_FACE('',(#8440),#9096,.T.);
#9561=ADVANCED_FACE('',(#8441),#9097,.T.);
#9562=ADVANCED_FACE('',(#8442,#8443),#168,.T.);
#9563=ADVANCED_FACE('',(#8444,#8445),#169,.T.);
#9564=ADVANCED_FACE('',(#8446,#8447),#170,.T.);
#9565=ADVANCED_FACE('',(#8448,#8449),#171,.T.);
#9566=ADVANCED_FACE('',(#8450,#8451),#172,.F.);
#9567=ADVANCED_FACE('',(#8452,#8453),#173,.T.);
#9568=ADVANCED_FACE('',(#8454,#8455),#62,.T.);
#9569=ADVANCED_FACE('',(#8456,#8457),#174,.T.);
#9570=ADVANCED_FACE('',(#8458,#8459),#63,.T.);
#9571=ADVANCED_FACE('',(#8460,#8461),#175,.T.);
#9572=ADVANCED_FACE('',(#8462,#8463),#176,.T.);
#9573=ADVANCED_FACE('',(#8464,#8465),#64,.T.);
#9574=ADVANCED_FACE('',(#8466),#9098,.F.);
#9575=ADVANCED_FACE('',(#8467,#8468),#177,.F.);
#9576=ADVANCED_FACE('',(#8469,#8470),#178,.F.);
#9577=ADVANCED_FACE('',(#8471,#8472),#179,.F.);
#9578=ADVANCED_FACE('',(#8473,#8474,#8475),#9099,.T.);
#9579=ADVANCED_FACE('',(#8476),#9100,.T.);
#9580=ADVANCED_FACE('',(#8477),#9101,.T.);
#9581=ADVANCED_FACE('',(#8478),#9102,.F.);
#9582=ADVANCED_FACE('',(#8479),#9103,.F.);
#9583=ADVANCED_FACE('',(#8480),#9104,.F.);
#9584=ADVANCED_FACE('',(#8481),#9105,.T.);
#9585=ADVANCED_FACE('',(#8482),#9106,.T.);
#9586=ADVANCED_FACE('',(#8483,#8484,#8485),#9107,.F.);
#9587=ADVANCED_FACE('',(#8486),#9108,.T.);
#9588=ADVANCED_FACE('',(#8487,#8488,#8489,#8490),#9109,.T.);
#9589=ADVANCED_FACE('',(#8491),#9110,.F.);
#9590=ADVANCED_FACE('',(#8492),#9111,.F.);
#9591=ADVANCED_FACE('',(#8493,#8494,#8495,#8496),#9112,.T.);
#9592=ADVANCED_FACE('',(#8497),#9113,.T.);
#9593=ADVANCED_FACE('',(#8498),#9114,.F.);
#9594=ADVANCED_FACE('',(#8499,#8500,#8501,#8502),#9115,.T.);
#9595=ADVANCED_FACE('',(#8503),#9116,.F.);
#9596=ADVANCED_FACE('',(#8504,#8505,#8506,#8507),#9117,.T.);
#9597=ADVANCED_FACE('',(#8508,#8509),#180,.F.);
#9598=ADVANCED_FACE('',(#8510,#8511),#9118,.T.);
#9599=ADVANCED_FACE('',(#8512,#8513),#181,.F.);
#9600=ADVANCED_FACE('',(#8514,#8515),#182,.F.);
#9601=ADVANCED_FACE('',(#8516,#8517),#9119,.T.);
#9602=ADVANCED_FACE('',(#8518,#8519),#183,.F.);
#9603=ADVANCED_FACE('',(#8520,#8521),#184,.F.);
#9604=ADVANCED_FACE('',(#8522,#8523),#9120,.T.);
#9605=ADVANCED_FACE('',(#8524,#8525),#185,.F.);
#9606=ADVANCED_FACE('',(#8526,#8527),#186,.F.);
#9607=ADVANCED_FACE('',(#8528,#8529),#9121,.T.);
#9608=ADVANCED_FACE('',(#8530,#8531),#187,.F.);
#9609=ADVANCED_FACE('',(#8532,#8533),#188,.F.);
#9610=ADVANCED_FACE('',(#8534,#8535),#9122,.T.);
#9611=ADVANCED_FACE('',(#8536,#8537),#189,.F.);
#9612=ADVANCED_FACE('',(#8538),#9123,.F.);
#9613=ADVANCED_FACE('',(#8539),#9124,.F.);
#9614=ADVANCED_FACE('',(#8540),#9125,.F.);
#9615=ADVANCED_FACE('',(#8541),#9126,.F.);
#9616=ADVANCED_FACE('',(#8542),#9127,.F.);
#9617=ADVANCED_FACE('',(#8543),#9128,.F.);
#9618=ADVANCED_FACE('',(#8544,#8545),#9129,.T.);
#9619=ADVANCED_FACE('',(#8546),#9130,.F.);
#9620=ADVANCED_FACE('',(#8547),#9131,.F.);
#9621=ADVANCED_FACE('',(#8548),#9132,.F.);
#9622=ADVANCED_FACE('',(#8549),#9133,.F.);
#9623=ADVANCED_FACE('',(#8550),#9134,.F.);
#9624=ADVANCED_FACE('',(#8551),#9135,.F.);
#9625=ADVANCED_FACE('',(#8552,#8553),#9136,.T.);
#9626=ADVANCED_FACE('',(#8554),#9137,.F.);
#9627=ADVANCED_FACE('',(#8555),#9138,.F.);
#9628=ADVANCED_FACE('',(#8556),#9139,.F.);
#9629=ADVANCED_FACE('',(#8557),#9140,.F.);
#9630=ADVANCED_FACE('',(#8558),#9141,.F.);
#9631=ADVANCED_FACE('',(#8559),#9142,.F.);
#9632=ADVANCED_FACE('',(#8560,#8561),#9143,.T.);
#9633=ADVANCED_FACE('',(#8562),#190,.T.);
#9634=ADVANCED_FACE('',(#8563),#191,.T.);
#9635=ADVANCED_FACE('',(#8564),#192,.T.);
#9636=ADVANCED_FACE('',(#8565),#193,.T.);
#9637=ADVANCED_FACE('',(#8566),#194,.T.);
#9638=ADVANCED_FACE('',(#8567),#195,.T.);
#9639=ADVANCED_FACE('',(#8568),#196,.T.);
#9640=ADVANCED_FACE('',(#8569),#197,.T.);
#9641=ADVANCED_FACE('',(#8570),#198,.T.);
#9642=ADVANCED_FACE('',(#8571),#9144,.T.);
#9643=ADVANCED_FACE('',(#8572),#9145,.T.);
#9644=ADVANCED_FACE('',(#8573),#9146,.T.);
#9645=ADVANCED_FACE('',(#8574),#9147,.T.);
#9646=ADVANCED_FACE('',(#8575),#9148,.T.);
#9647=ADVANCED_FACE('',(#8576,#8577),#9149,.F.);
#9648=ADVANCED_FACE('',(#8578,#8579),#9150,.F.);
#9649=ADVANCED_FACE('',(#8580,#8581),#9151,.F.);
#9650=ADVANCED_FACE('',(#8582,#8583),#9152,.F.);
#9651=ADVANCED_FACE('',(#8584),#199,.F.);
#9652=ADVANCED_FACE('',(#8585),#9153,.F.);
#9653=ADVANCED_FACE('',(#8586),#200,.F.);
#9654=ADVANCED_FACE('',(#8587),#9154,.F.);
#9655=ADVANCED_FACE('',(#8588),#201,.F.);
#9656=ADVANCED_FACE('',(#8589),#9155,.F.);
#9657=ADVANCED_FACE('',(#8590),#202,.F.);
#9658=ADVANCED_FACE('',(#8591),#9156,.F.);
#9659=ADVANCED_FACE('',(#8592,#8593,#8594),#9157,.F.);
#9660=ADVANCED_FACE('',(#8595),#9158,.F.);
#9661=ADVANCED_FACE('',(#8596,#8597,#8598),#9159,.T.);
#9662=ADVANCED_FACE('',(#8599),#9160,.F.);
#9663=ADVANCED_FACE('',(#8600,#8601),#9161,.T.);
#9664=ADVANCED_FACE('',(#8602),#9162,.T.);
#9665=ADVANCED_FACE('',(#8603),#9163,.F.);
#9666=ADVANCED_FACE('',(#8604),#9164,.T.);
#9667=ADVANCED_FACE('',(#8605),#9165,.F.);
#9668=ADVANCED_FACE('',(#8606),#9166,.T.);
#9669=ADVANCED_FACE('',(#8607),#9167,.T.);
#9670=ADVANCED_FACE('',(#8608),#9168,.F.);
#9671=ADVANCED_FACE('',(#8609,#8610),#203,.F.);
#9672=ADVANCED_FACE('',(#8611,#8612),#204,.F.);
#9673=ADVANCED_FACE('',(#8613,#8614),#205,.F.);
#9674=ADVANCED_FACE('',(#8615,#8616),#206,.F.);
#9675=ADVANCED_FACE('',(#8617,#8618),#207,.F.);
#9676=ADVANCED_FACE('',(#8619,#8620),#208,.F.);
#9677=ADVANCED_FACE('',(#8621,#8622),#9169,.F.);
#9678=ADVANCED_FACE('',(#8623,#8624),#9170,.T.);
#9679=ADVANCED_FACE('',(#8625),#9171,.T.);
#9680=ADVANCED_FACE('',(#8626),#9172,.T.);
#9681=ADVANCED_FACE('',(#8627),#9173,.T.);
#9682=ADVANCED_FACE('',(#8628),#9174,.T.);
#9683=ADVANCED_FACE('',(#8629),#9175,.T.);
#9684=ADVANCED_FACE('',(#8630),#9176,.T.);
#9685=ADVANCED_FACE('',(#8631),#9177,.T.);
#9686=ADVANCED_FACE('',(#8632),#9178,.T.);
#9687=ADVANCED_FACE('',(#8633,#8634),#9179,.F.);
#9688=ADVANCED_FACE('',(#8635,#8636),#9180,.F.);
#9689=ADVANCED_FACE('',(#8637),#9181,.T.);
#9690=ADVANCED_FACE('',(#8638,#8639),#9182,.F.);
#9691=ADVANCED_FACE('',(#8640),#9183,.T.);
#9692=ADVANCED_FACE('',(#8641),#9184,.T.);
#9693=ADVANCED_FACE('',(#8642),#9185,.T.);
#9694=ADVANCED_FACE('',(#8643),#9186,.F.);
#9695=ADVANCED_FACE('',(#8644),#9187,.F.);
#9696=ADVANCED_FACE('',(#8645),#9188,.F.);
#9697=ADVANCED_FACE('',(#8646),#9189,.F.);
#9698=ADVANCED_FACE('',(#8647),#9190,.F.);
#9699=ADVANCED_FACE('',(#8648),#9191,.F.);
#9700=ADVANCED_FACE('',(#8649,#8650),#209,.F.);
#9701=ADVANCED_FACE('',(#8651,#8652),#210,.T.);
#9702=ADVANCED_FACE('',(#8653,#8654),#19,.T.);
#9703=ADVANCED_FACE('',(#8655,#8656),#211,.T.);
#9704=ADVANCED_FACE('',(#8657,#8658),#212,.T.);
#9705=ADVANCED_FACE('',(#8659),#9192,.T.);
#9706=ADVANCED_FACE('',(#8660),#9193,.T.);
#9707=ADVANCED_FACE('',(#8661),#9194,.T.);
#9708=ADVANCED_FACE('',(#8662),#9195,.T.);
#9709=ADVANCED_FACE('',(#8663),#9196,.T.);
#9710=ADVANCED_FACE('',(#8664,#8665),#9197,.F.);
#9711=ADVANCED_FACE('',(#8666,#8667),#9198,.F.);
#9712=ADVANCED_FACE('',(#8668,#8669),#9199,.F.);
#9713=ADVANCED_FACE('',(#8670,#8671),#9200,.F.);
#9714=ADVANCED_FACE('',(#8672),#213,.F.);
#9715=ADVANCED_FACE('',(#8673),#9201,.F.);
#9716=ADVANCED_FACE('',(#8674),#214,.F.);
#9717=ADVANCED_FACE('',(#8675),#9202,.F.);
#9718=ADVANCED_FACE('',(#8676),#215,.F.);
#9719=ADVANCED_FACE('',(#8677),#9203,.F.);
#9720=ADVANCED_FACE('',(#8678),#216,.F.);
#9721=ADVANCED_FACE('',(#8679),#9204,.F.);
#9722=ADVANCED_FACE('',(#8680,#8681,#8682),#9205,.F.);
#9723=ADVANCED_FACE('',(#8683),#9206,.F.);
#9724=ADVANCED_FACE('',(#8684,#8685,#8686),#9207,.T.);
#9725=ADVANCED_FACE('',(#8687),#9208,.F.);
#9726=ADVANCED_FACE('',(#8688,#8689),#9209,.T.);
#9727=ADVANCED_FACE('',(#8690),#9210,.T.);
#9728=ADVANCED_FACE('',(#8691),#9211,.F.);
#9729=ADVANCED_FACE('',(#8692),#9212,.T.);
#9730=ADVANCED_FACE('',(#8693),#9213,.F.);
#9731=ADVANCED_FACE('',(#8694),#9214,.T.);
#9732=ADVANCED_FACE('',(#8695),#9215,.T.);
#9733=ADVANCED_FACE('',(#8696),#9216,.F.);
#9734=ADVANCED_FACE('',(#8697,#8698),#217,.F.);
#9735=ADVANCED_FACE('',(#8699,#8700),#218,.F.);
#9736=ADVANCED_FACE('',(#8701,#8702),#219,.F.);
#9737=ADVANCED_FACE('',(#8703,#8704),#220,.F.);
#9738=ADVANCED_FACE('',(#8705,#8706),#221,.F.);
#9739=ADVANCED_FACE('',(#8707,#8708),#222,.F.);
#9740=ADVANCED_FACE('',(#8709,#8710,#8711,#8712,#8713,#8714,#8715,#8716,
#8717,#8718,#8719,#8720,#8721,#8722),#9217,.T.);
#9741=ADVANCED_FACE('',(#8723),#9218,.T.);
#9742=ADVANCED_FACE('',(#8724,#8725),#9219,.T.);
#9743=ADVANCED_FACE('',(#8726,#8727),#9220,.F.);
#9744=ADVANCED_FACE('',(#8728,#8729),#9221,.T.);
#9745=ADVANCED_FACE('',(#8730,#8731),#9222,.F.);
#9746=ADVANCED_FACE('',(#8732,#8733),#9223,.T.);
#9747=ADVANCED_FACE('',(#8734,#8735),#9224,.F.);
#9748=ADVANCED_FACE('',(#8736,#8737),#9225,.T.);
#9749=ADVANCED_FACE('',(#8738,#8739),#9226,.F.);
#9750=ADVANCED_FACE('',(#8740,#8741),#9227,.F.);
#9751=ADVANCED_FACE('',(#8742,#8743),#9228,.F.);
#9752=ADVANCED_FACE('',(#8744,#8745),#9229,.F.);
#9753=ADVANCED_FACE('',(#8746,#8747),#9230,.F.);
#9754=ADVANCED_FACE('',(#8748),#9231,.T.);
#9755=ADVANCED_FACE('',(#8749),#9232,.F.);
#9756=ADVANCED_FACE('',(#8750),#9233,.F.);
#9757=ADVANCED_FACE('',(#8751),#9234,.F.);
#9758=ADVANCED_FACE('',(#8752),#9235,.F.);
#9759=ADVANCED_FACE('',(#8753),#9236,.F.);
#9760=ADVANCED_FACE('',(#8754),#9237,.F.);
#9761=ADVANCED_FACE('',(#8755),#9238,.T.);
#9762=ADVANCED_FACE('',(#8756),#9239,.F.);
#9763=ADVANCED_FACE('',(#8757),#9240,.F.);
#9764=ADVANCED_FACE('',(#8758),#9241,.F.);
#9765=ADVANCED_FACE('',(#8759),#9242,.F.);
#9766=ADVANCED_FACE('',(#8760),#9243,.F.);
#9767=ADVANCED_FACE('',(#8761),#9244,.F.);
#9768=ADVANCED_FACE('',(#8762),#9245,.T.);
#9769=ADVANCED_FACE('',(#8763),#9246,.F.);
#9770=ADVANCED_FACE('',(#8764),#9247,.F.);
#9771=ADVANCED_FACE('',(#8765),#9248,.F.);
#9772=ADVANCED_FACE('',(#8766),#9249,.F.);
#9773=ADVANCED_FACE('',(#8767),#9250,.F.);
#9774=ADVANCED_FACE('',(#8768),#9251,.F.);
#9775=ADVANCED_FACE('',(#8769),#9252,.T.);
#9776=ADVANCED_FACE('',(#8770),#9253,.F.);
#9777=ADVANCED_FACE('',(#8771),#9254,.F.);
#9778=ADVANCED_FACE('',(#8772),#9255,.F.);
#9779=ADVANCED_FACE('',(#8773),#9256,.F.);
#9780=ADVANCED_FACE('',(#8774),#9257,.F.);
#9781=ADVANCED_FACE('',(#8775),#9258,.F.);
#9782=ADVANCED_FACE('',(#8776),#9259,.T.);
#9783=ADVANCED_FACE('',(#8777),#9260,.F.);
#9784=ADVANCED_FACE('',(#8778),#9261,.F.);
#9785=ADVANCED_FACE('',(#8779),#9262,.F.);
#9786=ADVANCED_FACE('',(#8780),#9263,.F.);
#9787=ADVANCED_FACE('',(#8781),#9264,.F.);
#9788=ADVANCED_FACE('',(#8782),#9265,.F.);
#9789=ADVANCED_FACE('',(#8783),#9266,.T.);
#9790=ADVANCED_FACE('',(#8784),#9267,.F.);
#9791=ADVANCED_FACE('',(#8785),#9268,.F.);
#9792=ADVANCED_FACE('',(#8786),#9269,.F.);
#9793=ADVANCED_FACE('',(#8787),#9270,.F.);
#9794=ADVANCED_FACE('',(#8788),#9271,.F.);
#9795=ADVANCED_FACE('',(#8789),#9272,.F.);
#9796=ADVANCED_FACE('',(#8790),#9273,.F.);
#9797=ADVANCED_FACE('',(#8791),#9274,.F.);
#9798=ADVANCED_FACE('',(#8792),#9275,.F.);
#9799=ADVANCED_FACE('',(#8793),#9276,.F.);
#9800=ADVANCED_FACE('',(#8794),#9277,.F.);
#9801=ADVANCED_FACE('',(#8795),#223,.F.);
#9802=ADVANCED_FACE('',(#8796),#9278,.F.);
#9803=ADVANCED_FACE('',(#8797),#224,.F.);
#9804=ADVANCED_FACE('',(#8798),#9279,.F.);
#9805=ADVANCED_FACE('',(#8799),#225,.F.);
#9806=ADVANCED_FACE('',(#8800),#9280,.F.);
#9807=ADVANCED_FACE('',(#8801),#226,.F.);
#9808=ADVANCED_FACE('',(#8802),#9281,.F.);
#9809=ADVANCED_FACE('',(#8803),#227,.F.);
#9810=ADVANCED_FACE('',(#8804),#9282,.F.);
#9811=ADVANCED_FACE('',(#8805),#228,.F.);
#9812=ADVANCED_FACE('',(#8806),#229,.F.);
#9813=ADVANCED_FACE('',(#8807),#9283,.F.);
#9814=ADVANCED_FACE('',(#8808),#230,.F.);
#9815=ADVANCED_FACE('',(#8809),#9284,.F.);
#9816=ADVANCED_FACE('',(#8810),#9285,.T.);
#9817=ADVANCED_FACE('',(#8811),#9286,.F.);
#9818=ADVANCED_FACE('',(#8812),#9287,.F.);
#9819=ADVANCED_FACE('',(#8813),#9288,.F.);
#9820=ADVANCED_FACE('',(#8814),#9289,.T.);
#9821=ADVANCED_FACE('',(#8815),#231,.F.);
#9822=ADVANCED_FACE('',(#8816),#9290,.F.);
#9823=ADVANCED_FACE('',(#8817),#232,.F.);
#9824=ADVANCED_FACE('',(#8818),#9291,.F.);
#9825=ADVANCED_FACE('',(#8819),#233,.F.);
#9826=ADVANCED_FACE('',(#8820),#9292,.F.);
#9827=ADVANCED_FACE('',(#8821),#234,.T.);
#9828=ADVANCED_FACE('',(#8822),#9293,.F.);
#9829=ADVANCED_FACE('',(#8823),#235,.F.);
#9830=ADVANCED_FACE('',(#8824),#236,.T.);
#9831=ADVANCED_FACE('',(#8825),#9294,.F.);
#9832=ADVANCED_FACE('',(#8826),#237,.F.);
#9833=ADVANCED_FACE('',(#8827),#9295,.F.);
#9834=ADVANCED_FACE('',(#8828),#238,.F.);
#9835=ADVANCED_FACE('',(#8829),#9296,.F.);
#9836=ADVANCED_FACE('',(#8830),#9297,.F.);
#9837=ADVANCED_FACE('',(#8831),#9298,.F.);
#9838=ADVANCED_FACE('',(#8832),#9299,.F.);
#9839=ADVANCED_FACE('',(#8833),#9300,.F.);
#9840=ADVANCED_FACE('',(#8834),#9301,.T.);
#9841=ADVANCED_FACE('',(#8835),#9302,.T.);
#9842=ADVANCED_FACE('',(#8836),#9303,.F.);
#9843=ADVANCED_FACE('',(#8837),#9304,.F.);
#9844=ADVANCED_FACE('',(#8838),#9305,.F.);
#9845=ADVANCED_FACE('',(#8839,#8840),#9306,.T.);
#9846=ADVANCED_FACE('',(#8841),#9307,.F.);
#9847=ADVANCED_FACE('',(#8842,#8843,#8844),#9308,.T.);
#9848=ADVANCED_FACE('',(#8845),#9309,.T.);
#9849=ADVANCED_FACE('',(#8846),#9310,.F.);
#9850=ADVANCED_FACE('',(#8847),#9311,.F.);
#9851=ADVANCED_FACE('',(#8848),#9312,.F.);
#9852=ADVANCED_FACE('',(#8849),#9313,.F.);
#9853=ADVANCED_FACE('',(#8850),#9314,.F.);
#9854=ADVANCED_FACE('',(#8851),#9315,.T.);
#9855=ADVANCED_FACE('',(#8852),#239,.T.);
#9856=ADVANCED_FACE('',(#8853),#9316,.F.);
#9857=ADVANCED_FACE('',(#8854),#9317,.F.);
#9858=ADVANCED_FACE('',(#8855),#9318,.F.);
#9859=ADVANCED_FACE('',(#8856),#9319,.F.);
#9860=ADVANCED_FACE('',(#8857),#240,.T.);
#9861=ADVANCED_FACE('',(#8858),#9320,.T.);
#9862=ADVANCED_FACE('',(#8859),#241,.T.);
#9863=ADVANCED_FACE('',(#8860),#9321,.F.);
#9864=ADVANCED_FACE('',(#8861),#9322,.F.);
#9865=ADVANCED_FACE('',(#8862),#9323,.T.);
#9866=ADVANCED_FACE('',(#8863),#9324,.F.);
#9867=ADVANCED_FACE('',(#8864,#8865),#242,.F.);
#9868=ADVANCED_FACE('',(#8866,#8867),#65,.F.);
#9869=ADVANCED_FACE('',(#8868,#8869),#243,.F.);
#9870=ADVANCED_FACE('',(#8870,#8871),#66,.F.);
#9871=ADVANCED_FACE('',(#8872,#8873),#244,.F.);
#9872=ADVANCED_FACE('',(#8874,#8875),#67,.F.);
#9873=ADVANCED_FACE('',(#8876,#8877),#245,.F.);
#9874=ADVANCED_FACE('',(#8878,#8879),#68,.F.);
#9875=ADVANCED_FACE('',(#8880,#8881),#246,.F.);
#9876=ADVANCED_FACE('',(#8882,#8883),#69,.F.);
#9877=ADVANCED_FACE('',(#8884,#8885),#247,.F.);
#9878=ADVANCED_FACE('',(#8886,#8887),#248,.T.);
#9879=ADVANCED_FACE('',(#8888,#8889),#20,.T.);
#9880=ADVANCED_FACE('',(#8890,#8891),#249,.F.);
#9881=ADVANCED_FACE('',(#8892,#8893),#250,.T.);
#9882=ADVANCED_FACE('',(#8894,#8895),#21,.T.);
#9883=ADVANCED_FACE('',(#8896,#8897),#251,.F.);
#9884=ADVANCED_FACE('',(#8898,#8899),#252,.T.);
#9885=ADVANCED_FACE('',(#8900,#8901),#22,.T.);
#9886=ADVANCED_FACE('',(#8902,#8903),#253,.F.);
#9887=ADVANCED_FACE('',(#8904,#8905),#254,.T.);
#9888=ADVANCED_FACE('',(#8906,#8907),#23,.T.);
#9889=ADVANCED_FACE('',(#8908,#8909),#255,.F.);
#9890=ADVANCED_FACE('',(#8910,#8911),#256,.T.);
#9891=ADVANCED_FACE('',(#8912,#8913),#24,.T.);
#9892=ADVANCED_FACE('',(#8914,#8915),#257,.F.);
#9893=ADVANCED_FACE('',(#8916,#8917),#258,.T.);
#9894=ADVANCED_FACE('',(#8918,#8919),#25,.T.);
#9895=ADVANCED_FACE('',(#8920,#8921),#70,.F.);
#9896=ADVANCED_FACE('',(#8922,#8923),#259,.F.);
#9897=ADVANCED_FACE('',(#8924,#8925),#71,.F.);
#9898=ADVANCED_FACE('',(#8926,#8927),#260,.F.);
#9899=ADVANCED_FACE('',(#8928,#8929),#72,.F.);
#9900=ADVANCED_FACE('',(#8930,#8931),#261,.F.);
#9901=ADVANCED_FACE('',(#8932,#8933),#73,.F.);
#9902=ADVANCED_FACE('',(#8934,#8935),#262,.F.);
#9903=CLOSED_SHELL('',(#9325,#9326,#9327,#9328,#9329,#9330,#9331,#9332,
#9333,#9334,#9335,#9336,#9337,#9338,#9339,#9340,#9341,#9342,#9343,#9344,
#9345,#9346,#9347,#9348,#9349,#9350,#9351,#9352,#9353,#9354,#9355,#9356,
#9357));
#9904=CLOSED_SHELL('',(#9358,#9359,#9360,#9361,#9362,#9363,#9364,#9365,
#9366,#9367,#9368,#9369,#9370,#9371,#9372,#9373,#9374,#9375,#9376,#9377,
#9378,#9379,#9380,#9381,#9382,#9383,#9384,#9385,#9386,#9387,#9388,#9389,
#9390,#9391,#9392,#9393,#9394,#9395,#9396,#9397,#9398,#9399,#9400,#9401,
#9402,#9403,#9404,#9405,#9406,#9407,#9408,#9409,#9410,#9411,#9412,#9413,
#9414,#9415,#9416,#9417,#9418,#9419,#9420,#9421,#9422,#9423,#9424,#9425,
#9426,#9427,#9428,#9429,#9430,#9431,#9432,#9433,#9434,#9435,#9436,#9437,
#9438,#9439,#9440,#9441,#9442,#9443,#9444,#9445,#9446,#9447,#9448,#9449,
#9450,#9451,#9452,#9453,#9454,#9455,#9456,#9457,#9458,#9459,#9460,#9461,
#9462,#9463,#9464,#9465,#9466,#9467,#9468,#9469,#9470,#9471,#9472));
#9905=CLOSED_SHELL('',(#9473,#9474,#9475,#9476,#9477,#9478,#9479,#9480,
#9481,#9482,#9483,#9484,#9485,#9486,#9487,#9488,#9489,#9490,#9491,#9492,
#9493,#9494,#9495,#9496,#9497,#9498,#9499,#9500,#9501,#9502,#9503,#9504,
#9505,#9506,#9507,#9508,#9509,#9510,#9511,#9512,#9513,#9514,#9515,#9516,
#9517,#9518,#9519,#9520,#9521,#9522,#9523,#9524,#9525,#9526,#9527,#9528,
#9529,#9530,#9531,#9532,#9533,#9534,#9535,#9536,#9537,#9538,#9539,#9540));
#9906=CLOSED_SHELL('',(#9541,#9542,#9543,#9544,#9545,#9546,#9547,#9548,
#9549,#9550,#9551,#9552,#9553,#9554,#9555,#9556,#9557,#9558,#9559,#9560,
#9561,#9562,#9563,#9564,#9565,#9566,#9567,#9568,#9569,#9570,#9571,#9572,
#9573));
#9907=CLOSED_SHELL('',(#9574,#9575,#9576,#9577,#9578,#9579,#9580,#9581,
#9582,#9583,#9584,#9585,#9586,#9587,#9588,#9589,#9590,#9591,#9592,#9593,
#9594,#9595,#9596,#9597,#9598,#9599,#9600,#9601,#9602,#9603,#9604,#9605,
#9606,#9607,#9608,#9609,#9610,#9611,#9612,#9613,#9614,#9615,#9616,#9617,
#9618,#9619,#9620,#9621,#9622,#9623,#9624,#9625,#9626,#9627,#9628,#9629,
#9630,#9631,#9632,#9633,#9634,#9635,#9636,#9637,#9638,#9639,#9640,#9641));
#9908=CLOSED_SHELL('',(#9642,#9643,#9644,#9645,#9646,#9647,#9648,#9649,
#9650,#9651,#9652,#9653,#9654,#9655,#9656,#9657,#9658,#9659,#9660,#9661,
#9662,#9663,#9664,#9665,#9666,#9667,#9668,#9669,#9670,#9671,#9672,#9673,
#9674,#9675,#9676));
#9909=CLOSED_SHELL('',(#9677,#9678,#9679,#9680,#9681,#9682,#9683,#9684,
#9685,#9686,#9687,#9688,#9689,#9690,#9691,#9692,#9693,#9694,#9695,#9696,
#9697,#9698,#9699,#9700,#9701,#9702,#9703,#9704));
#9910=CLOSED_SHELL('',(#9705,#9706,#9707,#9708,#9709,#9710,#9711,#9712,
#9713,#9714,#9715,#9716,#9717,#9718,#9719,#9720,#9721,#9722,#9723,#9724,
#9725,#9726,#9727,#9728,#9729,#9730,#9731,#9732,#9733,#9734,#9735,#9736,
#9737,#9738,#9739));
#9911=CLOSED_SHELL('',(#9740,#9741,#9742,#9743,#9744,#9745,#9746,#9747,
#9748,#9749,#9750,#9751,#9752,#9753,#9754,#9755,#9756,#9757,#9758,#9759,
#9760,#9761,#9762,#9763,#9764,#9765,#9766,#9767,#9768,#9769,#9770,#9771,
#9772,#9773,#9774,#9775,#9776,#9777,#9778,#9779,#9780,#9781,#9782,#9783,
#9784,#9785,#9786,#9787,#9788,#9789,#9790,#9791,#9792,#9793,#9794,#9795,
#9796,#9797,#9798,#9799,#9800,#9801,#9802,#9803,#9804,#9805,#9806,#9807,
#9808,#9809,#9810,#9811,#9812,#9813,#9814,#9815,#9816,#9817,#9818,#9819,
#9820,#9821,#9822,#9823,#9824,#9825,#9826,#9827,#9828,#9829,#9830,#9831,
#9832,#9833,#9834,#9835,#9836,#9837,#9838,#9839,#9840,#9841,#9842,#9843,
#9844,#9845,#9846,#9847,#9848,#9849,#9850,#9851,#9852,#9853,#9854,#9855,
#9856,#9857,#9858,#9859,#9860,#9861,#9862,#9863,#9864,#9865,#9866,#9867,
#9868,#9869,#9870,#9871,#9872,#9873,#9874,#9875,#9876,#9877,#9878,#9879,
#9880,#9881,#9882,#9883,#9884,#9885,#9886,#9887,#9888,#9889,#9890,#9891,
#9892,#9893,#9894,#9895,#9896,#9897,#9898,#9899,#9900,#9901,#9902));
#9912=STYLED_ITEM('',(#9921),#10105);
#9913=STYLED_ITEM('',(#9930),#10106);
#9914=STYLED_ITEM('',(#9931),#10107);
#9915=STYLED_ITEM('',(#9932),#10108);
#9916=STYLED_ITEM('',(#9941),#10109);
#9917=STYLED_ITEM('',(#9942),#10110);
#9918=STYLED_ITEM('',(#9944),#10111);
#9919=STYLED_ITEM('',(#9945),#10112);
#9920=STYLED_ITEM('',(#9947),#10113);
#9921=PRESENTATION_STYLE_ASSIGNMENT((#9951));
#9922=PRESENTATION_STYLE_ASSIGNMENT((#9952));
#9923=PRESENTATION_STYLE_ASSIGNMENT((#9953));
#9924=PRESENTATION_STYLE_ASSIGNMENT((#9954));
#9925=PRESENTATION_STYLE_ASSIGNMENT((#9955));
#9926=PRESENTATION_STYLE_ASSIGNMENT((#9956));
#9927=PRESENTATION_STYLE_ASSIGNMENT((#9957));
#9928=PRESENTATION_STYLE_ASSIGNMENT((#9958));
#9929=PRESENTATION_STYLE_ASSIGNMENT((#9959));
#9930=PRESENTATION_STYLE_ASSIGNMENT((#9960));
#9931=PRESENTATION_STYLE_ASSIGNMENT((#9961));
#9932=PRESENTATION_STYLE_ASSIGNMENT((#9962));
#9933=PRESENTATION_STYLE_ASSIGNMENT((#9963));
#9934=PRESENTATION_STYLE_ASSIGNMENT((#9964));
#9935=PRESENTATION_STYLE_ASSIGNMENT((#9965));
#9936=PRESENTATION_STYLE_ASSIGNMENT((#9966));
#9937=PRESENTATION_STYLE_ASSIGNMENT((#9967));
#9938=PRESENTATION_STYLE_ASSIGNMENT((#9968));
#9939=PRESENTATION_STYLE_ASSIGNMENT((#9969));
#9940=PRESENTATION_STYLE_ASSIGNMENT((#9970));
#9941=PRESENTATION_STYLE_ASSIGNMENT((#9971));
#9942=PRESENTATION_STYLE_ASSIGNMENT((#9972));
#9943=PRESENTATION_STYLE_ASSIGNMENT((#9973));
#9944=PRESENTATION_STYLE_ASSIGNMENT((#9974));
#9945=PRESENTATION_STYLE_ASSIGNMENT((#9975));
#9946=PRESENTATION_STYLE_ASSIGNMENT((#9976));
#9947=PRESENTATION_STYLE_ASSIGNMENT((#9977));
#9948=PRESENTATION_STYLE_ASSIGNMENT((#9978));
#9949=PRESENTATION_STYLE_ASSIGNMENT((#9979));
#9950=PRESENTATION_STYLE_ASSIGNMENT((#9980));
#9951=SURFACE_STYLE_USAGE(.BOTH.,#9981);
#9952=SURFACE_STYLE_USAGE(.BOTH.,#9982);
#9953=SURFACE_STYLE_USAGE(.BOTH.,#9983);
#9954=SURFACE_STYLE_USAGE(.BOTH.,#9984);
#9955=SURFACE_STYLE_USAGE(.BOTH.,#9985);
#9956=SURFACE_STYLE_USAGE(.BOTH.,#9986);
#9957=SURFACE_STYLE_USAGE(.BOTH.,#9987);
#9958=SURFACE_STYLE_USAGE(.BOTH.,#9988);
#9959=SURFACE_STYLE_USAGE(.BOTH.,#9989);
#9960=SURFACE_STYLE_USAGE(.BOTH.,#9990);
#9961=SURFACE_STYLE_USAGE(.BOTH.,#9991);
#9962=SURFACE_STYLE_USAGE(.BOTH.,#9992);
#9963=SURFACE_STYLE_USAGE(.BOTH.,#9993);
#9964=SURFACE_STYLE_USAGE(.BOTH.,#9994);
#9965=SURFACE_STYLE_USAGE(.BOTH.,#9995);
#9966=SURFACE_STYLE_USAGE(.BOTH.,#9996);
#9967=SURFACE_STYLE_USAGE(.BOTH.,#9997);
#9968=SURFACE_STYLE_USAGE(.BOTH.,#9998);
#9969=SURFACE_STYLE_USAGE(.BOTH.,#9999);
#9970=SURFACE_STYLE_USAGE(.BOTH.,#10000);
#9971=SURFACE_STYLE_USAGE(.BOTH.,#10001);
#9972=SURFACE_STYLE_USAGE(.BOTH.,#10002);
#9973=SURFACE_STYLE_USAGE(.BOTH.,#10003);
#9974=SURFACE_STYLE_USAGE(.BOTH.,#10004);
#9975=SURFACE_STYLE_USAGE(.BOTH.,#10005);
#9976=SURFACE_STYLE_USAGE(.BOTH.,#10006);
#9977=SURFACE_STYLE_USAGE(.BOTH.,#10007);
#9978=SURFACE_STYLE_USAGE(.BOTH.,#10008);
#9979=SURFACE_STYLE_USAGE(.BOTH.,#10009);
#9980=SURFACE_STYLE_USAGE(.BOTH.,#10010);
#9981=SURFACE_SIDE_STYLE('',(#10011));
#9982=SURFACE_SIDE_STYLE('',(#10012));
#9983=SURFACE_SIDE_STYLE('',(#10013));
#9984=SURFACE_SIDE_STYLE('',(#10014));
#9985=SURFACE_SIDE_STYLE('',(#10015));
#9986=SURFACE_SIDE_STYLE('',(#10016));
#9987=SURFACE_SIDE_STYLE('',(#10017));
#9988=SURFACE_SIDE_STYLE('',(#10018));
#9989=SURFACE_SIDE_STYLE('',(#10019));
#9990=SURFACE_SIDE_STYLE('',(#10020));
#9991=SURFACE_SIDE_STYLE('',(#10021));
#9992=SURFACE_SIDE_STYLE('',(#10022));
#9993=SURFACE_SIDE_STYLE('',(#10023));
#9994=SURFACE_SIDE_STYLE('',(#10024));
#9995=SURFACE_SIDE_STYLE('',(#10025));
#9996=SURFACE_SIDE_STYLE('',(#10026));
#9997=SURFACE_SIDE_STYLE('',(#10027));
#9998=SURFACE_SIDE_STYLE('',(#10028));
#9999=SURFACE_SIDE_STYLE('',(#10029));
#10000=SURFACE_SIDE_STYLE('',(#10030));
#10001=SURFACE_SIDE_STYLE('',(#10031));
#10002=SURFACE_SIDE_STYLE('',(#10032));
#10003=SURFACE_SIDE_STYLE('',(#10033));
#10004=SURFACE_SIDE_STYLE('',(#10034));
#10005=SURFACE_SIDE_STYLE('',(#10035));
#10006=SURFACE_SIDE_STYLE('',(#10036));
#10007=SURFACE_SIDE_STYLE('',(#10037));
#10008=SURFACE_SIDE_STYLE('',(#10038));
#10009=SURFACE_SIDE_STYLE('',(#10039));
#10010=SURFACE_SIDE_STYLE('',(#10040));
#10011=SURFACE_STYLE_FILL_AREA(#10041);
#10012=SURFACE_STYLE_FILL_AREA(#10042);
#10013=SURFACE_STYLE_FILL_AREA(#10043);
#10014=SURFACE_STYLE_FILL_AREA(#10044);
#10015=SURFACE_STYLE_FILL_AREA(#10045);
#10016=SURFACE_STYLE_FILL_AREA(#10046);
#10017=SURFACE_STYLE_FILL_AREA(#10047);
#10018=SURFACE_STYLE_FILL_AREA(#10048);
#10019=SURFACE_STYLE_FILL_AREA(#10049);
#10020=SURFACE_STYLE_FILL_AREA(#10050);
#10021=SURFACE_STYLE_FILL_AREA(#10051);
#10022=SURFACE_STYLE_FILL_AREA(#10052);
#10023=SURFACE_STYLE_FILL_AREA(#10053);
#10024=SURFACE_STYLE_FILL_AREA(#10054);
#10025=SURFACE_STYLE_FILL_AREA(#10055);
#10026=SURFACE_STYLE_FILL_AREA(#10056);
#10027=SURFACE_STYLE_FILL_AREA(#10057);
#10028=SURFACE_STYLE_FILL_AREA(#10058);
#10029=SURFACE_STYLE_FILL_AREA(#10059);
#10030=SURFACE_STYLE_FILL_AREA(#10060);
#10031=SURFACE_STYLE_FILL_AREA(#10061);
#10032=SURFACE_STYLE_FILL_AREA(#10062);
#10033=SURFACE_STYLE_FILL_AREA(#10063);
#10034=SURFACE_STYLE_FILL_AREA(#10064);
#10035=SURFACE_STYLE_FILL_AREA(#10065);
#10036=SURFACE_STYLE_FILL_AREA(#10066);
#10037=SURFACE_STYLE_FILL_AREA(#10067);
#10038=SURFACE_STYLE_FILL_AREA(#10068);
#10039=SURFACE_STYLE_FILL_AREA(#10069);
#10040=SURFACE_STYLE_FILL_AREA(#10070);
#10041=FILL_AREA_STYLE('',(#10071));
#10042=FILL_AREA_STYLE('',(#10072));
#10043=FILL_AREA_STYLE('',(#10073));
#10044=FILL_AREA_STYLE('',(#10074));
#10045=FILL_AREA_STYLE('',(#10075));
#10046=FILL_AREA_STYLE('',(#10076));
#10047=FILL_AREA_STYLE('',(#10077));
#10048=FILL_AREA_STYLE('',(#10078));
#10049=FILL_AREA_STYLE('',(#10079));
#10050=FILL_AREA_STYLE('',(#10080));
#10051=FILL_AREA_STYLE('',(#10081));
#10052=FILL_AREA_STYLE('',(#10082));
#10053=FILL_AREA_STYLE('',(#10083));
#10054=FILL_AREA_STYLE('',(#10084));
#10055=FILL_AREA_STYLE('',(#10085));
#10056=FILL_AREA_STYLE('',(#10086));
#10057=FILL_AREA_STYLE('',(#10087));
#10058=FILL_AREA_STYLE('',(#10088));
#10059=FILL_AREA_STYLE('',(#10089));
#10060=FILL_AREA_STYLE('',(#10090));
#10061=FILL_AREA_STYLE('',(#10091));
#10062=FILL_AREA_STYLE('',(#10092));
#10063=FILL_AREA_STYLE('',(#10093));
#10064=FILL_AREA_STYLE('',(#10094));
#10065=FILL_AREA_STYLE('',(#10095));
#10066=FILL_AREA_STYLE('',(#10096));
#10067=FILL_AREA_STYLE('',(#10097));
#10068=FILL_AREA_STYLE('',(#10098));
#10069=FILL_AREA_STYLE('',(#10099));
#10070=FILL_AREA_STYLE('',(#10100));
#10071=FILL_AREA_STYLE_COLOUR('',#10101);
#10072=FILL_AREA_STYLE_COLOUR('',#95);
#10073=FILL_AREA_STYLE_COLOUR('',#95);
#10074=FILL_AREA_STYLE_COLOUR('',#95);
#10075=FILL_AREA_STYLE_COLOUR('',#95);
#10076=FILL_AREA_STYLE_COLOUR('',#95);
#10077=FILL_AREA_STYLE_COLOUR('',#95);
#10078=FILL_AREA_STYLE_COLOUR('',#95);
#10079=FILL_AREA_STYLE_COLOUR('',#95);
#10080=FILL_AREA_STYLE_COLOUR('',#10102);
#10081=FILL_AREA_STYLE_COLOUR('',#10103);
#10082=FILL_AREA_STYLE_COLOUR('',#10101);
#10083=FILL_AREA_STYLE_COLOUR('',#95);
#10084=FILL_AREA_STYLE_COLOUR('',#95);
#10085=FILL_AREA_STYLE_COLOUR('',#95);
#10086=FILL_AREA_STYLE_COLOUR('',#95);
#10087=FILL_AREA_STYLE_COLOUR('',#95);
#10088=FILL_AREA_STYLE_COLOUR('',#95);
#10089=FILL_AREA_STYLE_COLOUR('',#95);
#10090=FILL_AREA_STYLE_COLOUR('',#95);
#10091=FILL_AREA_STYLE_COLOUR('',#10103);
#10092=FILL_AREA_STYLE_COLOUR('',#10101);
#10093=FILL_AREA_STYLE_COLOUR('',#96);
#10094=FILL_AREA_STYLE_COLOUR('',#10101);
#10095=FILL_AREA_STYLE_COLOUR('',#10101);
#10096=FILL_AREA_STYLE_COLOUR('',#96);
#10097=FILL_AREA_STYLE_COLOUR('',#10104);
#10098=FILL_AREA_STYLE_COLOUR('',#96);
#10099=FILL_AREA_STYLE_COLOUR('',#96);
#10100=FILL_AREA_STYLE_COLOUR('',#96);
#10101=COLOUR_RGB('',0.752941176470588,0.752941176470588,0.752941176470588);
#10102=COLOUR_RGB('',0.980392156862745,0.713725490196078,0.00392156862745098);
#10103=COLOUR_RGB('',0.498039215686275,0.498039215686275,0.498039215686275);
#10104=COLOUR_RGB('',0.501960784313726,0.501960784313726,0.501960784313726);
#10105=MANIFOLD_SOLID_BREP('4',#9903);
#10106=MANIFOLD_SOLID_BREP('gripper_mount',#9904);
#10107=MANIFOLD_SOLID_BREP('finger_holder_right',#9905);
#10108=MANIFOLD_SOLID_BREP('3',#9906);
#10109=MANIFOLD_SOLID_BREP('finger_holder_left',#9907);
#10110=MANIFOLD_SOLID_BREP('6',#9908);
#10111=MANIFOLD_SOLID_BREP('2',#9909);
#10112=MANIFOLD_SOLID_BREP('5',#9910);
#10113=MANIFOLD_SOLID_BREP('1',#9911);
#10114=SHAPE_DEFINITION_REPRESENTATION(#16787,#10123);
#10115=SHAPE_DEFINITION_REPRESENTATION(#16788,#10124);
#10116=SHAPE_DEFINITION_REPRESENTATION(#16789,#10125);
#10117=SHAPE_DEFINITION_REPRESENTATION(#16790,#10126);
#10118=SHAPE_DEFINITION_REPRESENTATION(#16791,#10127);
#10119=SHAPE_DEFINITION_REPRESENTATION(#16792,#10128);
#10120=SHAPE_DEFINITION_REPRESENTATION(#16793,#10129);
#10121=SHAPE_DEFINITION_REPRESENTATION(#16794,#10130);
#10122=SHAPE_DEFINITION_REPRESENTATION(#16795,#10131);
#10123=SHAPE_REPRESENTATION('4',(#10132),#16742);
#10124=SHAPE_REPRESENTATION('gripper_mount',(#10197),#16743);
#10125=SHAPE_REPRESENTATION('finger_holder_right',(#10370),#16744);
#10126=SHAPE_REPRESENTATION('3',(#10485),#16745);
#10127=SHAPE_REPRESENTATION('finger_holder_left',(#10550),#16746);
#10128=SHAPE_REPRESENTATION('6',(#10665),#16747);
#10129=SHAPE_REPRESENTATION('2',(#10721),#16748);
#10130=SHAPE_REPRESENTATION('5',(#10764),#16749);
#10131=SHAPE_REPRESENTATION('1',(#10820),#16750);
#10132=AXIS2_PLACEMENT_3D('',#13883,#11074,#11075);
#10133=AXIS2_PLACEMENT_3D('',#13884,#11076,#11077);
#10134=AXIS2_PLACEMENT_3D('',#13888,#11079,#11080);
#10135=AXIS2_PLACEMENT_3D('',#13892,#11082,#11083);
#10136=AXIS2_PLACEMENT_3D('',#13896,#11085,#11086);
#10137=AXIS2_PLACEMENT_3D('',#13900,#11088,#11089);
#10138=AXIS2_PLACEMENT_3D('',#13904,#11091,#11092);
#10139=AXIS2_PLACEMENT_3D('',#13908,#11094,#11095);
#10140=AXIS2_PLACEMENT_3D('',#13909,#11096,#11097);
#10141=AXIS2_PLACEMENT_3D('',#13910,#11098,#11099);
#10142=AXIS2_PLACEMENT_3D('',#13915,#11101,#11102);
#10143=AXIS2_PLACEMENT_3D('',#13919,#11104,#11105);
#10144=AXIS2_PLACEMENT_3D('',#13923,#11107,#11108);
#10145=AXIS2_PLACEMENT_3D('',#13927,#11110,#11111);
#10146=AXIS2_PLACEMENT_3D('',#13931,#11113,#11114);
#10147=AXIS2_PLACEMENT_3D('',#13934,#11116,#11117);
#10148=AXIS2_PLACEMENT_3D('',#13936,#11118,#11119);
#10149=AXIS2_PLACEMENT_3D('',#13939,#11122,#11123);
#10150=AXIS2_PLACEMENT_3D('',#13941,#11125,#11126);
#10151=AXIS2_PLACEMENT_3D('',#13943,#11128,#11129);
#10152=AXIS2_PLACEMENT_3D('',#13945,#11131,#11132);
#10153=AXIS2_PLACEMENT_3D('',#13947,#11134,#11135);
#10154=AXIS2_PLACEMENT_3D('',#13949,#11137,#11138);
#10155=AXIS2_PLACEMENT_3D('',#13951,#11140,#11141);
#10156=AXIS2_PLACEMENT_3D('',#13953,#11143,#11144);
#10157=AXIS2_PLACEMENT_3D('',#13955,#11146,#11147);
#10158=AXIS2_PLACEMENT_3D('',#13957,#11149,#11150);
#10159=AXIS2_PLACEMENT_3D('',#13959,#11152,#11153);
#10160=AXIS2_PLACEMENT_3D('',#13960,#11154,#11155);
#10161=AXIS2_PLACEMENT_3D('',#13961,#11156,#11157);
#10162=AXIS2_PLACEMENT_3D('',#13963,#11158,#11159);
#10163=AXIS2_PLACEMENT_3D('',#13965,#11160,#11161);
#10164=AXIS2_PLACEMENT_3D('',#13966,#11162,#11163);
#10165=AXIS2_PLACEMENT_3D('',#13968,#11164,#11165);
#10166=AXIS2_PLACEMENT_3D('',#13970,#11166,#11167);
#10167=AXIS2_PLACEMENT_3D('',#13971,#11168,#11169);
#10168=AXIS2_PLACEMENT_3D('',#13973,#11170,#11171);
#10169=AXIS2_PLACEMENT_3D('',#13975,#11172,#11173);
#10170=AXIS2_PLACEMENT_3D('',#13977,#11174,#11175);
#10171=AXIS2_PLACEMENT_3D('',#13979,#11176,#11177);
#10172=AXIS2_PLACEMENT_3D('',#13981,#11178,#11179);
#10173=AXIS2_PLACEMENT_3D('',#13982,#11180,#11181);
#10174=AXIS2_PLACEMENT_3D('',#13984,#11182,#11183);
#10175=AXIS2_PLACEMENT_3D('',#13985,#11184,#11185);
#10176=AXIS2_PLACEMENT_3D('',#13987,#11186,#11187);
#10177=AXIS2_PLACEMENT_3D('',#13988,#11188,#11189);
#10178=AXIS2_PLACEMENT_3D('',#13990,#11190,#11191);
#10179=AXIS2_PLACEMENT_3D('',#13991,#11192,#11193);
#10180=AXIS2_PLACEMENT_3D('',#13993,#11194,#11195);
#10181=AXIS2_PLACEMENT_3D('',#13994,#11196,#11197);
#10182=AXIS2_PLACEMENT_3D('',#13995,#11198,#11199);
#10183=AXIS2_PLACEMENT_3D('',#13996,#11200,#11201);
#10184=AXIS2_PLACEMENT_3D('',#13997,#11202,#11203);
#10185=AXIS2_PLACEMENT_3D('',#13998,#11204,#11205);
#10186=AXIS2_PLACEMENT_3D('',#13999,#11206,#11207);
#10187=AXIS2_PLACEMENT_3D('',#14001,#11208,#11209);
#10188=AXIS2_PLACEMENT_3D('',#14002,#11210,#11211);
#10189=AXIS2_PLACEMENT_3D('',#14004,#11212,#11213);
#10190=AXIS2_PLACEMENT_3D('',#14005,#11214,#11215);
#10191=AXIS2_PLACEMENT_3D('',#14007,#11216,#11217);
#10192=AXIS2_PLACEMENT_3D('',#14008,#11218,#11219);
#10193=AXIS2_PLACEMENT_3D('',#14010,#11220,#11221);
#10194=AXIS2_PLACEMENT_3D('',#14011,#11222,#11223);
#10195=AXIS2_PLACEMENT_3D('',#14012,#11224,#11225);
#10196=AXIS2_PLACEMENT_3D('',#14014,#11226,#11227);
#10197=AXIS2_PLACEMENT_3D('',#14015,#11228,#11229);
#10198=AXIS2_PLACEMENT_3D('',#14016,#11230,#11231);
#10199=AXIS2_PLACEMENT_3D('',#14039,#11240,#11241);
#10200=AXIS2_PLACEMENT_3D('',#14043,#11243,#11244);
#10201=AXIS2_PLACEMENT_3D('',#14047,#11246,#11247);
#10202=AXIS2_PLACEMENT_3D('',#14051,#11249,#11250);
#10203=AXIS2_PLACEMENT_3D('',#14052,#11251,#11252);
#10204=AXIS2_PLACEMENT_3D('',#14054,#11253,#11254);
#10205=AXIS2_PLACEMENT_3D('',#14056,#11255,#11256);
#10206=AXIS2_PLACEMENT_3D('',#14058,#11257,#11258);
#10207=AXIS2_PLACEMENT_3D('',#14060,#11259,#11260);
#10208=AXIS2_PLACEMENT_3D('',#14062,#11261,#11262);
#10209=AXIS2_PLACEMENT_3D('',#14064,#11263,#11264);
#10210=AXIS2_PLACEMENT_3D('',#14066,#11265,#11266);
#10211=AXIS2_PLACEMENT_3D('',#14068,#11267,#11268);
#10212=AXIS2_PLACEMENT_3D('',#14096,#11282,#11283);
#10213=AXIS2_PLACEMENT_3D('',#14097,#11284,#11285);
#10214=AXIS2_PLACEMENT_3D('',#14098,#11286,#11287);
#10215=AXIS2_PLACEMENT_3D('',#14109,#11292,#11293);
#10216=AXIS2_PLACEMENT_3D('',#14116,#11297,#11298);
#10217=AXIS2_PLACEMENT_3D('',#14122,#11301,#11302);
#10218=AXIS2_PLACEMENT_3D('',#14123,#11303,#11304);
#10219=AXIS2_PLACEMENT_3D('',#14132,#11309,#11310);
#10220=AXIS2_PLACEMENT_3D('',#14139,#11314,#11315);
#10221=AXIS2_PLACEMENT_3D('',#14153,#11323,#11324);
#10222=AXIS2_PLACEMENT_3D('',#14154,#11325,#11326);
#10223=AXIS2_PLACEMENT_3D('',#14174,#11336,#11337);
#10224=AXIS2_PLACEMENT_3D('',#14175,#11338,#11339);
#10225=AXIS2_PLACEMENT_3D('',#14177,#11340,#11341);
#10226=AXIS2_PLACEMENT_3D('',#14179,#11342,#11343);
#10227=AXIS2_PLACEMENT_3D('',#14199,#11355,#11356);
#10228=AXIS2_PLACEMENT_3D('',#14201,#11358,#11359);
#10229=AXIS2_PLACEMENT_3D('',#14207,#11363,#11364);
#10230=AXIS2_PLACEMENT_3D('',#14221,#11373,#11374);
#10231=AXIS2_PLACEMENT_3D('',#14222,#11375,#11376);
#10232=AXIS2_PLACEMENT_3D('',#14230,#11381,#11382);
#10233=AXIS2_PLACEMENT_3D('',#14236,#11386,#11387);
#10234=AXIS2_PLACEMENT_3D('',#14242,#11391,#11392);
#10235=AXIS2_PLACEMENT_3D('',#14248,#11396,#11397);
#10236=AXIS2_PLACEMENT_3D('',#14249,#11398,#11399);
#10237=AXIS2_PLACEMENT_3D('',#14258,#11405,#11406);
#10238=AXIS2_PLACEMENT_3D('',#14259,#11407,#11408);
#10239=AXIS2_PLACEMENT_3D('',#14260,#11409,#11410);
#10240=AXIS2_PLACEMENT_3D('',#14261,#11411,#11412);
#10241=AXIS2_PLACEMENT_3D('',#14262,#11413,#11414);
#10242=AXIS2_PLACEMENT_3D('',#14264,#11415,#11416);
#10243=AXIS2_PLACEMENT_3D('',#14266,#11417,#11418);
#10244=AXIS2_PLACEMENT_3D('',#14268,#11419,#11420);
#10245=AXIS2_PLACEMENT_3D('',#14270,#11421,#11422);
#10246=AXIS2_PLACEMENT_3D('',#14272,#11423,#11424);
#10247=AXIS2_PLACEMENT_3D('',#14274,#11425,#11426);
#10248=AXIS2_PLACEMENT_3D('',#14276,#11427,#11428);
#10249=AXIS2_PLACEMENT_3D('',#14278,#11429,#11430);
#10250=AXIS2_PLACEMENT_3D('',#14279,#11431,#11432);
#10251=AXIS2_PLACEMENT_3D('',#14281,#11433,#11434);
#10252=AXIS2_PLACEMENT_3D('',#14282,#11435,#11436);
#10253=AXIS2_PLACEMENT_3D('',#14284,#11437,#11438);
#10254=AXIS2_PLACEMENT_3D('',#14285,#11439,#11440);
#10255=AXIS2_PLACEMENT_3D('',#14286,#11441,#11442);
#10256=AXIS2_PLACEMENT_3D('',#14288,#11443,#11444);
#10257=AXIS2_PLACEMENT_3D('',#14289,#11445,#11446);
#10258=AXIS2_PLACEMENT_3D('',#14291,#11447,#11448);
#10259=AXIS2_PLACEMENT_3D('',#14292,#11449,#11450);
#10260=AXIS2_PLACEMENT_3D('',#14293,#11451,#11452);
#10261=AXIS2_PLACEMENT_3D('',#14295,#11453,#11454);
#10262=AXIS2_PLACEMENT_3D('',#14296,#11455,#11456);
#10263=AXIS2_PLACEMENT_3D('',#14298,#11457,#11458);
#10264=AXIS2_PLACEMENT_3D('',#14299,#11459,#11460);
#10265=AXIS2_PLACEMENT_3D('',#14300,#11461,#11462);
#10266=AXIS2_PLACEMENT_3D('',#14302,#11463,#11464);
#10267=AXIS2_PLACEMENT_3D('',#14303,#11465,#11466);
#10268=AXIS2_PLACEMENT_3D('',#14305,#11467,#11468);
#10269=AXIS2_PLACEMENT_3D('',#14306,#11469,#11470);
#10270=AXIS2_PLACEMENT_3D('',#14307,#11471,#11472);
#10271=AXIS2_PLACEMENT_3D('',#14309,#11473,#11474);
#10272=AXIS2_PLACEMENT_3D('',#14310,#11475,#11476);
#10273=AXIS2_PLACEMENT_3D('',#14312,#11477,#11478);
#10274=AXIS2_PLACEMENT_3D('',#14313,#11479,#11480);
#10275=AXIS2_PLACEMENT_3D('',#14314,#11481,#11482);
#10276=AXIS2_PLACEMENT_3D('',#14316,#11483,#11484);
#10277=AXIS2_PLACEMENT_3D('',#14317,#11485,#11486);
#10278=AXIS2_PLACEMENT_3D('',#14319,#11487,#11488);
#10279=AXIS2_PLACEMENT_3D('',#14320,#11489,#11490);
#10280=AXIS2_PLACEMENT_3D('',#14321,#11491,#11492);
#10281=AXIS2_PLACEMENT_3D('',#14323,#11493,#11494);
#10282=AXIS2_PLACEMENT_3D('',#14324,#11495,#11496);
#10283=AXIS2_PLACEMENT_3D('',#14326,#11497,#11498);
#10284=AXIS2_PLACEMENT_3D('',#14327,#11499,#11500);
#10285=AXIS2_PLACEMENT_3D('',#14328,#11501,#11502);
#10286=AXIS2_PLACEMENT_3D('',#14330,#11503,#11504);
#10287=AXIS2_PLACEMENT_3D('',#14331,#11505,#11506);
#10288=AXIS2_PLACEMENT_3D('',#14333,#11507,#11508);
#10289=AXIS2_PLACEMENT_3D('',#14334,#11509,#11510);
#10290=AXIS2_PLACEMENT_3D('',#14343,#11515,#11516);
#10291=AXIS2_PLACEMENT_3D('',#14347,#11519,#11520);
#10292=AXIS2_PLACEMENT_3D('',#14348,#11521,#11522);
#10293=AXIS2_PLACEMENT_3D('',#14350,#11524,#11525);
#10294=AXIS2_PLACEMENT_3D('',#14356,#11529,#11530);
#10295=AXIS2_PLACEMENT_3D('',#14358,#11532,#11533);
#10296=AXIS2_PLACEMENT_3D('',#14359,#11534,#11535);
#10297=AXIS2_PLACEMENT_3D('',#14362,#11537,#11538);
#10298=AXIS2_PLACEMENT_3D('',#14364,#11540,#11541);
#10299=AXIS2_PLACEMENT_3D('',#14366,#11543,#11544);
#10300=AXIS2_PLACEMENT_3D('',#14368,#11545,#11546);
#10301=AXIS2_PLACEMENT_3D('',#14370,#11548,#11549);
#10302=AXIS2_PLACEMENT_3D('',#14376,#11553,#11554);
#10303=AXIS2_PLACEMENT_3D('',#14377,#11555,#11556);
#10304=AXIS2_PLACEMENT_3D('',#14383,#11560,#11561);
#10305=AXIS2_PLACEMENT_3D('',#14387,#11564,#11565);
#10306=AXIS2_PLACEMENT_3D('',#14391,#11568,#11569);
#10307=AXIS2_PLACEMENT_3D('',#14395,#11572,#11573);
#10308=AXIS2_PLACEMENT_3D('',#14399,#11576,#11577);
#10309=AXIS2_PLACEMENT_3D('',#14401,#11579,#11580);
#10310=AXIS2_PLACEMENT_3D('',#14402,#11581,#11582);
#10311=AXIS2_PLACEMENT_3D('',#14406,#11585,#11586);
#10312=AXIS2_PLACEMENT_3D('',#14410,#11589,#11590);
#10313=AXIS2_PLACEMENT_3D('',#14412,#11592,#11593);
#10314=AXIS2_PLACEMENT_3D('',#14413,#11594,#11595);
#10315=AXIS2_PLACEMENT_3D('',#14417,#11598,#11599);
#10316=AXIS2_PLACEMENT_3D('',#14421,#11602,#11603);
#10317=AXIS2_PLACEMENT_3D('',#14423,#11605,#11606);
#10318=AXIS2_PLACEMENT_3D('',#14424,#11607,#11608);
#10319=AXIS2_PLACEMENT_3D('',#14425,#11609,#11610);
#10320=AXIS2_PLACEMENT_3D('',#14426,#11611,#11612);
#10321=AXIS2_PLACEMENT_3D('',#14427,#11613,#11614);
#10322=AXIS2_PLACEMENT_3D('',#14428,#11615,#11616);
#10323=AXIS2_PLACEMENT_3D('',#14433,#11617,#11618);
#10324=AXIS2_PLACEMENT_3D('',#14479,#11630,#11631);
#10325=AXIS2_PLACEMENT_3D('',#14480,#11632,#11633);
#10326=AXIS2_PLACEMENT_3D('',#14483,#11635,#11636);
#10327=AXIS2_PLACEMENT_3D('',#14491,#11641,#11642);
#10328=AXIS2_PLACEMENT_3D('',#14497,#11646,#11647);
#10329=AXIS2_PLACEMENT_3D('',#14500,#11650,#11651);
#10330=AXIS2_PLACEMENT_3D('',#14506,#11655,#11656);
#10331=AXIS2_PLACEMENT_3D('',#14512,#11660,#11661);
#10332=AXIS2_PLACEMENT_3D('',#14516,#11664,#11665);
#10333=AXIS2_PLACEMENT_3D('',#14519,#11668,#11669);
#10334=AXIS2_PLACEMENT_3D('',#14525,#11673,#11674);
#10335=AXIS2_PLACEMENT_3D('',#14529,#11678,#11679);
#10336=AXIS2_PLACEMENT_3D('',#14530,#11680,#11681);
#10337=AXIS2_PLACEMENT_3D('',#14531,#11682,#11683);
#10338=AXIS2_PLACEMENT_3D('',#14533,#11685,#11686);
#10339=AXIS2_PLACEMENT_3D('',#14534,#11687,#11688);
#10340=AXIS2_PLACEMENT_3D('',#14535,#11689,#11690);
#10341=AXIS2_PLACEMENT_3D('',#14545,#11696,#11697);
#10342=AXIS2_PLACEMENT_3D('',#14551,#11701,#11702);
#10343=AXIS2_PLACEMENT_3D('',#14552,#11703,#11704);
#10344=AXIS2_PLACEMENT_3D('',#14560,#11709,#11710);
#10345=AXIS2_PLACEMENT_3D('',#14561,#11711,#11712);
#10346=AXIS2_PLACEMENT_3D('',#14562,#11713,#11714);
#10347=AXIS2_PLACEMENT_3D('',#14581,#11725,#11726);
#10348=AXIS2_PLACEMENT_3D('',#14582,#11727,#11728);
#10349=AXIS2_PLACEMENT_3D('',#14585,#11730,#11731);
#10350=AXIS2_PLACEMENT_3D('',#14591,#11735,#11736);
#10351=AXIS2_PLACEMENT_3D('',#14597,#11740,#11741);
#10352=AXIS2_PLACEMENT_3D('',#14602,#11745,#11746);
#10353=AXIS2_PLACEMENT_3D('',#14606,#11749,#11750);
#10354=AXIS2_PLACEMENT_3D('',#14610,#11753,#11754);
#10355=AXIS2_PLACEMENT_3D('',#14614,#11758,#11759);
#10356=AXIS2_PLACEMENT_3D('',#14615,#11760,#11761);
#10357=AXIS2_PLACEMENT_3D('',#14616,#11762,#11763);
#10358=AXIS2_PLACEMENT_3D('',#14618,#11765,#11766);
#10359=AXIS2_PLACEMENT_3D('',#14619,#11767,#11768);
#10360=AXIS2_PLACEMENT_3D('',#14620,#11769,#11770);
#10361=AXIS2_PLACEMENT_3D('',#14622,#11772,#11773);
#10362=AXIS2_PLACEMENT_3D('',#14645,#11774,#11775);
#10363=AXIS2_PLACEMENT_3D('',#14646,#11776,#11777);
#10364=AXIS2_PLACEMENT_3D('',#14647,#11778,#11779);
#10365=AXIS2_PLACEMENT_3D('',#14649,#11781,#11782);
#10366=AXIS2_PLACEMENT_3D('',#14650,#11783,#11784);
#10367=AXIS2_PLACEMENT_3D('',#14651,#11785,#11786);
#10368=AXIS2_PLACEMENT_3D('',#14652,#11787,#11788);
#10369=AXIS2_PLACEMENT_3D('',#14654,#11789,#11790);
#10370=AXIS2_PLACEMENT_3D('',#14655,#11791,#11792);
#10371=AXIS2_PLACEMENT_3D('',#14656,#11793,#11794);
#10372=AXIS2_PLACEMENT_3D('',#14669,#11801,#11802);
#10373=AXIS2_PLACEMENT_3D('',#14670,#11803,#11804);
#10374=AXIS2_PLACEMENT_3D('',#14672,#11805,#11806);
#10375=AXIS2_PLACEMENT_3D('',#14674,#11807,#11808);
#10376=AXIS2_PLACEMENT_3D('',#14675,#11809,#11810);
#10377=AXIS2_PLACEMENT_3D('',#14677,#11811,#11812);
#10378=AXIS2_PLACEMENT_3D('',#14679,#11813,#11814);
#10379=AXIS2_PLACEMENT_3D('',#14680,#11815,#11816);
#10380=AXIS2_PLACEMENT_3D('',#14682,#11817,#11818);
#10381=AXIS2_PLACEMENT_3D('',#14684,#11819,#11820);
#10382=AXIS2_PLACEMENT_3D('',#14693,#11825,#11826);
#10383=AXIS2_PLACEMENT_3D('',#14695,#11827,#11828);
#10384=AXIS2_PLACEMENT_3D('',#14697,#11829,#11830);
#10385=AXIS2_PLACEMENT_3D('',#14706,#11835,#11836);
#10386=AXIS2_PLACEMENT_3D('',#14720,#11844,#11845);
#10387=AXIS2_PLACEMENT_3D('',#14733,#11852,#11853);
#10388=AXIS2_PLACEMENT_3D('',#14742,#11858,#11859);
#10389=AXIS2_PLACEMENT_3D('',#14751,#11864,#11865);
#10390=AXIS2_PLACEMENT_3D('',#14760,#11870,#11871);
#10391=AXIS2_PLACEMENT_3D('',#14766,#11875,#11876);
#10392=AXIS2_PLACEMENT_3D('',#14767,#11877,#11878);
#10393=AXIS2_PLACEMENT_3D('',#14769,#11879,#11880);
#10394=AXIS2_PLACEMENT_3D('',#14773,#11883,#11884);
#10395=AXIS2_PLACEMENT_3D('',#14784,#11891,#11892);
#10396=AXIS2_PLACEMENT_3D('',#14821,#11911,#11912);
#10397=AXIS2_PLACEMENT_3D('',#14822,#11913,#11914);
#10398=AXIS2_PLACEMENT_3D('',#14823,#11915,#11916);
#10399=AXIS2_PLACEMENT_3D('',#14824,#11917,#11918);
#10400=AXIS2_PLACEMENT_3D('',#14825,#11919,#11920);
#10401=AXIS2_PLACEMENT_3D('',#14826,#11921,#11922);
#10402=AXIS2_PLACEMENT_3D('',#14827,#11923,#11924);
#10403=AXIS2_PLACEMENT_3D('',#14828,#11925,#11926);
#10404=AXIS2_PLACEMENT_3D('',#14834,#11930,#11931);
#10405=AXIS2_PLACEMENT_3D('',#14835,#11932,#11933);
#10406=AXIS2_PLACEMENT_3D('',#14836,#11934,#11935);
#10407=AXIS2_PLACEMENT_3D('',#14837,#11936,#11937);
#10408=AXIS2_PLACEMENT_3D('',#14838,#11938,#11939);
#10409=AXIS2_PLACEMENT_3D('',#14839,#11940,#11941);
#10410=AXIS2_PLACEMENT_3D('',#14848,#11946,#11947);
#10411=AXIS2_PLACEMENT_3D('',#14857,#11952,#11953);
#10412=AXIS2_PLACEMENT_3D('',#14858,#11954,#11955);
#10413=AXIS2_PLACEMENT_3D('',#14860,#11956,#11957);
#10414=AXIS2_PLACEMENT_3D('',#14862,#11958,#11959);
#10415=AXIS2_PLACEMENT_3D('',#14864,#11960,#11961);
#10416=AXIS2_PLACEMENT_3D('',#14865,#11962,#11963);
#10417=AXIS2_PLACEMENT_3D('',#14866,#11964,#11965);
#10418=AXIS2_PLACEMENT_3D('',#14867,#11966,#11967);
#10419=AXIS2_PLACEMENT_3D('',#14868,#11968,#11969);
#10420=AXIS2_PLACEMENT_3D('',#14869,#11970,#11971);
#10421=AXIS2_PLACEMENT_3D('',#14870,#11972,#11973);
#10422=AXIS2_PLACEMENT_3D('',#14871,#11974,#11975);
#10423=AXIS2_PLACEMENT_3D('',#14872,#11976,#11977);
#10424=AXIS2_PLACEMENT_3D('',#14874,#11978,#11979);
#10425=AXIS2_PLACEMENT_3D('',#14876,#11980,#11981);
#10426=AXIS2_PLACEMENT_3D('',#14878,#11982,#11983);
#10427=AXIS2_PLACEMENT_3D('',#14879,#11984,#11985);
#10428=AXIS2_PLACEMENT_3D('',#14880,#11986,#11987);
#10429=AXIS2_PLACEMENT_3D('',#14881,#11988,#11989);
#10430=AXIS2_PLACEMENT_3D('',#14882,#11990,#11991);
#10431=AXIS2_PLACEMENT_3D('',#14883,#11992,#11993);
#10432=AXIS2_PLACEMENT_3D('',#14885,#11994,#11995);
#10433=AXIS2_PLACEMENT_3D('',#14886,#11996,#11997);
#10434=AXIS2_PLACEMENT_3D('',#14888,#11998,#11999);
#10435=AXIS2_PLACEMENT_3D('',#14889,#12000,#12001);
#10436=AXIS2_PLACEMENT_3D('',#14890,#12002,#12003);
#10437=AXIS2_PLACEMENT_3D('',#14892,#12004,#12005);
#10438=AXIS2_PLACEMENT_3D('',#14893,#12006,#12007);
#10439=AXIS2_PLACEMENT_3D('',#14895,#12008,#12009);
#10440=AXIS2_PLACEMENT_3D('',#14896,#12010,#12011);
#10441=AXIS2_PLACEMENT_3D('',#14897,#12012,#12013);
#10442=AXIS2_PLACEMENT_3D('',#14899,#12014,#12015);
#10443=AXIS2_PLACEMENT_3D('',#14900,#12016,#12017);
#10444=AXIS2_PLACEMENT_3D('',#14902,#12018,#12019);
#10445=AXIS2_PLACEMENT_3D('',#14903,#12020,#12021);
#10446=AXIS2_PLACEMENT_3D('',#14904,#12022,#12023);
#10447=AXIS2_PLACEMENT_3D('',#14906,#12024,#12025);
#10448=AXIS2_PLACEMENT_3D('',#14907,#12026,#12027);
#10449=AXIS2_PLACEMENT_3D('',#14909,#12028,#12029);
#10450=AXIS2_PLACEMENT_3D('',#14910,#12030,#12031);
#10451=AXIS2_PLACEMENT_3D('',#14911,#12032,#12033);
#10452=AXIS2_PLACEMENT_3D('',#14913,#12034,#12035);
#10453=AXIS2_PLACEMENT_3D('',#14914,#12036,#12037);
#10454=AXIS2_PLACEMENT_3D('',#14916,#12038,#12039);
#10455=AXIS2_PLACEMENT_3D('',#14917,#12040,#12041);
#10456=AXIS2_PLACEMENT_3D('',#14923,#12045,#12046);
#10457=AXIS2_PLACEMENT_3D('',#14927,#12049,#12050);
#10458=AXIS2_PLACEMENT_3D('',#14931,#12053,#12054);
#10459=AXIS2_PLACEMENT_3D('',#14935,#12057,#12058);
#10460=AXIS2_PLACEMENT_3D('',#14939,#12061,#12062);
#10461=AXIS2_PLACEMENT_3D('',#14941,#12064,#12065);
#10462=AXIS2_PLACEMENT_3D('',#14942,#12066,#12067);
#10463=AXIS2_PLACEMENT_3D('',#14948,#12071,#12072);
#10464=AXIS2_PLACEMENT_3D('',#14952,#12075,#12076);
#10465=AXIS2_PLACEMENT_3D('',#14956,#12079,#12080);
#10466=AXIS2_PLACEMENT_3D('',#14960,#12083,#12084);
#10467=AXIS2_PLACEMENT_3D('',#14964,#12087,#12088);
#10468=AXIS2_PLACEMENT_3D('',#14966,#12090,#12091);
#10469=AXIS2_PLACEMENT_3D('',#14967,#12092,#12093);
#10470=AXIS2_PLACEMENT_3D('',#14973,#12097,#12098);
#10471=AXIS2_PLACEMENT_3D('',#14977,#12101,#12102);
#10472=AXIS2_PLACEMENT_3D('',#14981,#12105,#12106);
#10473=AXIS2_PLACEMENT_3D('',#14985,#12109,#12110);
#10474=AXIS2_PLACEMENT_3D('',#14989,#12113,#12114);
#10475=AXIS2_PLACEMENT_3D('',#14991,#12116,#12117);
#10476=AXIS2_PLACEMENT_3D('',#14992,#12118,#12119);
#10477=AXIS2_PLACEMENT_3D('',#14993,#12120,#12121);
#10478=AXIS2_PLACEMENT_3D('',#14994,#12122,#12123);
#10479=AXIS2_PLACEMENT_3D('',#14995,#12124,#12125);
#10480=AXIS2_PLACEMENT_3D('',#14996,#12126,#12127);
#10481=AXIS2_PLACEMENT_3D('',#14997,#12128,#12129);
#10482=AXIS2_PLACEMENT_3D('',#14998,#12130,#12131);
#10483=AXIS2_PLACEMENT_3D('',#14999,#12132,#12133);
#10484=AXIS2_PLACEMENT_3D('',#15000,#12134,#12135);
#10485=AXIS2_PLACEMENT_3D('',#15001,#12136,#12137);
#10486=AXIS2_PLACEMENT_3D('',#15002,#12138,#12139);
#10487=AXIS2_PLACEMENT_3D('',#15006,#12141,#12142);
#10488=AXIS2_PLACEMENT_3D('',#15010,#12144,#12145);
#10489=AXIS2_PLACEMENT_3D('',#15014,#12147,#12148);
#10490=AXIS2_PLACEMENT_3D('',#15018,#12150,#12151);
#10491=AXIS2_PLACEMENT_3D('',#15022,#12153,#12154);
#10492=AXIS2_PLACEMENT_3D('',#15026,#12156,#12157);
#10493=AXIS2_PLACEMENT_3D('',#15027,#12158,#12159);
#10494=AXIS2_PLACEMENT_3D('',#15028,#12160,#12161);
#10495=AXIS2_PLACEMENT_3D('',#15033,#12163,#12164);
#10496=AXIS2_PLACEMENT_3D('',#15037,#12166,#12167);
#10497=AXIS2_PLACEMENT_3D('',#15041,#12169,#12170);
#10498=AXIS2_PLACEMENT_3D('',#15045,#12172,#12173);
#10499=AXIS2_PLACEMENT_3D('',#15049,#12175,#12176);
#10500=AXIS2_PLACEMENT_3D('',#15052,#12178,#12179);
#10501=AXIS2_PLACEMENT_3D('',#15054,#12180,#12181);
#10502=AXIS2_PLACEMENT_3D('',#15057,#12184,#12185);
#10503=AXIS2_PLACEMENT_3D('',#15059,#12187,#12188);
#10504=AXIS2_PLACEMENT_3D('',#15061,#12190,#12191);
#10505=AXIS2_PLACEMENT_3D('',#15063,#12193,#12194);
#10506=AXIS2_PLACEMENT_3D('',#15065,#12196,#12197);
#10507=AXIS2_PLACEMENT_3D('',#15067,#12199,#12200);
#10508=AXIS2_PLACEMENT_3D('',#15069,#12202,#12203);
#10509=AXIS2_PLACEMENT_3D('',#15071,#12205,#12206);
#10510=AXIS2_PLACEMENT_3D('',#15073,#12208,#12209);
#10511=AXIS2_PLACEMENT_3D('',#15075,#12211,#12212);
#10512=AXIS2_PLACEMENT_3D('',#15077,#12214,#12215);
#10513=AXIS2_PLACEMENT_3D('',#15078,#12216,#12217);
#10514=AXIS2_PLACEMENT_3D('',#15079,#12218,#12219);
#10515=AXIS2_PLACEMENT_3D('',#15081,#12220,#12221);
#10516=AXIS2_PLACEMENT_3D('',#15083,#12222,#12223);
#10517=AXIS2_PLACEMENT_3D('',#15084,#12224,#12225);
#10518=AXIS2_PLACEMENT_3D('',#15086,#12226,#12227);
#10519=AXIS2_PLACEMENT_3D('',#15088,#12228,#12229);
#10520=AXIS2_PLACEMENT_3D('',#15089,#12230,#12231);
#10521=AXIS2_PLACEMENT_3D('',#15091,#12232,#12233);
#10522=AXIS2_PLACEMENT_3D('',#15093,#12234,#12235);
#10523=AXIS2_PLACEMENT_3D('',#15095,#12236,#12237);
#10524=AXIS2_PLACEMENT_3D('',#15097,#12238,#12239);
#10525=AXIS2_PLACEMENT_3D('',#15099,#12240,#12241);
#10526=AXIS2_PLACEMENT_3D('',#15100,#12242,#12243);
#10527=AXIS2_PLACEMENT_3D('',#15102,#12244,#12245);
#10528=AXIS2_PLACEMENT_3D('',#15103,#12246,#12247);
#10529=AXIS2_PLACEMENT_3D('',#15105,#12248,#12249);
#10530=AXIS2_PLACEMENT_3D('',#15106,#12250,#12251);
#10531=AXIS2_PLACEMENT_3D('',#15108,#12252,#12253);
#10532=AXIS2_PLACEMENT_3D('',#15109,#12254,#12255);
#10533=AXIS2_PLACEMENT_3D('',#15111,#12256,#12257);
#10534=AXIS2_PLACEMENT_3D('',#15112,#12258,#12259);
#10535=AXIS2_PLACEMENT_3D('',#15113,#12260,#12261);
#10536=AXIS2_PLACEMENT_3D('',#15114,#12262,#12263);
#10537=AXIS2_PLACEMENT_3D('',#15115,#12264,#12265);
#10538=AXIS2_PLACEMENT_3D('',#15116,#12266,#12267);
#10539=AXIS2_PLACEMENT_3D('',#15117,#12268,#12269);
#10540=AXIS2_PLACEMENT_3D('',#15119,#12270,#12271);
#10541=AXIS2_PLACEMENT_3D('',#15120,#12272,#12273);
#10542=AXIS2_PLACEMENT_3D('',#15122,#12274,#12275);
#10543=AXIS2_PLACEMENT_3D('',#15123,#12276,#12277);
#10544=AXIS2_PLACEMENT_3D('',#15125,#12278,#12279);
#10545=AXIS2_PLACEMENT_3D('',#15126,#12280,#12281);
#10546=AXIS2_PLACEMENT_3D('',#15128,#12282,#12283);
#10547=AXIS2_PLACEMENT_3D('',#15129,#12284,#12285);
#10548=AXIS2_PLACEMENT_3D('',#15130,#12286,#12287);
#10549=AXIS2_PLACEMENT_3D('',#15132,#12288,#12289);
#10550=AXIS2_PLACEMENT_3D('',#15133,#12290,#12291);
#10551=AXIS2_PLACEMENT_3D('',#15134,#12292,#12293);
#10552=AXIS2_PLACEMENT_3D('',#15147,#12300,#12301);
#10553=AXIS2_PLACEMENT_3D('',#15148,#12302,#12303);
#10554=AXIS2_PLACEMENT_3D('',#15150,#12304,#12305);
#10555=AXIS2_PLACEMENT_3D('',#15152,#12306,#12307);
#10556=AXIS2_PLACEMENT_3D('',#15153,#12308,#12309);
#10557=AXIS2_PLACEMENT_3D('',#15155,#12310,#12311);
#10558=AXIS2_PLACEMENT_3D('',#15157,#12312,#12313);
#10559=AXIS2_PLACEMENT_3D('',#15158,#12314,#12315);
#10560=AXIS2_PLACEMENT_3D('',#15160,#12316,#12317);
#10561=AXIS2_PLACEMENT_3D('',#15162,#12318,#12319);
#10562=AXIS2_PLACEMENT_3D('',#15171,#12324,#12325);
#10563=AXIS2_PLACEMENT_3D('',#15173,#12326,#12327);
#10564=AXIS2_PLACEMENT_3D('',#15175,#12328,#12329);
#10565=AXIS2_PLACEMENT_3D('',#15184,#12334,#12335);
#10566=AXIS2_PLACEMENT_3D('',#15198,#12343,#12344);
#10567=AXIS2_PLACEMENT_3D('',#15211,#12351,#12352);
#10568=AXIS2_PLACEMENT_3D('',#15220,#12357,#12358);
#10569=AXIS2_PLACEMENT_3D('',#15229,#12363,#12364);
#10570=AXIS2_PLACEMENT_3D('',#15238,#12369,#12370);
#10571=AXIS2_PLACEMENT_3D('',#15244,#12374,#12375);
#10572=AXIS2_PLACEMENT_3D('',#15245,#12376,#12377);
#10573=AXIS2_PLACEMENT_3D('',#15247,#12378,#12379);
#10574=AXIS2_PLACEMENT_3D('',#15251,#12382,#12383);
#10575=AXIS2_PLACEMENT_3D('',#15262,#12390,#12391);
#10576=AXIS2_PLACEMENT_3D('',#15299,#12410,#12411);
#10577=AXIS2_PLACEMENT_3D('',#15300,#12412,#12413);
#10578=AXIS2_PLACEMENT_3D('',#15301,#12414,#12415);
#10579=AXIS2_PLACEMENT_3D('',#15302,#12416,#12417);
#10580=AXIS2_PLACEMENT_3D('',#15303,#12418,#12419);
#10581=AXIS2_PLACEMENT_3D('',#15304,#12420,#12421);
#10582=AXIS2_PLACEMENT_3D('',#15305,#12422,#12423);
#10583=AXIS2_PLACEMENT_3D('',#15306,#12424,#12425);
#10584=AXIS2_PLACEMENT_3D('',#15312,#12429,#12430);
#10585=AXIS2_PLACEMENT_3D('',#15313,#12431,#12432);
#10586=AXIS2_PLACEMENT_3D('',#15314,#12433,#12434);
#10587=AXIS2_PLACEMENT_3D('',#15315,#12435,#12436);
#10588=AXIS2_PLACEMENT_3D('',#15316,#12437,#12438);
#10589=AXIS2_PLACEMENT_3D('',#15317,#12439,#12440);
#10590=AXIS2_PLACEMENT_3D('',#15326,#12445,#12446);
#10591=AXIS2_PLACEMENT_3D('',#15335,#12451,#12452);
#10592=AXIS2_PLACEMENT_3D('',#15336,#12453,#12454);
#10593=AXIS2_PLACEMENT_3D('',#15338,#12455,#12456);
#10594=AXIS2_PLACEMENT_3D('',#15340,#12457,#12458);
#10595=AXIS2_PLACEMENT_3D('',#15342,#12459,#12460);
#10596=AXIS2_PLACEMENT_3D('',#15343,#12461,#12462);
#10597=AXIS2_PLACEMENT_3D('',#15344,#12463,#12464);
#10598=AXIS2_PLACEMENT_3D('',#15345,#12465,#12466);
#10599=AXIS2_PLACEMENT_3D('',#15346,#12467,#12468);
#10600=AXIS2_PLACEMENT_3D('',#15347,#12469,#12470);
#10601=AXIS2_PLACEMENT_3D('',#15348,#12471,#12472);
#10602=AXIS2_PLACEMENT_3D('',#15349,#12473,#12474);
#10603=AXIS2_PLACEMENT_3D('',#15350,#12475,#12476);
#10604=AXIS2_PLACEMENT_3D('',#15352,#12477,#12478);
#10605=AXIS2_PLACEMENT_3D('',#15354,#12479,#12480);
#10606=AXIS2_PLACEMENT_3D('',#15356,#12481,#12482);
#10607=AXIS2_PLACEMENT_3D('',#15357,#12483,#12484);
#10608=AXIS2_PLACEMENT_3D('',#15358,#12485,#12486);
#10609=AXIS2_PLACEMENT_3D('',#15359,#12487,#12488);
#10610=AXIS2_PLACEMENT_3D('',#15360,#12489,#12490);
#10611=AXIS2_PLACEMENT_3D('',#15361,#12491,#12492);
#10612=AXIS2_PLACEMENT_3D('',#15363,#12493,#12494);
#10613=AXIS2_PLACEMENT_3D('',#15364,#12495,#12496);
#10614=AXIS2_PLACEMENT_3D('',#15366,#12497,#12498);
#10615=AXIS2_PLACEMENT_3D('',#15367,#12499,#12500);
#10616=AXIS2_PLACEMENT_3D('',#15368,#12501,#12502);
#10617=AXIS2_PLACEMENT_3D('',#15370,#12503,#12504);
#10618=AXIS2_PLACEMENT_3D('',#15371,#12505,#12506);
#10619=AXIS2_PLACEMENT_3D('',#15373,#12507,#12508);
#10620=AXIS2_PLACEMENT_3D('',#15374,#12509,#12510);
#10621=AXIS2_PLACEMENT_3D('',#15375,#12511,#12512);
#10622=AXIS2_PLACEMENT_3D('',#15377,#12513,#12514);
#10623=AXIS2_PLACEMENT_3D('',#15378,#12515,#12516);
#10624=AXIS2_PLACEMENT_3D('',#15380,#12517,#12518);
#10625=AXIS2_PLACEMENT_3D('',#15381,#12519,#12520);
#10626=AXIS2_PLACEMENT_3D('',#15382,#12521,#12522);
#10627=AXIS2_PLACEMENT_3D('',#15384,#12523,#12524);
#10628=AXIS2_PLACEMENT_3D('',#15385,#12525,#12526);
#10629=AXIS2_PLACEMENT_3D('',#15387,#12527,#12528);
#10630=AXIS2_PLACEMENT_3D('',#15388,#12529,#12530);
#10631=AXIS2_PLACEMENT_3D('',#15389,#12531,#12532);
#10632=AXIS2_PLACEMENT_3D('',#15391,#12533,#12534);
#10633=AXIS2_PLACEMENT_3D('',#15392,#12535,#12536);
#10634=AXIS2_PLACEMENT_3D('',#15394,#12537,#12538);
#10635=AXIS2_PLACEMENT_3D('',#15395,#12539,#12540);
#10636=AXIS2_PLACEMENT_3D('',#15401,#12544,#12545);
#10637=AXIS2_PLACEMENT_3D('',#15405,#12548,#12549);
#10638=AXIS2_PLACEMENT_3D('',#15409,#12552,#12553);
#10639=AXIS2_PLACEMENT_3D('',#15413,#12556,#12557);
#10640=AXIS2_PLACEMENT_3D('',#15417,#12560,#12561);
#10641=AXIS2_PLACEMENT_3D('',#15419,#12563,#12564);
#10642=AXIS2_PLACEMENT_3D('',#15420,#12565,#12566);
#10643=AXIS2_PLACEMENT_3D('',#15426,#12570,#12571);
#10644=AXIS2_PLACEMENT_3D('',#15430,#12574,#12575);
#10645=AXIS2_PLACEMENT_3D('',#15434,#12578,#12579);
#10646=AXIS2_PLACEMENT_3D('',#15438,#12582,#12583);
#10647=AXIS2_PLACEMENT_3D('',#15442,#12586,#12587);
#10648=AXIS2_PLACEMENT_3D('',#15444,#12589,#12590);
#10649=AXIS2_PLACEMENT_3D('',#15445,#12591,#12592);
#10650=AXIS2_PLACEMENT_3D('',#15451,#12596,#12597);
#10651=AXIS2_PLACEMENT_3D('',#15455,#12600,#12601);
#10652=AXIS2_PLACEMENT_3D('',#15459,#12604,#12605);
#10653=AXIS2_PLACEMENT_3D('',#15463,#12608,#12609);
#10654=AXIS2_PLACEMENT_3D('',#15467,#12612,#12613);
#10655=AXIS2_PLACEMENT_3D('',#15469,#12615,#12616);
#10656=AXIS2_PLACEMENT_3D('',#15470,#12617,#12618);
#10657=AXIS2_PLACEMENT_3D('',#15471,#12619,#12620);
#10658=AXIS2_PLACEMENT_3D('',#15472,#12621,#12622);
#10659=AXIS2_PLACEMENT_3D('',#15473,#12623,#12624);
#10660=AXIS2_PLACEMENT_3D('',#15474,#12625,#12626);
#10661=AXIS2_PLACEMENT_3D('',#15475,#12627,#12628);
#10662=AXIS2_PLACEMENT_3D('',#15476,#12629,#12630);
#10663=AXIS2_PLACEMENT_3D('',#15477,#12631,#12632);
#10664=AXIS2_PLACEMENT_3D('',#15478,#12633,#12634);
#10665=AXIS2_PLACEMENT_3D('',#15479,#12635,#12636);
#10666=AXIS2_PLACEMENT_3D('',#15480,#12637,#12638);
#10667=AXIS2_PLACEMENT_3D('',#15489,#12643,#12644);
#10668=AXIS2_PLACEMENT_3D('',#15498,#12649,#12650);
#10669=AXIS2_PLACEMENT_3D('',#15504,#12654,#12655);
#10670=AXIS2_PLACEMENT_3D('',#15510,#12659,#12660);
#10671=AXIS2_PLACEMENT_3D('',#15512,#12662,#12663);
#10672=AXIS2_PLACEMENT_3D('',#15513,#12664,#12665);
#10673=AXIS2_PLACEMENT_3D('',#15515,#12666,#12667);
#10674=AXIS2_PLACEMENT_3D('',#15517,#12668,#12669);
#10675=AXIS2_PLACEMENT_3D('',#15518,#12670,#12671);
#10676=AXIS2_PLACEMENT_3D('',#15520,#12672,#12673);
#10677=AXIS2_PLACEMENT_3D('',#15522,#12674,#12675);
#10678=AXIS2_PLACEMENT_3D('',#15523,#12676,#12677);
#10679=AXIS2_PLACEMENT_3D('',#15525,#12678,#12679);
#10680=AXIS2_PLACEMENT_3D('',#15527,#12680,#12681);
#10681=AXIS2_PLACEMENT_3D('',#15528,#12682,#12683);
#10682=AXIS2_PLACEMENT_3D('',#15530,#12684,#12685);
#10683=AXIS2_PLACEMENT_3D('',#15532,#12686,#12687);
#10684=AXIS2_PLACEMENT_3D('',#15533,#12688,#12689);
#10685=AXIS2_PLACEMENT_3D('',#15538,#12691,#12692);
#10686=AXIS2_PLACEMENT_3D('',#15541,#12694,#12695);
#10687=AXIS2_PLACEMENT_3D('',#15547,#12699,#12700);
#10688=AXIS2_PLACEMENT_3D('',#15548,#12701,#12702);
#10689=AXIS2_PLACEMENT_3D('',#15552,#12704,#12705);
#10690=AXIS2_PLACEMENT_3D('',#15553,#12706,#12707);
#10691=AXIS2_PLACEMENT_3D('',#15559,#12711,#12712);
#10692=AXIS2_PLACEMENT_3D('',#15560,#12713,#12714);
#10693=AXIS2_PLACEMENT_3D('',#15564,#12716,#12717);
#10694=AXIS2_PLACEMENT_3D('',#15565,#12718,#12719);
#10695=AXIS2_PLACEMENT_3D('',#15571,#12723,#12724);
#10696=AXIS2_PLACEMENT_3D('',#15572,#12725,#12726);
#10697=AXIS2_PLACEMENT_3D('',#15576,#12728,#12729);
#10698=AXIS2_PLACEMENT_3D('',#15577,#12730,#12731);
#10699=AXIS2_PLACEMENT_3D('',#15580,#12734,#12735);
#10700=AXIS2_PLACEMENT_3D('',#15581,#12736,#12737);
#10701=AXIS2_PLACEMENT_3D('',#15583,#12738,#12739);
#10702=AXIS2_PLACEMENT_3D('',#15585,#12740,#12741);
#10703=AXIS2_PLACEMENT_3D('',#15598,#12748,#12749);
#10704=AXIS2_PLACEMENT_3D('',#15599,#12750,#12751);
#10705=AXIS2_PLACEMENT_3D('',#15601,#12752,#12753);
#10706=AXIS2_PLACEMENT_3D('',#15612,#12759,#12760);
#10707=AXIS2_PLACEMENT_3D('',#15616,#12763,#12764);
#10708=AXIS2_PLACEMENT_3D('',#15625,#12770,#12771);
#10709=AXIS2_PLACEMENT_3D('',#15627,#12773,#12774);
#10710=AXIS2_PLACEMENT_3D('',#15629,#12776,#12777);
#10711=AXIS2_PLACEMENT_3D('',#15634,#12781,#12782);
#10712=AXIS2_PLACEMENT_3D('',#15636,#12784,#12785);
#10713=AXIS2_PLACEMENT_3D('',#15640,#12788,#12789);
#10714=AXIS2_PLACEMENT_3D('',#15642,#12791,#12792);
#10715=AXIS2_PLACEMENT_3D('',#15643,#12793,#12794);
#10716=AXIS2_PLACEMENT_3D('',#15644,#12795,#12796);
#10717=AXIS2_PLACEMENT_3D('',#15645,#12797,#12798);
#10718=AXIS2_PLACEMENT_3D('',#15646,#12799,#12800);
#10719=AXIS2_PLACEMENT_3D('',#15647,#12801,#12802);
#10720=AXIS2_PLACEMENT_3D('',#15648,#12803,#12804);
#10721=AXIS2_PLACEMENT_3D('',#15649,#12805,#12806);
#10722=AXIS2_PLACEMENT_3D('',#15650,#12807,#12808);
#10723=AXIS2_PLACEMENT_3D('',#15663,#12815,#12816);
#10724=AXIS2_PLACEMENT_3D('',#15665,#12817,#12818);
#10725=AXIS2_PLACEMENT_3D('',#15666,#12819,#12820);
#10726=AXIS2_PLACEMENT_3D('',#15668,#12821,#12822);
#10727=AXIS2_PLACEMENT_3D('',#15670,#12823,#12824);
#10728=AXIS2_PLACEMENT_3D('',#15676,#12828,#12829);
#10729=AXIS2_PLACEMENT_3D('',#15680,#12832,#12833);
#10730=AXIS2_PLACEMENT_3D('',#15684,#12836,#12837);
#10731=AXIS2_PLACEMENT_3D('',#15688,#12840,#12841);
#10732=AXIS2_PLACEMENT_3D('',#15692,#12844,#12845);
#10733=AXIS2_PLACEMENT_3D('',#15703,#12851,#12852);
#10734=AXIS2_PLACEMENT_3D('',#15705,#12854,#12855);
#10735=AXIS2_PLACEMENT_3D('',#15713,#12860,#12861);
#10736=AXIS2_PLACEMENT_3D('',#15714,#12862,#12863);
#10737=AXIS2_PLACEMENT_3D('',#15716,#12864,#12865);
#10738=AXIS2_PLACEMENT_3D('',#15718,#12866,#12867);
#10739=AXIS2_PLACEMENT_3D('',#15719,#12868,#12869);
#10740=AXIS2_PLACEMENT_3D('',#15721,#12870,#12871);
#10741=AXIS2_PLACEMENT_3D('',#15729,#12876,#12877);
#10742=AXIS2_PLACEMENT_3D('',#15730,#12878,#12879);
#10743=AXIS2_PLACEMENT_3D('',#15737,#12883,#12884);
#10744=AXIS2_PLACEMENT_3D('',#15743,#12888,#12889);
#10745=AXIS2_PLACEMENT_3D('',#15749,#12893,#12894);
#10746=AXIS2_PLACEMENT_3D('',#15753,#12897,#12898);
#10747=AXIS2_PLACEMENT_3D('',#15754,#12899,#12900);
#10748=AXIS2_PLACEMENT_3D('',#15755,#12901,#12902);
#10749=AXIS2_PLACEMENT_3D('',#15756,#12903,#12904);
#10750=AXIS2_PLACEMENT_3D('',#15757,#12905,#12906);
#10751=AXIS2_PLACEMENT_3D('',#15758,#12907,#12908);
#10752=AXIS2_PLACEMENT_3D('',#15759,#12909,#12910);
#10753=AXIS2_PLACEMENT_3D('',#15760,#12911,#12912);
#10754=AXIS2_PLACEMENT_3D('',#15761,#12913,#12914);
#10755=AXIS2_PLACEMENT_3D('',#15762,#12915,#12916);
#10756=AXIS2_PLACEMENT_3D('',#15763,#12917,#12918);
#10757=AXIS2_PLACEMENT_3D('',#15764,#12919,#12920);
#10758=AXIS2_PLACEMENT_3D('',#15765,#12921,#12922);
#10759=AXIS2_PLACEMENT_3D('',#15766,#12923,#12924);
#10760=AXIS2_PLACEMENT_3D('',#15767,#12925,#12926);
#10761=AXIS2_PLACEMENT_3D('',#15769,#12927,#12928);
#10762=AXIS2_PLACEMENT_3D('',#15770,#12929,#12930);
#10763=AXIS2_PLACEMENT_3D('',#15771,#12931,#12932);
#10764=AXIS2_PLACEMENT_3D('',#15772,#12933,#12934);
#10765=AXIS2_PLACEMENT_3D('',#15773,#12935,#12936);
#10766=AXIS2_PLACEMENT_3D('',#15782,#12941,#12942);
#10767=AXIS2_PLACEMENT_3D('',#15791,#12947,#12948);
#10768=AXIS2_PLACEMENT_3D('',#15797,#12952,#12953);
#10769=AXIS2_PLACEMENT_3D('',#15803,#12957,#12958);
#10770=AXIS2_PLACEMENT_3D('',#15805,#12960,#12961);
#10771=AXIS2_PLACEMENT_3D('',#15806,#12962,#12963);
#10772=AXIS2_PLACEMENT_3D('',#15808,#12964,#12965);
#10773=AXIS2_PLACEMENT_3D('',#15810,#12966,#12967);
#10774=AXIS2_PLACEMENT_3D('',#15811,#12968,#12969);
#10775=AXIS2_PLACEMENT_3D('',#15813,#12970,#12971);
#10776=AXIS2_PLACEMENT_3D('',#15815,#12972,#12973);
#10777=AXIS2_PLACEMENT_3D('',#15816,#12974,#12975);
#10778=AXIS2_PLACEMENT_3D('',#15818,#12976,#12977);
#10779=AXIS2_PLACEMENT_3D('',#15820,#12978,#12979);
#10780=AXIS2_PLACEMENT_3D('',#15821,#12980,#12981);
#10781=AXIS2_PLACEMENT_3D('',#15823,#12982,#12983);
#10782=AXIS2_PLACEMENT_3D('',#15825,#12984,#12985);
#10783=AXIS2_PLACEMENT_3D('',#15826,#12986,#12987);
#10784=AXIS2_PLACEMENT_3D('',#15831,#12989,#12990);
#10785=AXIS2_PLACEMENT_3D('',#15834,#12992,#12993);
#10786=AXIS2_PLACEMENT_3D('',#15840,#12997,#12998);
#10787=AXIS2_PLACEMENT_3D('',#15841,#12999,#13000);
#10788=AXIS2_PLACEMENT_3D('',#15845,#13002,#13003);
#10789=AXIS2_PLACEMENT_3D('',#15846,#13004,#13005);
#10790=AXIS2_PLACEMENT_3D('',#15852,#13009,#13010);
#10791=AXIS2_PLACEMENT_3D('',#15853,#13011,#13012);
#10792=AXIS2_PLACEMENT_3D('',#15857,#13014,#13015);
#10793=AXIS2_PLACEMENT_3D('',#15858,#13016,#13017);
#10794=AXIS2_PLACEMENT_3D('',#15864,#13021,#13022);
#10795=AXIS2_PLACEMENT_3D('',#15865,#13023,#13024);
#10796=AXIS2_PLACEMENT_3D('',#15869,#13026,#13027);
#10797=AXIS2_PLACEMENT_3D('',#15870,#13028,#13029);
#10798=AXIS2_PLACEMENT_3D('',#15873,#13032,#13033);
#10799=AXIS2_PLACEMENT_3D('',#15874,#13034,#13035);
#10800=AXIS2_PLACEMENT_3D('',#15876,#13036,#13037);
#10801=AXIS2_PLACEMENT_3D('',#15878,#13038,#13039);
#10802=AXIS2_PLACEMENT_3D('',#15891,#13046,#13047);
#10803=AXIS2_PLACEMENT_3D('',#15892,#13048,#13049);
#10804=AXIS2_PLACEMENT_3D('',#15894,#13050,#13051);
#10805=AXIS2_PLACEMENT_3D('',#15905,#13057,#13058);
#10806=AXIS2_PLACEMENT_3D('',#15909,#13061,#13062);
#10807=AXIS2_PLACEMENT_3D('',#15918,#13068,#13069);
#10808=AXIS2_PLACEMENT_3D('',#15920,#13071,#13072);
#10809=AXIS2_PLACEMENT_3D('',#15922,#13074,#13075);
#10810=AXIS2_PLACEMENT_3D('',#15927,#13079,#13080);
#10811=AXIS2_PLACEMENT_3D('',#15929,#13082,#13083);
#10812=AXIS2_PLACEMENT_3D('',#15933,#13086,#13087);
#10813=AXIS2_PLACEMENT_3D('',#15935,#13089,#13090);
#10814=AXIS2_PLACEMENT_3D('',#15936,#13091,#13092);
#10815=AXIS2_PLACEMENT_3D('',#15937,#13093,#13094);
#10816=AXIS2_PLACEMENT_3D('',#15938,#13095,#13096);
#10817=AXIS2_PLACEMENT_3D('',#15939,#13097,#13098);
#10818=AXIS2_PLACEMENT_3D('',#15940,#13099,#13100);
#10819=AXIS2_PLACEMENT_3D('',#15941,#13101,#13102);
#10820=AXIS2_PLACEMENT_3D('',#15942,#13103,#13104);
#10821=AXIS2_PLACEMENT_3D('',#15943,#13105,#13106);
#10822=AXIS2_PLACEMENT_3D('',#15944,#13107,#13108);
#10823=AXIS2_PLACEMENT_3D('',#15946,#13109,#13110);
#10824=AXIS2_PLACEMENT_3D('',#15948,#13111,#13112);
#10825=AXIS2_PLACEMENT_3D('',#15950,#13113,#13114);
#10826=AXIS2_PLACEMENT_3D('',#15952,#13115,#13116);
#10827=AXIS2_PLACEMENT_3D('',#15954,#13117,#13118);
#10828=AXIS2_PLACEMENT_3D('',#15956,#13119,#13120);
#10829=AXIS2_PLACEMENT_3D('',#15958,#13121,#13122);
#10830=AXIS2_PLACEMENT_3D('',#15960,#13123,#13124);
#10831=AXIS2_PLACEMENT_3D('',#15962,#13125,#13126);
#10832=AXIS2_PLACEMENT_3D('',#15964,#13127,#13128);
#10833=AXIS2_PLACEMENT_3D('',#15966,#13129,#13130);
#10834=AXIS2_PLACEMENT_3D('',#15968,#13131,#13132);
#10835=AXIS2_PLACEMENT_3D('',#15977,#13136,#13137);
#10836=AXIS2_PLACEMENT_3D('',#15981,#13139,#13140);
#10837=AXIS2_PLACEMENT_3D('',#15985,#13142,#13143);
#10838=AXIS2_PLACEMENT_3D('',#15989,#13145,#13146);
#10839=AXIS2_PLACEMENT_3D('',#15993,#13148,#13149);
#10840=AXIS2_PLACEMENT_3D('',#15997,#13151,#13152);
#10841=AXIS2_PLACEMENT_3D('',#16006,#13157,#13158);
#10842=AXIS2_PLACEMENT_3D('',#16014,#13162,#13163);
#10843=AXIS2_PLACEMENT_3D('',#16018,#13165,#13166);
#10844=AXIS2_PLACEMENT_3D('',#16027,#13171,#13172);
#10845=AXIS2_PLACEMENT_3D('',#16028,#13173,#13174);
#10846=AXIS2_PLACEMENT_3D('',#16042,#13181,#13182);
#10847=AXIS2_PLACEMENT_3D('',#16043,#13183,#13184);
#10848=AXIS2_PLACEMENT_3D('',#16045,#13185,#13186);
#10849=AXIS2_PLACEMENT_3D('',#16047,#13187,#13188);
#10850=AXIS2_PLACEMENT_3D('',#16048,#13189,#13190);
#10851=AXIS2_PLACEMENT_3D('',#16062,#13197,#13198);
#10852=AXIS2_PLACEMENT_3D('',#16063,#13199,#13200);
#10853=AXIS2_PLACEMENT_3D('',#16065,#13201,#13202);
#10854=AXIS2_PLACEMENT_3D('',#16067,#13203,#13204);
#10855=AXIS2_PLACEMENT_3D('',#16068,#13205,#13206);
#10856=AXIS2_PLACEMENT_3D('',#16082,#13213,#13214);
#10857=AXIS2_PLACEMENT_3D('',#16083,#13215,#13216);
#10858=AXIS2_PLACEMENT_3D('',#16085,#13217,#13218);
#10859=AXIS2_PLACEMENT_3D('',#16087,#13219,#13220);
#10860=AXIS2_PLACEMENT_3D('',#16088,#13221,#13222);
#10861=AXIS2_PLACEMENT_3D('',#16102,#13229,#13230);
#10862=AXIS2_PLACEMENT_3D('',#16103,#13231,#13232);
#10863=AXIS2_PLACEMENT_3D('',#16105,#13233,#13234);
#10864=AXIS2_PLACEMENT_3D('',#16107,#13235,#13236);
#10865=AXIS2_PLACEMENT_3D('',#16108,#13237,#13238);
#10866=AXIS2_PLACEMENT_3D('',#16122,#13245,#13246);
#10867=AXIS2_PLACEMENT_3D('',#16123,#13247,#13248);
#10868=AXIS2_PLACEMENT_3D('',#16125,#13249,#13250);
#10869=AXIS2_PLACEMENT_3D('',#16127,#13251,#13252);
#10870=AXIS2_PLACEMENT_3D('',#16128,#13253,#13254);
#10871=AXIS2_PLACEMENT_3D('',#16142,#13261,#13262);
#10872=AXIS2_PLACEMENT_3D('',#16143,#13263,#13264);
#10873=AXIS2_PLACEMENT_3D('',#16145,#13265,#13266);
#10874=AXIS2_PLACEMENT_3D('',#16147,#13267,#13268);
#10875=AXIS2_PLACEMENT_3D('',#16160,#13275,#13276);
#10876=AXIS2_PLACEMENT_3D('',#16163,#13279,#13280);
#10877=AXIS2_PLACEMENT_3D('',#16165,#13282,#13283);
#10878=AXIS2_PLACEMENT_3D('',#16167,#13285,#13286);
#10879=AXIS2_PLACEMENT_3D('',#16169,#13288,#13289);
#10880=AXIS2_PLACEMENT_3D('',#16171,#13291,#13292);
#10881=AXIS2_PLACEMENT_3D('',#16172,#13293,#13294);
#10882=AXIS2_PLACEMENT_3D('',#16185,#13301,#13302);
#10883=AXIS2_PLACEMENT_3D('',#16188,#13305,#13306);
#10884=AXIS2_PLACEMENT_3D('',#16190,#13308,#13309);
#10885=AXIS2_PLACEMENT_3D('',#16192,#13311,#13312);
#10886=AXIS2_PLACEMENT_3D('',#16194,#13314,#13315);
#10887=AXIS2_PLACEMENT_3D('',#16196,#13317,#13318);
#10888=AXIS2_PLACEMENT_3D('',#16197,#13319,#13320);
#10889=AXIS2_PLACEMENT_3D('',#16210,#13327,#13328);
#10890=AXIS2_PLACEMENT_3D('',#16213,#13331,#13332);
#10891=AXIS2_PLACEMENT_3D('',#16215,#13334,#13335);
#10892=AXIS2_PLACEMENT_3D('',#16217,#13337,#13338);
#10893=AXIS2_PLACEMENT_3D('',#16219,#13340,#13341);
#10894=AXIS2_PLACEMENT_3D('',#16221,#13343,#13344);
#10895=AXIS2_PLACEMENT_3D('',#16222,#13345,#13346);
#10896=AXIS2_PLACEMENT_3D('',#16235,#13353,#13354);
#10897=AXIS2_PLACEMENT_3D('',#16238,#13357,#13358);
#10898=AXIS2_PLACEMENT_3D('',#16240,#13360,#13361);
#10899=AXIS2_PLACEMENT_3D('',#16242,#13363,#13364);
#10900=AXIS2_PLACEMENT_3D('',#16244,#13366,#13367);
#10901=AXIS2_PLACEMENT_3D('',#16246,#13369,#13370);
#10902=AXIS2_PLACEMENT_3D('',#16247,#13371,#13372);
#10903=AXIS2_PLACEMENT_3D('',#16260,#13379,#13380);
#10904=AXIS2_PLACEMENT_3D('',#16263,#13383,#13384);
#10905=AXIS2_PLACEMENT_3D('',#16265,#13386,#13387);
#10906=AXIS2_PLACEMENT_3D('',#16267,#13389,#13390);
#10907=AXIS2_PLACEMENT_3D('',#16269,#13392,#13393);
#10908=AXIS2_PLACEMENT_3D('',#16271,#13395,#13396);
#10909=AXIS2_PLACEMENT_3D('',#16272,#13397,#13398);
#10910=AXIS2_PLACEMENT_3D('',#16285,#13405,#13406);
#10911=AXIS2_PLACEMENT_3D('',#16288,#13409,#13410);
#10912=AXIS2_PLACEMENT_3D('',#16290,#13412,#13413);
#10913=AXIS2_PLACEMENT_3D('',#16292,#13415,#13416);
#10914=AXIS2_PLACEMENT_3D('',#16294,#13418,#13419);
#10915=AXIS2_PLACEMENT_3D('',#16296,#13421,#13422);
#10916=AXIS2_PLACEMENT_3D('',#16297,#13423,#13424);
#10917=AXIS2_PLACEMENT_3D('',#16306,#13429,#13430);
#10918=AXIS2_PLACEMENT_3D('',#16315,#13435,#13436);
#10919=AXIS2_PLACEMENT_3D('',#16321,#13440,#13441);
#10920=AXIS2_PLACEMENT_3D('',#16322,#13442,#13443);
#10921=AXIS2_PLACEMENT_3D('',#16327,#13446,#13447);
#10922=AXIS2_PLACEMENT_3D('',#16331,#13449,#13450);
#10923=AXIS2_PLACEMENT_3D('',#16335,#13452,#13453);
#10924=AXIS2_PLACEMENT_3D('',#16339,#13455,#13456);
#10925=AXIS2_PLACEMENT_3D('',#16343,#13458,#13459);
#10926=AXIS2_PLACEMENT_3D('',#16344,#13460,#13461);
#10927=AXIS2_PLACEMENT_3D('',#16347,#13463,#13464);
#10928=AXIS2_PLACEMENT_3D('',#16350,#13466,#13467);
#10929=AXIS2_PLACEMENT_3D('',#16354,#13470,#13471);
#10930=AXIS2_PLACEMENT_3D('',#16357,#13473,#13474);
#10931=AXIS2_PLACEMENT_3D('',#16358,#13475,#13476);
#10932=AXIS2_PLACEMENT_3D('',#16362,#13479,#13480);
#10933=AXIS2_PLACEMENT_3D('',#16365,#13482,#13483);
#10934=AXIS2_PLACEMENT_3D('',#16366,#13484,#13485);
#10935=AXIS2_PLACEMENT_3D('',#16370,#13488,#13489);
#10936=AXIS2_PLACEMENT_3D('',#16373,#13491,#13492);
#10937=AXIS2_PLACEMENT_3D('',#16374,#13493,#13494);
#10938=AXIS2_PLACEMENT_3D('',#16376,#13496,#13497);
#10939=AXIS2_PLACEMENT_3D('',#16377,#13498,#13499);
#10940=AXIS2_PLACEMENT_3D('',#16382,#13501,#13502);
#10941=AXIS2_PLACEMENT_3D('',#16385,#13504,#13505);
#10942=AXIS2_PLACEMENT_3D('',#16391,#13509,#13510);
#10943=AXIS2_PLACEMENT_3D('',#16392,#13511,#13512);
#10944=AXIS2_PLACEMENT_3D('',#16396,#13514,#13515);
#10945=AXIS2_PLACEMENT_3D('',#16397,#13516,#13517);
#10946=AXIS2_PLACEMENT_3D('',#16398,#13518,#13519);
#10947=AXIS2_PLACEMENT_3D('',#16403,#13522,#13523);
#10948=AXIS2_PLACEMENT_3D('',#16407,#13526,#13527);
#10949=AXIS2_PLACEMENT_3D('',#16408,#13528,#13529);
#10950=AXIS2_PLACEMENT_3D('',#16411,#13531,#13532);
#10951=AXIS2_PLACEMENT_3D('',#16417,#13536,#13537);
#10952=AXIS2_PLACEMENT_3D('',#16423,#13541,#13542);
#10953=AXIS2_PLACEMENT_3D('',#16427,#13545,#13546);
#10954=AXIS2_PLACEMENT_3D('',#16428,#13547,#13548);
#10955=AXIS2_PLACEMENT_3D('',#16431,#13550,#13551);
#10956=AXIS2_PLACEMENT_3D('',#16446,#13560,#13561);
#10957=AXIS2_PLACEMENT_3D('',#16454,#13565,#13566);
#10958=AXIS2_PLACEMENT_3D('',#16458,#13568,#13569);
#10959=AXIS2_PLACEMENT_3D('',#16462,#13571,#13572);
#10960=AXIS2_PLACEMENT_3D('',#16466,#13574,#13575);
#10961=AXIS2_PLACEMENT_3D('',#16470,#13577,#13578);
#10962=AXIS2_PLACEMENT_3D('',#16474,#13580,#13581);
#10963=AXIS2_PLACEMENT_3D('',#16479,#13584,#13585);
#10964=AXIS2_PLACEMENT_3D('',#16482,#13588,#13589);
#10965=AXIS2_PLACEMENT_3D('',#16484,#13591,#13592);
#10966=AXIS2_PLACEMENT_3D('',#16486,#13594,#13595);
#10967=AXIS2_PLACEMENT_3D('',#16488,#13597,#13598);
#10968=AXIS2_PLACEMENT_3D('',#16490,#13600,#13601);
#10969=AXIS2_PLACEMENT_3D('',#16492,#13603,#13604);
#10970=AXIS2_PLACEMENT_3D('',#16494,#13606,#13607);
#10971=AXIS2_PLACEMENT_3D('',#16496,#13609,#13610);
#10972=AXIS2_PLACEMENT_3D('',#16498,#13612,#13613);
#10973=AXIS2_PLACEMENT_3D('',#16501,#13616,#13617);
#10974=AXIS2_PLACEMENT_3D('',#16502,#13618,#13619);
#10975=AXIS2_PLACEMENT_3D('',#16503,#13620,#13621);
#10976=AXIS2_PLACEMENT_3D('',#16508,#13623,#13624);
#10977=AXIS2_PLACEMENT_3D('',#16511,#13626,#13627);
#10978=AXIS2_PLACEMENT_3D('',#16517,#13631,#13632);
#10979=AXIS2_PLACEMENT_3D('',#16518,#13633,#13634);
#10980=AXIS2_PLACEMENT_3D('',#16522,#13636,#13637);
#10981=AXIS2_PLACEMENT_3D('',#16523,#13638,#13639);
#10982=AXIS2_PLACEMENT_3D('',#16528,#13643,#13644);
#10983=AXIS2_PLACEMENT_3D('',#16537,#13650,#13651);
#10984=AXIS2_PLACEMENT_3D('',#16541,#13654,#13655);
#10985=AXIS2_PLACEMENT_3D('',#16549,#13660,#13661);
#10986=AXIS2_PLACEMENT_3D('',#16557,#13666,#13667);
#10987=AXIS2_PLACEMENT_3D('',#16565,#13672,#13673);
#10988=AXIS2_PLACEMENT_3D('',#16573,#13678,#13679);
#10989=AXIS2_PLACEMENT_3D('',#16578,#13683,#13684);
#10990=AXIS2_PLACEMENT_3D('',#16580,#13686,#13687);
#10991=AXIS2_PLACEMENT_3D('',#16586,#13691,#13692);
#10992=AXIS2_PLACEMENT_3D('',#16594,#13698,#13699);
#10993=AXIS2_PLACEMENT_3D('',#16595,#13700,#13701);
#10994=AXIS2_PLACEMENT_3D('',#16599,#13704,#13705);
#10995=AXIS2_PLACEMENT_3D('',#16601,#13706,#13707);
#10996=AXIS2_PLACEMENT_3D('',#16603,#13708,#13709);
#10997=AXIS2_PLACEMENT_3D('',#16608,#13713,#13714);
#10998=AXIS2_PLACEMENT_3D('',#16609,#13715,#13716);
#10999=AXIS2_PLACEMENT_3D('',#16612,#13719,#13720);
#11000=AXIS2_PLACEMENT_3D('',#16614,#13722,#13723);
#11001=AXIS2_PLACEMENT_3D('',#16615,#13724,#13725);
#11002=AXIS2_PLACEMENT_3D('',#16616,#13726,#13727);
#11003=AXIS2_PLACEMENT_3D('',#16619,#13729,#13730);
#11004=AXIS2_PLACEMENT_3D('',#16620,#13731,#13732);
#11005=AXIS2_PLACEMENT_3D('',#16624,#13735,#13736);
#11006=AXIS2_PLACEMENT_3D('',#16625,#13737,#13738);
#11007=AXIS2_PLACEMENT_3D('',#16626,#13739,#13740);
#11008=AXIS2_PLACEMENT_3D('',#16627,#13741,#13742);
#11009=AXIS2_PLACEMENT_3D('',#16628,#13743,#13744);
#11010=AXIS2_PLACEMENT_3D('',#16629,#13745,#13746);
#11011=AXIS2_PLACEMENT_3D('',#16632,#13748,#13749);
#11012=AXIS2_PLACEMENT_3D('',#16636,#13752,#13753);
#11013=AXIS2_PLACEMENT_3D('',#16637,#13754,#13755);
#11014=AXIS2_PLACEMENT_3D('',#16638,#13756,#13757);
#11015=AXIS2_PLACEMENT_3D('',#16639,#13758,#13759);
#11016=AXIS2_PLACEMENT_3D('',#16640,#13760,#13761);
#11017=AXIS2_PLACEMENT_3D('',#16646,#13764,#13765);
#11018=AXIS2_PLACEMENT_3D('',#16650,#13768,#13769);
#11019=AXIS2_PLACEMENT_3D('',#16652,#13771,#13772);
#11020=AXIS2_PLACEMENT_3D('',#16654,#13774,#13775);
#11021=AXIS2_PLACEMENT_3D('',#16655,#13776,#13777);
#11022=AXIS2_PLACEMENT_3D('',#16657,#13779,#13780);
#11023=AXIS2_PLACEMENT_3D('',#16658,#13781,#13782);
#11024=AXIS2_PLACEMENT_3D('',#16659,#13783,#13784);
#11025=AXIS2_PLACEMENT_3D('',#16661,#13785,#13786);
#11026=AXIS2_PLACEMENT_3D('',#16663,#13787,#13788);
#11027=AXIS2_PLACEMENT_3D('',#16664,#13789,#13790);
#11028=AXIS2_PLACEMENT_3D('',#16666,#13791,#13792);
#11029=AXIS2_PLACEMENT_3D('',#16668,#13793,#13794);
#11030=AXIS2_PLACEMENT_3D('',#16669,#13795,#13796);
#11031=AXIS2_PLACEMENT_3D('',#16671,#13797,#13798);
#11032=AXIS2_PLACEMENT_3D('',#16673,#13799,#13800);
#11033=AXIS2_PLACEMENT_3D('',#16674,#13801,#13802);
#11034=AXIS2_PLACEMENT_3D('',#16676,#13803,#13804);
#11035=AXIS2_PLACEMENT_3D('',#16678,#13805,#13806);
#11036=AXIS2_PLACEMENT_3D('',#16679,#13807,#13808);
#11037=AXIS2_PLACEMENT_3D('',#16681,#13809,#13810);
#11038=AXIS2_PLACEMENT_3D('',#16683,#13811,#13812);
#11039=AXIS2_PLACEMENT_3D('',#16684,#13813,#13814);
#11040=AXIS2_PLACEMENT_3D('',#16685,#13815,#13816);
#11041=AXIS2_PLACEMENT_3D('',#16687,#13817,#13818);
#11042=AXIS2_PLACEMENT_3D('',#16688,#13819,#13820);
#11043=AXIS2_PLACEMENT_3D('',#16689,#13821,#13822);
#11044=AXIS2_PLACEMENT_3D('',#16690,#13823,#13824);
#11045=AXIS2_PLACEMENT_3D('',#16692,#13825,#13826);
#11046=AXIS2_PLACEMENT_3D('',#16693,#13827,#13828);
#11047=AXIS2_PLACEMENT_3D('',#16694,#13829,#13830);
#11048=AXIS2_PLACEMENT_3D('',#16695,#13831,#13832);
#11049=AXIS2_PLACEMENT_3D('',#16697,#13833,#13834);
#11050=AXIS2_PLACEMENT_3D('',#16698,#13835,#13836);
#11051=AXIS2_PLACEMENT_3D('',#16699,#13837,#13838);
#11052=AXIS2_PLACEMENT_3D('',#16700,#13839,#13840);
#11053=AXIS2_PLACEMENT_3D('',#16702,#13841,#13842);
#11054=AXIS2_PLACEMENT_3D('',#16703,#13843,#13844);
#11055=AXIS2_PLACEMENT_3D('',#16704,#13845,#13846);
#11056=AXIS2_PLACEMENT_3D('',#16705,#13847,#13848);
#11057=AXIS2_PLACEMENT_3D('',#16707,#13849,#13850);
#11058=AXIS2_PLACEMENT_3D('',#16708,#13851,#13852);
#11059=AXIS2_PLACEMENT_3D('',#16709,#13853,#13854);
#11060=AXIS2_PLACEMENT_3D('',#16710,#13855,#13856);
#11061=AXIS2_PLACEMENT_3D('',#16712,#13857,#13858);
#11062=AXIS2_PLACEMENT_3D('',#16713,#13859,#13860);
#11063=AXIS2_PLACEMENT_3D('',#16715,#13861,#13862);
#11064=AXIS2_PLACEMENT_3D('',#16717,#13863,#13864);
#11065=AXIS2_PLACEMENT_3D('',#16718,#13865,#13866);
#11066=AXIS2_PLACEMENT_3D('',#16720,#13867,#13868);
#11067=AXIS2_PLACEMENT_3D('',#16722,#13869,#13870);
#11068=AXIS2_PLACEMENT_3D('',#16723,#13871,#13872);
#11069=AXIS2_PLACEMENT_3D('',#16725,#13873,#13874);
#11070=AXIS2_PLACEMENT_3D('',#16727,#13875,#13876);
#11071=AXIS2_PLACEMENT_3D('',#16728,#13877,#13878);
#11072=AXIS2_PLACEMENT_3D('',#16730,#13879,#13880);
#11073=AXIS2_PLACEMENT_3D('',#16732,#13881,#13882);
#11074=DIRECTION('',(0.,0.,1.));
#11075=DIRECTION('',(1.,0.,0.));
#11076=DIRECTION('',(-1.,0.,0.));
#11077=DIRECTION('',(0.,1.,0.));
#11078=DIRECTION('',(0.,0.,1.));
#11079=DIRECTION('',(-1.,0.,0.));
#11080=DIRECTION('',(0.,-0.81532972423608,-0.578996926396952));
#11081=DIRECTION('',(0.,-0.866025403784439,0.5));
#11082=DIRECTION('',(-1.,0.,0.));
#11083=DIRECTION('',(0.,0.,1.));
#11084=DIRECTION('',(0.,-0.866025403784439,-0.5));
#11085=DIRECTION('',(-1.,0.,0.));
#11086=DIRECTION('',(0.,0.,1.));
#11087=DIRECTION('',(0.,0.,-1.));
#11088=DIRECTION('',(-1.,0.,0.));
#11089=DIRECTION('',(0.,0.,1.));
#11090=DIRECTION('',(0.,0.866025403784439,-0.5));
#11091=DIRECTION('',(-1.,0.,0.));
#11092=DIRECTION('',(0.,0.,1.));
#11093=DIRECTION('',(0.,0.866025403784439,0.5));
#11094=DIRECTION('',(-1.,0.,0.));
#11095=DIRECTION('',(0.,0.,1.));
#11096=DIRECTION('',(-1.,0.,0.));
#11097=DIRECTION('',(0.,1.,0.));
#11098=DIRECTION('',(1.,0.,0.));
#11099=DIRECTION('',(0.,-0.81532972423608,-0.578996926396952));
#11100=DIRECTION('',(0.,0.,-1.));
#11101=DIRECTION('',(1.,0.,0.));
#11102=DIRECTION('',(0.,0.,1.));
#11103=DIRECTION('',(0.,-0.866025403784439,-0.5));
#11104=DIRECTION('',(1.,0.,0.));
#11105=DIRECTION('',(0.,0.,1.));
#11106=DIRECTION('',(0.,-0.866025403784439,0.5));
#11107=DIRECTION('',(1.,0.,0.));
#11108=DIRECTION('',(0.,0.,1.));
#11109=DIRECTION('',(0.,0.,1.));
#11110=DIRECTION('',(1.,0.,0.));
#11111=DIRECTION('',(0.,0.,1.));
#11112=DIRECTION('',(0.,0.866025403784439,0.5));
#11113=DIRECTION('',(1.,0.,0.));
#11114=DIRECTION('',(0.,0.,1.));
#11115=DIRECTION('',(0.,0.866025403784439,-0.5));
#11116=DIRECTION('',(1.,0.,0.));
#11117=DIRECTION('',(0.,-2.44921270764475E-16,-1.));
#11118=DIRECTION('',(0.,-1.,0.));
#11119=DIRECTION('',(0.,0.,1.));
#11120=DIRECTION('',(-1.,0.,0.));
#11121=DIRECTION('',(-1.,0.,0.));
#11122=DIRECTION('',(1.,0.,0.));
#11123=DIRECTION('',(0.,-0.81532972423608,-0.578996926396952));
#11124=DIRECTION('',(-1.,0.,0.));
#11125=DIRECTION('',(0.,-0.5,0.866025403784439));
#11126=DIRECTION('',(0.,0.866025403784439,0.5));
#11127=DIRECTION('',(-1.,0.,0.));
#11128=DIRECTION('',(1.,0.,0.));
#11129=DIRECTION('',(0.,-0.81532972423608,-0.578996926396952));
#11130=DIRECTION('',(-1.,0.,0.));
#11131=DIRECTION('',(0.,0.5,0.866025403784439));
#11132=DIRECTION('',(0.,0.866025403784439,-0.5));
#11133=DIRECTION('',(-1.,0.,0.));
#11134=DIRECTION('',(1.,0.,0.));
#11135=DIRECTION('',(0.,-0.81532972423608,-0.578996926396952));
#11136=DIRECTION('',(-1.,0.,0.));
#11137=DIRECTION('',(0.,1.,0.));
#11138=DIRECTION('',(0.,0.,-1.));
#11139=DIRECTION('',(-1.,0.,0.));
#11140=DIRECTION('',(1.,0.,0.));
#11141=DIRECTION('',(0.,-0.81532972423608,-0.578996926396952));
#11142=DIRECTION('',(-1.,0.,0.));
#11143=DIRECTION('',(0.,0.5,-0.866025403784439));
#11144=DIRECTION('',(0.,-0.866025403784439,-0.5));
#11145=DIRECTION('',(-1.,0.,0.));
#11146=DIRECTION('',(1.,0.,0.));
#11147=DIRECTION('',(0.,-0.81532972423608,-0.578996926396952));
#11148=DIRECTION('',(-1.,0.,0.));
#11149=DIRECTION('',(0.,-0.5,-0.866025403784439));
#11150=DIRECTION('',(0.,-0.866025403784439,0.5));
#11151=DIRECTION('',(-1.,0.,0.));
#11152=DIRECTION('',(1.,0.,0.));
#11153=DIRECTION('',(0.,-0.81532972423608,-0.578996926396952));
#11154=DIRECTION('',(-1.,0.,0.));
#11155=DIRECTION('',(0.,-2.44921270764475E-16,-1.));
#11156=DIRECTION('',(-1.,0.,0.));
#11157=DIRECTION('',(0.,-2.44921270764475E-16,-1.));
#11158=DIRECTION('',(1.,0.,0.));
#11159=DIRECTION('',(0.,1.,0.));
#11160=DIRECTION('',(1.,0.,0.));
#11161=DIRECTION('',(0.,2.44921270764475E-16,1.));
#11162=DIRECTION('',(-1.,0.,0.));
#11163=DIRECTION('',(0.,-2.44921270764475E-16,-1.));
#11164=DIRECTION('',(-1.,0.,0.));
#11165=DIRECTION('',(0.,-2.44921270764475E-16,-1.));
#11166=DIRECTION('',(-1.,0.,0.));
#11167=DIRECTION('',(0.,1.,0.));
#11168=DIRECTION('',(-1.,0.,0.));
#11169=DIRECTION('',(0.,1.,0.));
#11170=DIRECTION('',(1.,0.,0.));
#11171=DIRECTION('',(0.,1.,0.));
#11172=DIRECTION('',(1.,0.,0.));
#11173=DIRECTION('',(0.,1.,0.));
#11174=DIRECTION('',(1.,0.,0.));
#11175=DIRECTION('',(0.,1.,0.));
#11176=DIRECTION('',(1.,0.,0.));
#11177=DIRECTION('',(0.,1.,0.));
#11178=DIRECTION('',(-1.,0.,0.));
#11179=DIRECTION('',(0.,1.,0.));
#11180=DIRECTION('',(-1.,0.,0.));
#11181=DIRECTION('',(0.,1.,0.));
#11182=DIRECTION('',(-1.,0.,0.));
#11183=DIRECTION('',(0.,1.,0.));
#11184=DIRECTION('',(-1.,0.,0.));
#11185=DIRECTION('',(0.,1.,0.));
#11186=DIRECTION('',(-1.,0.,0.));
#11187=DIRECTION('',(0.,1.,0.));
#11188=DIRECTION('',(-1.,0.,0.));
#11189=DIRECTION('',(0.,1.,0.));
#11190=DIRECTION('',(-1.,0.,0.));
#11191=DIRECTION('',(0.,1.,0.));
#11192=DIRECTION('',(-1.,0.,0.));
#11193=DIRECTION('',(0.,1.,0.));
#11194=DIRECTION('',(-1.,0.,0.));
#11195=DIRECTION('',(0.,1.,0.));
#11196=DIRECTION('',(-1.,0.,0.));
#11197=DIRECTION('',(0.,1.,0.));
#11198=DIRECTION('',(-1.,0.,0.));
#11199=DIRECTION('',(0.,1.,0.));
#11200=DIRECTION('',(-1.,0.,0.));
#11201=DIRECTION('',(0.,1.,0.));
#11202=DIRECTION('',(-1.,0.,0.));
#11203=DIRECTION('',(0.,1.,0.));
#11204=DIRECTION('',(1.,0.,0.));
#11205=DIRECTION('',(0.,-2.44921270764475E-16,-1.));
#11206=DIRECTION('',(-1.,0.,0.));
#11207=DIRECTION('',(0.,-2.44921270764475E-16,-1.));
#11208=DIRECTION('',(-1.,0.,0.));
#11209=DIRECTION('',(0.,-2.44921270764475E-16,-1.));
#11210=DIRECTION('',(-1.,0.,0.));
#11211=DIRECTION('',(0.,-2.44921270764475E-16,-1.));
#11212=DIRECTION('',(1.,0.,0.));
#11213=DIRECTION('',(0.,-2.44921270764475E-16,-1.));
#11214=DIRECTION('',(-1.,0.,0.));
#11215=DIRECTION('',(0.,-2.44921270764475E-16,-1.));
#11216=DIRECTION('',(1.,0.,0.));
#11217=DIRECTION('',(0.,-2.44921270764475E-16,-1.));
#11218=DIRECTION('',(-1.,0.,0.));
#11219=DIRECTION('',(0.,-2.44921270764475E-16,-1.));
#11220=DIRECTION('',(1.,0.,0.));
#11221=DIRECTION('',(0.,-2.44921270764475E-16,-1.));
#11222=DIRECTION('',(1.,0.,0.));
#11223=DIRECTION('',(0.,-2.44921270764475E-16,-1.));
#11224=DIRECTION('',(-1.,0.,0.));
#11225=DIRECTION('',(0.,-2.44921270764475E-16,-1.));
#11226=DIRECTION('',(1.,0.,0.));
#11227=DIRECTION('',(0.,-2.44921270764475E-16,-1.));
#11228=DIRECTION('',(0.,0.,1.));
#11229=DIRECTION('',(1.,0.,0.));
#11230=DIRECTION('',(0.,-1.,0.));
#11231=DIRECTION('',(1.,0.,0.));
#11232=DIRECTION('',(0.,0.,-1.));
#11233=DIRECTION('',(-1.,0.,0.));
#11234=DIRECTION('',(0.,0.,-1.));
#11235=DIRECTION('',(1.,1.11022302462516E-16,0.));
#11236=DIRECTION('',(0.,0.,-1.));
#11237=DIRECTION('',(1.,0.,0.));
#11238=DIRECTION('',(0.,0.,1.));
#11239=DIRECTION('',(-1.,0.,0.));
#11240=DIRECTION('',(0.,-1.,0.));
#11241=DIRECTION('',(0.,0.,-1.));
#11242=DIRECTION('',(0.,0.,-1.));
#11243=DIRECTION('',(0.,-1.,0.));
#11244=DIRECTION('',(0.,0.,-1.));
#11245=DIRECTION('',(-1.,0.,0.));
#11246=DIRECTION('',(0.,-1.,0.));
#11247=DIRECTION('',(0.,0.,-1.));
#11248=DIRECTION('',(0.,0.,-1.));
#11249=DIRECTION('',(0.,-1.,0.));
#11250=DIRECTION('',(0.,0.,-1.));
#11251=DIRECTION('',(0.,1.,0.));
#11252=DIRECTION('',(0.,0.,1.));
#11253=DIRECTION('',(0.,1.,0.));
#11254=DIRECTION('',(0.,0.,1.));
#11255=DIRECTION('',(0.,1.,0.));
#11256=DIRECTION('',(0.,0.,1.));
#11257=DIRECTION('',(0.,1.,0.));
#11258=DIRECTION('',(0.,0.,1.));
#11259=DIRECTION('',(0.,-1.,0.));
#11260=DIRECTION('',(0.,0.,-1.));
#11261=DIRECTION('',(0.,-1.,0.));
#11262=DIRECTION('',(0.,0.,-1.));
#11263=DIRECTION('',(0.,-1.,0.));
#11264=DIRECTION('',(0.,0.,-1.));
#11265=DIRECTION('',(0.,-1.,0.));
#11266=DIRECTION('',(0.,0.,-1.));
#11267=DIRECTION('',(1.,0.,0.));
#11268=DIRECTION('',(0.,1.,0.));
#11269=DIRECTION('',(0.,0.866025403784439,0.5));
#11270=DIRECTION('',(0.,0.866025403784438,-0.5));
#11271=DIRECTION('',(0.,-1.39750195231364E-15,-1.));
#11272=DIRECTION('',(0.,-0.86602540378444,-0.5));
#11273=DIRECTION('',(0.,-0.866025403784438,0.5));
#11274=DIRECTION('',(0.,1.39750195231364E-15,1.));
#11275=DIRECTION('',(0.,-1.,-1.96569232405304E-16));
#11276=DIRECTION('',(0.,0.,1.));
#11277=DIRECTION('',(0.,1.,0.));
#11278=DIRECTION('',(0.,0.922668973832998,-0.385593003989909));
#11279=DIRECTION('',(0.,0.,-1.));
#11280=DIRECTION('',(0.,1.,0.));
#11281=DIRECTION('',(0.,0.,1.));
#11282=DIRECTION('',(1.,0.,0.));
#11283=DIRECTION('',(0.,0.,-1.));
#11284=DIRECTION('',(1.,0.,0.));
#11285=DIRECTION('',(0.,1.,0.));
#11286=DIRECTION('',(1.,0.,0.));
#11287=DIRECTION('',(0.,0.,-1.));
#11288=DIRECTION('',(0.,0.922668973832998,-0.385593003989909));
#11289=DIRECTION('',(0.,-1.,0.));
#11290=DIRECTION('',(0.,0.,-1.));
#11291=DIRECTION('',(0.,-1.,-1.96569232405304E-16));
#11292=DIRECTION('',(1.,0.,0.));
#11293=DIRECTION('',(0.,0.,-1.));
#11294=DIRECTION('',(0.,0.,1.));
#11295=DIRECTION('',(0.,1.,0.));
#11296=DIRECTION('',(0.,0.,-1.));
#11297=DIRECTION('',(0.,0.,1.));
#11298=DIRECTION('',(1.,0.,0.));
#11299=DIRECTION('',(-1.,0.,0.));
#11300=DIRECTION('',(0.,-1.,0.));
#11301=DIRECTION('',(0.,0.,-1.));
#11302=DIRECTION('',(-1.,0.,0.));
#11303=DIRECTION('',(0.,0.,1.));
#11304=DIRECTION('',(1.,0.,0.));
#11305=DIRECTION('',(0.38268343236509,-0.923879532511287,0.));
#11306=DIRECTION('',(0.923879532511287,0.38268343236509,0.));
#11307=DIRECTION('',(-0.38268343236509,0.923879532511287,0.));
#11308=DIRECTION('',(-0.38268343236509,0.923879532511287,0.));
#11309=DIRECTION('',(0.,0.,1.));
#11310=DIRECTION('',(1.,0.,0.));
#11311=DIRECTION('',(-1.,0.,0.));
#11312=DIRECTION('',(0.38268343236509,-0.923879532511287,0.));
#11313=DIRECTION('',(0.,-1.,0.));
#11314=DIRECTION('',(0.,0.,1.));
#11315=DIRECTION('',(1.,0.,0.));
#11316=DIRECTION('',(0.,-1.,0.));
#11317=DIRECTION('',(1.,0.,0.));
#11318=DIRECTION('',(0.,-1.,0.));
#11319=DIRECTION('',(1.,0.,0.));
#11320=DIRECTION('',(0.,-1.,0.));
#11321=DIRECTION('',(-1.,0.,0.));
#11322=DIRECTION('',(-1.,0.,0.));
#11323=DIRECTION('',(1.,0.,3.65204942310906E-16));
#11324=DIRECTION('',(3.65204942310906E-16,0.,-1.));
#11325=DIRECTION('',(1.,0.,3.65204942310906E-16));
#11326=DIRECTION('',(3.65204942310906E-16,0.,-1.));
#11327=DIRECTION('',(0.,-1.,0.));
#11328=DIRECTION('',(0.,0.,1.));
#11329=DIRECTION('',(0.,-1.,0.));
#11330=DIRECTION('',(-3.65204942310906E-16,0.,1.));
#11331=DIRECTION('',(0.,-1.,0.));
#11332=DIRECTION('',(1.40820470777624E-16,0.922668973832998,-0.385593003989909));
#11333=DIRECTION('',(3.65204942310906E-16,0.,-1.));
#11334=DIRECTION('',(0.,-1.,0.));
#11335=DIRECTION('',(0.,0.,1.));
#11336=DIRECTION('',(-1.,0.,0.));
#11337=DIRECTION('',(0.,0.,1.));
#11338=DIRECTION('',(1.,0.,-1.82602471155453E-16));
#11339=DIRECTION('',(-1.82602471155453E-16,0.,-1.));
#11340=DIRECTION('',(1.,0.,0.));
#11341=DIRECTION('',(0.,0.,-1.));
#11342=DIRECTION('',(0.,0.385593003989909,0.922668973832998));
#11343=DIRECTION('',(0.,-0.922668973832998,0.385593003989909));
#11344=DIRECTION('',(-1.,0.,0.));
#11345=DIRECTION('',(1.,0.,0.));
#11346=DIRECTION('',(0.,-0.922668973832998,0.385593003989909));
#11347=DIRECTION('',(-1.,0.,0.));
#11348=DIRECTION('',(0.,-0.922668973832998,0.385593003989909));
#11349=DIRECTION('',(-1.,0.,0.));
#11350=DIRECTION('',(-7.0410235388812E-17,0.922668973832998,-0.385593003989909));
#11351=DIRECTION('',(-1.,0.,0.));
#11352=DIRECTION('',(-0.359773560762793,-0.860886734682398,0.359773560762792));
#11353=DIRECTION('',(-1.,0.,0.));
#11354=DIRECTION('',(0.359773560762793,-0.860886734682398,0.359773560762792));
#11355=DIRECTION('',(0.,1.,0.));
#11356=DIRECTION('',(0.,0.,1.));
#11357=DIRECTION('',(-1.,0.,0.));
#11358=DIRECTION('',(0.,1.,0.));
#11359=DIRECTION('',(0.,0.,1.));
#11360=DIRECTION('',(0.,0.,1.));
#11361=DIRECTION('',(1.,0.,0.));
#11362=DIRECTION('',(0.,0.,1.));
#11363=DIRECTION('',(0.,-1.,0.));
#11364=DIRECTION('',(0.,0.,-1.));
#11365=DIRECTION('',(-1.,0.,0.));
#11366=DIRECTION('',(1.82602471155453E-16,0.,1.));
#11367=DIRECTION('',(1.,0.,0.));
#11368=DIRECTION('',(0.,0.,-1.));
#11369=DIRECTION('',(-1.,0.,0.));
#11370=DIRECTION('',(0.,0.,-1.));
#11371=DIRECTION('',(-1.,0.,0.));
#11372=DIRECTION('',(-1.,0.,0.));
#11373=DIRECTION('',(-1.,0.,0.));
#11374=DIRECTION('',(0.,0.,1.));
#11375=DIRECTION('',(0.,0.,1.));
#11376=DIRECTION('',(1.,0.,0.));
#11377=DIRECTION('',(-0.555570233019603,0.831469612302545,0.));
#11378=DIRECTION('',(0.38268343236509,0.923879532511287,0.));
#11379=DIRECTION('',(-1.,0.,0.));
#11380=DIRECTION('',(0.,-1.,0.));
#11381=DIRECTION('',(-1.,0.,0.));
#11382=DIRECTION('',(0.,0.,1.));
#11383=DIRECTION('',(0.,-1.,0.));
#11384=DIRECTION('',(0.,0.,-1.));
#11385=DIRECTION('',(0.,-1.,0.));
#11386=DIRECTION('',(-1.,0.,0.));
#11387=DIRECTION('',(0.,0.,1.));
#11388=DIRECTION('',(0.,0.,-1.));
#11389=DIRECTION('',(0.,-1.,0.));
#11390=DIRECTION('',(0.,-1.,0.));
#11391=DIRECTION('',(0.,0.,1.));
#11392=DIRECTION('',(1.,0.,0.));
#11393=DIRECTION('',(-1.,0.,0.));
#11394=DIRECTION('',(0.,-1.,0.));
#11395=DIRECTION('',(0.,-1.,0.));
#11396=DIRECTION('',(0.,-1.,0.));
#11397=DIRECTION('',(1.,0.,0.));
#11398=DIRECTION('',(0.,1.,0.));
#11399=DIRECTION('',(0.,0.,1.));
#11400=DIRECTION('',(-0.734509555267755,0.,-0.678598344545847));
#11401=DIRECTION('',(1.,0.,0.));
#11402=DIRECTION('',(0.707106781186548,0.,0.707106781186547));
#11403=DIRECTION('',(-0.707106781186548,0.,0.707106781186547));
#11404=DIRECTION('',(0.734509555267755,0.,-0.678598344545848));
#11405=DIRECTION('',(0.,-1.,0.));
#11406=DIRECTION('',(0.,0.,-1.));
#11407=DIRECTION('',(0.,-1.,0.));
#11408=DIRECTION('',(0.,0.,-1.));
#11409=DIRECTION('',(0.,-1.,0.));
#11410=DIRECTION('',(0.,0.,-1.));
#11411=DIRECTION('',(0.,-1.,0.));
#11412=DIRECTION('',(0.,0.,-1.));
#11413=DIRECTION('',(0.,-1.,0.));
#11414=DIRECTION('',(0.,0.,-1.));
#11415=DIRECTION('',(0.,-1.,0.));
#11416=DIRECTION('',(0.,0.,-1.));
#11417=DIRECTION('',(0.,-1.,0.));
#11418=DIRECTION('',(0.,0.,-1.));
#11419=DIRECTION('',(0.,-1.,0.));
#11420=DIRECTION('',(0.,0.,-1.));
#11421=DIRECTION('',(0.,-1.,0.));
#11422=DIRECTION('',(0.,0.,-1.));
#11423=DIRECTION('',(0.,-1.,0.));
#11424=DIRECTION('',(0.,0.,-1.));
#11425=DIRECTION('',(0.,-1.,0.));
#11426=DIRECTION('',(0.,0.,-1.));
#11427=DIRECTION('',(0.,-1.,0.));
#11428=DIRECTION('',(0.,0.,-1.));
#11429=DIRECTION('',(0.,-1.,0.));
#11430=DIRECTION('',(0.,0.,-1.));
#11431=DIRECTION('',(0.,-1.,0.));
#11432=DIRECTION('',(0.,0.,-1.));
#11433=DIRECTION('',(0.,1.,0.));
#11434=DIRECTION('',(0.,0.,1.));
#11435=DIRECTION('',(0.,-1.,0.));
#11436=DIRECTION('',(0.,0.,-1.));
#11437=DIRECTION('',(0.,-1.,0.));
#11438=DIRECTION('',(0.,0.,-1.));
#11439=DIRECTION('',(0.,-1.,0.));
#11440=DIRECTION('',(0.,0.,-1.));
#11441=DIRECTION('',(0.,-1.,0.));
#11442=DIRECTION('',(0.,0.,-1.));
#11443=DIRECTION('',(0.,1.,0.));
#11444=DIRECTION('',(0.,0.,1.));
#11445=DIRECTION('',(0.,-1.,0.));
#11446=DIRECTION('',(0.,0.,-1.));
#11447=DIRECTION('',(0.,-1.,0.));
#11448=DIRECTION('',(0.,0.,-1.));
#11449=DIRECTION('',(0.,-1.,0.));
#11450=DIRECTION('',(0.,0.,-1.));
#11451=DIRECTION('',(0.,-1.,0.));
#11452=DIRECTION('',(0.,0.,-1.));
#11453=DIRECTION('',(0.,1.,0.));
#11454=DIRECTION('',(0.,0.,1.));
#11455=DIRECTION('',(0.,-1.,0.));
#11456=DIRECTION('',(0.,0.,-1.));
#11457=DIRECTION('',(0.,-1.,0.));
#11458=DIRECTION('',(0.,0.,-1.));
#11459=DIRECTION('',(0.,-1.,0.));
#11460=DIRECTION('',(0.,0.,-1.));
#11461=DIRECTION('',(0.,-1.,0.));
#11462=DIRECTION('',(0.,0.,-1.));
#11463=DIRECTION('',(0.,1.,0.));
#11464=DIRECTION('',(0.,0.,1.));
#11465=DIRECTION('',(0.,-1.,0.));
#11466=DIRECTION('',(0.,0.,-1.));
#11467=DIRECTION('',(0.,-1.,0.));
#11468=DIRECTION('',(0.,0.,-1.));
#11469=DIRECTION('',(0.,1.,0.));
#11470=DIRECTION('',(0.,0.,1.));
#11471=DIRECTION('',(0.,1.,0.));
#11472=DIRECTION('',(0.,0.,1.));
#11473=DIRECTION('',(0.,-1.,0.));
#11474=DIRECTION('',(0.,0.,-1.));
#11475=DIRECTION('',(0.,1.,0.));
#11476=DIRECTION('',(0.,0.,1.));
#11477=DIRECTION('',(0.,1.,0.));
#11478=DIRECTION('',(0.,0.,1.));
#11479=DIRECTION('',(0.,1.,0.));
#11480=DIRECTION('',(0.,0.,1.));
#11481=DIRECTION('',(0.,1.,0.));
#11482=DIRECTION('',(0.,0.,1.));
#11483=DIRECTION('',(0.,-1.,0.));
#11484=DIRECTION('',(0.,0.,-1.));
#11485=DIRECTION('',(0.,1.,0.));
#11486=DIRECTION('',(0.,0.,1.));
#11487=DIRECTION('',(0.,1.,0.));
#11488=DIRECTION('',(0.,0.,1.));
#11489=DIRECTION('',(0.,1.,0.));
#11490=DIRECTION('',(0.,0.,1.));
#11491=DIRECTION('',(0.,1.,0.));
#11492=DIRECTION('',(0.,0.,1.));
#11493=DIRECTION('',(0.,-1.,0.));
#11494=DIRECTION('',(0.,0.,-1.));
#11495=DIRECTION('',(0.,1.,0.));
#11496=DIRECTION('',(0.,0.,1.));
#11497=DIRECTION('',(0.,1.,0.));
#11498=DIRECTION('',(0.,0.,1.));
#11499=DIRECTION('',(0.,1.,0.));
#11500=DIRECTION('',(0.,0.,1.));
#11501=DIRECTION('',(0.,1.,0.));
#11502=DIRECTION('',(0.,0.,1.));
#11503=DIRECTION('',(0.,-1.,0.));
#11504=DIRECTION('',(0.,0.,-1.));
#11505=DIRECTION('',(0.,1.,0.));
#11506=DIRECTION('',(0.,0.,1.));
#11507=DIRECTION('',(0.,1.,0.));
#11508=DIRECTION('',(0.,0.,1.));
#11509=DIRECTION('',(0.,1.96569232405304E-16,-1.));
#11510=DIRECTION('',(0.,1.,1.96569232405304E-16));
#11511=DIRECTION('',(-0.38268343236509,-0.923879532511287,0.));
#11512=DIRECTION('',(-0.923879532511287,0.38268343236509,7.52237885542327E-17));
#11513=DIRECTION('',(0.38268343236509,0.923879532511287,0.));
#11514=DIRECTION('',(0.555570233019603,-0.831469612302545,-1.63441343458647E-16));
#11515=DIRECTION('',(0.,0.,-1.));
#11516=DIRECTION('',(-1.,0.,0.));
#11517=DIRECTION('',(0.697938502653185,0.716157696680159,1.40774568717569E-16));
#11518=DIRECTION('',(-1.,0.,0.));
#11519=DIRECTION('',(0.,0.,-1.));
#11520=DIRECTION('',(-1.,0.,0.));
#11521=DIRECTION('',(0.,1.,0.));
#11522=DIRECTION('',(0.,0.,1.));
#11523=DIRECTION('',(-1.82602471155453E-16,0.,-1.));
#11524=DIRECTION('',(0.,0.,1.));
#11525=DIRECTION('',(1.,0.,0.));
#11526=DIRECTION('',(-1.,0.,0.));
#11527=DIRECTION('',(-1.,0.,0.));
#11528=DIRECTION('',(0.,-1.,0.));
#11529=DIRECTION('',(0.,0.,1.));
#11530=DIRECTION('',(1.,0.,0.));
#11531=DIRECTION('',(0.,-1.,0.));
#11532=DIRECTION('',(-1.,0.,0.));
#11533=DIRECTION('',(0.,0.,1.));
#11534=DIRECTION('',(-1.,0.,0.));
#11535=DIRECTION('',(0.,0.,1.));
#11536=DIRECTION('',(0.,-1.,0.));
#11537=DIRECTION('',(0.,0.,1.));
#11538=DIRECTION('',(1.,0.,0.));
#11539=DIRECTION('',(0.,-1.,0.));
#11540=DIRECTION('',(-1.,0.,0.));
#11541=DIRECTION('',(0.,0.,1.));
#11542=DIRECTION('',(0.,-1.,0.));
#11543=DIRECTION('',(-1.,0.,0.));
#11544=DIRECTION('',(0.,0.,1.));
#11545=DIRECTION('',(0.,0.,-1.));
#11546=DIRECTION('',(-1.,0.,0.));
#11547=DIRECTION('',(0.,-1.,0.));
#11548=DIRECTION('',(1.,0.,-1.82602471155453E-16));
#11549=DIRECTION('',(-1.82602471155453E-16,0.,-1.));
#11550=DIRECTION('',(0.,-1.,0.));
#11551=DIRECTION('',(0.,0.,1.));
#11552=DIRECTION('',(0.,0.,1.));
#11553=DIRECTION('',(-1.,0.,0.));
#11554=DIRECTION('',(0.,0.,1.));
#11555=DIRECTION('',(0.,0.5,-0.866025403784439));
#11556=DIRECTION('',(0.,0.866025403784439,0.5));
#11557=DIRECTION('',(1.,0.,0.));
#11558=DIRECTION('',(0.,0.866025403784439,0.5));
#11559=DIRECTION('',(1.,0.,0.));
#11560=DIRECTION('',(0.,1.,-1.39750195231364E-15));
#11561=DIRECTION('',(0.,1.39750195231364E-15,1.));
#11562=DIRECTION('',(1.,0.,0.));
#11563=DIRECTION('',(0.,1.39750195231364E-15,1.));
#11564=DIRECTION('',(0.,0.5,0.866025403784438));
#11565=DIRECTION('',(0.,-0.866025403784438,0.5));
#11566=DIRECTION('',(1.,0.,0.));
#11567=DIRECTION('',(0.,-0.866025403784438,0.5));
#11568=DIRECTION('',(0.,-0.5,0.86602540378444));
#11569=DIRECTION('',(0.,-0.86602540378444,-0.5));
#11570=DIRECTION('',(1.,0.,0.));
#11571=DIRECTION('',(0.,-0.86602540378444,-0.5));
#11572=DIRECTION('',(0.,-1.,1.39750195231364E-15));
#11573=DIRECTION('',(0.,-1.39750195231364E-15,-1.));
#11574=DIRECTION('',(1.,0.,0.));
#11575=DIRECTION('',(0.,-1.39750195231364E-15,-1.));
#11576=DIRECTION('',(0.,-0.5,-0.866025403784438));
#11577=DIRECTION('',(0.,0.866025403784438,-0.5));
#11578=DIRECTION('',(0.,0.866025403784438,-0.5));
#11579=DIRECTION('',(1.,0.,0.));
#11580=DIRECTION('',(0.,1.,0.));
#11581=DIRECTION('',(0.,-1.,0.));
#11582=DIRECTION('',(0.,0.,-1.));
#11583=DIRECTION('',(1.,0.,0.));
#11584=DIRECTION('',(0.,0.,1.));
#11585=DIRECTION('',(0.,-1.,0.));
#11586=DIRECTION('',(0.,0.,-1.));
#11587=DIRECTION('',(0.,0.,1.));
#11588=DIRECTION('',(1.,0.,0.));
#11589=DIRECTION('',(-1.,0.,0.));
#11590=DIRECTION('',(0.,0.,1.));
#11591=DIRECTION('',(0.,-1.,0.));
#11592=DIRECTION('',(0.,0.,1.));
#11593=DIRECTION('',(1.,0.,0.));
#11594=DIRECTION('',(0.,1.,0.));
#11595=DIRECTION('',(0.,0.,1.));
#11596=DIRECTION('',(0.,0.,1.));
#11597=DIRECTION('',(-1.,0.,0.));
#11598=DIRECTION('',(-1.,0.,0.));
#11599=DIRECTION('',(0.,0.,1.));
#11600=DIRECTION('',(0.,0.,1.));
#11601=DIRECTION('',(0.,-1.,0.));
#11602=DIRECTION('',(0.,1.,0.));
#11603=DIRECTION('',(0.,0.,1.));
#11604=DIRECTION('',(-1.,0.,0.));
#11605=DIRECTION('',(0.,0.,1.));
#11606=DIRECTION('',(1.,0.,0.));
#11607=DIRECTION('',(-1.,0.,0.));
#11608=DIRECTION('',(0.,0.,1.));
#11609=DIRECTION('',(0.,-1.,0.));
#11610=DIRECTION('',(0.,0.,-1.));
#11611=DIRECTION('',(0.,1.,0.));
#11612=DIRECTION('',(0.,0.,1.));
#11613=DIRECTION('',(0.,-1.,0.));
#11614=DIRECTION('',(0.,0.,-1.));
#11615=DIRECTION('',(0.,1.,0.));
#11616=DIRECTION('',(0.,0.,1.));
#11617=DIRECTION('',(-0.923879532511287,-0.38268343236509,0.));
#11618=DIRECTION('',(0.38268343236509,-0.923879532511287,0.));
#11619=DIRECTION('',(-0.38268343236509,0.923879532511287,0.));
#11620=DIRECTION('',(0.,0.,1.));
#11621=DIRECTION('',(0.270598050073099,-0.653281482438188,0.707106781186548));
#11622=DIRECTION('',(1.67078939249223E-16,-2.43356425840351E-16,1.));
#11623=DIRECTION('',(0.270598050073099,-0.653281482438188,0.707106781186548));
#11624=DIRECTION('',(-0.38268343236509,0.923879532511287,6.79815536723446E-33));
#11625=DIRECTION('',(-0.270598050073099,0.653281482438188,0.707106781186548));
#11626=DIRECTION('',(5.6571305614385E-17,2.34326020266315E-17,1.));
#11627=DIRECTION('',(-0.270598050073099,0.653281482438188,-0.707106781186548));
#11628=DIRECTION('',(-0.38268343236509,0.923879532511287,-1.01972330508517E-32));
#11629=DIRECTION('',(-0.270598050073099,0.653281482438189,-0.707106781186547));
#11630=DIRECTION('',(0.,0.,-1.));
#11631=DIRECTION('',(-1.,0.,0.));
#11632=DIRECTION('',(0.,0.,1.));
#11633=DIRECTION('',(1.,0.,0.));
#11634=DIRECTION('',(0.,0.,-1.));
#11635=DIRECTION('',(0.923879532511287,0.38268343236509,0.));
#11636=DIRECTION('',(-0.38268343236509,0.923879532511287,0.));
#11637=DIRECTION('',(0.38268343236509,-0.923879532511287,0.));
#11638=DIRECTION('',(0.270598050073099,-0.653281482438189,0.707106781186547));
#11639=DIRECTION('',(0.,0.,-1.));
#11640=DIRECTION('',(0.38268343236509,-0.923879532511287,0.));
#11641=DIRECTION('',(0.382683432365089,0.923879532511287,0.));
#11642=DIRECTION('',(-0.923879532511287,0.382683432365089,0.));
#11643=DIRECTION('',(0.754344479484572,-0.312459714103782,0.577350269189625));
#11644=DIRECTION('',(-8.00039076410165E-17,3.31387035877534E-17,-1.));
#11645=DIRECTION('',(-0.754344479484572,0.312459714103782,-0.577350269189625));
#11646=DIRECTION('',(0.,0.,1.));
#11647=DIRECTION('',(1.,0.,0.));
#11648=DIRECTION('',(-0.923879532511287,-0.38268343236509,0.));
#11649=DIRECTION('',(-0.555570233019602,-0.831469612302546,0.));
#11650=DIRECTION('',(5.6571305614385E-17,2.34326020266315E-17,1.));
#11651=DIRECTION('',(1.,0.,-5.6571305614385E-17));
#11652=DIRECTION('',(-0.923879532511287,-0.38268343236509,6.12323399573677E-17));
#11653=DIRECTION('',(-0.38268343236509,0.923879532511287,6.79815536723446E-33));
#11654=DIRECTION('',(0.923879532511287,0.38268343236509,-6.12323399573677E-17));
#11655=DIRECTION('',(0.38268343236509,-0.923879532511287,2.50772128175421E-33));
#11656=DIRECTION('',(0.923879532511287,0.38268343236509,0.));
#11657=DIRECTION('',(-0.923879532511287,-0.38268343236509,6.12323399573677E-17));
#11658=DIRECTION('',(5.6571305614385E-17,2.34326020266315E-17,1.));
#11659=DIRECTION('',(-0.923879532511287,-0.38268343236509,6.12323399573677E-17));
#11660=DIRECTION('',(-0.270598050073099,0.653281482438188,0.707106781186547));
#11661=DIRECTION('',(0.,-0.734509555267755,0.678598344545847));
#11662=DIRECTION('',(-0.270598050073099,0.653281482438188,-0.707106781186548));
#11663=DIRECTION('',(-0.923879532511287,-0.38268343236509,6.12323399573677E-17));
#11664=DIRECTION('',(5.6571305614385E-17,2.34326020266315E-17,1.));
#11665=DIRECTION('',(1.,0.,-5.6571305614385E-17));
#11666=DIRECTION('',(-0.923879532511287,-0.38268343236509,0.));
#11667=DIRECTION('',(-0.38268343236509,0.923879532511287,-1.01972330508517E-32));
#11668=DIRECTION('',(0.38268343236509,-0.923879532511287,-2.88770362886812E-16));
#11669=DIRECTION('',(0.923879532511287,0.38268343236509,0.));
#11670=DIRECTION('',(-0.923879532511287,-0.38268343236509,1.23259516440783E-32));
#11671=DIRECTION('',(1.67078939249223E-16,-2.43356425840351E-16,1.));
#11672=DIRECTION('',(0.923879532511287,0.38268343236509,-6.12323399573677E-17));
#11673=DIRECTION('',(0.923879532511287,0.38268343236509,-6.12323399573677E-17));
#11674=DIRECTION('',(-0.38268343236509,0.923879532511287,2.53632656661817E-17));
#11675=DIRECTION('',(0.38268343236509,-0.923879532511287,0.));
#11676=DIRECTION('',(0.270598050073099,-0.653281482438188,-0.707106781186548));
#11677=DIRECTION('',(-0.270598050073099,0.653281482438188,-0.707106781186548));
#11678=DIRECTION('',(-0.270598050073099,0.653281482438188,0.707106781186548));
#11679=DIRECTION('',(0.923879532511287,0.38268343236509,-6.12323399573677E-17));
#11680=DIRECTION('',(-0.270598050073099,0.653281482438188,-0.707106781186548));
#11681=DIRECTION('',(-0.923879532511287,-0.38268343236509,6.12323399573677E-17));
#11682=DIRECTION('',(0.653281482438188,0.270598050073099,-0.707106781186548));
#11683=DIRECTION('',(-0.38268343236509,0.923879532511287,0.));
#11684=DIRECTION('',(-0.754344479484572,0.312459714103781,-0.577350269189626));
#11685=DIRECTION('',(0.270598050073099,-0.653281482438189,-0.707106781186547));
#11686=DIRECTION('',(-0.923879532511287,-0.38268343236509,0.));
#11687=DIRECTION('',(0.270598050073099,-0.653281482438188,-0.707106781186548));
#11688=DIRECTION('',(0.923879532511287,0.38268343236509,0.));
#11689=DIRECTION('',(0.923879532511287,-0.38268343236509,0.));
#11690=DIRECTION('',(0.38268343236509,0.923879532511287,0.));
#11691=DIRECTION('',(0.,0.,-1.));
#11692=DIRECTION('',(0.270598050073099,0.653281482438187,-0.707106781186548));
#11693=DIRECTION('',(0.,0.,-1.));
#11694=DIRECTION('',(-0.38268343236509,-0.923879532511287,0.));
#11695=DIRECTION('',(-0.38268343236509,-0.923879532511287,0.));
#11696=DIRECTION('',(0.382683432365089,-0.923879532511287,0.));
#11697=DIRECTION('',(0.923879532511287,0.382683432365089,0.));
#11698=DIRECTION('',(-8.00039076410165E-17,-3.31387035877534E-17,1.));
#11699=DIRECTION('',(0.754344479484571,0.312459714103782,-0.577350269189626));
#11700=DIRECTION('',(-0.754344479484572,-0.312459714103782,0.577350269189625));
#11701=DIRECTION('',(0.,0.,1.));
#11702=DIRECTION('',(-1.,0.,0.));
#11703=DIRECTION('',(0.,0.,-1.));
#11704=DIRECTION('',(-1.,0.,0.));
#11705=DIRECTION('',(0.,1.,0.));
#11706=DIRECTION('',(0.38268343236509,0.923879532511287,0.));
#11707=DIRECTION('',(0.38268343236509,0.923879532511287,0.));
#11708=DIRECTION('',(0.923879532511287,-0.38268343236509,0.));
#11709=DIRECTION('',(0.,0.,-1.));
#11710=DIRECTION('',(-1.,0.,0.));
#11711=DIRECTION('',(0.707106781186547,0.,-0.707106781186548));
#11712=DIRECTION('',(-0.707106781186548,0.,-0.707106781186547));
#11713=DIRECTION('',(-0.923879532511287,0.38268343236509,0.));
#11714=DIRECTION('',(-0.38268343236509,-0.923879532511287,0.));
#11715=DIRECTION('',(0.,0.,-1.));
#11716=DIRECTION('',(-0.270598050073099,-0.653281482438187,0.707106781186549));
#11717=DIRECTION('',(0.38268343236509,0.923879532511287,-1.01972330508517E-32));
#11718=DIRECTION('',(0.270598050073099,0.653281482438188,-0.707106781186548));
#11719=DIRECTION('',(-5.6571305614385E-17,2.34326020266315E-17,1.));
#11720=DIRECTION('',(-0.270598050073099,-0.653281482438188,-0.707106781186548));
#11721=DIRECTION('',(0.38268343236509,0.923879532511287,6.79815536723446E-33));
#11722=DIRECTION('',(0.270598050073099,0.653281482438188,-0.707106781186548));
#11723=DIRECTION('',(-1.67078939249223E-16,-2.43356425840351E-16,1.));
#11724=DIRECTION('',(-0.270598050073099,-0.653281482438188,0.707106781186548));
#11725=DIRECTION('',(0.,0.,-1.));
#11726=DIRECTION('',(-1.,0.,0.));
#11727=DIRECTION('',(0.707106781186547,0.,0.707106781186548));
#11728=DIRECTION('',(0.707106781186548,0.,-0.707106781186547));
#11729=DIRECTION('',(0.,0.,-1.));
#11730=DIRECTION('',(5.6571305614385E-17,-2.34326020266315E-17,-1.));
#11731=DIRECTION('',(-1.,0.,-5.6571305614385E-17));
#11732=DIRECTION('',(0.38268343236509,0.923879532511287,6.79815536723446E-33));
#11733=DIRECTION('',(-0.923879532511287,0.38268343236509,-6.12323399573677E-17));
#11734=DIRECTION('',(0.923879532511287,-0.38268343236509,6.12323399573677E-17));
#11735=DIRECTION('',(0.38268343236509,0.923879532511287,2.88770362886812E-16));
#11736=DIRECTION('',(-0.923879532511287,0.38268343236509,0.));
#11737=DIRECTION('',(-1.67078939249223E-16,-2.43356425840351E-16,1.));
#11738=DIRECTION('',(-0.923879532511287,0.38268343236509,-1.23259516440783E-32));
#11739=DIRECTION('',(0.923879532511287,-0.38268343236509,6.12323399573677E-17));
#11740=DIRECTION('',(5.6571305614385E-17,-2.34326020266315E-17,-1.));
#11741=DIRECTION('',(-1.,0.,-5.6571305614385E-17));
#11742=DIRECTION('',(0.923879532511287,-0.38268343236509,0.));
#11743=DIRECTION('',(0.38268343236509,0.923879532511287,-1.01972330508517E-32));
#11744=DIRECTION('',(0.923879532511287,-0.38268343236509,6.12323399573677E-17));
#11745=DIRECTION('',(-0.270598050073099,-0.653281482438188,-0.707106781186547));
#11746=DIRECTION('',(0.,0.734509555267755,-0.678598344545847));
#11747=DIRECTION('',(0.270598050073099,0.653281482438188,-0.707106781186548));
#11748=DIRECTION('',(0.923879532511287,-0.38268343236509,6.12323399573677E-17));
#11749=DIRECTION('',(0.38268343236509,0.923879532511287,-2.50772128175421E-33));
#11750=DIRECTION('',(-0.923879532511287,0.38268343236509,0.));
#11751=DIRECTION('',(-5.6571305614385E-17,2.34326020266315E-17,1.));
#11752=DIRECTION('',(-0.923879532511287,0.38268343236509,-6.12323399573677E-17));
#11753=DIRECTION('',(-0.923879532511287,0.38268343236509,-6.12323399573677E-17));
#11754=DIRECTION('',(0.38268343236509,0.923879532511287,2.53632656661817E-17));
#11755=DIRECTION('',(0.38268343236509,0.923879532511287,0.));
#11756=DIRECTION('',(-0.270598050073099,-0.653281482438188,0.707106781186548));
#11757=DIRECTION('',(0.270598050073099,0.653281482438188,0.707106781186548));
#11758=DIRECTION('',(0.270598050073099,0.653281482438188,0.707106781186548));
#11759=DIRECTION('',(-0.923879532511287,0.38268343236509,-6.12323399573677E-17));
#11760=DIRECTION('',(0.270598050073099,0.653281482438188,-0.707106781186548));
#11761=DIRECTION('',(0.923879532511287,-0.38268343236509,6.12323399573677E-17));
#11762=DIRECTION('',(-0.653281482438188,0.270598050073099,-0.707106781186548));
#11763=DIRECTION('',(0.38268343236509,0.923879532511287,0.));
#11764=DIRECTION('',(0.754344479484572,0.312459714103781,-0.577350269189626));
#11765=DIRECTION('',(0.270598050073099,0.653281482438189,0.707106781186547));
#11766=DIRECTION('',(-0.923879532511287,0.38268343236509,0.));
#11767=DIRECTION('',(-0.270598050073099,-0.653281482438189,-0.707106781186547));
#11768=DIRECTION('',(-0.923879532511287,0.38268343236509,7.52237885542327E-17));
#11769=DIRECTION('',(-0.653281482438189,0.270598050073099,0.707106781186547));
#11770=DIRECTION('',(0.38268343236509,0.923879532511287,0.));
#11771=DIRECTION('',(0.427192174235142,-0.639338269725914,0.639338269725915));
#11772=DIRECTION('',(-0.831469612302545,-0.555570233019603,0.));
#11773=DIRECTION('',(0.,0.,1.));
#11774=DIRECTION('',(-0.653281482438189,-0.270598050073099,-0.707106781186547));
#11775=DIRECTION('',(0.38268343236509,-0.923879532511287,0.));
#11776=DIRECTION('',(0.707106781186547,0.,-0.707106781186548));
#11777=DIRECTION('',(0.,-1.,0.));
#11778=DIRECTION('',(0.707106781186547,0.,0.707106781186548));
#11779=DIRECTION('',(0.,1.,0.));
#11780=DIRECTION('',(0.572327244081196,0.587267444495987,-0.572327244081195));
#11781=DIRECTION('',(0.716157696680159,-0.697938502653185,0.));
#11782=DIRECTION('',(0.,0.,-1.));
#11783=DIRECTION('',(-0.831469612302546,0.555570233019602,0.));
#11784=DIRECTION('',(0.,0.,-1.));
#11785=DIRECTION('',(0.,1.,0.));
#11786=DIRECTION('',(0.,0.,1.));
#11787=DIRECTION('',(0.,1.,0.));
#11788=DIRECTION('',(0.,0.,1.));
#11789=DIRECTION('',(0.,1.,0.));
#11790=DIRECTION('',(-1.,0.,0.));
#11791=DIRECTION('',(0.,0.,1.));
#11792=DIRECTION('',(1.,0.,0.));
#11793=DIRECTION('',(1.,0.,0.));
#11794=DIRECTION('',(0.,0.,-1.));
#11795=DIRECTION('',(0.,-1.,0.));
#11796=DIRECTION('',(0.,0.,-1.));
#11797=DIRECTION('',(0.,-1.,0.));
#11798=DIRECTION('',(0.,0.,1.));
#11799=DIRECTION('',(0.,1.,0.));
#11800=DIRECTION('',(0.,0.,-1.));
#11801=DIRECTION('',(0.,0.,1.));
#11802=DIRECTION('',(1.,0.,0.));
#11803=DIRECTION('',(0.,0.,-1.));
#11804=DIRECTION('',(-1.,0.,0.));
#11805=DIRECTION('',(0.,0.,1.));
#11806=DIRECTION('',(1.,0.,0.));
#11807=DIRECTION('',(0.,0.,1.));
#11808=DIRECTION('',(1.,0.,0.));
#11809=DIRECTION('',(0.,0.,-1.));
#11810=DIRECTION('',(-1.,0.,0.));
#11811=DIRECTION('',(0.,0.,1.));
#11812=DIRECTION('',(1.,0.,0.));
#11813=DIRECTION('',(0.,0.,1.));
#11814=DIRECTION('',(1.,0.,0.));
#11815=DIRECTION('',(0.,0.,-1.));
#11816=DIRECTION('',(-1.,0.,0.));
#11817=DIRECTION('',(0.,0.,1.));
#11818=DIRECTION('',(1.,0.,0.));
#11819=DIRECTION('',(0.707106781186547,0.707106781186548,0.));
#11820=DIRECTION('',(-0.707106781186548,0.707106781186547,0.));
#11821=DIRECTION('',(0.,0.,-1.));
#11822=DIRECTION('',(0.707106781186548,-0.707106781186547,0.));
#11823=DIRECTION('',(0.,0.,-1.));
#11824=DIRECTION('',(0.707106781186548,-0.707106781186547,0.));
#11825=DIRECTION('',(0.707106781186547,0.707106781186548,0.));
#11826=DIRECTION('',(-0.707106781186548,0.707106781186547,0.));
#11827=DIRECTION('',(0.707106781186547,0.707106781186548,0.));
#11828=DIRECTION('',(-0.707106781186548,0.707106781186547,0.));
#11829=DIRECTION('',(0.,-1.,0.));
#11830=DIRECTION('',(0.,0.,-1.));
#11831=DIRECTION('',(-1.,0.,0.));
#11832=DIRECTION('',(0.,0.,-1.));
#11833=DIRECTION('',(1.,1.30922526488816E-16,0.));
#11834=DIRECTION('',(0.,0.,-1.));
#11835=DIRECTION('',(1.,1.30922526488816E-16,0.));
#11836=DIRECTION('',(-1.30922526488816E-16,1.,0.));
#11837=DIRECTION('',(1.30922526488816E-16,-1.,0.));
#11838=DIRECTION('',(0.,0.,-1.));
#11839=DIRECTION('',(-1.30922526488816E-16,1.,0.));
#11840=DIRECTION('',(0.,0.,1.));
#11841=DIRECTION('',(-1.30922526488816E-16,1.,0.));
#11842=DIRECTION('',(0.,0.,1.));
#11843=DIRECTION('',(1.30922526488816E-16,-1.,0.));
#11844=DIRECTION('',(1.,0.,0.));
#11845=DIRECTION('',(0.,0.,-1.));
#11846=DIRECTION('',(0.,-1.,0.));
#11847=DIRECTION('',(0.,0.,1.));
#11848=DIRECTION('',(0.,-1.,0.));
#11849=DIRECTION('',(0.,0.,-1.));
#11850=DIRECTION('',(0.,1.,0.));
#11851=DIRECTION('',(0.,0.,-1.));
#11852=DIRECTION('',(0.777042646069038,0.629447953519612,0.));
#11853=DIRECTION('',(-0.629447953519612,0.777042646069038,0.));
#11854=DIRECTION('',(-0.629447953519612,0.777042646069038,0.));
#11855=DIRECTION('',(0.,0.,-1.));
#11856=DIRECTION('',(0.629447953519612,-0.777042646069038,0.));
#11857=DIRECTION('',(0.,0.,-1.));
#11858=DIRECTION('',(0.,-1.,0.));
#11859=DIRECTION('',(0.,0.,-1.));
#11860=DIRECTION('',(-1.,0.,0.));
#11861=DIRECTION('',(0.,0.,-1.));
#11862=DIRECTION('',(-1.,0.,0.));
#11863=DIRECTION('',(0.,0.,-1.));
#11864=DIRECTION('',(-1.,0.,0.));
#11865=DIRECTION('',(0.,0.,1.));
#11866=DIRECTION('',(0.,0.,-1.));
#11867=DIRECTION('',(0.,1.,0.));
#11868=DIRECTION('',(0.,0.,-1.));
#11869=DIRECTION('',(0.,1.,0.));
#11870=DIRECTION('',(0.,1.,0.));
#11871=DIRECTION('',(0.,0.,1.));
#11872=DIRECTION('',(0.,0.,-1.));
#11873=DIRECTION('',(1.,0.,0.));
#11874=DIRECTION('',(1.,0.,0.));
#11875=DIRECTION('',(1.,2.31296463463574E-16,0.));
#11876=DIRECTION('',(-2.31296463463574E-16,1.,0.));
#11877=DIRECTION('',(1.,2.31296463463574E-16,0.));
#11878=DIRECTION('',(-2.31296463463574E-16,1.,0.));
#11879=DIRECTION('',(1.,2.31296463463574E-16,0.));
#11880=DIRECTION('',(-2.31296463463574E-16,1.,0.));
#11881=DIRECTION('',(2.31296463463574E-16,-1.,0.));
#11882=DIRECTION('',(2.31296463463574E-16,-1.,0.));
#11883=DIRECTION('',(0.,1.,0.));
#11884=DIRECTION('',(0.,0.,1.));
#11885=DIRECTION('',(-1.,0.,0.));
#11886=DIRECTION('',(0.,0.,1.));
#11887=DIRECTION('',(1.,0.,0.));
#11888=DIRECTION('',(1.,0.,0.));
#11889=DIRECTION('',(0.,0.,-1.));
#11890=DIRECTION('',(-1.,0.,0.));
#11891=DIRECTION('',(0.,0.,1.));
#11892=DIRECTION('',(1.,0.,0.));
#11893=DIRECTION('',(0.5,-0.866025403784439,0.));
#11894=DIRECTION('',(-0.5,-0.866025403784439,0.));
#11895=DIRECTION('',(-1.,0.,0.));
#11896=DIRECTION('',(-0.5,0.866025403784439,0.));
#11897=DIRECTION('',(0.5,0.866025403784439,0.));
#11898=DIRECTION('',(1.,0.,0.));
#11899=DIRECTION('',(-0.5,0.866025403784438,0.));
#11900=DIRECTION('',(0.5,0.86602540378444,0.));
#11901=DIRECTION('',(1.,4.00617226329907E-15,0.));
#11902=DIRECTION('',(0.5,-0.866025403784438,0.));
#11903=DIRECTION('',(-0.5,-0.86602540378444,0.));
#11904=DIRECTION('',(-1.,0.,0.));
#11905=DIRECTION('',(0.5,-0.866025403784441,0.));
#11906=DIRECTION('',(-0.5,-0.866025403784436,0.));
#11907=DIRECTION('',(-1.,8.01234452659813E-15,0.));
#11908=DIRECTION('',(-0.5,0.866025403784441,0.));
#11909=DIRECTION('',(0.5,0.866025403784436,0.));
#11910=DIRECTION('',(1.,0.,0.));
#11911=DIRECTION('',(0.,0.,1.));
#11912=DIRECTION('',(1.,0.,0.));
#11913=DIRECTION('',(0.,0.,1.));
#11914=DIRECTION('',(1.,0.,0.));
#11915=DIRECTION('',(0.,0.,1.));
#11916=DIRECTION('',(1.,0.,0.));
#11917=DIRECTION('',(0.,0.,1.));
#11918=DIRECTION('',(1.,0.,0.));
#11919=DIRECTION('',(0.,0.,1.));
#11920=DIRECTION('',(1.,0.,0.));
#11921=DIRECTION('',(0.,0.,1.));
#11922=DIRECTION('',(1.,0.,0.));
#11923=DIRECTION('',(0.,0.,1.));
#11924=DIRECTION('',(1.,0.,0.));
#11925=DIRECTION('',(-1.30922526488816E-16,1.,0.));
#11926=DIRECTION('',(-1.,-1.30922526488816E-16,0.));
#11927=DIRECTION('',(1.,1.30922526488816E-16,0.));
#11928=DIRECTION('',(0.,0.,-1.));
#11929=DIRECTION('',(1.,1.30922526488816E-16,0.));
#11930=DIRECTION('',(0.,0.,-1.));
#11931=DIRECTION('',(-1.,0.,0.));
#11932=DIRECTION('',(0.,0.,-1.));
#11933=DIRECTION('',(-1.,0.,0.));
#11934=DIRECTION('',(0.,0.,-1.));
#11935=DIRECTION('',(-1.,0.,0.));
#11936=DIRECTION('',(0.,0.,-1.));
#11937=DIRECTION('',(-1.,0.,0.));
#11938=DIRECTION('',(0.,0.,-1.));
#11939=DIRECTION('',(-1.,0.,0.));
#11940=DIRECTION('',(0.,-1.,0.));
#11941=DIRECTION('',(0.,0.,1.));
#11942=DIRECTION('',(1.,1.30922526488816E-16,0.));
#11943=DIRECTION('',(0.,0.,1.));
#11944=DIRECTION('',(-1.,0.,0.));
#11945=DIRECTION('',(0.,0.,1.));
#11946=DIRECTION('',(0.777042646069038,0.629447953519612,0.));
#11947=DIRECTION('',(-0.629447953519612,0.777042646069038,0.));
#11948=DIRECTION('',(0.629447953519612,-0.777042646069038,0.));
#11949=DIRECTION('',(0.,0.,1.));
#11950=DIRECTION('',(-0.629447953519612,0.777042646069038,0.));
#11951=DIRECTION('',(0.,0.,1.));
#11952=DIRECTION('',(0.,0.,-1.));
#11953=DIRECTION('',(1.,0.,0.));
#11954=DIRECTION('',(0.,0.,1.));
#11955=DIRECTION('',(1.,0.,0.));
#11956=DIRECTION('',(0.,0.,1.));
#11957=DIRECTION('',(1.,0.,0.));
#11958=DIRECTION('',(0.,0.,1.));
#11959=DIRECTION('',(1.,0.,0.));
#11960=DIRECTION('',(0.,0.,-1.));
#11961=DIRECTION('',(-1.,0.,0.));
#11962=DIRECTION('',(0.,0.,-1.));
#11963=DIRECTION('',(-1.,0.,0.));
#11964=DIRECTION('',(0.,0.,-1.));
#11965=DIRECTION('',(-1.,0.,0.));
#11966=DIRECTION('',(0.,0.,-1.));
#11967=DIRECTION('',(-1.,0.,0.));
#11968=DIRECTION('',(0.,0.,-1.));
#11969=DIRECTION('',(1.,0.,0.));
#11970=DIRECTION('',(0.,0.,-1.));
#11971=DIRECTION('',(-1.,0.,0.));
#11972=DIRECTION('',(0.,0.,-1.));
#11973=DIRECTION('',(-1.,0.,0.));
#11974=DIRECTION('',(0.,0.,1.));
#11975=DIRECTION('',(-1.,0.,0.));
#11976=DIRECTION('',(0.,0.,1.));
#11977=DIRECTION('',(1.,0.,0.));
#11978=DIRECTION('',(0.,0.,1.));
#11979=DIRECTION('',(1.,0.,0.));
#11980=DIRECTION('',(0.,0.,1.));
#11981=DIRECTION('',(1.,0.,0.));
#11982=DIRECTION('',(0.,0.,1.));
#11983=DIRECTION('',(1.,0.,0.));
#11984=DIRECTION('',(0.,0.,1.));
#11985=DIRECTION('',(1.,0.,0.));
#11986=DIRECTION('',(0.,0.,1.));
#11987=DIRECTION('',(1.,0.,0.));
#11988=DIRECTION('',(0.,0.,1.));
#11989=DIRECTION('',(1.,0.,0.));
#11990=DIRECTION('',(-1.,0.,0.));
#11991=DIRECTION('',(0.,0.,1.));
#11992=DIRECTION('',(-1.,0.,0.));
#11993=DIRECTION('',(0.,0.,1.));
#11994=DIRECTION('',(1.,0.,0.));
#11995=DIRECTION('',(0.,0.,-1.));
#11996=DIRECTION('',(-1.,0.,0.));
#11997=DIRECTION('',(0.,0.,1.));
#11998=DIRECTION('',(-1.,0.,0.));
#11999=DIRECTION('',(0.,0.,1.));
#12000=DIRECTION('',(-1.,0.,0.));
#12001=DIRECTION('',(0.,0.,1.));
#12002=DIRECTION('',(-1.,0.,0.));
#12003=DIRECTION('',(0.,0.,1.));
#12004=DIRECTION('',(1.,0.,0.));
#12005=DIRECTION('',(0.,0.,-1.));
#12006=DIRECTION('',(-1.,0.,0.));
#12007=DIRECTION('',(0.,0.,1.));
#12008=DIRECTION('',(-1.,0.,0.));
#12009=DIRECTION('',(0.,0.,1.));
#12010=DIRECTION('',(0.,0.,1.));
#12011=DIRECTION('',(1.,0.,0.));
#12012=DIRECTION('',(0.,0.,1.));
#12013=DIRECTION('',(1.,0.,0.));
#12014=DIRECTION('',(0.,0.,-1.));
#12015=DIRECTION('',(-1.,0.,0.));
#12016=DIRECTION('',(0.,0.,1.));
#12017=DIRECTION('',(1.,0.,0.));
#12018=DIRECTION('',(0.,0.,1.));
#12019=DIRECTION('',(1.,0.,0.));
#12020=DIRECTION('',(0.,0.,1.));
#12021=DIRECTION('',(1.,0.,0.));
#12022=DIRECTION('',(0.,0.,1.));
#12023=DIRECTION('',(1.,0.,0.));
#12024=DIRECTION('',(0.,0.,-1.));
#12025=DIRECTION('',(-1.,0.,0.));
#12026=DIRECTION('',(0.,0.,1.));
#12027=DIRECTION('',(1.,0.,0.));
#12028=DIRECTION('',(0.,0.,1.));
#12029=DIRECTION('',(1.,0.,0.));
#12030=DIRECTION('',(0.,0.,1.));
#12031=DIRECTION('',(1.,0.,0.));
#12032=DIRECTION('',(0.,0.,1.));
#12033=DIRECTION('',(1.,0.,0.));
#12034=DIRECTION('',(0.,0.,-1.));
#12035=DIRECTION('',(-1.,0.,0.));
#12036=DIRECTION('',(0.,0.,1.));
#12037=DIRECTION('',(1.,0.,0.));
#12038=DIRECTION('',(0.,0.,1.));
#12039=DIRECTION('',(1.,0.,0.));
#12040=DIRECTION('',(-0.866025403784439,-0.5,0.));
#12041=DIRECTION('',(0.5,-0.866025403784439,0.));
#12042=DIRECTION('',(0.,0.,1.));
#12043=DIRECTION('',(0.5,-0.866025403784439,0.));
#12044=DIRECTION('',(0.,0.,1.));
#12045=DIRECTION('',(0.,-1.,0.));
#12046=DIRECTION('',(0.,0.,-1.));
#12047=DIRECTION('',(0.,0.,1.));
#12048=DIRECTION('',(1.,0.,0.));
#12049=DIRECTION('',(0.866025403784439,-0.5,0.));
#12050=DIRECTION('',(0.5,0.866025403784439,0.));
#12051=DIRECTION('',(0.,0.,1.));
#12052=DIRECTION('',(0.5,0.866025403784439,0.));
#12053=DIRECTION('',(0.866025403784439,0.5,0.));
#12054=DIRECTION('',(-0.5,0.866025403784439,0.));
#12055=DIRECTION('',(0.,0.,1.));
#12056=DIRECTION('',(-0.5,0.866025403784439,0.));
#12057=DIRECTION('',(0.,1.,0.));
#12058=DIRECTION('',(0.,0.,1.));
#12059=DIRECTION('',(0.,0.,1.));
#12060=DIRECTION('',(-1.,0.,0.));
#12061=DIRECTION('',(-0.866025403784439,0.5,0.));
#12062=DIRECTION('',(-0.5,-0.866025403784439,0.));
#12063=DIRECTION('',(-0.5,-0.866025403784439,0.));
#12064=DIRECTION('',(0.,0.,1.));
#12065=DIRECTION('',(1.,0.,0.));
#12066=DIRECTION('',(0.866025403784438,0.5,0.));
#12067=DIRECTION('',(-0.5,0.866025403784438,0.));
#12068=DIRECTION('',(0.,0.,1.));
#12069=DIRECTION('',(-0.5,0.866025403784438,0.));
#12070=DIRECTION('',(0.,0.,1.));
#12071=DIRECTION('',(0.,1.,0.));
#12072=DIRECTION('',(0.,0.,1.));
#12073=DIRECTION('',(0.,0.,1.));
#12074=DIRECTION('',(-1.,0.,0.));
#12075=DIRECTION('',(-0.86602540378444,0.5,0.));
#12076=DIRECTION('',(-0.5,-0.86602540378444,0.));
#12077=DIRECTION('',(0.,0.,1.));
#12078=DIRECTION('',(-0.5,-0.86602540378444,0.));
#12079=DIRECTION('',(-0.866025403784438,-0.5,0.));
#12080=DIRECTION('',(0.5,-0.866025403784438,0.));
#12081=DIRECTION('',(0.,0.,1.));
#12082=DIRECTION('',(0.5,-0.866025403784438,0.));
#12083=DIRECTION('',(4.00617226329907E-15,-1.,0.));
#12084=DIRECTION('',(1.,4.00617226329907E-15,0.));
#12085=DIRECTION('',(0.,0.,1.));
#12086=DIRECTION('',(1.,4.00617226329907E-15,0.));
#12087=DIRECTION('',(0.86602540378444,-0.5,0.));
#12088=DIRECTION('',(0.5,0.86602540378444,0.));
#12089=DIRECTION('',(0.5,0.86602540378444,0.));
#12090=DIRECTION('',(0.,0.,1.));
#12091=DIRECTION('',(1.,0.,0.));
#12092=DIRECTION('',(-0.866025403784441,-0.5,0.));
#12093=DIRECTION('',(0.5,-0.866025403784441,0.));
#12094=DIRECTION('',(0.,0.,1.));
#12095=DIRECTION('',(0.5,-0.866025403784441,0.));
#12096=DIRECTION('',(0.,0.,1.));
#12097=DIRECTION('',(0.,-1.,0.));
#12098=DIRECTION('',(0.,0.,-1.));
#12099=DIRECTION('',(0.,0.,1.));
#12100=DIRECTION('',(1.,0.,0.));
#12101=DIRECTION('',(0.866025403784436,-0.5,0.));
#12102=DIRECTION('',(0.5,0.866025403784436,0.));
#12103=DIRECTION('',(0.,0.,1.));
#12104=DIRECTION('',(0.5,0.866025403784436,0.));
#12105=DIRECTION('',(0.866025403784441,0.5,0.));
#12106=DIRECTION('',(-0.5,0.866025403784441,0.));
#12107=DIRECTION('',(0.,0.,1.));
#12108=DIRECTION('',(-0.5,0.866025403784441,0.));
#12109=DIRECTION('',(8.01234452659813E-15,1.,0.));
#12110=DIRECTION('',(-1.,8.01234452659813E-15,0.));
#12111=DIRECTION('',(0.,0.,1.));
#12112=DIRECTION('',(-1.,8.01234452659813E-15,0.));
#12113=DIRECTION('',(-0.866025403784436,0.5,0.));
#12114=DIRECTION('',(-0.5,-0.866025403784436,0.));
#12115=DIRECTION('',(-0.5,-0.866025403784436,0.));
#12116=DIRECTION('',(0.,0.,1.));
#12117=DIRECTION('',(1.,0.,0.));
#12118=DIRECTION('',(0.,0.,-1.));
#12119=DIRECTION('',(-1.,0.,0.));
#12120=DIRECTION('',(0.,0.,1.));
#12121=DIRECTION('',(1.,0.,0.));
#12122=DIRECTION('',(0.,0.,1.));
#12123=DIRECTION('',(1.,0.,0.));
#12124=DIRECTION('',(0.,0.,-1.));
#12125=DIRECTION('',(-1.,0.,0.));
#12126=DIRECTION('',(0.,0.,-1.));
#12127=DIRECTION('',(-1.,0.,0.));
#12128=DIRECTION('',(0.,0.,1.));
#12129=DIRECTION('',(1.,0.,0.));
#12130=DIRECTION('',(0.,0.,-1.));
#12131=DIRECTION('',(-1.,0.,0.));
#12132=DIRECTION('',(0.,0.,-1.));
#12133=DIRECTION('',(-1.,0.,0.));
#12134=DIRECTION('',(0.,0.,1.));
#12135=DIRECTION('',(1.,0.,0.));
#12136=DIRECTION('',(0.,0.,1.));
#12137=DIRECTION('',(1.,0.,0.));
#12138=DIRECTION('',(-1.,0.,0.));
#12139=DIRECTION('',(0.,1.,0.));
#12140=DIRECTION('',(0.,0.,1.));
#12141=DIRECTION('',(-1.,0.,0.));
#12142=DIRECTION('',(0.,-0.81532972423608,-0.578996926396952));
#12143=DIRECTION('',(0.,-0.866025403784439,0.5));
#12144=DIRECTION('',(-1.,0.,0.));
#12145=DIRECTION('',(0.,0.,1.));
#12146=DIRECTION('',(0.,-0.866025403784439,-0.5));
#12147=DIRECTION('',(-1.,0.,0.));
#12148=DIRECTION('',(0.,0.,1.));
#12149=DIRECTION('',(0.,0.,-1.));
#12150=DIRECTION('',(-1.,0.,0.));
#12151=DIRECTION('',(0.,0.,1.));
#12152=DIRECTION('',(0.,0.866025403784439,-0.5));
#12153=DIRECTION('',(-1.,0.,0.));
#12154=DIRECTION('',(0.,0.,1.));
#12155=DIRECTION('',(0.,0.866025403784439,0.5));
#12156=DIRECTION('',(-1.,0.,0.));
#12157=DIRECTION('',(0.,0.,1.));
#12158=DIRECTION('',(-1.,0.,0.));
#12159=DIRECTION('',(0.,1.,0.));
#12160=DIRECTION('',(1.,0.,0.));
#12161=DIRECTION('',(0.,-0.81532972423608,-0.578996926396952));
#12162=DIRECTION('',(0.,0.,-1.));
#12163=DIRECTION('',(1.,0.,0.));
#12164=DIRECTION('',(0.,0.,1.));
#12165=DIRECTION('',(0.,-0.866025403784439,-0.5));
#12166=DIRECTION('',(1.,0.,0.));
#12167=DIRECTION('',(0.,0.,1.));
#12168=DIRECTION('',(0.,-0.866025403784439,0.5));
#12169=DIRECTION('',(1.,0.,0.));
#12170=DIRECTION('',(0.,0.,1.));
#12171=DIRECTION('',(0.,0.,1.));
#12172=DIRECTION('',(1.,0.,0.));
#12173=DIRECTION('',(0.,0.,1.));
#12174=DIRECTION('',(0.,0.866025403784439,0.5));
#12175=DIRECTION('',(1.,0.,0.));
#12176=DIRECTION('',(0.,0.,1.));
#12177=DIRECTION('',(0.,0.866025403784439,-0.5));
#12178=DIRECTION('',(1.,0.,0.));
#12179=DIRECTION('',(0.,-2.44921270764475E-16,-1.));
#12180=DIRECTION('',(0.,-1.,0.));
#12181=DIRECTION('',(0.,0.,1.));
#12182=DIRECTION('',(-1.,0.,0.));
#12183=DIRECTION('',(-1.,0.,0.));
#12184=DIRECTION('',(1.,0.,0.));
#12185=DIRECTION('',(0.,-0.81532972423608,-0.578996926396952));
#12186=DIRECTION('',(-1.,0.,0.));
#12187=DIRECTION('',(0.,-0.5,0.866025403784439));
#12188=DIRECTION('',(0.,0.866025403784439,0.5));
#12189=DIRECTION('',(-1.,0.,0.));
#12190=DIRECTION('',(1.,0.,0.));
#12191=DIRECTION('',(0.,-0.81532972423608,-0.578996926396952));
#12192=DIRECTION('',(-1.,0.,0.));
#12193=DIRECTION('',(0.,0.5,0.866025403784439));
#12194=DIRECTION('',(0.,0.866025403784439,-0.5));
#12195=DIRECTION('',(-1.,0.,0.));
#12196=DIRECTION('',(1.,0.,0.));
#12197=DIRECTION('',(0.,-0.81532972423608,-0.578996926396952));
#12198=DIRECTION('',(-1.,0.,0.));
#12199=DIRECTION('',(0.,1.,0.));
#12200=DIRECTION('',(0.,0.,-1.));
#12201=DIRECTION('',(-1.,0.,0.));
#12202=DIRECTION('',(1.,0.,0.));
#12203=DIRECTION('',(0.,-0.81532972423608,-0.578996926396952));
#12204=DIRECTION('',(-1.,0.,0.));
#12205=DIRECTION('',(0.,0.5,-0.866025403784439));
#12206=DIRECTION('',(0.,-0.866025403784439,-0.5));
#12207=DIRECTION('',(-1.,0.,0.));
#12208=DIRECTION('',(1.,0.,0.));
#12209=DIRECTION('',(0.,-0.81532972423608,-0.578996926396952));
#12210=DIRECTION('',(-1.,0.,0.));
#12211=DIRECTION('',(0.,-0.5,-0.866025403784439));
#12212=DIRECTION('',(0.,-0.866025403784439,0.5));
#12213=DIRECTION('',(-1.,0.,0.));
#12214=DIRECTION('',(1.,0.,0.));
#12215=DIRECTION('',(0.,-0.81532972423608,-0.578996926396952));
#12216=DIRECTION('',(-1.,0.,0.));
#12217=DIRECTION('',(0.,-2.44921270764475E-16,-1.));
#12218=DIRECTION('',(-1.,0.,0.));
#12219=DIRECTION('',(0.,-2.44921270764475E-16,-1.));
#12220=DIRECTION('',(1.,0.,0.));
#12221=DIRECTION('',(0.,1.,0.));
#12222=DIRECTION('',(1.,0.,0.));
#12223=DIRECTION('',(0.,2.44921270764475E-16,1.));
#12224=DIRECTION('',(-1.,0.,0.));
#12225=DIRECTION('',(0.,-2.44921270764475E-16,-1.));
#12226=DIRECTION('',(-1.,0.,0.));
#12227=DIRECTION('',(0.,-2.44921270764475E-16,-1.));
#12228=DIRECTION('',(-1.,0.,0.));
#12229=DIRECTION('',(0.,1.,0.));
#12230=DIRECTION('',(-1.,0.,0.));
#12231=DIRECTION('',(0.,1.,0.));
#12232=DIRECTION('',(1.,0.,0.));
#12233=DIRECTION('',(0.,1.,0.));
#12234=DIRECTION('',(1.,0.,0.));
#12235=DIRECTION('',(0.,1.,0.));
#12236=DIRECTION('',(1.,0.,0.));
#12237=DIRECTION('',(0.,1.,0.));
#12238=DIRECTION('',(1.,0.,0.));
#12239=DIRECTION('',(0.,1.,0.));
#12240=DIRECTION('',(-1.,0.,0.));
#12241=DIRECTION('',(0.,1.,0.));
#12242=DIRECTION('',(-1.,0.,0.));
#12243=DIRECTION('',(0.,1.,0.));
#12244=DIRECTION('',(-1.,0.,0.));
#12245=DIRECTION('',(0.,1.,0.));
#12246=DIRECTION('',(-1.,0.,0.));
#12247=DIRECTION('',(0.,1.,0.));
#12248=DIRECTION('',(-1.,0.,0.));
#12249=DIRECTION('',(0.,1.,0.));
#12250=DIRECTION('',(-1.,0.,0.));
#12251=DIRECTION('',(0.,1.,0.));
#12252=DIRECTION('',(-1.,0.,0.));
#12253=DIRECTION('',(0.,1.,0.));
#12254=DIRECTION('',(-1.,0.,0.));
#12255=DIRECTION('',(0.,1.,0.));
#12256=DIRECTION('',(-1.,0.,0.));
#12257=DIRECTION('',(0.,1.,0.));
#12258=DIRECTION('',(-1.,0.,0.));
#12259=DIRECTION('',(0.,1.,0.));
#12260=DIRECTION('',(-1.,0.,0.));
#12261=DIRECTION('',(0.,1.,0.));
#12262=DIRECTION('',(-1.,0.,0.));
#12263=DIRECTION('',(0.,1.,0.));
#12264=DIRECTION('',(-1.,0.,0.));
#12265=DIRECTION('',(0.,1.,0.));
#12266=DIRECTION('',(1.,0.,0.));
#12267=DIRECTION('',(0.,-2.44921270764475E-16,-1.));
#12268=DIRECTION('',(-1.,0.,0.));
#12269=DIRECTION('',(0.,-2.44921270764475E-16,-1.));
#12270=DIRECTION('',(-1.,0.,0.));
#12271=DIRECTION('',(0.,-2.44921270764475E-16,-1.));
#12272=DIRECTION('',(-1.,0.,0.));
#12273=DIRECTION('',(0.,-2.44921270764475E-16,-1.));
#12274=DIRECTION('',(1.,0.,0.));
#12275=DIRECTION('',(0.,-2.44921270764475E-16,-1.));
#12276=DIRECTION('',(-1.,0.,0.));
#12277=DIRECTION('',(0.,-2.44921270764475E-16,-1.));
#12278=DIRECTION('',(1.,0.,0.));
#12279=DIRECTION('',(0.,-2.44921270764475E-16,-1.));
#12280=DIRECTION('',(-1.,0.,0.));
#12281=DIRECTION('',(0.,-2.44921270764475E-16,-1.));
#12282=DIRECTION('',(1.,0.,0.));
#12283=DIRECTION('',(0.,-2.44921270764475E-16,-1.));
#12284=DIRECTION('',(1.,0.,0.));
#12285=DIRECTION('',(0.,-2.44921270764475E-16,-1.));
#12286=DIRECTION('',(-1.,0.,0.));
#12287=DIRECTION('',(0.,-2.44921270764475E-16,-1.));
#12288=DIRECTION('',(1.,0.,0.));
#12289=DIRECTION('',(0.,-2.44921270764475E-16,-1.));
#12290=DIRECTION('',(0.,0.,1.));
#12291=DIRECTION('',(1.,0.,0.));
#12292=DIRECTION('',(-1.,0.,0.));
#12293=DIRECTION('',(0.,0.,-1.));
#12294=DIRECTION('',(0.,-1.,0.));
#12295=DIRECTION('',(0.,0.,-1.));
#12296=DIRECTION('',(0.,1.,0.));
#12297=DIRECTION('',(0.,0.,1.));
#12298=DIRECTION('',(0.,-1.,0.));
#12299=DIRECTION('',(0.,0.,-1.));
#12300=DIRECTION('',(0.,0.,1.));
#12301=DIRECTION('',(-1.,0.,0.));
#12302=DIRECTION('',(0.,0.,1.));
#12303=DIRECTION('',(1.,0.,0.));
#12304=DIRECTION('',(0.,0.,-1.));
#12305=DIRECTION('',(-1.,0.,0.));
#12306=DIRECTION('',(0.,0.,1.));
#12307=DIRECTION('',(-1.,0.,0.));
#12308=DIRECTION('',(0.,0.,1.));
#12309=DIRECTION('',(1.,0.,0.));
#12310=DIRECTION('',(0.,0.,-1.));
#12311=DIRECTION('',(-1.,0.,0.));
#12312=DIRECTION('',(0.,0.,1.));
#12313=DIRECTION('',(-1.,0.,0.));
#12314=DIRECTION('',(0.,0.,1.));
#12315=DIRECTION('',(1.,0.,0.));
#12316=DIRECTION('',(0.,0.,-1.));
#12317=DIRECTION('',(-1.,0.,0.));
#12318=DIRECTION('',(-0.707106781186547,0.707106781186548,0.));
#12319=DIRECTION('',(0.707106781186548,0.707106781186547,0.));
#12320=DIRECTION('',(0.,0.,-1.));
#12321=DIRECTION('',(-0.707106781186548,-0.707106781186547,0.));
#12322=DIRECTION('',(0.,0.,-1.));
#12323=DIRECTION('',(-0.707106781186548,-0.707106781186547,0.));
#12324=DIRECTION('',(0.707106781186547,-0.707106781186548,0.));
#12325=DIRECTION('',(0.707106781186548,0.707106781186547,0.));
#12326=DIRECTION('',(0.707106781186547,-0.707106781186548,0.));
#12327=DIRECTION('',(0.707106781186548,0.707106781186547,0.));
#12328=DIRECTION('',(0.,-1.,0.));
#12329=DIRECTION('',(0.,0.,-1.));
#12330=DIRECTION('',(1.,0.,0.));
#12331=DIRECTION('',(0.,0.,-1.));
#12332=DIRECTION('',(-1.,1.30922526488816E-16,0.));
#12333=DIRECTION('',(0.,0.,-1.));
#12334=DIRECTION('',(-1.,1.30922526488816E-16,0.));
#12335=DIRECTION('',(1.30922526488816E-16,1.,0.));
#12336=DIRECTION('',(-1.30922526488816E-16,-1.,0.));
#12337=DIRECTION('',(-1.30922526488816E-16,-1.,0.));
#12338=DIRECTION('',(0.,0.,1.));
#12339=DIRECTION('',(1.30922526488816E-16,1.,0.));
#12340=DIRECTION('',(0.,0.,1.));
#12341=DIRECTION('',(1.30922526488816E-16,1.,0.));
#12342=DIRECTION('',(0.,0.,-1.));
#12343=DIRECTION('',(-1.,0.,0.));
#12344=DIRECTION('',(0.,0.,-1.));
#12345=DIRECTION('',(0.,-1.,0.));
#12346=DIRECTION('',(0.,0.,-1.));
#12347=DIRECTION('',(0.,1.,0.));
#12348=DIRECTION('',(0.,0.,-1.));
#12349=DIRECTION('',(0.,-1.,0.));
#12350=DIRECTION('',(0.,0.,1.));
#12351=DIRECTION('',(-0.777042646069038,0.629447953519612,0.));
#12352=DIRECTION('',(0.629447953519612,0.777042646069038,0.));
#12353=DIRECTION('',(0.629447953519612,0.777042646069038,0.));
#12354=DIRECTION('',(0.,0.,-1.));
#12355=DIRECTION('',(-0.629447953519612,-0.777042646069038,0.));
#12356=DIRECTION('',(0.,0.,-1.));
#12357=DIRECTION('',(0.,-1.,0.));
#12358=DIRECTION('',(0.,0.,-1.));
#12359=DIRECTION('',(1.,0.,0.));
#12360=DIRECTION('',(0.,0.,-1.));
#12361=DIRECTION('',(1.,0.,0.));
#12362=DIRECTION('',(0.,0.,-1.));
#12363=DIRECTION('',(1.,0.,0.));
#12364=DIRECTION('',(0.,0.,1.));
#12365=DIRECTION('',(0.,0.,-1.));
#12366=DIRECTION('',(0.,1.,0.));
#12367=DIRECTION('',(0.,0.,-1.));
#12368=DIRECTION('',(0.,1.,0.));
#12369=DIRECTION('',(0.,1.,0.));
#12370=DIRECTION('',(0.,0.,1.));
#12371=DIRECTION('',(0.,0.,-1.));
#12372=DIRECTION('',(-1.,0.,0.));
#12373=DIRECTION('',(-1.,0.,0.));
#12374=DIRECTION('',(-1.,2.31296463463574E-16,0.));
#12375=DIRECTION('',(2.31296463463574E-16,1.,0.));
#12376=DIRECTION('',(1.,-2.31296463463574E-16,0.));
#12377=DIRECTION('',(2.31296463463574E-16,1.,0.));
#12378=DIRECTION('',(1.,-2.31296463463574E-16,0.));
#12379=DIRECTION('',(2.31296463463574E-16,1.,0.));
#12380=DIRECTION('',(-2.31296463463574E-16,-1.,0.));
#12381=DIRECTION('',(-2.31296463463574E-16,-1.,0.));
#12382=DIRECTION('',(0.,1.,0.));
#12383=DIRECTION('',(0.,0.,1.));
#12384=DIRECTION('',(1.,0.,0.));
#12385=DIRECTION('',(1.,0.,0.));
#12386=DIRECTION('',(0.,0.,-1.));
#12387=DIRECTION('',(-1.,0.,0.));
#12388=DIRECTION('',(-1.,0.,0.));
#12389=DIRECTION('',(0.,0.,1.));
#12390=DIRECTION('',(0.,0.,1.));
#12391=DIRECTION('',(-1.,0.,0.));
#12392=DIRECTION('',(-0.5,-0.866025403784439,0.));
#12393=DIRECTION('',(-1.,0.,0.));
#12394=DIRECTION('',(-0.5,0.866025403784439,0.));
#12395=DIRECTION('',(0.5,0.866025403784439,0.));
#12396=DIRECTION('',(1.,0.,0.));
#12397=DIRECTION('',(0.5,-0.866025403784439,0.));
#12398=DIRECTION('',(0.5,0.866025403784438,0.));
#12399=DIRECTION('',(1.,0.,0.));
#12400=DIRECTION('',(0.5,-0.86602540378444,0.));
#12401=DIRECTION('',(-0.5,-0.866025403784438,0.));
#12402=DIRECTION('',(-1.,4.00617226329907E-15,0.));
#12403=DIRECTION('',(-0.5,0.86602540378444,0.));
#12404=DIRECTION('',(-0.5,-0.866025403784441,0.));
#12405=DIRECTION('',(-1.,0.,0.));
#12406=DIRECTION('',(-0.5,0.866025403784436,0.));
#12407=DIRECTION('',(0.5,0.866025403784441,0.));
#12408=DIRECTION('',(1.,8.01234452659813E-15,0.));
#12409=DIRECTION('',(0.5,-0.866025403784436,0.));
#12410=DIRECTION('',(0.,0.,-1.));
#12411=DIRECTION('',(-1.,0.,0.));
#12412=DIRECTION('',(0.,0.,-1.));
#12413=DIRECTION('',(-1.,0.,0.));
#12414=DIRECTION('',(0.,0.,-1.));
#12415=DIRECTION('',(-1.,0.,0.));
#12416=DIRECTION('',(0.,0.,-1.));
#12417=DIRECTION('',(-1.,0.,0.));
#12418=DIRECTION('',(0.,0.,1.));
#12419=DIRECTION('',(-1.,0.,0.));
#12420=DIRECTION('',(0.,0.,-1.));
#12421=DIRECTION('',(-1.,0.,0.));
#12422=DIRECTION('',(0.,0.,-1.));
#12423=DIRECTION('',(-1.,0.,0.));
#12424=DIRECTION('',(1.30922526488816E-16,1.,0.));
#12425=DIRECTION('',(1.,-1.30922526488816E-16,0.));
#12426=DIRECTION('',(-1.,1.30922526488816E-16,0.));
#12427=DIRECTION('',(-1.,1.30922526488816E-16,0.));
#12428=DIRECTION('',(0.,0.,-1.));
#12429=DIRECTION('',(0.,0.,-1.));
#12430=DIRECTION('',(1.,0.,0.));
#12431=DIRECTION('',(0.,0.,1.));
#12432=DIRECTION('',(1.,0.,0.));
#12433=DIRECTION('',(0.,0.,1.));
#12434=DIRECTION('',(1.,0.,0.));
#12435=DIRECTION('',(0.,0.,1.));
#12436=DIRECTION('',(1.,0.,0.));
#12437=DIRECTION('',(0.,0.,1.));
#12438=DIRECTION('',(1.,0.,0.));
#12439=DIRECTION('',(0.,-1.,0.));
#12440=DIRECTION('',(0.,0.,1.));
#12441=DIRECTION('',(-1.,1.30922526488816E-16,0.));
#12442=DIRECTION('',(0.,0.,1.));
#12443=DIRECTION('',(1.,0.,0.));
#12444=DIRECTION('',(0.,0.,1.));
#12445=DIRECTION('',(-0.777042646069038,0.629447953519612,0.));
#12446=DIRECTION('',(0.629447953519612,0.777042646069038,0.));
#12447=DIRECTION('',(-0.629447953519612,-0.777042646069038,0.));
#12448=DIRECTION('',(0.,0.,1.));
#12449=DIRECTION('',(0.629447953519612,0.777042646069038,0.));
#12450=DIRECTION('',(0.,0.,1.));
#12451=DIRECTION('',(0.,0.,-1.));
#12452=DIRECTION('',(-1.,0.,0.));
#12453=DIRECTION('',(0.,0.,-1.));
#12454=DIRECTION('',(-1.,0.,0.));
#12455=DIRECTION('',(0.,0.,-1.));
#12456=DIRECTION('',(-1.,0.,0.));
#12457=DIRECTION('',(0.,0.,-1.));
#12458=DIRECTION('',(-1.,0.,0.));
#12459=DIRECTION('',(0.,0.,1.));
#12460=DIRECTION('',(1.,0.,0.));
#12461=DIRECTION('',(0.,0.,1.));
#12462=DIRECTION('',(1.,0.,0.));
#12463=DIRECTION('',(0.,0.,1.));
#12464=DIRECTION('',(1.,0.,0.));
#12465=DIRECTION('',(0.,0.,1.));
#12466=DIRECTION('',(1.,0.,0.));
#12467=DIRECTION('',(0.,0.,-1.));
#12468=DIRECTION('',(-1.,0.,0.));
#12469=DIRECTION('',(0.,0.,1.));
#12470=DIRECTION('',(1.,0.,0.));
#12471=DIRECTION('',(0.,0.,1.));
#12472=DIRECTION('',(1.,0.,0.));
#12473=DIRECTION('',(0.,0.,1.));
#12474=DIRECTION('',(1.,0.,0.));
#12475=DIRECTION('',(0.,0.,-1.));
#12476=DIRECTION('',(-1.,0.,0.));
#12477=DIRECTION('',(0.,0.,-1.));
#12478=DIRECTION('',(-1.,0.,0.));
#12479=DIRECTION('',(0.,0.,-1.));
#12480=DIRECTION('',(-1.,0.,0.));
#12481=DIRECTION('',(0.,0.,-1.));
#12482=DIRECTION('',(-1.,0.,0.));
#12483=DIRECTION('',(0.,0.,-1.));
#12484=DIRECTION('',(-1.,0.,0.));
#12485=DIRECTION('',(0.,0.,-1.));
#12486=DIRECTION('',(-1.,0.,0.));
#12487=DIRECTION('',(0.,0.,-1.));
#12488=DIRECTION('',(-1.,0.,0.));
#12489=DIRECTION('',(1.,0.,0.));
#12490=DIRECTION('',(0.,0.,1.));
#12491=DIRECTION('',(-1.,0.,0.));
#12492=DIRECTION('',(0.,0.,1.));
#12493=DIRECTION('',(-1.,0.,0.));
#12494=DIRECTION('',(0.,0.,-1.));
#12495=DIRECTION('',(-1.,0.,0.));
#12496=DIRECTION('',(0.,0.,1.));
#12497=DIRECTION('',(1.,0.,0.));
#12498=DIRECTION('',(0.,0.,1.));
#12499=DIRECTION('',(1.,0.,0.));
#12500=DIRECTION('',(0.,0.,1.));
#12501=DIRECTION('',(-1.,0.,0.));
#12502=DIRECTION('',(0.,0.,1.));
#12503=DIRECTION('',(-1.,0.,0.));
#12504=DIRECTION('',(0.,0.,-1.));
#12505=DIRECTION('',(-1.,0.,0.));
#12506=DIRECTION('',(0.,0.,1.));
#12507=DIRECTION('',(1.,0.,0.));
#12508=DIRECTION('',(0.,0.,1.));
#12509=DIRECTION('',(0.,0.,1.));
#12510=DIRECTION('',(-1.,0.,0.));
#12511=DIRECTION('',(0.,0.,-1.));
#12512=DIRECTION('',(-1.,0.,0.));
#12513=DIRECTION('',(0.,0.,-1.));
#12514=DIRECTION('',(1.,0.,0.));
#12515=DIRECTION('',(0.,0.,-1.));
#12516=DIRECTION('',(-1.,0.,0.));
#12517=DIRECTION('',(0.,0.,1.));
#12518=DIRECTION('',(-1.,0.,0.));
#12519=DIRECTION('',(0.,0.,1.));
#12520=DIRECTION('',(-1.,0.,0.));
#12521=DIRECTION('',(0.,0.,-1.));
#12522=DIRECTION('',(-1.,0.,0.));
#12523=DIRECTION('',(0.,0.,-1.));
#12524=DIRECTION('',(1.,0.,0.));
#12525=DIRECTION('',(0.,0.,-1.));
#12526=DIRECTION('',(-1.,0.,0.));
#12527=DIRECTION('',(0.,0.,1.));
#12528=DIRECTION('',(-1.,0.,0.));
#12529=DIRECTION('',(0.,0.,1.));
#12530=DIRECTION('',(-1.,0.,0.));
#12531=DIRECTION('',(0.,0.,-1.));
#12532=DIRECTION('',(-1.,0.,0.));
#12533=DIRECTION('',(0.,0.,-1.));
#12534=DIRECTION('',(1.,0.,0.));
#12535=DIRECTION('',(0.,0.,-1.));
#12536=DIRECTION('',(-1.,0.,0.));
#12537=DIRECTION('',(0.,0.,1.));
#12538=DIRECTION('',(-1.,0.,0.));
#12539=DIRECTION('',(0.866025403784439,-0.5,0.));
#12540=DIRECTION('',(-0.5,-0.866025403784439,0.));
#12541=DIRECTION('',(0.,0.,1.));
#12542=DIRECTION('',(-0.5,-0.866025403784439,0.));
#12543=DIRECTION('',(0.,0.,1.));
#12544=DIRECTION('',(0.,-1.,0.));
#12545=DIRECTION('',(0.,0.,-1.));
#12546=DIRECTION('',(-1.,0.,0.));
#12547=DIRECTION('',(0.,0.,1.));
#12548=DIRECTION('',(-0.866025403784439,-0.5,0.));
#12549=DIRECTION('',(-0.5,0.866025403784439,0.));
#12550=DIRECTION('',(-0.5,0.866025403784439,0.));
#12551=DIRECTION('',(0.,0.,1.));
#12552=DIRECTION('',(-0.866025403784439,0.5,0.));
#12553=DIRECTION('',(0.5,0.866025403784439,0.));
#12554=DIRECTION('',(0.5,0.866025403784439,0.));
#12555=DIRECTION('',(0.,0.,1.));
#12556=DIRECTION('',(0.,1.,0.));
#12557=DIRECTION('',(0.,0.,1.));
#12558=DIRECTION('',(1.,0.,0.));
#12559=DIRECTION('',(0.,0.,1.));
#12560=DIRECTION('',(0.866025403784439,0.5,0.));
#12561=DIRECTION('',(0.5,-0.866025403784439,0.));
#12562=DIRECTION('',(0.5,-0.866025403784439,0.));
#12563=DIRECTION('',(0.,0.,1.));
#12564=DIRECTION('',(-1.,0.,0.));
#12565=DIRECTION('',(-0.866025403784438,0.5,0.));
#12566=DIRECTION('',(0.5,0.866025403784438,0.));
#12567=DIRECTION('',(0.,0.,1.));
#12568=DIRECTION('',(0.5,0.866025403784438,0.));
#12569=DIRECTION('',(0.,0.,1.));
#12570=DIRECTION('',(0.,1.,0.));
#12571=DIRECTION('',(0.,0.,1.));
#12572=DIRECTION('',(1.,0.,0.));
#12573=DIRECTION('',(0.,0.,1.));
#12574=DIRECTION('',(0.86602540378444,0.5,0.));
#12575=DIRECTION('',(0.5,-0.86602540378444,0.));
#12576=DIRECTION('',(0.5,-0.86602540378444,0.));
#12577=DIRECTION('',(0.,0.,1.));
#12578=DIRECTION('',(0.866025403784438,-0.5,0.));
#12579=DIRECTION('',(-0.5,-0.866025403784438,0.));
#12580=DIRECTION('',(-0.5,-0.866025403784438,0.));
#12581=DIRECTION('',(0.,0.,1.));
#12582=DIRECTION('',(-4.00617226329907E-15,-1.,0.));
#12583=DIRECTION('',(-1.,4.00617226329907E-15,0.));
#12584=DIRECTION('',(-1.,4.00617226329907E-15,0.));
#12585=DIRECTION('',(0.,0.,1.));
#12586=DIRECTION('',(-0.86602540378444,-0.5,0.));
#12587=DIRECTION('',(-0.5,0.86602540378444,0.));
#12588=DIRECTION('',(-0.5,0.86602540378444,0.));
#12589=DIRECTION('',(0.,0.,1.));
#12590=DIRECTION('',(-1.,0.,0.));
#12591=DIRECTION('',(0.866025403784441,-0.5,0.));
#12592=DIRECTION('',(-0.5,-0.866025403784441,0.));
#12593=DIRECTION('',(0.,0.,1.));
#12594=DIRECTION('',(-0.5,-0.866025403784441,0.));
#12595=DIRECTION('',(0.,0.,1.));
#12596=DIRECTION('',(0.,-1.,0.));
#12597=DIRECTION('',(0.,0.,-1.));
#12598=DIRECTION('',(-1.,0.,0.));
#12599=DIRECTION('',(0.,0.,1.));
#12600=DIRECTION('',(-0.866025403784436,-0.5,0.));
#12601=DIRECTION('',(-0.5,0.866025403784436,0.));
#12602=DIRECTION('',(-0.5,0.866025403784436,0.));
#12603=DIRECTION('',(0.,0.,1.));
#12604=DIRECTION('',(-0.866025403784441,0.5,0.));
#12605=DIRECTION('',(0.5,0.866025403784441,0.));
#12606=DIRECTION('',(0.5,0.866025403784441,0.));
#12607=DIRECTION('',(0.,0.,1.));
#12608=DIRECTION('',(-8.01234452659813E-15,1.,0.));
#12609=DIRECTION('',(1.,8.01234452659813E-15,0.));
#12610=DIRECTION('',(1.,8.01234452659813E-15,0.));
#12611=DIRECTION('',(0.,0.,1.));
#12612=DIRECTION('',(0.866025403784436,0.5,0.));
#12613=DIRECTION('',(0.5,-0.866025403784436,0.));
#12614=DIRECTION('',(0.5,-0.866025403784436,0.));
#12615=DIRECTION('',(0.,0.,1.));
#12616=DIRECTION('',(-1.,0.,0.));
#12617=DIRECTION('',(0.,0.,-1.));
#12618=DIRECTION('',(1.,0.,0.));
#12619=DIRECTION('',(0.,0.,1.));
#12620=DIRECTION('',(-1.,0.,0.));
#12621=DIRECTION('',(0.,0.,1.));
#12622=DIRECTION('',(-1.,0.,0.));
#12623=DIRECTION('',(0.,0.,-1.));
#12624=DIRECTION('',(1.,0.,0.));
#12625=DIRECTION('',(0.,0.,-1.));
#12626=DIRECTION('',(1.,0.,0.));
#12627=DIRECTION('',(0.,0.,1.));
#12628=DIRECTION('',(-1.,0.,0.));
#12629=DIRECTION('',(0.,0.,-1.));
#12630=DIRECTION('',(1.,0.,0.));
#12631=DIRECTION('',(0.,0.,-1.));
#12632=DIRECTION('',(1.,0.,0.));
#12633=DIRECTION('',(0.,0.,1.));
#12634=DIRECTION('',(-1.,0.,0.));
#12635=DIRECTION('',(0.,0.,1.));
#12636=DIRECTION('',(1.,0.,0.));
#12637=DIRECTION('',(1.,0.,0.));
#12638=DIRECTION('',(0.,-1.,0.));
#12639=DIRECTION('',(0.,-1.,0.));
#12640=DIRECTION('',(0.,0.,-1.));
#12641=DIRECTION('',(0.,1.,0.));
#12642=DIRECTION('',(0.,0.,-1.));
#12643=DIRECTION('',(1.,0.,0.));
#12644=DIRECTION('',(0.,0.,-1.));
#12645=DIRECTION('',(0.,0.,-1.));
#12646=DIRECTION('',(0.,1.,1.36108582514596E-16));
#12647=DIRECTION('',(0.,0.,1.));
#12648=DIRECTION('',(0.,-1.,-1.36108582514596E-16));
#12649=DIRECTION('',(0.,-1.36108582514596E-16,1.));
#12650=DIRECTION('',(0.,-1.,-1.36108582514596E-16));
#12651=DIRECTION('',(1.,0.,0.));
#12652=DIRECTION('',(0.,-1.,-1.36108582514596E-16));
#12653=DIRECTION('',(-1.,0.,0.));
#12654=DIRECTION('',(0.,1.36108582514596E-16,-1.));
#12655=DIRECTION('',(0.,1.,1.36108582514596E-16));
#12656=DIRECTION('',(1.,0.,0.));
#12657=DIRECTION('',(0.,1.,1.36108582514596E-16));
#12658=DIRECTION('',(1.,0.,0.));
#12659=DIRECTION('',(0.,1.,0.));
#12660=DIRECTION('',(0.,0.,1.));
#12661=DIRECTION('',(0.,0.,1.));
#12662=DIRECTION('',(1.,0.,0.));
#12663=DIRECTION('',(0.,-1.,2.44921270764475E-16));
#12664=DIRECTION('',(-1.,0.,0.));
#12665=DIRECTION('',(0.,0.,-1.));
#12666=DIRECTION('',(-1.,0.,0.));
#12667=DIRECTION('',(0.,0.,-1.));
#12668=DIRECTION('',(-1.,1.93222281298069E-15,0.));
#12669=DIRECTION('',(1.93222281298069E-15,1.,-2.44921270764475E-16));
#12670=DIRECTION('',(-1.,1.93222281298069E-15,0.));
#12671=DIRECTION('',(-1.93222281298069E-15,-1.,0.));
#12672=DIRECTION('',(-1.,1.93222281298069E-15,0.));
#12673=DIRECTION('',(-1.93222281298069E-15,-1.,0.));
#12674=DIRECTION('',(1.,0.,0.));
#12675=DIRECTION('',(0.,-1.,2.44921270764475E-16));
#12676=DIRECTION('',(-1.,0.,0.));
#12677=DIRECTION('',(0.,1.,0.));
#12678=DIRECTION('',(-1.,0.,0.));
#12679=DIRECTION('',(0.,1.,0.));
#12680=DIRECTION('',(-1.,1.93222281298069E-15,0.));
#12681=DIRECTION('',(1.93222281298069E-15,1.,-2.44921270764475E-16));
#12682=DIRECTION('',(-1.,0.,0.));
#12683=DIRECTION('',(0.,1.,0.));
#12684=DIRECTION('',(-1.,0.,0.));
#12685=DIRECTION('',(0.,1.,0.));
#12686=DIRECTION('',(-1.,0.,0.));
#12687=DIRECTION('',(0.,1.4210854715202E-15,1.));
#12688=DIRECTION('',(-1.,0.,0.));
#12689=DIRECTION('',(0.,1.4210854715202E-15,1.));
#12690=DIRECTION('',(1.,0.,0.));
#12691=DIRECTION('',(1.,0.,0.));
#12692=DIRECTION('',(0.,1.4210854715202E-15,1.));
#12693=DIRECTION('',(1.,0.,0.));
#12694=DIRECTION('',(0.,-1.,0.));
#12695=DIRECTION('',(0.,0.,-1.));
#12696=DIRECTION('',(0.,0.,1.));
#12697=DIRECTION('',(1.,0.,0.));
#12698=DIRECTION('',(0.,0.,-1.));
#12699=DIRECTION('',(-1.,0.,0.));
#12700=DIRECTION('',(0.,-1.,7.105427357601E-16));
#12701=DIRECTION('',(-1.,0.,0.));
#12702=DIRECTION('',(0.,-1.,7.105427357601E-16));
#12703=DIRECTION('',(1.,0.,0.));
#12704=DIRECTION('',(1.,0.,0.));
#12705=DIRECTION('',(0.,-1.,7.105427357601E-16));
#12706=DIRECTION('',(0.,0.,-1.));
#12707=DIRECTION('',(0.,1.,0.));
#12708=DIRECTION('',(0.,-1.,0.));
#12709=DIRECTION('',(1.,0.,0.));
#12710=DIRECTION('',(0.,1.,0.));
#12711=DIRECTION('',(-1.,0.,0.));
#12712=DIRECTION('',(0.,-7.105427357601E-16,-1.));
#12713=DIRECTION('',(-1.,0.,0.));
#12714=DIRECTION('',(0.,-7.105427357601E-16,-1.));
#12715=DIRECTION('',(1.,0.,0.));
#12716=DIRECTION('',(1.,0.,0.));
#12717=DIRECTION('',(0.,-7.105427357601E-16,-1.));
#12718=DIRECTION('',(0.,1.,0.));
#12719=DIRECTION('',(0.,0.,1.));
#12720=DIRECTION('',(0.,0.,-1.));
#12721=DIRECTION('',(1.,0.,0.));
#12722=DIRECTION('',(0.,0.,1.));
#12723=DIRECTION('',(-1.,0.,0.));
#12724=DIRECTION('',(0.,1.,-7.105427357601E-16));
#12725=DIRECTION('',(-1.,0.,0.));
#12726=DIRECTION('',(0.,1.,-7.105427357601E-16));
#12727=DIRECTION('',(1.,0.,0.));
#12728=DIRECTION('',(1.,0.,0.));
#12729=DIRECTION('',(0.,1.,-7.105427357601E-16));
#12730=DIRECTION('',(0.,0.,1.));
#12731=DIRECTION('',(0.,-1.,0.));
#12732=DIRECTION('',(0.,1.,0.));
#12733=DIRECTION('',(0.,-1.,0.));
#12734=DIRECTION('',(1.,0.,0.));
#12735=DIRECTION('',(0.,0.,-1.));
#12736=DIRECTION('',(-1.,0.,0.));
#12737=DIRECTION('',(0.,1.,0.));
#12738=DIRECTION('',(-1.,0.,0.));
#12739=DIRECTION('',(0.,1.,0.));
#12740=DIRECTION('',(0.,0.,1.));
#12741=DIRECTION('',(1.,0.,0.));
#12742=DIRECTION('',(0.,-1.,0.));
#12743=DIRECTION('',(1.,0.,0.));
#12744=DIRECTION('',(0.,1.,0.));
#12745=DIRECTION('',(-1.,0.,0.));
#12746=DIRECTION('',(0.,-1.,0.));
#12747=DIRECTION('',(-1.,0.,0.));
#12748=DIRECTION('',(1.,0.,0.));
#12749=DIRECTION('',(0.,-1.,0.));
#12750=DIRECTION('',(-1.,0.,0.));
#12751=DIRECTION('',(0.,1.,0.));
#12752=DIRECTION('',(-1.,0.,0.));
#12753=DIRECTION('',(0.,1.,0.));
#12754=DIRECTION('',(0.,-0.707106781186548,-0.707106781186547));
#12755=DIRECTION('',(0.,0.,-1.));
#12756=DIRECTION('',(0.,0.707106781186548,-0.707106781186548));
#12757=DIRECTION('',(0.,0.,-1.));
#12758=DIRECTION('',(0.,1.,0.));
#12759=DIRECTION('',(0.,0.707106781186548,0.707106781186548));
#12760=DIRECTION('',(0.,-0.707106781186548,0.707106781186548));
#12761=DIRECTION('',(1.,0.,0.));
#12762=DIRECTION('',(0.,-0.707106781186548,0.707106781186548));
#12763=DIRECTION('',(-1.,0.,0.));
#12764=DIRECTION('',(0.,1.,0.));
#12765=DIRECTION('',(0.,0.707106781186548,0.707106781186547));
#12766=DIRECTION('',(0.,-1.,0.));
#12767=DIRECTION('',(0.,0.,-1.));
#12768=DIRECTION('',(0.,0.,-1.));
#12769=DIRECTION('',(0.,0.,-1.));
#12770=DIRECTION('',(0.,-1.,0.));
#12771=DIRECTION('',(-1.,0.,0.));
#12772=DIRECTION('',(-1.,0.,0.));
#12773=DIRECTION('',(0.,0.707106781186547,-0.707106781186548));
#12774=DIRECTION('',(0.,0.707106781186548,0.707106781186547));
#12775=DIRECTION('',(1.,0.,0.));
#12776=DIRECTION('',(0.,-1.,0.));
#12777=DIRECTION('',(-1.,0.,0.));
#12778=DIRECTION('',(-0.707106781186547,0.,0.707106781186548));
#12779=DIRECTION('',(1.,0.,0.));
#12780=DIRECTION('',(0.707106781186548,0.,0.707106781186548));
#12781=DIRECTION('',(-0.707106781186548,0.,0.707106781186548));
#12782=DIRECTION('',(-0.707106781186548,0.,-0.707106781186548));
#12783=DIRECTION('',(-0.707106781186548,0.,-0.707106781186548));
#12784=DIRECTION('',(0.,1.,0.));
#12785=DIRECTION('',(1.,0.,0.));
#12786=DIRECTION('',(0.707106781186547,0.,-0.707106781186548));
#12787=DIRECTION('',(-1.,0.,0.));
#12788=DIRECTION('',(0.,0.,1.));
#12789=DIRECTION('',(1.,0.,0.));
#12790=DIRECTION('',(0.,1.,0.));
#12791=DIRECTION('',(-0.707106781186548,0.,-0.707106781186547));
#12792=DIRECTION('',(0.707106781186547,0.,-0.707106781186548));
#12793=DIRECTION('',(1.,0.,0.));
#12794=DIRECTION('',(0.,1.,0.));
#12795=DIRECTION('',(1.,0.,0.));
#12796=DIRECTION('',(0.,1.,0.));
#12797=DIRECTION('',(1.,0.,0.));
#12798=DIRECTION('',(0.,1.,0.));
#12799=DIRECTION('',(1.,0.,0.));
#12800=DIRECTION('',(0.,1.,0.));
#12801=DIRECTION('',(1.,0.,0.));
#12802=DIRECTION('',(0.,1.,0.));
#12803=DIRECTION('',(1.,0.,0.));
#12804=DIRECTION('',(0.,1.,0.));
#12805=DIRECTION('',(0.,0.,1.));
#12806=DIRECTION('',(1.,0.,0.));
#12807=DIRECTION('',(-1.,0.,0.));
#12808=DIRECTION('',(0.,1.,0.));
#12809=DIRECTION('',(0.,0.,1.));
#12810=DIRECTION('',(0.,-0.866025403784439,0.5));
#12811=DIRECTION('',(0.,-0.866025403784439,-0.5));
#12812=DIRECTION('',(0.,0.,-1.));
#12813=DIRECTION('',(0.,0.866025403784439,-0.5));
#12814=DIRECTION('',(0.,0.866025403784439,0.5));
#12815=DIRECTION('',(-1.,0.,0.));
#12816=DIRECTION('',(0.,1.,0.));
#12817=DIRECTION('',(-1.,0.,0.));
#12818=DIRECTION('',(0.,1.,0.));
#12819=DIRECTION('',(-1.,0.,0.));
#12820=DIRECTION('',(0.,1.,0.));
#12821=DIRECTION('',(1.,0.,0.));
#12822=DIRECTION('',(0.,1.,0.));
#12823=DIRECTION('',(0.,1.,0.));
#12824=DIRECTION('',(0.,0.,-1.));
#12825=DIRECTION('',(0.,0.,1.));
#12826=DIRECTION('',(-1.,0.,0.));
#12827=DIRECTION('',(-1.,0.,0.));
#12828=DIRECTION('',(0.,0.5,-0.866025403784439));
#12829=DIRECTION('',(0.,-0.866025403784439,-0.5));
#12830=DIRECTION('',(0.,0.866025403784439,0.5));
#12831=DIRECTION('',(-1.,0.,0.));
#12832=DIRECTION('',(0.,-0.5,-0.866025403784439));
#12833=DIRECTION('',(0.,-0.866025403784439,0.5));
#12834=DIRECTION('',(0.,0.866025403784439,-0.5));
#12835=DIRECTION('',(-1.,0.,0.));
#12836=DIRECTION('',(0.,-1.,0.));
#12837=DIRECTION('',(0.,0.,1.));
#12838=DIRECTION('',(0.,0.,-1.));
#12839=DIRECTION('',(-1.,0.,0.));
#12840=DIRECTION('',(0.,0.5,0.866025403784439));
#12841=DIRECTION('',(0.,0.866025403784439,-0.5));
#12842=DIRECTION('',(0.,-0.866025403784439,0.5));
#12843=DIRECTION('',(-1.,0.,0.));
#12844=DIRECTION('',(0.,0.5,0.866025403784439));
#12845=DIRECTION('',(0.,0.866025403784439,-0.5));
#12846=DIRECTION('',(0.,-0.866025403784439,0.5));
#12847=DIRECTION('',(-1.,0.,0.));
#12848=DIRECTION('',(0.,0.866025403784439,-0.5));
#12849=DIRECTION('',(-1.,0.,0.));
#12850=DIRECTION('',(0.,-0.866025403784439,0.5));
#12851=DIRECTION('',(0.,-0.5,0.866025403784439));
#12852=DIRECTION('',(0.,0.866025403784439,0.5));
#12853=DIRECTION('',(0.,-0.866025403784439,-0.5));
#12854=DIRECTION('',(0.,-0.5,0.866025403784439));
#12855=DIRECTION('',(0.,0.866025403784439,0.5));
#12856=DIRECTION('',(0.,-0.866025403784439,-0.5));
#12857=DIRECTION('',(-1.,0.,0.));
#12858=DIRECTION('',(0.,0.866025403784439,0.5));
#12859=DIRECTION('',(0.,-0.866025403784439,-0.5));
#12860=DIRECTION('',(-1.,0.,0.));
#12861=DIRECTION('',(0.,-1.,2.44921270764475E-16));
#12862=DIRECTION('',(-1.,0.,0.));
#12863=DIRECTION('',(0.,-1.,2.44921270764475E-16));
#12864=DIRECTION('',(1.,0.,0.));
#12865=DIRECTION('',(0.,-2.44921270764475E-16,-1.));
#12866=DIRECTION('',(1.,0.,0.));
#12867=DIRECTION('',(0.,1.,-2.44921270764475E-16));
#12868=DIRECTION('',(-1.,0.,0.));
#12869=DIRECTION('',(0.,-1.,2.44921270764475E-16));
#12870=DIRECTION('',(0.,-1.,0.));
#12871=DIRECTION('',(0.,0.,1.));
#12872=DIRECTION('',(0.,0.,-1.));
#12873=DIRECTION('',(-1.,0.,0.));
#12874=DIRECTION('',(0.,0.,1.));
#12875=DIRECTION('',(0.,0.,-1.));
#12876=DIRECTION('',(-1.,0.,0.));
#12877=DIRECTION('',(0.,-2.44921270764475E-16,-1.));
#12878=DIRECTION('',(-1.,0.,0.));
#12879=DIRECTION('',(0.,-2.44921270764475E-16,-1.));
#12880=DIRECTION('',(0.,-0.866025403784439,0.5));
#12881=DIRECTION('',(0.,-0.866025403784439,-0.5));
#12882=DIRECTION('',(0.,0.,-1.));
#12883=DIRECTION('',(0.,1.,0.));
#12884=DIRECTION('',(0.,0.,-1.));
#12885=DIRECTION('',(0.,0.,1.));
#12886=DIRECTION('',(0.,0.,1.));
#12887=DIRECTION('',(-1.,0.,0.));
#12888=DIRECTION('',(0.,0.5,-0.866025403784439));
#12889=DIRECTION('',(0.,-0.866025403784439,-0.5));
#12890=DIRECTION('',(0.,0.866025403784439,0.5));
#12891=DIRECTION('',(0.,0.866025403784439,0.5));
#12892=DIRECTION('',(-1.,0.,0.));
#12893=DIRECTION('',(0.,-0.5,-0.866025403784439));
#12894=DIRECTION('',(0.,-0.866025403784439,0.5));
#12895=DIRECTION('',(0.,0.866025403784439,-0.5));
#12896=DIRECTION('',(0.,0.866025403784439,-0.5));
#12897=DIRECTION('',(1.,0.,0.));
#12898=DIRECTION('',(0.,2.44921270764475E-16,1.));
#12899=DIRECTION('',(-1.,0.,0.));
#12900=DIRECTION('',(0.,-2.44921270764475E-16,-1.));
#12901=DIRECTION('',(1.,0.,0.));
#12902=DIRECTION('',(0.,2.44921270764475E-16,1.));
#12903=DIRECTION('',(-1.,0.,0.));
#12904=DIRECTION('',(0.,-2.44921270764475E-16,-1.));
#12905=DIRECTION('',(1.,0.,0.));
#12906=DIRECTION('',(0.,2.44921270764475E-16,1.));
#12907=DIRECTION('',(-1.,0.,0.));
#12908=DIRECTION('',(0.,-2.44921270764475E-16,-1.));
#12909=DIRECTION('',(1.,0.,0.));
#12910=DIRECTION('',(0.,2.44921270764475E-16,1.));
#12911=DIRECTION('',(-1.,0.,0.));
#12912=DIRECTION('',(0.,-2.44921270764475E-16,-1.));
#12913=DIRECTION('',(1.,0.,0.));
#12914=DIRECTION('',(0.,2.44921270764475E-16,1.));
#12915=DIRECTION('',(-1.,0.,0.));
#12916=DIRECTION('',(0.,-2.44921270764475E-16,-1.));
#12917=DIRECTION('',(1.,0.,0.));
#12918=DIRECTION('',(0.,2.44921270764475E-16,1.));
#12919=DIRECTION('',(-1.,0.,0.));
#12920=DIRECTION('',(0.,-2.44921270764475E-16,-1.));
#12921=DIRECTION('',(-1.,0.,0.));
#12922=DIRECTION('',(0.,1.,0.));
#12923=DIRECTION('',(1.,0.,0.));
#12924=DIRECTION('',(0.,-2.44921270764475E-16,-1.));
#12925=DIRECTION('',(-1.,0.,0.));
#12926=DIRECTION('',(0.,-2.44921270764475E-16,-1.));
#12927=DIRECTION('',(-1.,0.,0.));
#12928=DIRECTION('',(0.,1.,0.));
#12929=DIRECTION('',(1.,0.,0.));
#12930=DIRECTION('',(0.,-2.44921270764475E-16,-1.));
#12931=DIRECTION('',(1.,0.,0.));
#12932=DIRECTION('',(0.,-1.,2.44921270764475E-16));
#12933=DIRECTION('',(0.,0.,1.));
#12934=DIRECTION('',(1.,0.,0.));
#12935=DIRECTION('',(-1.,0.,0.));
#12936=DIRECTION('',(0.,-1.,0.));
#12937=DIRECTION('',(0.,-1.,0.));
#12938=DIRECTION('',(0.,0.,1.));
#12939=DIRECTION('',(0.,1.,0.));
#12940=DIRECTION('',(0.,0.,1.));
#12941=DIRECTION('',(-1.,0.,0.));
#12942=DIRECTION('',(0.,0.,1.));
#12943=DIRECTION('',(0.,0.,1.));
#12944=DIRECTION('',(0.,1.,-1.36108582514596E-16));
#12945=DIRECTION('',(0.,0.,-1.));
#12946=DIRECTION('',(0.,-1.,1.36108582514596E-16));
#12947=DIRECTION('',(0.,-1.36108582514596E-16,-1.));
#12948=DIRECTION('',(0.,-1.,1.36108582514596E-16));
#12949=DIRECTION('',(-1.,0.,0.));
#12950=DIRECTION('',(0.,-1.,1.36108582514596E-16));
#12951=DIRECTION('',(1.,0.,0.));
#12952=DIRECTION('',(0.,1.36108582514596E-16,1.));
#12953=DIRECTION('',(0.,1.,-1.36108582514596E-16));
#12954=DIRECTION('',(-1.,0.,0.));
#12955=DIRECTION('',(0.,1.,-1.36108582514596E-16));
#12956=DIRECTION('',(-1.,0.,0.));
#12957=DIRECTION('',(0.,1.,0.));
#12958=DIRECTION('',(0.,0.,-1.));
#12959=DIRECTION('',(0.,0.,-1.));
#12960=DIRECTION('',(-1.,0.,0.));
#12961=DIRECTION('',(0.,-1.,-2.44921270764475E-16));
#12962=DIRECTION('',(1.,0.,0.));
#12963=DIRECTION('',(0.,0.,1.));
#12964=DIRECTION('',(1.,0.,0.));
#12965=DIRECTION('',(0.,0.,1.));
#12966=DIRECTION('',(1.,1.93222281298069E-15,0.));
#12967=DIRECTION('',(-1.93222281298069E-15,1.,2.44921270764475E-16));
#12968=DIRECTION('',(1.,1.93222281298069E-15,0.));
#12969=DIRECTION('',(-1.93222281298069E-15,1.,0.));
#12970=DIRECTION('',(1.,1.93222281298069E-15,0.));
#12971=DIRECTION('',(-1.93222281298069E-15,1.,0.));
#12972=DIRECTION('',(-1.,0.,0.));
#12973=DIRECTION('',(0.,-1.,-2.44921270764475E-16));
#12974=DIRECTION('',(1.,0.,0.));
#12975=DIRECTION('',(0.,1.,0.));
#12976=DIRECTION('',(1.,0.,0.));
#12977=DIRECTION('',(0.,1.,0.));
#12978=DIRECTION('',(1.,1.93222281298069E-15,0.));
#12979=DIRECTION('',(-1.93222281298069E-15,1.,2.44921270764475E-16));
#12980=DIRECTION('',(1.,0.,0.));
#12981=DIRECTION('',(0.,1.,0.));
#12982=DIRECTION('',(1.,0.,0.));
#12983=DIRECTION('',(0.,1.,0.));
#12984=DIRECTION('',(1.,0.,0.));
#12985=DIRECTION('',(0.,1.4210854715202E-15,-1.));
#12986=DIRECTION('',(1.,0.,0.));
#12987=DIRECTION('',(0.,1.4210854715202E-15,-1.));
#12988=DIRECTION('',(-1.,0.,0.));
#12989=DIRECTION('',(-1.,0.,0.));
#12990=DIRECTION('',(0.,1.4210854715202E-15,-1.));
#12991=DIRECTION('',(-1.,0.,0.));
#12992=DIRECTION('',(0.,-1.,0.));
#12993=DIRECTION('',(0.,0.,1.));
#12994=DIRECTION('',(0.,0.,-1.));
#12995=DIRECTION('',(-1.,0.,0.));
#12996=DIRECTION('',(0.,0.,1.));
#12997=DIRECTION('',(1.,0.,0.));
#12998=DIRECTION('',(0.,-1.,-7.105427357601E-16));
#12999=DIRECTION('',(1.,0.,0.));
#13000=DIRECTION('',(0.,-1.,-7.105427357601E-16));
#13001=DIRECTION('',(-1.,0.,0.));
#13002=DIRECTION('',(-1.,0.,0.));
#13003=DIRECTION('',(0.,-1.,-7.105427357601E-16));
#13004=DIRECTION('',(0.,0.,1.));
#13005=DIRECTION('',(0.,1.,0.));
#13006=DIRECTION('',(0.,-1.,0.));
#13007=DIRECTION('',(-1.,0.,0.));
#13008=DIRECTION('',(0.,1.,0.));
#13009=DIRECTION('',(1.,0.,0.));
#13010=DIRECTION('',(0.,-7.105427357601E-16,1.));
#13011=DIRECTION('',(1.,0.,0.));
#13012=DIRECTION('',(0.,-7.105427357601E-16,1.));
#13013=DIRECTION('',(-1.,0.,0.));
#13014=DIRECTION('',(-1.,0.,0.));
#13015=DIRECTION('',(0.,-7.105427357601E-16,1.));
#13016=DIRECTION('',(0.,1.,0.));
#13017=DIRECTION('',(0.,0.,-1.));
#13018=DIRECTION('',(0.,0.,1.));
#13019=DIRECTION('',(-1.,0.,0.));
#13020=DIRECTION('',(0.,0.,-1.));
#13021=DIRECTION('',(1.,0.,0.));
#13022=DIRECTION('',(0.,1.,7.105427357601E-16));
#13023=DIRECTION('',(1.,0.,0.));
#13024=DIRECTION('',(0.,1.,7.105427357601E-16));
#13025=DIRECTION('',(-1.,0.,0.));
#13026=DIRECTION('',(-1.,0.,0.));
#13027=DIRECTION('',(0.,1.,7.105427357601E-16));
#13028=DIRECTION('',(0.,0.,-1.));
#13029=DIRECTION('',(0.,-1.,0.));
#13030=DIRECTION('',(0.,1.,0.));
#13031=DIRECTION('',(0.,-1.,0.));
#13032=DIRECTION('',(-1.,0.,0.));
#13033=DIRECTION('',(0.,0.,1.));
#13034=DIRECTION('',(1.,0.,0.));
#13035=DIRECTION('',(0.,1.,0.));
#13036=DIRECTION('',(1.,0.,0.));
#13037=DIRECTION('',(0.,1.,0.));
#13038=DIRECTION('',(0.,0.,-1.));
#13039=DIRECTION('',(-1.,0.,0.));
#13040=DIRECTION('',(0.,-1.,0.));
#13041=DIRECTION('',(-1.,0.,0.));
#13042=DIRECTION('',(0.,1.,0.));
#13043=DIRECTION('',(1.,0.,0.));
#13044=DIRECTION('',(0.,-1.,0.));
#13045=DIRECTION('',(1.,0.,0.));
#13046=DIRECTION('',(-1.,0.,0.));
#13047=DIRECTION('',(0.,-1.,0.));
#13048=DIRECTION('',(1.,0.,0.));
#13049=DIRECTION('',(0.,1.,0.));
#13050=DIRECTION('',(1.,0.,0.));
#13051=DIRECTION('',(0.,1.,0.));
#13052=DIRECTION('',(0.,-0.707106781186548,0.707106781186547));
#13053=DIRECTION('',(0.,0.,1.));
#13054=DIRECTION('',(0.,0.707106781186548,0.707106781186548));
#13055=DIRECTION('',(0.,0.,1.));
#13056=DIRECTION('',(0.,1.,0.));
#13057=DIRECTION('',(0.,0.707106781186548,-0.707106781186548));
#13058=DIRECTION('',(0.,-0.707106781186548,-0.707106781186548));
#13059=DIRECTION('',(-1.,0.,0.));
#13060=DIRECTION('',(0.,-0.707106781186548,-0.707106781186548));
#13061=DIRECTION('',(1.,0.,0.));
#13062=DIRECTION('',(0.,1.,0.));
#13063=DIRECTION('',(0.,0.707106781186548,-0.707106781186547));
#13064=DIRECTION('',(0.,-1.,0.));
#13065=DIRECTION('',(0.,0.,1.));
#13066=DIRECTION('',(0.,0.,1.));
#13067=DIRECTION('',(0.,0.,1.));
#13068=DIRECTION('',(0.,-1.,0.));
#13069=DIRECTION('',(1.,0.,0.));
#13070=DIRECTION('',(1.,0.,0.));
#13071=DIRECTION('',(0.,0.707106781186547,0.707106781186548));
#13072=DIRECTION('',(0.,0.707106781186548,-0.707106781186547));
#13073=DIRECTION('',(-1.,0.,0.));
#13074=DIRECTION('',(0.,-1.,0.));
#13075=DIRECTION('',(1.,0.,0.));
#13076=DIRECTION('',(0.707106781186547,0.,-0.707106781186548));
#13077=DIRECTION('',(-1.,0.,0.));
#13078=DIRECTION('',(-0.707106781186548,0.,-0.707106781186548));
#13079=DIRECTION('',(0.707106781186548,0.,-0.707106781186548));
#13080=DIRECTION('',(0.707106781186548,0.,0.707106781186548));
#13081=DIRECTION('',(0.707106781186548,0.,0.707106781186548));
#13082=DIRECTION('',(0.,1.,0.));
#13083=DIRECTION('',(-1.,0.,0.));
#13084=DIRECTION('',(-0.707106781186547,0.,0.707106781186548));
#13085=DIRECTION('',(1.,0.,0.));
#13086=DIRECTION('',(0.,0.,-1.));
#13087=DIRECTION('',(-1.,0.,0.));
#13088=DIRECTION('',(0.,1.,0.));
#13089=DIRECTION('',(0.707106781186548,0.,0.707106781186547));
#13090=DIRECTION('',(-0.707106781186547,0.,0.707106781186548));
#13091=DIRECTION('',(-1.,0.,0.));
#13092=DIRECTION('',(0.,1.,0.));
#13093=DIRECTION('',(-1.,0.,0.));
#13094=DIRECTION('',(0.,1.,0.));
#13095=DIRECTION('',(-1.,0.,0.));
#13096=DIRECTION('',(0.,1.,0.));
#13097=DIRECTION('',(-1.,0.,0.));
#13098=DIRECTION('',(0.,1.,0.));
#13099=DIRECTION('',(-1.,0.,0.));
#13100=DIRECTION('',(0.,1.,0.));
#13101=DIRECTION('',(-1.,0.,0.));
#13102=DIRECTION('',(0.,1.,0.));
#13103=DIRECTION('',(0.,0.,1.));
#13104=DIRECTION('',(1.,0.,0.));
#13105=DIRECTION('',(0.,1.,0.));
#13106=DIRECTION('',(1.,0.,0.));
#13107=DIRECTION('',(0.,1.,0.));
#13108=DIRECTION('',(0.,0.,1.));
#13109=DIRECTION('',(0.,1.,0.));
#13110=DIRECTION('',(0.,0.,1.));
#13111=DIRECTION('',(0.,1.,0.));
#13112=DIRECTION('',(0.,0.,1.));
#13113=DIRECTION('',(0.,1.,0.));
#13114=DIRECTION('',(0.,0.,1.));
#13115=DIRECTION('',(0.,-1.,0.));
#13116=DIRECTION('',(-1.,0.,0.));
#13117=DIRECTION('',(0.,-1.,0.));
#13118=DIRECTION('',(-1.,0.,0.));
#13119=DIRECTION('',(0.,-1.,0.));
#13120=DIRECTION('',(-1.,0.,0.));
#13121=DIRECTION('',(0.,-1.,0.));
#13122=DIRECTION('',(-1.,0.,0.));
#13123=DIRECTION('',(0.,-1.,0.));
#13124=DIRECTION('',(-1.,0.,-2.44921270764496E-16));
#13125=DIRECTION('',(0.,-1.,0.));
#13126=DIRECTION('',(-1.,0.,-2.44921270764496E-16));
#13127=DIRECTION('',(0.,-1.,0.));
#13128=DIRECTION('',(-1.,0.,-2.44921270764551E-16));
#13129=DIRECTION('',(0.,-1.,0.));
#13130=DIRECTION('',(-1.,0.,0.));
#13131=DIRECTION('',(0.,-1.,0.));
#13132=DIRECTION('',(-1.,0.,-2.44921270764475E-16));
#13133=DIRECTION('',(0.,0.,1.));
#13134=DIRECTION('',(1.,0.,0.));
#13135=DIRECTION('',(0.,0.,-1.));
#13136=DIRECTION('',(0.,1.,0.));
#13137=DIRECTION('',(0.,0.,-1.));
#13138=DIRECTION('',(-1.,0.,0.));
#13139=DIRECTION('',(0.,-1.,0.));
#13140=DIRECTION('',(-1.,0.,3.10862446895043E-15));
#13141=DIRECTION('',(0.,0.,-1.));
#13142=DIRECTION('',(0.,-1.,0.));
#13143=DIRECTION('',(-3.55271367880049E-15,0.,-1.));
#13144=DIRECTION('',(1.,0.,0.));
#13145=DIRECTION('',(0.,-1.,0.));
#13146=DIRECTION('',(0.707106781186548,0.,-0.707106781186547));
#13147=DIRECTION('',(0.707106781186548,0.,0.707106781186548));
#13148=DIRECTION('',(0.,1.,0.));
#13149=DIRECTION('',(8.88178419700123E-16,0.,1.));
#13150=DIRECTION('',(1.,0.,0.));
#13151=DIRECTION('',(0.,-1.,0.));
#13152=DIRECTION('',(1.,0.,-4.44089209850063E-16));
#13153=DIRECTION('',(0.,0.,1.));
#13154=DIRECTION('',(1.,0.,0.));
#13155=DIRECTION('',(0.,0.,-1.));
#13156=DIRECTION('',(-1.,0.,0.));
#13157=DIRECTION('',(1.,0.,0.));
#13158=DIRECTION('',(0.,-1.,0.));
#13159=DIRECTION('',(0.,-1.,0.));
#13160=DIRECTION('',(0.,0.,-1.));
#13161=DIRECTION('',(0.,1.,0.));
#13162=DIRECTION('',(-1.,0.,0.));
#13163=DIRECTION('',(0.,1.,-7.105427357601E-16));
#13164=DIRECTION('',(0.,0.,-1.));
#13165=DIRECTION('',(-1.,0.,0.));
#13166=DIRECTION('',(0.,-7.105427357601E-16,-1.));
#13167=DIRECTION('',(0.,-1.,0.));
#13168=DIRECTION('',(0.,0.,-1.));
#13169=DIRECTION('',(0.,1.,0.));
#13170=DIRECTION('',(0.,0.,-1.));
#13171=DIRECTION('',(0.,1.,0.));
#13172=DIRECTION('',(0.,0.,-1.));
#13173=DIRECTION('',(0.,-1.,0.));
#13174=DIRECTION('',(0.,0.,-1.));
#13175=DIRECTION('',(-0.866025403784439,0.,-0.5));
#13176=DIRECTION('',(0.,0.,-1.));
#13177=DIRECTION('',(0.866025403784439,0.,-0.5));
#13178=DIRECTION('',(0.866025403784439,0.,0.5));
#13179=DIRECTION('',(0.,0.,1.));
#13180=DIRECTION('',(-0.866025403784439,0.,0.5));
#13181=DIRECTION('',(0.,-1.,0.));
#13182=DIRECTION('',(-1.,0.,-2.44921270764475E-16));
#13183=DIRECTION('',(0.,-1.,0.));
#13184=DIRECTION('',(0.,0.,-1.));
#13185=DIRECTION('',(0.,-1.,0.));
#13186=DIRECTION('',(0.,0.,-1.));
#13187=DIRECTION('',(0.,1.,0.));
#13188=DIRECTION('',(0.,0.,-1.));
#13189=DIRECTION('',(0.,-1.,0.));
#13190=DIRECTION('',(0.,0.,-1.));
#13191=DIRECTION('',(-0.866025403784439,0.,-0.5));
#13192=DIRECTION('',(0.,0.,-1.));
#13193=DIRECTION('',(0.866025403784439,0.,-0.5));
#13194=DIRECTION('',(0.866025403784439,0.,0.5));
#13195=DIRECTION('',(0.,0.,1.));
#13196=DIRECTION('',(-0.866025403784439,0.,0.5));
#13197=DIRECTION('',(0.,-1.,0.));
#13198=DIRECTION('',(-1.,0.,-2.44921270764475E-16));
#13199=DIRECTION('',(0.,-1.,0.));
#13200=DIRECTION('',(0.,0.,-1.));
#13201=DIRECTION('',(0.,-1.,0.));
#13202=DIRECTION('',(0.,0.,-1.));
#13203=DIRECTION('',(0.,1.,0.));
#13204=DIRECTION('',(0.,0.,-1.));
#13205=DIRECTION('',(0.,-1.,0.));
#13206=DIRECTION('',(0.,0.,-1.));
#13207=DIRECTION('',(-0.866025403784439,0.,-0.5));
#13208=DIRECTION('',(0.,0.,-1.));
#13209=DIRECTION('',(0.866025403784439,0.,-0.5));
#13210=DIRECTION('',(0.866025403784439,0.,0.5));
#13211=DIRECTION('',(0.,0.,1.));
#13212=DIRECTION('',(-0.866025403784439,0.,0.5));
#13213=DIRECTION('',(0.,-1.,0.));
#13214=DIRECTION('',(-1.,0.,-2.44921270764475E-16));
#13215=DIRECTION('',(0.,-1.,0.));
#13216=DIRECTION('',(0.,0.,-1.));
#13217=DIRECTION('',(0.,-1.,0.));
#13218=DIRECTION('',(0.,0.,-1.));
#13219=DIRECTION('',(0.,1.,0.));
#13220=DIRECTION('',(0.,0.,-1.));
#13221=DIRECTION('',(0.,-1.,0.));
#13222=DIRECTION('',(0.,0.,-1.));
#13223=DIRECTION('',(-0.866025403784439,0.,-0.5));
#13224=DIRECTION('',(0.,0.,-1.));
#13225=DIRECTION('',(0.866025403784439,0.,-0.5));
#13226=DIRECTION('',(0.866025403784439,0.,0.5));
#13227=DIRECTION('',(0.,0.,1.));
#13228=DIRECTION('',(-0.866025403784439,0.,0.5));
#13229=DIRECTION('',(0.,-1.,0.));
#13230=DIRECTION('',(-1.,0.,-2.44921270764475E-16));
#13231=DIRECTION('',(0.,-1.,0.));
#13232=DIRECTION('',(-1.,0.,0.));
#13233=DIRECTION('',(0.,-1.,0.));
#13234=DIRECTION('',(-1.,0.,0.));
#13235=DIRECTION('',(0.,-1.,0.));
#13236=DIRECTION('',(-1.,0.,-2.44921270764475E-16));
#13237=DIRECTION('',(0.,-1.,0.));
#13238=DIRECTION('',(0.,0.,-1.));
#13239=DIRECTION('',(-0.866025403784439,0.,-0.5));
#13240=DIRECTION('',(0.,0.,-1.));
#13241=DIRECTION('',(0.866025403784439,0.,-0.5));
#13242=DIRECTION('',(0.866025403784439,0.,0.5));
#13243=DIRECTION('',(0.,0.,1.));
#13244=DIRECTION('',(-0.866025403784439,0.,0.5));
#13245=DIRECTION('',(0.,-1.,0.));
#13246=DIRECTION('',(-1.,0.,-2.44921270764475E-16));
#13247=DIRECTION('',(0.,-1.,0.));
#13248=DIRECTION('',(0.,0.,-1.));
#13249=DIRECTION('',(0.,-1.,0.));
#13250=DIRECTION('',(0.,0.,-1.));
#13251=DIRECTION('',(0.,-1.,0.));
#13252=DIRECTION('',(-1.,0.,-2.44921270764475E-16));
#13253=DIRECTION('',(0.,-1.,0.));
#13254=DIRECTION('',(-1.,0.,0.));
#13255=DIRECTION('',(-0.866025403784439,0.,-0.5));
#13256=DIRECTION('',(0.,0.,-1.));
#13257=DIRECTION('',(0.866025403784439,0.,-0.5));
#13258=DIRECTION('',(0.866025403784439,0.,0.5));
#13259=DIRECTION('',(0.,0.,1.));
#13260=DIRECTION('',(-0.866025403784439,0.,0.5));
#13261=DIRECTION('',(0.,-1.,0.));
#13262=DIRECTION('',(-1.,0.,-2.44921270764475E-16));
#13263=DIRECTION('',(0.,-1.,0.));
#13264=DIRECTION('',(-1.,0.,0.));
#13265=DIRECTION('',(0.,-1.,0.));
#13266=DIRECTION('',(-1.,0.,0.));
#13267=DIRECTION('',(0.,1.,0.));
#13268=DIRECTION('',(0.,0.,1.));
#13269=DIRECTION('',(0.866025403784439,0.,0.5));
#13270=DIRECTION('',(0.866025403784439,0.,-0.5));
#13271=DIRECTION('',(0.,0.,-1.));
#13272=DIRECTION('',(-0.866025403784439,0.,-0.5));
#13273=DIRECTION('',(-0.866025403784439,0.,0.5));
#13274=DIRECTION('',(0.,0.,1.));
#13275=DIRECTION('',(-1.,0.,0.));
#13276=DIRECTION('',(0.,0.,-1.));
#13277=DIRECTION('',(0.,-1.,0.));
#13278=DIRECTION('',(0.,-1.,0.));
#13279=DIRECTION('',(-0.5,0.,-0.866025403784439));
#13280=DIRECTION('',(0.866025403784439,0.,-0.5));
#13281=DIRECTION('',(0.,-1.,0.));
#13282=DIRECTION('',(-0.5,0.,0.866025403784439));
#13283=DIRECTION('',(-0.866025403784439,0.,-0.5));
#13284=DIRECTION('',(0.,-1.,0.));
#13285=DIRECTION('',(0.5,0.,0.866025403784439));
#13286=DIRECTION('',(-0.866025403784439,0.,0.5));
#13287=DIRECTION('',(0.,-1.,0.));
#13288=DIRECTION('',(1.,0.,0.));
#13289=DIRECTION('',(0.,0.,1.));
#13290=DIRECTION('',(0.,-1.,0.));
#13291=DIRECTION('',(0.5,0.,-0.866025403784439));
#13292=DIRECTION('',(0.866025403784439,0.,0.5));
#13293=DIRECTION('',(0.,1.,0.));
#13294=DIRECTION('',(0.,0.,1.));
#13295=DIRECTION('',(0.866025403784439,0.,0.5));
#13296=DIRECTION('',(0.866025403784439,0.,-0.5));
#13297=DIRECTION('',(0.,0.,-1.));
#13298=DIRECTION('',(-0.866025403784439,0.,-0.5));
#13299=DIRECTION('',(-0.866025403784439,0.,0.5));
#13300=DIRECTION('',(0.,0.,1.));
#13301=DIRECTION('',(-1.,0.,0.));
#13302=DIRECTION('',(0.,0.,-1.));
#13303=DIRECTION('',(0.,-1.,0.));
#13304=DIRECTION('',(0.,-1.,0.));
#13305=DIRECTION('',(-0.5,0.,-0.866025403784439));
#13306=DIRECTION('',(0.866025403784439,0.,-0.5));
#13307=DIRECTION('',(0.,-1.,0.));
#13308=DIRECTION('',(-0.5,0.,0.866025403784439));
#13309=DIRECTION('',(-0.866025403784439,0.,-0.5));
#13310=DIRECTION('',(0.,-1.,0.));
#13311=DIRECTION('',(0.5,0.,0.866025403784439));
#13312=DIRECTION('',(-0.866025403784439,0.,0.5));
#13313=DIRECTION('',(0.,-1.,0.));
#13314=DIRECTION('',(1.,0.,0.));
#13315=DIRECTION('',(0.,0.,1.));
#13316=DIRECTION('',(0.,-1.,0.));
#13317=DIRECTION('',(0.5,0.,-0.866025403784439));
#13318=DIRECTION('',(0.866025403784439,0.,0.5));
#13319=DIRECTION('',(0.,1.,0.));
#13320=DIRECTION('',(0.,0.,1.));
#13321=DIRECTION('',(0.866025403784439,0.,0.5));
#13322=DIRECTION('',(0.866025403784439,0.,-0.5));
#13323=DIRECTION('',(0.,0.,-1.));
#13324=DIRECTION('',(-0.866025403784439,0.,-0.5));
#13325=DIRECTION('',(-0.866025403784439,0.,0.5));
#13326=DIRECTION('',(0.,0.,1.));
#13327=DIRECTION('',(-1.,0.,0.));
#13328=DIRECTION('',(0.,0.,-1.));
#13329=DIRECTION('',(0.,-1.,0.));
#13330=DIRECTION('',(0.,-1.,0.));
#13331=DIRECTION('',(-0.5,0.,-0.866025403784439));
#13332=DIRECTION('',(0.866025403784439,0.,-0.5));
#13333=DIRECTION('',(0.,-1.,0.));
#13334=DIRECTION('',(-0.5,0.,0.866025403784439));
#13335=DIRECTION('',(-0.866025403784439,0.,-0.5));
#13336=DIRECTION('',(0.,-1.,0.));
#13337=DIRECTION('',(0.5,0.,0.866025403784439));
#13338=DIRECTION('',(-0.866025403784439,0.,0.5));
#13339=DIRECTION('',(0.,-1.,0.));
#13340=DIRECTION('',(1.,0.,0.));
#13341=DIRECTION('',(0.,0.,1.));
#13342=DIRECTION('',(0.,-1.,0.));
#13343=DIRECTION('',(0.5,0.,-0.866025403784439));
#13344=DIRECTION('',(0.866025403784439,0.,0.5));
#13345=DIRECTION('',(0.,1.,0.));
#13346=DIRECTION('',(0.,0.,1.));
#13347=DIRECTION('',(0.866025403784439,0.,0.5));
#13348=DIRECTION('',(0.866025403784439,0.,-0.5));
#13349=DIRECTION('',(0.,0.,-1.));
#13350=DIRECTION('',(-0.866025403784439,0.,-0.5));
#13351=DIRECTION('',(-0.866025403784439,0.,0.5));
#13352=DIRECTION('',(0.,0.,1.));
#13353=DIRECTION('',(-1.,0.,0.));
#13354=DIRECTION('',(0.,0.,-1.));
#13355=DIRECTION('',(0.,-1.,0.));
#13356=DIRECTION('',(0.,-1.,0.));
#13357=DIRECTION('',(-0.5,0.,-0.866025403784439));
#13358=DIRECTION('',(0.866025403784439,0.,-0.5));
#13359=DIRECTION('',(0.,-1.,0.));
#13360=DIRECTION('',(-0.5,0.,0.866025403784439));
#13361=DIRECTION('',(-0.866025403784439,0.,-0.5));
#13362=DIRECTION('',(0.,-1.,0.));
#13363=DIRECTION('',(0.5,0.,0.866025403784439));
#13364=DIRECTION('',(-0.866025403784439,0.,0.5));
#13365=DIRECTION('',(0.,-1.,0.));
#13366=DIRECTION('',(1.,0.,0.));
#13367=DIRECTION('',(0.,0.,1.));
#13368=DIRECTION('',(0.,-1.,0.));
#13369=DIRECTION('',(0.5,0.,-0.866025403784439));
#13370=DIRECTION('',(0.866025403784439,0.,0.5));
#13371=DIRECTION('',(0.,1.,0.));
#13372=DIRECTION('',(0.,0.,1.));
#13373=DIRECTION('',(0.866025403784439,0.,0.5));
#13374=DIRECTION('',(0.866025403784439,0.,-0.5));
#13375=DIRECTION('',(0.,0.,-1.));
#13376=DIRECTION('',(-0.866025403784439,0.,-0.5));
#13377=DIRECTION('',(-0.866025403784439,0.,0.5));
#13378=DIRECTION('',(0.,0.,1.));
#13379=DIRECTION('',(-1.,0.,0.));
#13380=DIRECTION('',(0.,0.,-1.));
#13381=DIRECTION('',(0.,-1.,0.));
#13382=DIRECTION('',(0.,-1.,0.));
#13383=DIRECTION('',(-0.5,0.,-0.866025403784439));
#13384=DIRECTION('',(0.866025403784439,0.,-0.5));
#13385=DIRECTION('',(0.,-1.,0.));
#13386=DIRECTION('',(-0.5,0.,0.866025403784439));
#13387=DIRECTION('',(-0.866025403784439,0.,-0.5));
#13388=DIRECTION('',(0.,-1.,0.));
#13389=DIRECTION('',(0.5,0.,0.866025403784439));
#13390=DIRECTION('',(-0.866025403784439,0.,0.5));
#13391=DIRECTION('',(0.,-1.,0.));
#13392=DIRECTION('',(1.,0.,0.));
#13393=DIRECTION('',(0.,0.,1.));
#13394=DIRECTION('',(0.,-1.,0.));
#13395=DIRECTION('',(0.5,0.,-0.866025403784439));
#13396=DIRECTION('',(0.866025403784439,0.,0.5));
#13397=DIRECTION('',(0.,1.,0.));
#13398=DIRECTION('',(0.,0.,1.));
#13399=DIRECTION('',(0.866025403784439,0.,0.5));
#13400=DIRECTION('',(0.866025403784439,0.,-0.5));
#13401=DIRECTION('',(0.,0.,-1.));
#13402=DIRECTION('',(-0.866025403784439,0.,-0.5));
#13403=DIRECTION('',(-0.866025403784439,0.,0.5));
#13404=DIRECTION('',(0.,0.,1.));
#13405=DIRECTION('',(-1.,0.,0.));
#13406=DIRECTION('',(0.,0.,-1.));
#13407=DIRECTION('',(0.,-1.,0.));
#13408=DIRECTION('',(0.,-1.,0.));
#13409=DIRECTION('',(-0.5,0.,-0.866025403784439));
#13410=DIRECTION('',(0.866025403784439,0.,-0.5));
#13411=DIRECTION('',(0.,-1.,0.));
#13412=DIRECTION('',(-0.5,0.,0.866025403784439));
#13413=DIRECTION('',(-0.866025403784439,0.,-0.5));
#13414=DIRECTION('',(0.,-1.,0.));
#13415=DIRECTION('',(0.5,0.,0.866025403784439));
#13416=DIRECTION('',(-0.866025403784439,0.,0.5));
#13417=DIRECTION('',(0.,-1.,0.));
#13418=DIRECTION('',(1.,0.,0.));
#13419=DIRECTION('',(0.,0.,1.));
#13420=DIRECTION('',(0.,-1.,0.));
#13421=DIRECTION('',(0.5,0.,-0.866025403784439));
#13422=DIRECTION('',(0.866025403784439,0.,0.5));
#13423=DIRECTION('',(0.,1.,0.));
#13424=DIRECTION('',(0.,0.,1.));
#13425=DIRECTION('',(0.,0.,-1.));
#13426=DIRECTION('',(1.,0.,0.));
#13427=DIRECTION('',(0.,0.,1.));
#13428=DIRECTION('',(-1.,0.,0.));
#13429=DIRECTION('',(0.,1.,0.));
#13430=DIRECTION('',(0.,0.,1.));
#13431=DIRECTION('',(1.,0.,0.));
#13432=DIRECTION('',(0.,0.,1.));
#13433=DIRECTION('',(-1.,0.,0.));
#13434=DIRECTION('',(0.,0.,-1.));
#13435=DIRECTION('',(1.,0.,0.));
#13436=DIRECTION('',(0.,0.,-1.));
#13437=DIRECTION('',(0.,0.,1.));
#13438=DIRECTION('',(0.,1.,0.));
#13439=DIRECTION('',(0.,1.,0.));
#13440=DIRECTION('',(0.,0.,-1.));
#13441=DIRECTION('',(-1.,0.,0.));
#13442=DIRECTION('',(0.,0.,1.));
#13443=DIRECTION('',(1.,7.1054273576011E-15,0.));
#13444=DIRECTION('',(0.,1.,0.));
#13445=DIRECTION('',(1.,0.,0.));
#13446=DIRECTION('',(1.,0.,0.));
#13447=DIRECTION('',(0.,0.,-1.));
#13448=DIRECTION('',(0.,1.,0.));
#13449=DIRECTION('',(-1.,0.,0.));
#13450=DIRECTION('',(0.,1.,-1.77635683940025E-15));
#13451=DIRECTION('',(0.,0.,-1.));
#13452=DIRECTION('',(-1.,0.,0.));
#13453=DIRECTION('',(0.,-1.77635683940025E-15,-1.));
#13454=DIRECTION('',(0.,-1.,0.));
#13455=DIRECTION('',(-1.,0.,0.));
#13456=DIRECTION('',(0.,-1.,1.77635683940025E-15));
#13457=DIRECTION('',(0.,0.,1.));
#13458=DIRECTION('',(-1.,0.,0.));
#13459=DIRECTION('',(0.,2.22044604925031E-16,1.));
#13460=DIRECTION('',(-1.,0.,0.));
#13461=DIRECTION('',(0.,2.22044604925031E-16,1.));
#13462=DIRECTION('',(1.,0.,0.));
#13463=DIRECTION('',(1.,0.,0.));
#13464=DIRECTION('',(0.,2.22044604925031E-16,1.));
#13465=DIRECTION('',(1.,0.,0.));
#13466=DIRECTION('',(0.,-1.,0.));
#13467=DIRECTION('',(0.,0.,-1.));
#13468=DIRECTION('',(1.,0.,0.));
#13469=DIRECTION('',(0.,0.,-1.));
#13470=DIRECTION('',(-1.,0.,0.));
#13471=DIRECTION('',(0.,-1.,1.77635683940025E-15));
#13472=DIRECTION('',(1.,0.,0.));
#13473=DIRECTION('',(1.,0.,0.));
#13474=DIRECTION('',(0.,-1.,1.77635683940025E-15));
#13475=DIRECTION('',(0.,0.,-1.));
#13476=DIRECTION('',(0.,1.,0.));
#13477=DIRECTION('',(1.,0.,0.));
#13478=DIRECTION('',(0.,1.,0.));
#13479=DIRECTION('',(-1.,0.,0.));
#13480=DIRECTION('',(0.,-1.77635683940025E-15,-1.));
#13481=DIRECTION('',(1.,0.,0.));
#13482=DIRECTION('',(1.,0.,0.));
#13483=DIRECTION('',(0.,-1.77635683940025E-15,-1.));
#13484=DIRECTION('',(0.,1.,0.));
#13485=DIRECTION('',(0.,0.,1.));
#13486=DIRECTION('',(1.,0.,0.));
#13487=DIRECTION('',(0.,0.,1.));
#13488=DIRECTION('',(-1.,0.,0.));
#13489=DIRECTION('',(0.,1.,-1.77635683940025E-15));
#13490=DIRECTION('',(1.,0.,0.));
#13491=DIRECTION('',(1.,0.,0.));
#13492=DIRECTION('',(0.,1.,-1.77635683940025E-15));
#13493=DIRECTION('',(0.,0.,1.));
#13494=DIRECTION('',(0.,-1.,0.));
#13495=DIRECTION('',(0.,-1.,0.));
#13496=DIRECTION('',(1.,0.,0.));
#13497=DIRECTION('',(0.,-7.105427357601E-16,-1.));
#13498=DIRECTION('',(-1.,0.,0.));
#13499=DIRECTION('',(0.,0.,-1.));
#13500=DIRECTION('',(1.,0.,0.));
#13501=DIRECTION('',(1.,0.,0.));
#13502=DIRECTION('',(0.,0.,1.));
#13503=DIRECTION('',(1.,0.,0.));
#13504=DIRECTION('',(0.,1.,0.));
#13505=DIRECTION('',(0.,0.,-1.));
#13506=DIRECTION('',(0.,0.,-1.));
#13507=DIRECTION('',(1.,0.,0.));
#13508=DIRECTION('',(0.,0.,1.));
#13509=DIRECTION('',(1.,0.,0.));
#13510=DIRECTION('',(0.,1.,-7.105427357601E-16));
#13511=DIRECTION('',(-1.,0.,0.));
#13512=DIRECTION('',(0.,0.,-1.));
#13513=DIRECTION('',(1.,0.,0.));
#13514=DIRECTION('',(1.,0.,0.));
#13515=DIRECTION('',(0.,0.,1.));
#13516=DIRECTION('',(1.,0.,0.));
#13517=DIRECTION('',(0.,1.,-7.105427357601E-16));
#13518=DIRECTION('',(1.,0.,0.));
#13519=DIRECTION('',(0.,1.,-7.105427357601E-16));
#13520=DIRECTION('',(-1.,0.,0.));
#13521=DIRECTION('',(-1.,0.,0.));
#13522=DIRECTION('',(0.,1.,0.));
#13523=DIRECTION('',(0.,0.,-1.));
#13524=DIRECTION('',(0.,0.,1.));
#13525=DIRECTION('',(-1.,0.,0.));
#13526=DIRECTION('',(1.,0.,0.));
#13527=DIRECTION('',(0.,-7.105427357601E-16,-1.));
#13528=DIRECTION('',(1.,0.,0.));
#13529=DIRECTION('',(0.,-7.105427357601E-16,-1.));
#13530=DIRECTION('',(-1.,0.,0.));
#13531=DIRECTION('',(1.,0.,0.));
#13532=DIRECTION('',(0.,0.,-1.));
#13533=DIRECTION('',(0.,0.,1.));
#13534=DIRECTION('',(0.,1.,0.));
#13535=DIRECTION('',(0.,-1.,0.));
#13536=DIRECTION('',(-1.,0.,0.));
#13537=DIRECTION('',(0.,0.,1.));
#13538=DIRECTION('',(0.,0.,1.));
#13539=DIRECTION('',(0.,1.,0.));
#13540=DIRECTION('',(0.,1.,0.));
#13541=DIRECTION('',(-1.,0.,0.));
#13542=DIRECTION('',(0.,0.,1.));
#13543=DIRECTION('',(0.,0.,-1.));
#13544=DIRECTION('',(0.,1.,0.));
#13545=DIRECTION('',(0.,0.,1.));
#13546=DIRECTION('',(1.,0.,0.));
#13547=DIRECTION('',(0.,0.,-1.));
#13548=DIRECTION('',(1.,7.1054273576011E-15,0.));
#13549=DIRECTION('',(-1.,0.,0.));
#13550=DIRECTION('',(0.,1.,0.));
#13551=DIRECTION('',(0.,0.,-1.));
#13552=DIRECTION('',(0.,0.,-1.));
#13553=DIRECTION('',(-1.,0.,0.));
#13554=DIRECTION('',(1.,0.,0.));
#13555=DIRECTION('',(0.,0.,-1.));
#13556=DIRECTION('',(-1.,0.,0.));
#13557=DIRECTION('',(0.,0.,1.));
#13558=DIRECTION('',(0.,0.,1.));
#13559=DIRECTION('',(-1.,0.,0.));
#13560=DIRECTION('',(0.,1.,0.));
#13561=DIRECTION('',(0.,0.,-1.));
#13562=DIRECTION('',(0.,0.,1.));
#13563=DIRECTION('',(1.,0.,0.));
#13564=DIRECTION('',(0.,0.,-1.));
#13565=DIRECTION('',(0.,1.,0.));
#13566=DIRECTION('',(0.,0.,1.));
#13567=DIRECTION('',(-1.,0.,0.));
#13568=DIRECTION('',(0.,-1.,0.));
#13569=DIRECTION('',(0.,0.,1.));
#13570=DIRECTION('',(-0.707106781186548,0.,-0.707106781186548));
#13571=DIRECTION('',(0.,1.,0.));
#13572=DIRECTION('',(0.,0.,1.));
#13573=DIRECTION('',(-1.,0.,0.));
#13574=DIRECTION('',(0.,1.,0.));
#13575=DIRECTION('',(0.,0.,1.));
#13576=DIRECTION('',(0.,0.,1.));
#13577=DIRECTION('',(0.,1.,0.));
#13578=DIRECTION('',(0.,0.,1.));
#13579=DIRECTION('',(1.,0.,0.));
#13580=DIRECTION('',(0.,-1.,0.));
#13581=DIRECTION('',(0.,0.,1.));
#13582=DIRECTION('',(0.,0.,1.));
#13583=DIRECTION('',(1.,0.,0.));
#13584=DIRECTION('',(0.,1.,0.));
#13585=DIRECTION('',(-1.,0.,3.10862446895043E-15));
#13586=DIRECTION('',(0.,-1.,0.));
#13587=DIRECTION('',(0.,-1.,0.));
#13588=DIRECTION('',(-1.,0.,0.));
#13589=DIRECTION('',(0.,0.,-1.));
#13590=DIRECTION('',(0.,-1.,0.));
#13591=DIRECTION('',(0.,1.,0.));
#13592=DIRECTION('',(-3.55271367880049E-15,0.,-1.));
#13593=DIRECTION('',(0.,-1.,0.));
#13594=DIRECTION('',(0.,0.,-1.));
#13595=DIRECTION('',(1.,0.,0.));
#13596=DIRECTION('',(0.,-1.,0.));
#13597=DIRECTION('',(0.,1.,0.));
#13598=DIRECTION('',(0.707106781186548,0.,-0.707106781186547));
#13599=DIRECTION('',(0.,-1.,0.));
#13600=DIRECTION('',(0.707106781186548,0.,-0.707106781186548));
#13601=DIRECTION('',(0.707106781186548,0.,0.707106781186548));
#13602=DIRECTION('',(0.,-1.,0.));
#13603=DIRECTION('',(0.,1.,0.));
#13604=DIRECTION('',(8.88178419700123E-16,0.,1.));
#13605=DIRECTION('',(0.,-1.,0.));
#13606=DIRECTION('',(0.,0.,-1.));
#13607=DIRECTION('',(1.,0.,0.));
#13608=DIRECTION('',(0.,-1.,0.));
#13609=DIRECTION('',(0.,1.,0.));
#13610=DIRECTION('',(1.,0.,-4.44089209850063E-16));
#13611=DIRECTION('',(0.,-1.,0.));
#13612=DIRECTION('',(0.,1.,0.));
#13613=DIRECTION('',(0.,0.,-1.));
#13614=DIRECTION('',(0.,-1.,0.));
#13615=DIRECTION('',(0.,-1.,0.));
#13616=DIRECTION('',(0.,0.,1.));
#13617=DIRECTION('',(-1.,0.,0.));
#13618=DIRECTION('',(0.,0.,1.));
#13619=DIRECTION('',(4.44089209850063E-16,-1.,0.));
#13620=DIRECTION('',(0.,0.,1.));
#13621=DIRECTION('',(4.44089209850063E-16,-1.,0.));
#13622=DIRECTION('',(0.,0.,-1.));
#13623=DIRECTION('',(0.,0.,-1.));
#13624=DIRECTION('',(4.44089209850063E-16,-1.,0.));
#13625=DIRECTION('',(0.,0.,-1.));
#13626=DIRECTION('',(0.,-1.,0.));
#13627=DIRECTION('',(-1.,0.,0.));
#13628=DIRECTION('',(1.,0.,0.));
#13629=DIRECTION('',(0.,0.,-1.));
#13630=DIRECTION('',(-1.,0.,0.));
#13631=DIRECTION('',(0.,0.,1.));
#13632=DIRECTION('',(-1.,1.77635683940025E-15,0.));
#13633=DIRECTION('',(0.,0.,1.));
#13634=DIRECTION('',(-1.,1.77635683940025E-15,0.));
#13635=DIRECTION('',(0.,0.,-1.));
#13636=DIRECTION('',(0.,0.,-1.));
#13637=DIRECTION('',(-1.,1.77635683940025E-15,0.));
#13638=DIRECTION('',(1.,0.,0.));
#13639=DIRECTION('',(0.,0.,1.));
#13640=DIRECTION('',(0.,0.707106781186537,-0.707106781186558));
#13641=DIRECTION('',(0.,1.,0.));
#13642=DIRECTION('',(0.,-1.,0.));
#13643=DIRECTION('',(-1.,0.,0.));
#13644=DIRECTION('',(0.,0.,-1.));
#13645=DIRECTION('',(0.,-0.707106781186537,0.707106781186558));
#13646=DIRECTION('',(0.,1.,0.));
#13647=DIRECTION('',(0.,-1.,0.));
#13648=DIRECTION('',(0.,-1.,0.));
#13649=DIRECTION('',(0.,0.,1.));
#13650=DIRECTION('',(0.,-0.707106781186558,-0.707106781186537));
#13651=DIRECTION('',(0.,-0.707106781186537,0.707106781186558));
#13652=DIRECTION('',(-1.,0.,0.));
#13653=DIRECTION('',(0.57735026918962,-0.57735026918962,0.577350269189637));
#13654=DIRECTION('',(0.,-0.707106781186548,0.707106781186548));
#13655=DIRECTION('',(0.,0.707106781186548,0.707106781186548));
#13656=DIRECTION('',(-0.57735026918963,0.577350269189624,0.577350269189624));
#13657=DIRECTION('',(0.577350269189626,0.577350269189626,0.577350269189626));
#13658=DIRECTION('',(-0.577350269189626,0.577350269189626,0.577350269189626));
#13659=DIRECTION('',(1.,0.,0.));
#13660=DIRECTION('',(0.707106781186548,-0.707106781186548,0.));
#13661=DIRECTION('',(-0.707106781186548,-0.707106781186548,0.));
#13662=DIRECTION('',(0.577350269189628,0.577350269189628,0.577350269189622));
#13663=DIRECTION('',(-0.57735026918962,-0.57735026918962,0.577350269189637));
#13664=DIRECTION('',(-0.577350269189628,-0.577350269189628,0.577350269189622));
#13665=DIRECTION('',(0.,0.,-1.));
#13666=DIRECTION('',(0.,-1.,0.));
#13667=DIRECTION('',(-1.,0.,0.));
#13668=DIRECTION('',(-0.707106781186551,0.,0.707106781186544));
#13669=DIRECTION('',(1.,0.,0.));
#13670=DIRECTION('',(0.,0.,-1.));
#13671=DIRECTION('',(1.,0.,0.));
#13672=DIRECTION('',(0.,-1.,0.));
#13673=DIRECTION('',(-1.,0.,0.));
#13674=DIRECTION('',(0.707106781186551,0.,0.707106781186544));
#13675=DIRECTION('',(-1.,0.,0.));
#13676=DIRECTION('',(0.,0.,-1.));
#13677=DIRECTION('',(1.,0.,0.));
#13678=DIRECTION('',(0.,0.,1.));
#13679=DIRECTION('',(1.,0.,0.));
#13680=DIRECTION('',(0.,1.,0.));
#13681=DIRECTION('',(-0.707106781186548,0.707106781186548,0.));
#13682=DIRECTION('',(0.,-1.,0.));
#13683=DIRECTION('',(-0.707106781186544,0.,0.707106781186551));
#13684=DIRECTION('',(-0.707106781186551,0.,-0.707106781186544));
#13685=DIRECTION('',(-0.577350269189628,0.577350269189628,-0.577350269189622));
#13686=DIRECTION('',(0.707106781186548,0.707106781186548,0.));
#13687=DIRECTION('',(0.707106781186548,-0.707106781186548,0.));
#13688=DIRECTION('',(0.577350269189628,-0.577350269189628,-0.577350269189622));
#13689=DIRECTION('',(0.707106781186548,-0.707106781186548,0.));
#13690=DIRECTION('',(0.,0.,1.));
#13691=DIRECTION('',(-1.,0.,0.));
#13692=DIRECTION('',(0.,1.,0.));
#13693=DIRECTION('',(0.,1.,0.));
#13694=DIRECTION('',(0.,-1.,0.));
#13695=DIRECTION('',(0.,1.,0.));
#13696=DIRECTION('',(0.,-1.,0.));
#13697=DIRECTION('',(0.,0.,1.));
#13698=DIRECTION('',(0.707106781186544,0.,0.707106781186551));
#13699=DIRECTION('',(-0.707106781186551,0.,0.707106781186544));
#13700=DIRECTION('',(0.707106781186548,0.707106781186548,0.));
#13701=DIRECTION('',(0.707106781186548,-0.707106781186548,0.));
#13702=DIRECTION('',(0.577350269189628,-0.577350269189628,-0.577350269189622));
#13703=DIRECTION('',(-0.707106781186548,0.707106781186548,0.));
#13704=DIRECTION('',(-0.707106781186548,-0.707106781186547,0.));
#13705=DIRECTION('',(-0.707106781186548,0.707106781186548,0.));
#13706=DIRECTION('',(-0.707106781186548,-0.707106781186547,0.));
#13707=DIRECTION('',(-0.707106781186548,0.707106781186548,0.));
#13708=DIRECTION('',(0.,0.,1.));
#13709=DIRECTION('',(1.,0.,0.));
#13710=DIRECTION('',(0.,-1.,0.));
#13711=DIRECTION('',(0.,1.,0.));
#13712=DIRECTION('',(-1.,0.,0.));
#13713=DIRECTION('',(-0.707106781186544,0.,-0.707106781186551));
#13714=DIRECTION('',(0.707106781186551,0.,-0.707106781186544));
#13715=DIRECTION('',(0.707106781186548,0.707106781186548,0.));
#13716=DIRECTION('',(0.707106781186548,-0.707106781186548,0.));
#13717=DIRECTION('',(-0.577350269189628,0.577350269189628,-0.577350269189622));
#13718=DIRECTION('',(-0.707106781186548,0.707106781186548,0.));
#13719=DIRECTION('',(0.,-0.707106781186558,-0.707106781186537));
#13720=DIRECTION('',(0.,-0.707106781186537,0.707106781186558));
#13721=DIRECTION('',(0.577350269189635,-0.577350269189613,0.577350269189629));
#13722=DIRECTION('',(0.707106781186544,0.,-0.707106781186551));
#13723=DIRECTION('',(0.707106781186551,0.,0.707106781186544));
#13724=DIRECTION('',(0.,0.,1.));
#13725=DIRECTION('',(0.,1.,0.));
#13726=DIRECTION('',(0.,0.,-1.));
#13727=DIRECTION('',(1.,7.1054273576011E-15,0.));
#13728=DIRECTION('',(0.,-1.,0.));
#13729=DIRECTION('',(0.,0.,-1.));
#13730=DIRECTION('',(1.42108547152021E-14,-1.,0.));
#13731=DIRECTION('',(1.,0.,0.));
#13732=DIRECTION('',(0.,0.,-1.));
#13733=DIRECTION('',(0.,0.,1.));
#13734=DIRECTION('',(0.,1.,0.));
#13735=DIRECTION('',(0.,0.,1.));
#13736=DIRECTION('',(1.,7.1054273576011E-15,0.));
#13737=DIRECTION('',(0.,0.,-1.));
#13738=DIRECTION('',(1.,7.1054273576011E-15,0.));
#13739=DIRECTION('',(0.,0.,-1.));
#13740=DIRECTION('',(0.,-1.,0.));
#13741=DIRECTION('',(0.,0.,-1.));
#13742=DIRECTION('',(1.42108547152021E-14,-1.,0.));
#13743=DIRECTION('',(0.,0.,-1.));
#13744=DIRECTION('',(-1.,0.,0.));
#13745=DIRECTION('',(0.,0.,1.));
#13746=DIRECTION('',(1.42108547152021E-14,-1.,0.));
#13747=DIRECTION('',(0.,1.,0.));
#13748=DIRECTION('',(-1.,0.,0.));
#13749=DIRECTION('',(0.,0.,1.));
#13750=DIRECTION('',(0.,0.,-1.));
#13751=DIRECTION('',(0.,1.,0.));
#13752=DIRECTION('',(0.,0.,1.));
#13753=DIRECTION('',(1.,0.,0.));
#13754=DIRECTION('',(0.,0.,-1.));
#13755=DIRECTION('',(1.42108547152021E-14,-1.,0.));
#13756=DIRECTION('',(0.,0.,1.));
#13757=DIRECTION('',(1.42108547152021E-14,-1.,0.));
#13758=DIRECTION('',(1.,0.,0.));
#13759=DIRECTION('',(0.,0.,-1.));
#13760=DIRECTION('',(-1.,0.,0.));
#13761=DIRECTION('',(0.,0.,1.));
#13762=DIRECTION('',(0.,0.,1.));
#13763=DIRECTION('',(0.,-1.,0.));
#13764=DIRECTION('',(1.,0.,0.));
#13765=DIRECTION('',(0.,0.,1.));
#13766=DIRECTION('',(-1.,0.,0.));
#13767=DIRECTION('',(1.,0.,0.));
#13768=DIRECTION('',(1.,0.,0.));
#13769=DIRECTION('',(0.,0.,1.));
#13770=DIRECTION('',(-1.,0.,0.));
#13771=DIRECTION('',(0.,1.,0.));
#13772=DIRECTION('',(0.,0.,-1.));
#13773=DIRECTION('',(-1.,0.,0.));
#13774=DIRECTION('',(0.,0.,1.));
#13775=DIRECTION('',(1.,0.,0.));
#13776=DIRECTION('',(0.,0.,1.));
#13777=DIRECTION('',(1.,0.,0.));
#13778=DIRECTION('',(0.,-1.,0.));
#13779=DIRECTION('',(1.,0.,0.));
#13780=DIRECTION('',(0.,0.,-1.));
#13781=DIRECTION('',(0.,1.,0.));
#13782=DIRECTION('',(-1.,0.,-2.44921270764475E-16));
#13783=DIRECTION('',(0.,-1.,0.));
#13784=DIRECTION('',(-1.,0.,-2.44921270764475E-16));
#13785=DIRECTION('',(0.,1.,0.));
#13786=DIRECTION('',(-1.,0.,-2.44921270764475E-16));
#13787=DIRECTION('',(0.,1.,0.));
#13788=DIRECTION('',(-1.,0.,0.));
#13789=DIRECTION('',(0.,-1.,0.));
#13790=DIRECTION('',(-1.,0.,0.));
#13791=DIRECTION('',(0.,1.,0.));
#13792=DIRECTION('',(-1.,0.,0.));
#13793=DIRECTION('',(0.,1.,0.));
#13794=DIRECTION('',(-1.,0.,-2.44921270764551E-16));
#13795=DIRECTION('',(0.,-1.,0.));
#13796=DIRECTION('',(-1.,0.,-2.44921270764551E-16));
#13797=DIRECTION('',(0.,1.,0.));
#13798=DIRECTION('',(-1.,0.,-2.44921270764551E-16));
#13799=DIRECTION('',(0.,1.,0.));
#13800=DIRECTION('',(-1.,0.,-2.44921270764496E-16));
#13801=DIRECTION('',(0.,-1.,0.));
#13802=DIRECTION('',(-1.,0.,-2.44921270764496E-16));
#13803=DIRECTION('',(0.,1.,0.));
#13804=DIRECTION('',(-1.,0.,-2.44921270764496E-16));
#13805=DIRECTION('',(0.,1.,0.));
#13806=DIRECTION('',(-1.,0.,-2.44921270764496E-16));
#13807=DIRECTION('',(0.,-1.,0.));
#13808=DIRECTION('',(-1.,0.,-2.44921270764496E-16));
#13809=DIRECTION('',(0.,1.,0.));
#13810=DIRECTION('',(-1.,0.,-2.44921270764496E-16));
#13811=DIRECTION('',(0.,1.,0.));
#13812=DIRECTION('',(-1.,0.,0.));
#13813=DIRECTION('',(0.,1.,0.));
#13814=DIRECTION('',(-1.,0.,0.));
#13815=DIRECTION('',(0.,-1.,0.));
#13816=DIRECTION('',(-1.,0.,0.));
#13817=DIRECTION('',(0.,-1.,0.));
#13818=DIRECTION('',(0.,0.,-1.));
#13819=DIRECTION('',(0.,1.,0.));
#13820=DIRECTION('',(-1.,0.,0.));
#13821=DIRECTION('',(0.,1.,0.));
#13822=DIRECTION('',(-1.,0.,0.));
#13823=DIRECTION('',(0.,-1.,0.));
#13824=DIRECTION('',(-1.,0.,0.));
#13825=DIRECTION('',(0.,-1.,0.));
#13826=DIRECTION('',(0.,0.,-1.));
#13827=DIRECTION('',(0.,1.,0.));
#13828=DIRECTION('',(-1.,0.,0.));
#13829=DIRECTION('',(0.,1.,0.));
#13830=DIRECTION('',(-1.,0.,0.));
#13831=DIRECTION('',(0.,-1.,0.));
#13832=DIRECTION('',(-1.,0.,0.));
#13833=DIRECTION('',(0.,-1.,0.));
#13834=DIRECTION('',(0.,0.,-1.));
#13835=DIRECTION('',(0.,1.,0.));
#13836=DIRECTION('',(-1.,0.,0.));
#13837=DIRECTION('',(0.,1.,0.));
#13838=DIRECTION('',(-1.,0.,0.));
#13839=DIRECTION('',(0.,-1.,0.));
#13840=DIRECTION('',(-1.,0.,0.));
#13841=DIRECTION('',(0.,-1.,0.));
#13842=DIRECTION('',(0.,0.,-1.));
#13843=DIRECTION('',(0.,1.,0.));
#13844=DIRECTION('',(-1.,0.,0.));
#13845=DIRECTION('',(0.,1.,0.));
#13846=DIRECTION('',(-1.,0.,0.));
#13847=DIRECTION('',(0.,-1.,0.));
#13848=DIRECTION('',(-1.,0.,0.));
#13849=DIRECTION('',(0.,-1.,0.));
#13850=DIRECTION('',(0.,0.,-1.));
#13851=DIRECTION('',(0.,1.,0.));
#13852=DIRECTION('',(-1.,0.,0.));
#13853=DIRECTION('',(0.,1.,0.));
#13854=DIRECTION('',(-1.,0.,0.));
#13855=DIRECTION('',(0.,-1.,0.));
#13856=DIRECTION('',(-1.,0.,0.));
#13857=DIRECTION('',(0.,-1.,0.));
#13858=DIRECTION('',(0.,0.,-1.));
#13859=DIRECTION('',(0.,1.,0.));
#13860=DIRECTION('',(0.,0.,1.));
#13861=DIRECTION('',(0.,-1.,0.));
#13862=DIRECTION('',(0.,0.,-1.));
#13863=DIRECTION('',(0.,-1.,0.));
#13864=DIRECTION('',(0.,0.,-1.));
#13865=DIRECTION('',(0.,1.,0.));
#13866=DIRECTION('',(0.,0.,1.));
#13867=DIRECTION('',(0.,-1.,0.));
#13868=DIRECTION('',(0.,0.,-1.));
#13869=DIRECTION('',(0.,-1.,0.));
#13870=DIRECTION('',(0.,0.,-1.));
#13871=DIRECTION('',(0.,1.,0.));
#13872=DIRECTION('',(0.,0.,1.));
#13873=DIRECTION('',(0.,-1.,0.));
#13874=DIRECTION('',(0.,0.,-1.));
#13875=DIRECTION('',(0.,-1.,0.));
#13876=DIRECTION('',(0.,0.,-1.));
#13877=DIRECTION('',(0.,1.,0.));
#13878=DIRECTION('',(0.,0.,1.));
#13879=DIRECTION('',(0.,-1.,0.));
#13880=DIRECTION('',(0.,0.,-1.));
#13881=DIRECTION('',(0.,-1.,0.));
#13882=DIRECTION('',(0.,0.,-1.));
#13883=CARTESIAN_POINT('',(0.,0.,0.));
#13884=CARTESIAN_POINT('',(-73.,-8.,14.5));
#13885=CARTESIAN_POINT('',(-73.,-13.,12.2087121525221));
#13886=CARTESIAN_POINT('',(-73.,-13.,12.2087121525221));
#13887=CARTESIAN_POINT('',(-73.,-13.,16.7912878474779));
#13888=CARTESIAN_POINT('',(-73.,-8.00000000000009,14.5));
#13889=CARTESIAN_POINT('',(-73.,-12.4843134832984,11.3155169048168));
#13890=CARTESIAN_POINT('',(-73.,-8.51568651670156,9.02422905733885));
#13891=CARTESIAN_POINT('',(-73.,-8.5156865167015,9.02422905733881));
#13892=CARTESIAN_POINT('',(-73.,-8.00000000000009,14.5));
#13893=CARTESIAN_POINT('',(-73.,-7.48431348329854,9.02422905733881));
#13894=CARTESIAN_POINT('',(-73.,-3.51568651670156,11.3155169048168));
#13895=CARTESIAN_POINT('',(-73.,-3.51568651670155,11.3155169048168));
#13896=CARTESIAN_POINT('',(-73.,-8.00000000000009,14.5));
#13897=CARTESIAN_POINT('',(-73.,-3.,12.2087121525221));
#13898=CARTESIAN_POINT('',(-73.,-3.,16.7912878474779));
#13899=CARTESIAN_POINT('',(-73.,-3.,16.7912878474779));
#13900=CARTESIAN_POINT('',(-73.,-8.00000000000009,14.5));
#13901=CARTESIAN_POINT('',(-73.,-3.51568651670159,17.6844830951833));
#13902=CARTESIAN_POINT('',(-73.,-7.48431348329844,19.9757709426612));
#13903=CARTESIAN_POINT('',(-73.,-7.48431348329842,19.9757709426612));
#13904=CARTESIAN_POINT('',(-73.,-8.00000000000009,14.5));
#13905=CARTESIAN_POINT('',(-73.,-8.51568651670143,19.9757709426612));
#13906=CARTESIAN_POINT('',(-73.,-12.4843134832984,17.6844830951832));
#13907=CARTESIAN_POINT('',(-73.,-12.4843134832985,17.6844830951832));
#13908=CARTESIAN_POINT('',(-73.,-8.00000000000009,14.5));
#13909=CARTESIAN_POINT('',(-75.,-8.,14.5));
#13910=CARTESIAN_POINT('',(-75.,-8.00000000000009,14.5));
#13911=CARTESIAN_POINT('',(-75.,-13.,12.2087121525221));
#13912=CARTESIAN_POINT('',(-75.,-12.4843134832984,11.3155169048168));
#13913=CARTESIAN_POINT('',(-75.,-13.,12.2087121525221));
#13914=CARTESIAN_POINT('',(-75.,-13.,16.7912878474779));
#13915=CARTESIAN_POINT('',(-75.,-8.00000000000009,14.5));
#13916=CARTESIAN_POINT('',(-75.,-12.4843134832985,17.6844830951832));
#13917=CARTESIAN_POINT('',(-75.,-12.4843134832984,17.6844830951832));
#13918=CARTESIAN_POINT('',(-75.,-8.51568651670143,19.9757709426612));
#13919=CARTESIAN_POINT('',(-75.,-8.00000000000009,14.5));
#13920=CARTESIAN_POINT('',(-75.,-7.48431348329842,19.9757709426612));
#13921=CARTESIAN_POINT('',(-75.,-7.48431348329844,19.9757709426612));
#13922=CARTESIAN_POINT('',(-75.,-3.51568651670159,17.6844830951833));
#13923=CARTESIAN_POINT('',(-75.,-8.00000000000009,14.5));
#13924=CARTESIAN_POINT('',(-75.,-3.,16.7912878474779));
#13925=CARTESIAN_POINT('',(-75.,-3.,16.7912878474779));
#13926=CARTESIAN_POINT('',(-75.,-3.,12.2087121525221));
#13927=CARTESIAN_POINT('',(-75.,-8.00000000000009,14.5));
#13928=CARTESIAN_POINT('',(-75.,-3.51568651670155,11.3155169048168));
#13929=CARTESIAN_POINT('',(-75.,-3.51568651670156,11.3155169048168));
#13930=CARTESIAN_POINT('',(-75.,-7.48431348329854,9.02422905733881));
#13931=CARTESIAN_POINT('',(-75.,-8.00000000000009,14.5));
#13932=CARTESIAN_POINT('',(-75.,-8.5156865167015,9.02422905733881));
#13933=CARTESIAN_POINT('',(-75.,-8.51568651670156,9.02422905733885));
#13934=CARTESIAN_POINT('',(-75.,-8.,14.5));
#13935=CARTESIAN_POINT('',(-75.,-8.,11.1));
#13936=CARTESIAN_POINT('',(-73.,-13.,16.7912878474779));
#13937=CARTESIAN_POINT('',(-73.,-13.,12.2087121525221));
#13938=CARTESIAN_POINT('',(-73.,-13.,16.7912878474778));
#13939=CARTESIAN_POINT('',(-73.,-8.00000000000009,14.5));
#13940=CARTESIAN_POINT('',(-73.,-12.4843134832982,17.6844830951835));
#13941=CARTESIAN_POINT('',(-73.,-8.51568651670156,19.9757709426612));
#13942=CARTESIAN_POINT('',(-73.,-8.51568651670207,19.9757709426609));
#13943=CARTESIAN_POINT('',(-73.,-8.00000000000009,14.5));
#13944=CARTESIAN_POINT('',(-73.,-7.48431348329806,19.9757709426609));
#13945=CARTESIAN_POINT('',(-73.,-3.51568651670156,17.6844830951832));
#13946=CARTESIAN_POINT('',(-73.,-3.51568651670202,17.6844830951835));
#13947=CARTESIAN_POINT('',(-73.,-8.00000000000009,14.5));
#13948=CARTESIAN_POINT('',(-73.,-3.,16.7912878474773));
#13949=CARTESIAN_POINT('',(-73.,-3.,12.2087121525221));
#13950=CARTESIAN_POINT('',(-73.,-3.,12.2087121525224));
#13951=CARTESIAN_POINT('',(-73.,-8.00000000000009,14.5));
#13952=CARTESIAN_POINT('',(-73.,-3.51568651670182,11.3155169048166));
#13953=CARTESIAN_POINT('',(-73.,-7.48431348329844,9.02422905733885));
#13954=CARTESIAN_POINT('',(-73.,-7.48431348329841,9.02422905733887));
#13955=CARTESIAN_POINT('',(-73.,-8.00000000000009,14.5));
#13956=CARTESIAN_POINT('',(-73.,-8.51568651670144,9.02422905733884));
#13957=CARTESIAN_POINT('',(-73.,-12.4843134832984,11.3155169048168));
#13958=CARTESIAN_POINT('',(-73.,-12.4843134832984,11.3155169048168));
#13959=CARTESIAN_POINT('',(-73.,-8.00000000000009,14.5));
#13960=CARTESIAN_POINT('',(-81.5,-8.,12.9181985117133));
#13961=CARTESIAN_POINT('',(-81.5,-8.,14.5));
#13962=CARTESIAN_POINT('',(-81.5,-8.,11.3363970234266));
#13963=CARTESIAN_POINT('',(-81.5,-8.,14.5));
#13964=CARTESIAN_POINT('',(-81.5,-5.1,14.5));
#13965=CARTESIAN_POINT('',(-80.,-8.,11.1));
#13966=CARTESIAN_POINT('',(-80.,-8.,14.5));
#13967=CARTESIAN_POINT('',(-80.,-8.,11.3));
#13968=CARTESIAN_POINT('',(-80.,-8.,14.5));
#13969=CARTESIAN_POINT('',(-80.,-8.,10.9));
#13970=CARTESIAN_POINT('',(-76.5,-8.,14.5));
#13971=CARTESIAN_POINT('',(-76.5,-8.,14.5));
#13972=CARTESIAN_POINT('',(-76.5,-5.1,14.5));
#13973=CARTESIAN_POINT('',(-76.5,-7.5865439662745,13.0581074560925));
#13974=CARTESIAN_POINT('',(-76.5,-7.0865439662745,13.0581074560925));
#13975=CARTESIAN_POINT('',(-76.5,-7.5038527595294,16.230271052689));
#13976=CARTESIAN_POINT('',(-76.5,-7.0038527595294,16.230271052689));
#13977=CARTESIAN_POINT('',(-76.5,-9.43754391808513,13.4167329583263));
#13978=CARTESIAN_POINT('',(-76.5,-8.93754391808513,13.4167329583263));
#13979=CARTESIAN_POINT('',(-76.5,-9.43754391808513,15.5832670416737));
#13980=CARTESIAN_POINT('',(-76.5,-8.93754391808513,15.5832670416737));
#13981=CARTESIAN_POINT('',(-81.2,-8.,14.5));
#13982=CARTESIAN_POINT('',(-81.2,-7.5865439662745,13.0581074560925));
#13983=CARTESIAN_POINT('',(-81.2,-7.0865439662745,13.0581074560925));
#13984=CARTESIAN_POINT('',(-81.2,-8.,14.5));
#13985=CARTESIAN_POINT('',(-81.2,-7.5038527595294,16.230271052689));
#13986=CARTESIAN_POINT('',(-81.2,-7.0038527595294,16.230271052689));
#13987=CARTESIAN_POINT('',(-81.2,-8.,14.5));
#13988=CARTESIAN_POINT('',(-81.2,-9.43754391808513,13.4167329583263));
#13989=CARTESIAN_POINT('',(-81.2,-8.93754391808513,13.4167329583263));
#13990=CARTESIAN_POINT('',(-81.2,-8.,14.5));
#13991=CARTESIAN_POINT('',(-81.2,-9.43754391808513,15.5832670416737));
#13992=CARTESIAN_POINT('',(-81.2,-8.93754391808513,15.5832670416737));
#13993=CARTESIAN_POINT('',(-81.2,-9.43754391808513,15.5832670416737));
#13994=CARTESIAN_POINT('',(-81.2,-9.43754391808513,13.4167329583263));
#13995=CARTESIAN_POINT('',(-81.2,-7.5038527595294,16.230271052689));
#13996=CARTESIAN_POINT('',(-81.2,-7.5865439662745,13.0581074560925));
#13997=CARTESIAN_POINT('',(-81.5,-8.,14.5));
#13998=CARTESIAN_POINT('',(-75.5,-8.,14.5));
#13999=CARTESIAN_POINT('',(-76.,-8.,14.5));
#14000=CARTESIAN_POINT('',(-76.,-8.,11.1));
#14001=CARTESIAN_POINT('',(-76.3,-8.,14.5));
#14002=CARTESIAN_POINT('',(-76.6,-8.,14.5));
#14003=CARTESIAN_POINT('',(-76.6,-8.,10.5));
#14004=CARTESIAN_POINT('',(-77.65,-8.,14.5));
#14005=CARTESIAN_POINT('',(-78.7,-8.,14.5));
#14006=CARTESIAN_POINT('',(-78.7,-8.,10.5));
#14007=CARTESIAN_POINT('',(-79.1,-8.,14.5));
#14008=CARTESIAN_POINT('',(-79.5,-8.,14.5));
#14009=CARTESIAN_POINT('',(-79.5,-8.,11.3));
#14010=CARTESIAN_POINT('',(-79.75,-8.,14.5));
#14011=CARTESIAN_POINT('',(-80.1505045161091,-8.,14.5));
#14012=CARTESIAN_POINT('',(-80.3010090322182,-8.,14.5));
#14013=CARTESIAN_POINT('',(-80.3010090322182,-8.,10.9));
#14014=CARTESIAN_POINT('',(-80.9005045161091,-8.,14.5));
#14015=CARTESIAN_POINT('',(0.,0.,0.));
#14016=CARTESIAN_POINT('',(-7.,0.,0.));
#14017=CARTESIAN_POINT('',(51.1929103906195,9.45708100269397E-15,26.8179926660096));
#14018=CARTESIAN_POINT('',(51.1345857297172,9.45708100269397E-15,26.9007994358123));
#14019=CARTESIAN_POINT('',(51.0760883196921,-1.52059354691092E-14,26.9834806216386));
#14020=CARTESIAN_POINT('',(51.0174198525583,-1.52059354691092E-14,27.0660374535374));
#14021=CARTESIAN_POINT('',(51.1929103664604,4.72854050134699E-15,26.8179859162157));
#14022=CARTESIAN_POINT('',(51.017421919824,-5.904198540122E-7,27.066038922626));
#14023=CARTESIAN_POINT('',(51.0174238851688,0.,0.));
#14024=CARTESIAN_POINT('',(51.0174238851688,0.,25.6));
#14025=CARTESIAN_POINT('',(-7.,0.,25.6));
#14026=CARTESIAN_POINT('',(3.51639750674775,0.,25.6));
#14027=CARTESIAN_POINT('',(3.51639750674775,0.,33.6));
#14028=CARTESIAN_POINT('',(3.51639750674775,0.,33.6));
#14029=CARTESIAN_POINT('',(1.75819875337387,-1.42547560777119E-15,33.6));
#14030=CARTESIAN_POINT('',(-3.51639750674775,0.,33.6));
#14031=CARTESIAN_POINT('',(-3.51639750674775,0.,33.6));
#14032=CARTESIAN_POINT('',(-3.51639750674775,0.,25.6));
#14033=CARTESIAN_POINT('',(-7.,0.,25.6));
#14034=CARTESIAN_POINT('',(-53.2174238851688,0.,25.6));
#14035=CARTESIAN_POINT('',(-53.2174238851688,0.,33.6));
#14036=CARTESIAN_POINT('',(-53.2174238851688,0.,27.));
#14037=CARTESIAN_POINT('',(-42.1124903697939,0.,27.));
#14038=CARTESIAN_POINT('',(-64.,0.,27.));
#14039=CARTESIAN_POINT('',(-64.,0.,23.));
#14040=CARTESIAN_POINT('',(-68.,0.,23.));
#14041=CARTESIAN_POINT('',(-68.,0.,0.));
#14042=CARTESIAN_POINT('',(-68.,0.,-23.));
#14043=CARTESIAN_POINT('',(-64.,0.,-23.));
#14044=CARTESIAN_POINT('',(-64.,0.,-27.));
#14045=CARTESIAN_POINT('',(-42.1124903697939,0.,-27.));
#14046=CARTESIAN_POINT('',(50.,0.,-27.));
#14047=CARTESIAN_POINT('',(50.,0.,-23.));
#14048=CARTESIAN_POINT('',(54.,0.,-23.));
#14049=CARTESIAN_POINT('',(54.,0.,0.));
#14050=CARTESIAN_POINT('',(54.,0.,23.));
#14051=CARTESIAN_POINT('',(50.,0.,23.));
#14052=CARTESIAN_POINT('',(-17.6776695296637,0.,-17.6776695296637));
#14053=CARTESIAN_POINT('',(-17.6776695296637,0.,-12.0526695296637));
#14054=CARTESIAN_POINT('',(17.6776695296637,0.,17.6776695296637));
#14055=CARTESIAN_POINT('',(17.6776695296637,0.,23.3026695296637));
#14056=CARTESIAN_POINT('',(-17.6776695296637,0.,17.6776695296637));
#14057=CARTESIAN_POINT('',(-17.6776695296637,0.,23.3026695296637));
#14058=CARTESIAN_POINT('',(17.6776695296637,0.,-17.6776695296637));
#14059=CARTESIAN_POINT('',(17.6776695296637,0.,-12.0526695296637));
#14060=CARTESIAN_POINT('',(48.,0.,-21.));
#14061=CARTESIAN_POINT('',(48.,0.,-22.7));
#14062=CARTESIAN_POINT('',(-62.,0.,21.));
#14063=CARTESIAN_POINT('',(-62.,0.,19.3));
#14064=CARTESIAN_POINT('',(-62.,0.,-21.));
#14065=CARTESIAN_POINT('',(-62.,0.,-22.7));
#14066=CARTESIAN_POINT('',(48.,0.,21.));
#14067=CARTESIAN_POINT('',(48.,0.,19.3));
#14068=CARTESIAN_POINT('',(-10.65,-7.65,41.15));
#14069=CARTESIAN_POINT('',(-10.65,-15.55,41.2760907637269));
#14070=CARTESIAN_POINT('',(-10.65,-17.7,40.0347876849693));
#14071=CARTESIAN_POINT('',(-10.65,-13.4,42.5173938424846));
#14072=CARTESIAN_POINT('',(-10.65,-19.85,41.2760907637269));
#14073=CARTESIAN_POINT('',(-10.65,-22.,42.5173938424846));
#14074=CARTESIAN_POINT('',(-10.65,-22.,45.));
#14075=CARTESIAN_POINT('',(-10.65,-22.,47.4826061575154));
#14076=CARTESIAN_POINT('',(-10.65,-19.85,48.7239092362731));
#14077=CARTESIAN_POINT('',(-10.65,-17.7,49.9652123150308));
#14078=CARTESIAN_POINT('',(-10.65,-15.55,48.7239092362731));
#14079=CARTESIAN_POINT('',(-10.65,-13.4,47.4826061575154));
#14080=CARTESIAN_POINT('',(-10.65,-13.4,45.));
#14081=CARTESIAN_POINT('',(-10.65,-7.65,25.6));
#14082=CARTESIAN_POINT('',(-10.65,-6.01460531736367,25.6));
#14083=CARTESIAN_POINT('',(-10.65,-21.3,25.6));
#14084=CARTESIAN_POINT('',(-10.65,-6.01460531736367,41.15));
#14085=CARTESIAN_POINT('',(-10.65,-6.01460531736367,39.6));
#14086=CARTESIAN_POINT('',(-10.65,10.,39.6));
#14087=CARTESIAN_POINT('',(-10.65,0.42857142857142,39.6));
#14088=CARTESIAN_POINT('',(-10.65,-0.0500000000000066,39.8));
#14089=CARTESIAN_POINT('',(-10.65,-10.1,44.));
#14090=CARTESIAN_POINT('',(-10.65,-10.1,50.35));
#14091=CARTESIAN_POINT('',(-10.65,-10.1,56.7));
#14092=CARTESIAN_POINT('',(-10.65,-17.7,56.7));
#14093=CARTESIAN_POINT('',(-10.65,-25.3,56.7));
#14094=CARTESIAN_POINT('',(-10.65,-25.3,41.15));
#14095=CARTESIAN_POINT('',(-10.65,-25.3,29.6));
#14096=CARTESIAN_POINT('',(-10.65,-21.3,29.6));
#14097=CARTESIAN_POINT('',(-28.65,-7.65,41.15));
#14098=CARTESIAN_POINT('',(-28.65,-17.7,45.));
#14099=CARTESIAN_POINT('',(-28.65,-17.7,42.31));
#14100=CARTESIAN_POINT('',(-28.65,-0.0500000000000066,39.8));
#14101=CARTESIAN_POINT('',(-28.65,-10.1,44.));
#14102=CARTESIAN_POINT('',(-28.65,0.42857142857142,39.6));
#14103=CARTESIAN_POINT('',(-28.65,-7.65,39.6));
#14104=CARTESIAN_POINT('',(-28.65,-6.77614055048781,39.6));
#14105=CARTESIAN_POINT('',(-28.65,-6.77614055048781,33.6));
#14106=CARTESIAN_POINT('',(-28.65,-6.77614055048781,25.6));
#14107=CARTESIAN_POINT('',(-28.65,-7.65,25.6));
#14108=CARTESIAN_POINT('',(-28.65,-21.3,25.6));
#14109=CARTESIAN_POINT('',(-28.65,-21.3,29.6));
#14110=CARTESIAN_POINT('',(-28.65,-25.3,29.6));
#14111=CARTESIAN_POINT('',(-28.65,-25.3,41.15));
#14112=CARTESIAN_POINT('',(-28.65,-25.3,56.7));
#14113=CARTESIAN_POINT('',(-28.65,-17.7,56.7));
#14114=CARTESIAN_POINT('',(-28.65,-10.1,56.7));
#14115=CARTESIAN_POINT('',(-28.65,-10.1,50.35));
#14116=CARTESIAN_POINT('',(40.3542852206688,-38.468626910316,33.6));
#14117=CARTESIAN_POINT('',(20.9376441307189,10.,33.6));
#14118=CARTESIAN_POINT('',(41.8752882614378,10.,33.6));
#14119=CARTESIAN_POINT('',(-4.65,10.,33.6));
#14120=CARTESIAN_POINT('',(-4.65,-0.511499159216132,33.6));
#14121=CARTESIAN_POINT('',(-4.65,-0.012852197916989,33.6));
#14122=CARTESIAN_POINT('',(-3.51639750674775,-50.,33.6));
#14123=CARTESIAN_POINT('',(3.51639750674775,-50.,33.6));
#14124=CARTESIAN_POINT('',(49.7103741323121,-30.8658283817455,33.6));
#14125=CARTESIAN_POINT('',(60.1811279531822,-56.14446426436,33.6));
#14126=CARTESIAN_POINT('',(50.1606222107418,-31.9528233991229,33.6));
#14127=CARTESIAN_POINT('',(39.4867055997428,-36.3741044230381,33.6));
#14128=CARTESIAN_POINT('',(57.9212102838366,-28.7382825672561,33.6));
#14129=CARTESIAN_POINT('',(61.2919293513877,-36.8759182550877,33.6));
#14130=CARTESIAN_POINT('',(43.9023950854255,5.1061312131499,33.6));
#14131=CARTESIAN_POINT('',(61.2919293513877,-36.8759182550877,33.6));
#14132=CARTESIAN_POINT('',(35.1124903697939,10.,27.));
#14133=CARTESIAN_POINT('',(35.1124903697939,10.,27.));
#14134=CARTESIAN_POINT('',(50.,10.,27.));
#14135=CARTESIAN_POINT('',(49.0190767833676,10.,27.));
#14136=CARTESIAN_POINT('',(46.9825043546781,14.9167207780973,27.));
#14137=CARTESIAN_POINT('',(50.,7.63184186675948,27.));
#14138=CARTESIAN_POINT('',(50.,10.,27.));
#14139=CARTESIAN_POINT('',(-10.65,-17.7,56.7));
#14140=CARTESIAN_POINT('',(-14.65,217.721872150827,56.7));
#14141=CARTESIAN_POINT('',(-14.65,-10.1,56.7));
#14142=CARTESIAN_POINT('',(-14.65,-14.35,56.7));
#14143=CARTESIAN_POINT('',(-14.35,-14.35,56.7));
#14144=CARTESIAN_POINT('',(-14.05,-14.35,56.7));
#14145=CARTESIAN_POINT('',(-14.05,-17.7,56.7));
#14146=CARTESIAN_POINT('',(-14.05,-21.05,56.7));
#14147=CARTESIAN_POINT('',(-14.35,-21.05,56.7));
#14148=CARTESIAN_POINT('',(-14.65,-21.05,56.7));
#14149=CARTESIAN_POINT('',(-14.65,217.721872150827,56.7));
#14150=CARTESIAN_POINT('',(-14.65,-25.3,56.7));
#14151=CARTESIAN_POINT('',(-10.65,-25.3,56.7));
#14152=CARTESIAN_POINT('',(-10.65,-10.1,56.7));
#14153=CARTESIAN_POINT('',(-24.65,217.721872150827,47.2));
#14154=CARTESIAN_POINT('',(-24.65,-17.7,45.));
#14155=CARTESIAN_POINT('',(-24.65,-17.7,42.31));
#14156=CARTESIAN_POINT('',(-24.65,217.721872150827,54.2));
#14157=CARTESIAN_POINT('',(-24.65,-14.35,54.2));
#14158=CARTESIAN_POINT('',(-24.65,-21.05,54.2));
#14159=CARTESIAN_POINT('',(-24.65,-21.05,54.2));
#14160=CARTESIAN_POINT('',(-24.65,-21.05,56.7));
#14161=CARTESIAN_POINT('',(-24.65,217.721872150827,56.7));
#14162=CARTESIAN_POINT('',(-24.65,-25.3,56.7));
#14163=CARTESIAN_POINT('',(-24.65,-25.3,47.2));
#14164=CARTESIAN_POINT('',(-24.65,-25.3,37.7));
#14165=CARTESIAN_POINT('',(-24.65,217.721872150827,37.7));
#14166=CARTESIAN_POINT('',(-24.65,4.975,37.7));
#14167=CARTESIAN_POINT('',(-24.65,-0.0500000000000048,39.8));
#14168=CARTESIAN_POINT('',(-24.65,-10.1,44.));
#14169=CARTESIAN_POINT('',(-24.65,-10.1,50.35));
#14170=CARTESIAN_POINT('',(-24.65,-10.1,56.7));
#14171=CARTESIAN_POINT('',(-24.65,217.721872150827,56.7));
#14172=CARTESIAN_POINT('',(-24.65,-14.35,56.7));
#14173=CARTESIAN_POINT('',(-24.65,-14.35,54.2));
#14174=CARTESIAN_POINT('',(-10.65,-17.7,45.));
#14175=CARTESIAN_POINT('',(-14.65,-17.7,45.));
#14176=CARTESIAN_POINT('',(-14.65,-17.7,42.31));
#14177=CARTESIAN_POINT('',(-12.65,-17.7,45.));
#14178=CARTESIAN_POINT('',(-12.65,-17.7,42.31));
#14179=CARTESIAN_POINT('',(-10.65,-0.0500000000000066,39.8));
#14180=CARTESIAN_POINT('',(-10.65,-10.1,44.));
#14181=CARTESIAN_POINT('',(-10.65,4.975,37.7));
#14182=CARTESIAN_POINT('',(-21.25,4.97500000000039,37.7));
#14183=CARTESIAN_POINT('',(-21.25,-0.0500000000000066,39.8));
#14184=CARTESIAN_POINT('',(-21.25,-10.1,44.));
#14185=CARTESIAN_POINT('',(-10.65,-10.1,44.));
#14186=CARTESIAN_POINT('',(-18.05,-10.1,44.));
#14187=CARTESIAN_POINT('',(-18.05,-0.0500000000000066,39.8));
#14188=CARTESIAN_POINT('',(-18.05,4.975,37.7));
#14189=CARTESIAN_POINT('',(-10.65,4.975,37.7));
#14190=CARTESIAN_POINT('',(-14.65,4.97500000000039,37.7));
#14191=CARTESIAN_POINT('',(-14.65,-0.0500000000000069,39.8));
#14192=CARTESIAN_POINT('',(-14.65,-10.1,44.));
#14193=CARTESIAN_POINT('',(-10.65,-10.1,44.));
#14194=CARTESIAN_POINT('',(-21.1441628006856,-24.682460987355,50.0941628006856));
#14195=CARTESIAN_POINT('',(-6.65,10.,35.6));
#14196=CARTESIAN_POINT('',(-10.65,10.,35.6));
#14197=CARTESIAN_POINT('',(-32.65,10.,35.6));
#14198=CARTESIAN_POINT('',(-26.1478702327885,-5.55866765725608,42.1021297672115));
#14199=CARTESIAN_POINT('',(-10.65,-10.1,50.35));
#14200=CARTESIAN_POINT('',(-10.65,-10.1,56.7));
#14201=CARTESIAN_POINT('',(-10.65,-10.1,50.35));
#14202=CARTESIAN_POINT('',(-21.25,-10.1,50.35));
#14203=CARTESIAN_POINT('',(-21.25,-10.1,53.2));
#14204=CARTESIAN_POINT('',(-10.65,-10.1,53.2));
#14205=CARTESIAN_POINT('',(-18.05,-10.1,53.2));
#14206=CARTESIAN_POINT('',(-18.05,-10.1,50.35));
#14207=CARTESIAN_POINT('',(-10.65,-25.3,41.15));
#14208=CARTESIAN_POINT('',(-10.65,-25.3,29.6));
#14209=CARTESIAN_POINT('',(-14.65,-25.3,47.2));
#14210=CARTESIAN_POINT('',(-14.65,-25.3,37.7));
#14211=CARTESIAN_POINT('',(-16.35,-25.3,37.7));
#14212=CARTESIAN_POINT('',(-18.05,-25.3,37.7));
#14213=CARTESIAN_POINT('',(-18.05,-25.3,45.45));
#14214=CARTESIAN_POINT('',(-18.05,-25.3,53.2));
#14215=CARTESIAN_POINT('',(-20.45,-25.3,53.2));
#14216=CARTESIAN_POINT('',(-21.25,-25.3,53.2));
#14217=CARTESIAN_POINT('',(-21.25,-25.3,45.45));
#14218=CARTESIAN_POINT('',(-21.25,-25.3,37.7));
#14219=CARTESIAN_POINT('',(-22.95,-25.3,37.7));
#14220=CARTESIAN_POINT('',(-10.65,-25.3,56.7));
#14221=CARTESIAN_POINT('',(-10.65,-17.7,45.));
#14222=CARTESIAN_POINT('',(-42.1124903697939,10.,27.));
#14223=CARTESIAN_POINT('',(-48.7727445981974,-6.65193263408126,27.));
#14224=CARTESIAN_POINT('',(-53.1827236084648,-0.0519326340812781,27.));
#14225=CARTESIAN_POINT('',(-47.9728931760123,12.5257106536096,27.));
#14226=CARTESIAN_POINT('',(-49.0190767833676,10.,27.));
#14227=CARTESIAN_POINT('',(-42.1124903697939,10.,27.));
#14228=CARTESIAN_POINT('',(-64.,10.,27.));
#14229=CARTESIAN_POINT('',(-64.,10.,27.));
#14230=CARTESIAN_POINT('',(54.,10.,0.));
#14231=CARTESIAN_POINT('',(54.,10.,-23.));
#14232=CARTESIAN_POINT('',(54.,10.,-23.));
#14233=CARTESIAN_POINT('',(54.,10.,0.));
#14234=CARTESIAN_POINT('',(54.,10.,23.));
#14235=CARTESIAN_POINT('',(54.,0.,23.));
#14236=CARTESIAN_POINT('',(-68.,10.,0.));
#14237=CARTESIAN_POINT('',(-68.,10.,0.));
#14238=CARTESIAN_POINT('',(-68.,10.,23.));
#14239=CARTESIAN_POINT('',(-68.,10.,-23.));
#14240=CARTESIAN_POINT('',(-68.,0.,-23.));
#14241=CARTESIAN_POINT('',(-68.,10.,23.));
#14242=CARTESIAN_POINT('',(-42.1124903697939,10.,-27.));
#14243=CARTESIAN_POINT('',(-42.1124903697939,10.,-27.));
#14244=CARTESIAN_POINT('',(50.,10.,-27.));
#14245=CARTESIAN_POINT('',(-64.,10.,-27.));
#14246=CARTESIAN_POINT('',(50.,10.,-27.));
#14247=CARTESIAN_POINT('',(-64.,10.,-27.));
#14248=CARTESIAN_POINT('',(-7.,10.,0.));
#14249=CARTESIAN_POINT('',(0.,10.,25.));
#14250=CARTESIAN_POINT('',(0.,10.,28.));
#14251=CARTESIAN_POINT('',(-39.8074028751789,10.,35.5104769839438));
#14252=CARTESIAN_POINT('',(-41.8752882614378,10.,33.6));
#14253=CARTESIAN_POINT('',(-20.9376441307189,10.,33.6));
#14254=CARTESIAN_POINT('',(-34.65,10.,33.6));
#14255=CARTESIAN_POINT('',(-37.625,10.,30.625));
#14256=CARTESIAN_POINT('',(10.975,10.,17.975));
#14257=CARTESIAN_POINT('',(32.254342860264,10.,42.4885945395531));
#14258=CARTESIAN_POINT('',(50.,10.,23.));
#14259=CARTESIAN_POINT('',(50.,10.,-23.));
#14260=CARTESIAN_POINT('',(-64.,10.,-23.));
#14261=CARTESIAN_POINT('',(-64.,10.,23.));
#14262=CARTESIAN_POINT('',(-17.6776695296637,10.,-17.6776695296637));
#14263=CARTESIAN_POINT('',(-17.6776695296637,10.,-20.9776695296637));
#14264=CARTESIAN_POINT('',(17.6776695296637,10.,17.6776695296637));
#14265=CARTESIAN_POINT('',(17.6776695296637,10.,14.3776695296637));
#14266=CARTESIAN_POINT('',(-17.6776695296637,10.,17.6776695296637));
#14267=CARTESIAN_POINT('',(-17.6776695296637,10.,14.3776695296637));
#14268=CARTESIAN_POINT('',(17.6776695296637,10.,-17.6776695296637));
#14269=CARTESIAN_POINT('',(17.6776695296637,10.,-20.9776695296637));
#14270=CARTESIAN_POINT('',(48.,10.,-21.));
#14271=CARTESIAN_POINT('',(48.,10.,-24.25));
#14272=CARTESIAN_POINT('',(-62.,10.,21.));
#14273=CARTESIAN_POINT('',(-62.,10.,17.75));
#14274=CARTESIAN_POINT('',(-62.,10.,-21.));
#14275=CARTESIAN_POINT('',(-62.,10.,-24.25));
#14276=CARTESIAN_POINT('',(48.,10.,21.));
#14277=CARTESIAN_POINT('',(48.,10.,17.75));
#14278=CARTESIAN_POINT('',(48.,10.,21.));
#14279=CARTESIAN_POINT('',(48.,7.,21.));
#14280=CARTESIAN_POINT('',(48.,7.,19.3));
#14281=CARTESIAN_POINT('',(51.25,7.,21.));
#14282=CARTESIAN_POINT('',(48.,7.,21.));
#14283=CARTESIAN_POINT('',(48.,7.,17.75));
#14284=CARTESIAN_POINT('',(48.,10.,21.));
#14285=CARTESIAN_POINT('',(-62.,10.,-21.));
#14286=CARTESIAN_POINT('',(-62.,7.,-21.));
#14287=CARTESIAN_POINT('',(-62.,7.,-22.7));
#14288=CARTESIAN_POINT('',(-58.75,7.,-21.));
#14289=CARTESIAN_POINT('',(-62.,7.,-21.));
#14290=CARTESIAN_POINT('',(-62.,7.,-24.25));
#14291=CARTESIAN_POINT('',(-62.,10.,-21.));
#14292=CARTESIAN_POINT('',(-62.,10.,21.));
#14293=CARTESIAN_POINT('',(-62.,7.,21.));
#14294=CARTESIAN_POINT('',(-62.,7.,19.3));
#14295=CARTESIAN_POINT('',(-58.75,7.,21.));
#14296=CARTESIAN_POINT('',(-62.,7.,21.));
#14297=CARTESIAN_POINT('',(-62.,7.,17.75));
#14298=CARTESIAN_POINT('',(-62.,10.,21.));
#14299=CARTESIAN_POINT('',(48.,10.,-21.));
#14300=CARTESIAN_POINT('',(48.,7.,-21.));
#14301=CARTESIAN_POINT('',(48.,7.,-22.7));
#14302=CARTESIAN_POINT('',(51.25,7.,-21.));
#14303=CARTESIAN_POINT('',(48.,7.,-21.));
#14304=CARTESIAN_POINT('',(48.,7.,-24.25));
#14305=CARTESIAN_POINT('',(48.,10.,-21.));
#14306=CARTESIAN_POINT('',(17.6776695296637,0.,-17.6776695296637));
#14307=CARTESIAN_POINT('',(17.6776695296637,6.,-17.6776695296637));
#14308=CARTESIAN_POINT('',(17.6776695296637,6.,-14.3776695296637));
#14309=CARTESIAN_POINT('',(23.3026695296637,6.,-17.6776695296637));
#14310=CARTESIAN_POINT('',(17.6776695296637,6.,-17.6776695296637));
#14311=CARTESIAN_POINT('',(17.6776695296637,6.,-12.0526695296637));
#14312=CARTESIAN_POINT('',(17.6776695296637,0.,-17.6776695296637));
#14313=CARTESIAN_POINT('',(-17.6776695296637,0.,17.6776695296637));
#14314=CARTESIAN_POINT('',(-17.6776695296637,6.,17.6776695296637));
#14315=CARTESIAN_POINT('',(-17.6776695296637,6.,20.9776695296637));
#14316=CARTESIAN_POINT('',(-12.0526695296637,6.,17.6776695296637));
#14317=CARTESIAN_POINT('',(-17.6776695296637,6.,17.6776695296637));
#14318=CARTESIAN_POINT('',(-17.6776695296637,6.,23.3026695296637));
#14319=CARTESIAN_POINT('',(-17.6776695296637,0.,17.6776695296637));
#14320=CARTESIAN_POINT('',(17.6776695296637,0.,17.6776695296637));
#14321=CARTESIAN_POINT('',(17.6776695296637,6.,17.6776695296637));
#14322=CARTESIAN_POINT('',(17.6776695296637,6.,20.9776695296637));
#14323=CARTESIAN_POINT('',(23.3026695296637,6.,17.6776695296637));
#14324=CARTESIAN_POINT('',(17.6776695296637,6.,17.6776695296637));
#14325=CARTESIAN_POINT('',(17.6776695296637,6.,23.3026695296637));
#14326=CARTESIAN_POINT('',(17.6776695296637,0.,17.6776695296637));
#14327=CARTESIAN_POINT('',(-17.6776695296637,0.,-17.6776695296637));
#14328=CARTESIAN_POINT('',(-17.6776695296637,6.,-17.6776695296637));
#14329=CARTESIAN_POINT('',(-17.6776695296637,6.,-14.3776695296637));
#14330=CARTESIAN_POINT('',(-12.0526695296637,6.,-17.6776695296637));
#14331=CARTESIAN_POINT('',(-17.6776695296637,6.,-17.6776695296637));
#14332=CARTESIAN_POINT('',(-17.6776695296637,6.,-12.0526695296637));
#14333=CARTESIAN_POINT('',(-17.6776695296637,0.,-17.6776695296637));
#14334=CARTESIAN_POINT('',(-10.65,-7.65,25.6));
#14335=CARTESIAN_POINT('',(-60.1811279531822,-56.14446426436,25.6));
#14336=CARTESIAN_POINT('',(-49.7103741323121,-30.8658283817455,25.6));
#14337=CARTESIAN_POINT('',(-69.8865149093221,-79.5753410819519,25.6));
#14338=CARTESIAN_POINT('',(-77.6471029824169,-76.3608002500852,25.6));
#14339=CARTESIAN_POINT('',(-77.6471029824169,-76.3608002500852,25.6));
#14340=CARTESIAN_POINT('',(-61.2919293513877,-36.8759182550877,25.6));
#14341=CARTESIAN_POINT('',(-48.7727445981974,-6.65193263408126,25.6));
#14342=CARTESIAN_POINT('',(-48.7727445981974,-6.65193263408126,25.6));
#14343=CARTESIAN_POINT('',(-3.51639750674775,-50.,25.6));
#14344=CARTESIAN_POINT('',(-4.80458215817076,-0.0165969515496245,25.6));
#14345=CARTESIAN_POINT('',(-10.65,-6.01460531736367,25.6));
#14346=CARTESIAN_POINT('',(-10.65,-21.3,25.6));
#14347=CARTESIAN_POINT('',(-3.51639750674775,-50.,25.6));
#14348=CARTESIAN_POINT('',(-10.65,-10.1,50.35));
#14349=CARTESIAN_POINT('',(-14.65,-10.1,50.35));
#14350=CARTESIAN_POINT('',(-10.65,-17.7,56.7));
#14351=CARTESIAN_POINT('',(-24.95,-14.35,56.7));
#14352=CARTESIAN_POINT('',(-25.25,-14.35,56.7));
#14353=CARTESIAN_POINT('',(-24.95,-21.05,56.7));
#14354=CARTESIAN_POINT('',(-25.25,-21.05,56.7));
#14355=CARTESIAN_POINT('',(-25.25,-17.7,56.7));
#14356=CARTESIAN_POINT('',(-22.95,217.721872150827,37.7));
#14357=CARTESIAN_POINT('',(-21.25,217.721872150827,37.7));
#14358=CARTESIAN_POINT('',(-21.25,217.721872150827,45.45));
#14359=CARTESIAN_POINT('',(-21.25,-17.7,45.));
#14360=CARTESIAN_POINT('',(-21.25,-17.7,47.69));
#14361=CARTESIAN_POINT('',(-21.25,217.721872150827,53.2));
#14362=CARTESIAN_POINT('',(-20.45,217.721872150827,53.2));
#14363=CARTESIAN_POINT('',(-18.05,217.721872150827,53.2));
#14364=CARTESIAN_POINT('',(-18.05,217.721872150827,45.45));
#14365=CARTESIAN_POINT('',(-18.05,217.721872150827,37.7));
#14366=CARTESIAN_POINT('',(-18.05,-17.7,45.));
#14367=CARTESIAN_POINT('',(-18.05,-17.7,47.69));
#14368=CARTESIAN_POINT('',(-16.35,217.721872150827,37.7));
#14369=CARTESIAN_POINT('',(-14.65,217.721872150827,37.7));
#14370=CARTESIAN_POINT('',(-14.65,217.721872150827,47.2));
#14371=CARTESIAN_POINT('',(-14.65,-17.7,54.2));
#14372=CARTESIAN_POINT('',(-14.65,-14.35,54.2));
#14373=CARTESIAN_POINT('',(-14.65,-21.05,54.2));
#14374=CARTESIAN_POINT('',(-14.65,-14.35,54.2));
#14375=CARTESIAN_POINT('',(-14.65,-21.05,54.2));
#14376=CARTESIAN_POINT('',(-10.65,-17.7,45.));
#14377=CARTESIAN_POINT('',(-12.65,-15.55,41.2760907637269));
#14378=CARTESIAN_POINT('',(-12.65,-13.4,42.5173938424846));
#14379=CARTESIAN_POINT('',(-12.65,-13.4,42.5173938424846));
#14380=CARTESIAN_POINT('',(-12.65,-15.55,41.2760907637269));
#14381=CARTESIAN_POINT('',(-12.65,-17.7,40.0347876849693));
#14382=CARTESIAN_POINT('',(-12.65,-17.7,40.0347876849693));
#14383=CARTESIAN_POINT('',(-12.65,-13.4,45.));
#14384=CARTESIAN_POINT('',(-12.65,-13.4,47.4826061575154));
#14385=CARTESIAN_POINT('',(-12.65,-13.4,47.4826061575154));
#14386=CARTESIAN_POINT('',(-12.65,-13.4,45.));
#14387=CARTESIAN_POINT('',(-12.65,-15.55,48.7239092362731));
#14388=CARTESIAN_POINT('',(-12.65,-17.7,49.9652123150308));
#14389=CARTESIAN_POINT('',(-12.65,-17.7,49.9652123150308));
#14390=CARTESIAN_POINT('',(-12.65,-15.55,48.7239092362731));
#14391=CARTESIAN_POINT('',(-12.65,-19.85,48.7239092362731));
#14392=CARTESIAN_POINT('',(-12.65,-22.,47.4826061575154));
#14393=CARTESIAN_POINT('',(-12.65,-22.,47.4826061575154));
#14394=CARTESIAN_POINT('',(-12.65,-19.85,48.7239092362731));
#14395=CARTESIAN_POINT('',(-12.65,-22.,45.));
#14396=CARTESIAN_POINT('',(-12.65,-22.,42.5173938424846));
#14397=CARTESIAN_POINT('',(-12.65,-22.,42.5173938424846));
#14398=CARTESIAN_POINT('',(-12.65,-22.,45.));
#14399=CARTESIAN_POINT('',(-12.65,-19.85,41.2760907637269));
#14400=CARTESIAN_POINT('',(-12.65,-19.85,41.2760907637269));
#14401=CARTESIAN_POINT('',(-12.65,-7.65,41.15));
#14402=CARTESIAN_POINT('',(-14.35,-14.35,54.2));
#14403=CARTESIAN_POINT('',(-14.35,-14.35,54.2));
#14404=CARTESIAN_POINT('',(-14.05,-14.35,54.2));
#14405=CARTESIAN_POINT('',(-14.05,-14.35,54.2));
#14406=CARTESIAN_POINT('',(-14.35,-21.05,54.2));
#14407=CARTESIAN_POINT('',(-14.05,-21.05,54.2));
#14408=CARTESIAN_POINT('',(-14.05,-21.05,54.2));
#14409=CARTESIAN_POINT('',(-14.35,-21.05,54.2));
#14410=CARTESIAN_POINT('',(-14.05,-17.7,54.2));
#14411=CARTESIAN_POINT('',(-14.05,-17.7,54.2));
#14412=CARTESIAN_POINT('',(-21.35,-17.7,54.2));
#14413=CARTESIAN_POINT('',(-24.95,-14.35,54.2));
#14414=CARTESIAN_POINT('',(-25.25,-14.35,54.2));
#14415=CARTESIAN_POINT('',(-25.25,-14.35,54.2));
#14416=CARTESIAN_POINT('',(-24.95,-14.35,54.2));
#14417=CARTESIAN_POINT('',(-25.25,-17.7,54.2));
#14418=CARTESIAN_POINT('',(-25.25,-21.05,54.2));
#14419=CARTESIAN_POINT('',(-25.25,-21.05,54.2));
#14420=CARTESIAN_POINT('',(-25.25,-17.7,54.2));
#14421=CARTESIAN_POINT('',(-24.95,-21.05,54.2));
#14422=CARTESIAN_POINT('',(-24.95,-21.05,54.2));
#14423=CARTESIAN_POINT('',(-21.35,-17.7,54.2));
#14424=CARTESIAN_POINT('',(-10.65,-21.3,29.6));
#14425=CARTESIAN_POINT('',(50.,10.,-23.));
#14426=CARTESIAN_POINT('',(-64.,10.,-23.));
#14427=CARTESIAN_POINT('',(-64.,10.,23.));
#14428=CARTESIAN_POINT('',(50.,10.,23.));
#14429=CARTESIAN_POINT('',(50.,7.63184186675948,27.));
#14430=CARTESIAN_POINT('',(50.5378661933206,4.19075364131939,27.));
#14431=CARTESIAN_POINT('',(50.9354871656801,1.64680613717845,26.898409596653));
#14432=CARTESIAN_POINT('',(51.192906580964,-6.45663359583049E-7,26.8179803416326));
#14433=CARTESIAN_POINT('',(61.2919293513877,-36.8759182550877,33.6));
#14434=CARTESIAN_POINT('',(61.2919293513877,-36.8759182550877,25.6));
#14435=CARTESIAN_POINT('',(77.6471029824169,-76.3608002500852,25.6));
#14436=CARTESIAN_POINT('',(47.9308410469942,-4.61939766255643,25.6));
#14437=CARTESIAN_POINT('',(47.9308410469942,-4.61939766255644,33.6));
#14438=CARTESIAN_POINT('',(47.9308410469942,-4.61939766255643,32.8332527337278));
#14439=CARTESIAN_POINT('',(47.9308410469942,-4.61939766255641,32.8332527337277));
#14440=CARTESIAN_POINT('',(47.7924507018072,-4.28529381430453,32.8788469287373));
#14441=CARTESIAN_POINT('',(47.5453711744878,-3.68879106846523,32.9601247508555));
#14442=CARTESIAN_POINT('',(47.3108736197103,-3.12266389137815,33.0369156078382));
#14443=CARTESIAN_POINT('',(47.1677085843874,-2.77703292144405,33.083518442668));
#14444=CARTESIAN_POINT('',(47.0829965724549,-2.57252003334052,33.1109206393051));
#14445=CARTESIAN_POINT('',(47.02977909526,-2.44404167814136,33.1279217091839));
#14446=CARTESIAN_POINT('',(47.0046231587377,-2.38330987501495,33.1358578438238));
#14447=CARTESIAN_POINT('',(46.9893705558539,-2.34648683427154,33.1405740709449));
#14448=CARTESIAN_POINT('',(46.9896441086461,-2.3471472491324,33.1405174007134));
#14449=CARTESIAN_POINT('',(46.951861695237,-2.25593243426097,33.1519569739942));
#14450=CARTESIAN_POINT('',(46.9147151352999,-2.1662527054654,33.1630517976731));
#14451=CARTESIAN_POINT('',(46.8434508250972,-1.99420544126076,33.1840380433267));
#14452=CARTESIAN_POINT('',(46.704942303365,-1.65981628959065,33.223442410318));
#14453=CARTESIAN_POINT('',(46.5037557115149,-1.17410889097854,33.2769060835515));
#14454=CARTESIAN_POINT('',(46.2616766178451,-0.589678259874049,33.3351200611175));
#14455=CARTESIAN_POINT('',(46.0990078652151,-0.19696115110031,33.3702254289101));
#14456=CARTESIAN_POINT('',(46.0174233081223,1.39311334690362E-6,33.3868306526915));
#14457=CARTESIAN_POINT('',(46.0174233081223,1.39311334690362E-6,33.3868306526915));
#14458=CARTESIAN_POINT('',(46.0174233081223,1.39311334690362E-6,33.3868306526915));
#14459=CARTESIAN_POINT('',(45.318203376413,1.68806763532751,33.5291456183195));
#14460=CARTESIAN_POINT('',(44.6131939688474,3.39011090867303,33.6002020674223));
#14461=CARTESIAN_POINT('',(43.9023950854255,5.10613121314992,33.6));
#14462=CARTESIAN_POINT('',(59.6065698176121,-32.8071004111719,38.004056698665));
#14463=CARTESIAN_POINT('',(60.2173108780271,-34.2815597623238,39.6));
#14464=CARTESIAN_POINT('',(60.2173108780271,-34.2815597623238,55.8));
#14465=CARTESIAN_POINT('',(60.2173108780271,-34.2815597623238,72.));
#14466=CARTESIAN_POINT('',(62.5134114722176,-39.8248369573915,78.));
#14467=CARTESIAN_POINT('',(62.5134114722176,-39.8248369573915,78.));
#14468=CARTESIAN_POINT('',(71.6978138489798,-61.9979457376624,78.));
#14469=CARTESIAN_POINT('',(80.882216225742,-84.1710545179333,78.));
#14470=CARTESIAN_POINT('',(83.1783168199325,-89.714331713001,72.));
#14471=CARTESIAN_POINT('',(83.1783168199325,-89.714331713001,72.));
#14472=CARTESIAN_POINT('',(83.1783168199325,-89.714331713001,59.));
#14473=CARTESIAN_POINT('',(83.1783168199325,-89.714331713001,40.));
#14474=CARTESIAN_POINT('',(81.9537298363642,-86.7579172089649,36.8));
#14475=CARTESIAN_POINT('',(80.7291428527959,-83.8015027049288,33.6));
#14476=CARTESIAN_POINT('',(70.4732268654115,-59.0415312336263,33.6));
#14477=CARTESIAN_POINT('',(80.7085704413376,-83.7518365101755,33.6));
#14478=CARTESIAN_POINT('',(77.6471029824169,-76.3608002500852,25.6));
#14479=CARTESIAN_POINT('',(3.51639750674775,-50.,33.6));
#14480=CARTESIAN_POINT('',(3.51639750674775,-50.,25.6));
#14481=CARTESIAN_POINT('',(49.7103741323121,-30.8658283817455,25.6));
#14482=CARTESIAN_POINT('',(49.7103741323121,-30.8658283817455,33.6));
#14483=CARTESIAN_POINT('',(60.1811279531822,-56.14446426436,33.6));
#14484=CARTESIAN_POINT('',(60.1811279531822,-56.14446426436,25.6));
#14485=CARTESIAN_POINT('',(69.8865149093221,-79.5753410819519,25.6));
#14486=CARTESIAN_POINT('',(69.8865149093221,-79.5753410819519,25.6));
#14487=CARTESIAN_POINT('',(70.6518817740523,-81.4231001469745,27.6));
#14488=CARTESIAN_POINT('',(70.6518817740523,-81.4231001469745,33.6));
#14489=CARTESIAN_POINT('',(70.6518817740523,-81.4231001469745,33.6));
#14490=CARTESIAN_POINT('',(60.1811279531822,-56.14446426436,33.6));
#14491=CARTESIAN_POINT('',(74.5715706686814,-83.0466884474131,33.6));
#14492=CARTESIAN_POINT('',(63.8780652759124,-78.6172934844183,22.4155453045611));
#14493=CARTESIAN_POINT('',(78.4912595633105,-84.6702767478517,33.6));
#14494=CARTESIAN_POINT('',(78.4912595633106,-84.6702767478517,33.6));
#14495=CARTESIAN_POINT('',(78.4912595633106,-84.6702767478517,39.6));
#14496=CARTESIAN_POINT('',(73.2650077038051,-82.5054923472669,35.6));
#14497=CARTESIAN_POINT('',(40.3542852206688,-38.468626910316,25.6));
#14498=CARTESIAN_POINT('',(75.4297921043898,-77.2792404877614,25.6));
#14499=CARTESIAN_POINT('',(29.9559692817498,-31.5206943295945,25.6));
#14500=CARTESIAN_POINT('',(71.6978138489798,-61.9979457376624,78.));
#14501=CARTESIAN_POINT('',(60.2961005941906,-40.7432771950678,78.));
#14502=CARTESIAN_POINT('',(60.2961005941906,-40.7432771950678,78.));
#14503=CARTESIAN_POINT('',(69.4805029709527,-62.9163859753386,78.));
#14504=CARTESIAN_POINT('',(78.6649053477149,-85.0894947556095,78.));
#14505=CARTESIAN_POINT('',(80.882216225742,-84.1710545179333,78.));
#14506=CARTESIAN_POINT('',(83.1783168199325,-89.714331713001,59.));
#14507=CARTESIAN_POINT('',(83.1783168199325,-89.714331713001,72.));
#14508=CARTESIAN_POINT('',(80.9610059419054,-90.6327719506772,72.));
#14509=CARTESIAN_POINT('',(80.9610059419054,-90.6327719506772,59.));
#14510=CARTESIAN_POINT('',(80.9610059419054,-90.6327719506772,40.));
#14511=CARTESIAN_POINT('',(83.1783168199325,-89.714331713001,40.));
#14512=CARTESIAN_POINT('',(81.9537298363642,-86.7579172089649,36.8));
#14513=CARTESIAN_POINT('',(79.7364189583371,-87.6763574466411,36.8));
#14514=CARTESIAN_POINT('',(78.5118319747689,-84.719942942605,33.6));
#14515=CARTESIAN_POINT('',(80.7291428527959,-83.8015027049288,33.6));
#14516=CARTESIAN_POINT('',(70.4732268654115,-59.0415312336263,33.6));
#14517=CARTESIAN_POINT('',(79.5999150023241,-84.2110566290136,33.6));
#14518=CARTESIAN_POINT('',(68.2559159873844,-59.9599714713025,33.6));
#14519=CARTESIAN_POINT('',(60.2173108780271,-34.2815597623238,55.8));
#14520=CARTESIAN_POINT('',(60.2173108780271,-34.2815597623238,39.6));
#14521=CARTESIAN_POINT('',(58.,-35.2,39.6));
#14522=CARTESIAN_POINT('',(58.,-35.2,55.8));
#14523=CARTESIAN_POINT('',(58.,-35.2,72.));
#14524=CARTESIAN_POINT('',(60.2173108780271,-34.2815597623238,72.));
#14525=CARTESIAN_POINT('',(69.4805029709527,-62.9163859753386,55.8));
#14526=CARTESIAN_POINT('',(69.4805029709527,-62.9163859753386,39.6));
#14527=CARTESIAN_POINT('',(80.9610059419054,-90.6327719506772,72.));
#14528=CARTESIAN_POINT('',(60.2961005941906,-40.7432771950678,78.));
#14529=CARTESIAN_POINT('',(62.5134114722176,-39.8248369573915,78.));
#14530=CARTESIAN_POINT('',(83.1783168199325,-89.714331713001,72.));
#14531=CARTESIAN_POINT('',(51.0282018316677,-34.0473458864008,33.6));
#14532=CARTESIAN_POINT('',(51.1479895801431,-32.3618043545735,34.3556982678555));
#14533=CARTESIAN_POINT('',(60.2173108780271,-34.2815597623238,39.6));
#14534=CARTESIAN_POINT('',(59.2125982983232,-83.9966221058671,25.6));
#14535=CARTESIAN_POINT('',(-60.1811279531822,-56.14446426436,33.6));
#14536=CARTESIAN_POINT('',(-70.6518817740523,-81.4231001469745,33.6));
#14537=CARTESIAN_POINT('',(-70.6518817740523,-81.4231001469745,33.6));
#14538=CARTESIAN_POINT('',(-70.6518817740523,-81.4231001469745,27.6));
#14539=CARTESIAN_POINT('',(-66.5645551607125,-71.5554208032012,16.9193008433133));
#14540=CARTESIAN_POINT('',(-49.7103741323121,-30.8658283817455,33.6));
#14541=CARTESIAN_POINT('',(-49.7103741323121,-30.8658283817455,33.6));
#14542=CARTESIAN_POINT('',(-60.1811279531822,-56.14446426436,33.6));
#14543=CARTESIAN_POINT('',(-50.1606222107418,-31.9528233991229,33.6));
#14544=CARTESIAN_POINT('',(-60.1811279531822,-56.14446426436,33.6));
#14545=CARTESIAN_POINT('',(-74.5715706686814,-83.0466884474131,33.6));
#14546=CARTESIAN_POINT('',(-78.4912595633106,-84.6702767478517,55.8));
#14547=CARTESIAN_POINT('',(-78.4912595633105,-84.6702767478517,33.6));
#14548=CARTESIAN_POINT('',(-78.4912595633106,-84.6702767478517,39.6));
#14549=CARTESIAN_POINT('',(-75.8781336335578,-83.5878845475593,31.6));
#14550=CARTESIAN_POINT('',(-68.2363771083536,-80.4225653544666,31.7512527672731));
#14551=CARTESIAN_POINT('',(-40.3542852206688,-38.468626910316,33.6));
#14552=CARTESIAN_POINT('',(-3.51639750674775,-50.,33.6));
#14553=CARTESIAN_POINT('',(-34.65,-10.8758540567061,33.6));
#14554=CARTESIAN_POINT('',(-34.65,-38.468626910316,33.6));
#14555=CARTESIAN_POINT('',(-61.2919293513877,-36.8759182550877,33.6));
#14556=CARTESIAN_POINT('',(-48.7727445981974,-6.65193263408126,33.6));
#14557=CARTESIAN_POINT('',(-61.2919293513877,-36.8759182550877,33.6));
#14558=CARTESIAN_POINT('',(-57.9212102838366,-28.7382825672561,33.6));
#14559=CARTESIAN_POINT('',(-55.7038994058095,-29.6567228049323,33.6));
#14560=CARTESIAN_POINT('',(-3.51639750674775,-50.,33.6));
#14561=CARTESIAN_POINT('',(-3.51639750674775,-50.,64.7336024932523));
#14562=CARTESIAN_POINT('',(-61.2919293513877,-36.8759182550877,33.6));
#14563=CARTESIAN_POINT('',(-48.7727445981974,-6.65193263408127,25.6));
#14564=CARTESIAN_POINT('',(-71.0002498963627,-60.3138773826317,8.23093584957459));
#14565=CARTESIAN_POINT('',(-80.7085704413376,-83.7518365101755,33.6));
#14566=CARTESIAN_POINT('',(-70.4732268654115,-59.0415312336263,33.6));
#14567=CARTESIAN_POINT('',(-80.7291428527959,-83.8015027049288,33.6));
#14568=CARTESIAN_POINT('',(-81.9537298363642,-86.7579172089649,36.8));
#14569=CARTESIAN_POINT('',(-83.1783168199325,-89.714331713001,40.));
#14570=CARTESIAN_POINT('',(-83.1783168199325,-89.714331713001,59.));
#14571=CARTESIAN_POINT('',(-83.1783168199325,-89.714331713001,72.));
#14572=CARTESIAN_POINT('',(-79.5826449870699,-81.0336120082611,81.395943301335));
#14573=CARTESIAN_POINT('',(-80.882216225742,-84.1710545179333,78.));
#14574=CARTESIAN_POINT('',(-71.6978138489798,-61.9979457376624,78.));
#14575=CARTESIAN_POINT('',(-62.5134114722176,-39.8248369573915,78.));
#14576=CARTESIAN_POINT('',(-53.4070982132977,-17.8402519844891,54.204056698665));
#14577=CARTESIAN_POINT('',(-60.2173108780271,-34.2815597623238,72.));
#14578=CARTESIAN_POINT('',(-60.2173108780271,-34.2815597623238,55.8));
#14579=CARTESIAN_POINT('',(-60.2173108780271,-34.2815597623238,39.6));
#14580=CARTESIAN_POINT('',(-57.9212102838366,-28.7382825672561,33.6));
#14581=CARTESIAN_POINT('',(-3.51639750674775,-50.,33.6));
#14582=CARTESIAN_POINT('',(-3.51639750674775,-50.,32.4663975067477));
#14583=CARTESIAN_POINT('',(-4.80458215817076,-0.0165969515496248,33.7545821581708));
#14584=CARTESIAN_POINT('',(-4.80458215817076,-0.0165969515496314,33.6));
#14585=CARTESIAN_POINT('',(-71.6978138489798,-61.9979457376624,78.));
#14586=CARTESIAN_POINT('',(-69.4805029709527,-62.9163859753386,78.));
#14587=CARTESIAN_POINT('',(-78.6649053477149,-85.0894947556095,78.));
#14588=CARTESIAN_POINT('',(-60.2961005941906,-40.7432771950678,78.));
#14589=CARTESIAN_POINT('',(-62.5134114722176,-39.8248369573915,78.));
#14590=CARTESIAN_POINT('',(-80.882216225742,-84.1710545179333,78.));
#14591=CARTESIAN_POINT('',(-60.2173108780271,-34.2815597623238,55.8));
#14592=CARTESIAN_POINT('',(-58.,-35.2,55.8));
#14593=CARTESIAN_POINT('',(-58.,-35.2,39.6));
#14594=CARTESIAN_POINT('',(-58.,-35.2,72.));
#14595=CARTESIAN_POINT('',(-60.2173108780271,-34.2815597623238,39.6));
#14596=CARTESIAN_POINT('',(-58.,-35.2,72.));
#14597=CARTESIAN_POINT('',(-70.4732268654115,-59.0415312336263,33.6));
#14598=CARTESIAN_POINT('',(-79.5999150023241,-84.2110566290136,33.6));
#14599=CARTESIAN_POINT('',(-68.2559159873844,-59.9599714713025,33.6));
#14600=CARTESIAN_POINT('',(-78.5118319747689,-84.719942942605,33.6));
#14601=CARTESIAN_POINT('',(-80.7291428527959,-83.8015027049288,33.6));
#14602=CARTESIAN_POINT('',(-81.9537298363642,-86.7579172089649,36.8));
#14603=CARTESIAN_POINT('',(-79.7364189583371,-87.6763574466411,36.8));
#14604=CARTESIAN_POINT('',(-80.9610059419054,-90.6327719506772,40.));
#14605=CARTESIAN_POINT('',(-83.1783168199325,-89.714331713001,40.));
#14606=CARTESIAN_POINT('',(-83.1783168199325,-89.714331713001,59.));
#14607=CARTESIAN_POINT('',(-80.9610059419054,-90.6327719506772,59.));
#14608=CARTESIAN_POINT('',(-80.9610059419054,-90.6327719506772,72.));
#14609=CARTESIAN_POINT('',(-83.1783168199325,-89.714331713001,72.));
#14610=CARTESIAN_POINT('',(-69.4805029709527,-62.9163859753386,55.8));
#14611=CARTESIAN_POINT('',(-69.4805029709527,-62.9163859753386,39.6));
#14612=CARTESIAN_POINT('',(-58.,-35.2,72.));
#14613=CARTESIAN_POINT('',(-78.6649053477149,-85.0894947556095,78.));
#14614=CARTESIAN_POINT('',(-60.2173108780271,-34.2815597623238,72.));
#14615=CARTESIAN_POINT('',(-80.882216225742,-84.1710545179333,78.));
#14616=CARTESIAN_POINT('',(-69.4805029709527,-62.9163859753386,39.6));
#14617=CARTESIAN_POINT('',(-71.0656296487638,-40.6119610014619,49.6));
#14618=CARTESIAN_POINT('',(-39.4867055997428,-36.3741044230381,33.6));
#14619=CARTESIAN_POINT('',(-79.5999150023241,-84.2110566290136,33.6));
#14620=CARTESIAN_POINT('',(-61.2919293513877,-36.8759182550877,33.6));
#14621=CARTESIAN_POINT('',(-42.8026259191886,-15.5868466528828,42.5349140188015));
#14622=CARTESIAN_POINT('',(-48.7727445981974,-6.65193263408126,33.6));
#14623=CARTESIAN_POINT('',(50.,7.63184186675948,27.));
#14624=CARTESIAN_POINT('',(50.4239855334965,4.91932405993395,27.0001205315116));
#14625=CARTESIAN_POINT('',(50.8478889152032,2.20733183281535,26.9321511144296));
#14626=CARTESIAN_POINT('',(51.2505823091334,-0.368965977911102,26.7994794233003));
#14627=CARTESIAN_POINT('',(51.3404443018838,-0.943872988256351,26.7698734185181));
#14628=CARTESIAN_POINT('',(51.4303062946341,-1.5187799986016,26.740267413736));
#14629=CARTESIAN_POINT('',(51.5201682873845,-2.09368700894685,26.7106614089539));
#14630=CARTESIAN_POINT('',(43.9023950854255,5.10613121314989,33.6));
#14631=CARTESIAN_POINT('',(45.0259567491911,2.39361340632437,33.6003194085057));
#14632=CARTESIAN_POINT('',(46.1493007107141,-0.318378820794235,33.4202004532386));
#14633=CARTESIAN_POINT('',(47.2164382046291,-2.89467663152069,33.0686204717459));
#14634=CARTESIAN_POINT('',(47.4545724854175,-3.46958364186594,32.9901645590732));
#14635=CARTESIAN_POINT('',(47.6927067662059,-4.04449065221119,32.9117086464004));
#14636=CARTESIAN_POINT('',(47.9308410469942,-4.61939766255644,32.8332527337278));
#14637=CARTESIAN_POINT('',(43.9023950854255,5.10613121314988,33.6));
#14638=CARTESIAN_POINT('',(45.9349300569503,5.94803476435308,31.4));
#14639=CARTESIAN_POINT('',(47.9674650284752,6.78993831555627,29.2));
#14640=CARTESIAN_POINT('',(50.,7.63184186675947,27.));
#14641=CARTESIAN_POINT('',(47.9308410469942,-4.61939766255644,32.8332527337278));
#14642=CARTESIAN_POINT('',(48.9082618057812,-3.15658412240696,30.8238728351279));
#14643=CARTESIAN_POINT('',(49.9328663555512,-1.62315504876787,28.8887624740839));
#14644=CARTESIAN_POINT('',(51.0174215183331,-3.54221990931866E-6,27.0660357567006));
#14645=CARTESIAN_POINT('',(46.9825043546781,14.9167207780973,27.));
#14646=CARTESIAN_POINT('',(-28.65,-7.65,39.6));
#14647=CARTESIAN_POINT('',(-4.65,-38.468626910316,33.6));
#14648=CARTESIAN_POINT('',(-17.6273921810353,-13.1741374168378,46.5773921810353));
#14649=CARTESIAN_POINT('',(-10.65,-6.01460531736367,33.6));
#14650=CARTESIAN_POINT('',(51.0174238851688,0.,0.));
#14651=CARTESIAN_POINT('',(0.,6.,25.));
#14652=CARTESIAN_POINT('',(0.,6.,25.));
#14653=CARTESIAN_POINT('',(0.,6.,28.));
#14654=CARTESIAN_POINT('',(-7.,6.,4.3));
#14655=CARTESIAN_POINT('',(0.,0.,0.));
#14656=CARTESIAN_POINT('',(0.,-103.7,19.));
#14657=CARTESIAN_POINT('',(0.,-86.7,-15.2));
#14658=CARTESIAN_POINT('',(0.,-80.7,-15.2));
#14659=CARTESIAN_POINT('',(0.,-100.7,-15.2));
#14660=CARTESIAN_POINT('',(0.,-80.7,-19.));
#14661=CARTESIAN_POINT('',(0.,-80.7,-19.));
#14662=CARTESIAN_POINT('',(0.,-103.7,-19.));
#14663=CARTESIAN_POINT('',(0.,-109.283156223263,-19.));
#14664=CARTESIAN_POINT('',(0.,-109.283156223263,19.));
#14665=CARTESIAN_POINT('',(0.,-109.283156223263,-13.1));
#14666=CARTESIAN_POINT('',(0.,-103.7,-13.1));
#14667=CARTESIAN_POINT('',(0.,-100.7,-13.1));
#14668=CARTESIAN_POINT('',(0.,-100.7,19.));
#14669=CARTESIAN_POINT('',(34.1374168759793,-141.421295298399,-19.));
#14670=CARTESIAN_POINT('',(34.1374168759793,-141.421295298399,13.1));
#14671=CARTESIAN_POINT('',(32.4374168759793,-141.421295298399,13.1));
#14672=CARTESIAN_POINT('',(34.1374168759793,-141.421295298399,16.5));
#14673=CARTESIAN_POINT('',(35.8374168759793,-141.421295298399,16.5));
#14674=CARTESIAN_POINT('',(34.9910754125647,-106.431707317073,-19.));
#14675=CARTESIAN_POINT('',(34.9910754125647,-106.431707317073,13.1));
#14676=CARTESIAN_POINT('',(33.2910754125647,-106.431707317073,13.1));
#14677=CARTESIAN_POINT('',(34.9910754125647,-106.431707317073,16.5));
#14678=CARTESIAN_POINT('',(36.6910754125647,-106.431707317073,16.5));
#14679=CARTESIAN_POINT('',(5.,-105.7,-19.));
#14680=CARTESIAN_POINT('',(5.,-105.7,13.1));
#14681=CARTESIAN_POINT('',(3.3,-105.7,13.1));
#14682=CARTESIAN_POINT('',(5.,-105.7,16.5));
#14683=CARTESIAN_POINT('',(6.7,-105.7,16.5));
#14684=CARTESIAN_POINT('',(31.6,-85.1,19.));
#14685=CARTESIAN_POINT('',(40.,-93.5,19.));
#14686=CARTESIAN_POINT('',(40.,-93.5,19.));
#14687=CARTESIAN_POINT('',(40.,-93.5,-19.));
#14688=CARTESIAN_POINT('',(31.6,-85.1,-19.));
#14689=CARTESIAN_POINT('',(23.2,-76.7,-19.));
#14690=CARTESIAN_POINT('',(23.2,-76.7,19.));
#14691=CARTESIAN_POINT('',(23.2,-76.7,19.));
#14692=CARTESIAN_POINT('',(31.6,-85.1,19.));
#14693=CARTESIAN_POINT('',(35.5,-89.,-10.5));
#14694=CARTESIAN_POINT('',(31.375,-84.875,-10.5));
#14695=CARTESIAN_POINT('',(35.5,-89.,10.5));
#14696=CARTESIAN_POINT('',(31.375,-84.875,10.5));
#14697=CARTESIAN_POINT('',(34.5,-146.5,19.));
#14698=CARTESIAN_POINT('',(34.5,-146.5,19.));
#14699=CARTESIAN_POINT('',(36.,-146.5,19.));
#14700=CARTESIAN_POINT('',(30.9074991487531,-146.5,19.));
#14701=CARTESIAN_POINT('',(30.9074991487531,-146.5,13.1));
#14702=CARTESIAN_POINT('',(30.9074991487531,-146.5,13.1));
#14703=CARTESIAN_POINT('',(-186.99086381345,-146.5,13.1));
#14704=CARTESIAN_POINT('',(36.,-146.5,13.1));
#14705=CARTESIAN_POINT('',(36.,-146.5,19.));
#14706=CARTESIAN_POINT('',(40.,-120.,19.));
#14707=CARTESIAN_POINT('',(40.,-120.,19.));
#14708=CARTESIAN_POINT('',(40.,-142.5,19.));
#14709=CARTESIAN_POINT('',(40.,-142.5,19.));
#14710=CARTESIAN_POINT('',(40.,-142.5,13.1));
#14711=CARTESIAN_POINT('',(40.,-123.3,13.1));
#14712=CARTESIAN_POINT('',(40.,-100.1,13.1));
#14713=CARTESIAN_POINT('',(40.,-100.1,6.55));
#14714=CARTESIAN_POINT('',(40.,-100.1,-13.1));
#14715=CARTESIAN_POINT('',(40.,-123.3,-13.1));
#14716=CARTESIAN_POINT('',(40.,-142.5,-13.1));
#14717=CARTESIAN_POINT('',(40.,-142.5,19.));
#14718=CARTESIAN_POINT('',(40.,-142.5,-19.));
#14719=CARTESIAN_POINT('',(40.,-120.,-19.));
#14720=CARTESIAN_POINT('',(0.,-103.7,19.));
#14721=CARTESIAN_POINT('',(0.,-103.7,19.));
#14722=CARTESIAN_POINT('',(0.,-80.7,19.));
#14723=CARTESIAN_POINT('',(0.,-109.283156223263,19.));
#14724=CARTESIAN_POINT('',(0.,-80.7,15.2));
#14725=CARTESIAN_POINT('',(0.,-80.7,15.2));
#14726=CARTESIAN_POINT('',(0.,-86.7,15.2));
#14727=CARTESIAN_POINT('',(0.,-100.7,15.2));
#14728=CARTESIAN_POINT('',(0.,-100.7,19.));
#14729=CARTESIAN_POINT('',(0.,-100.7,13.1));
#14730=CARTESIAN_POINT('',(0.,-103.7,13.1));
#14731=CARTESIAN_POINT('',(0.,-109.283156223263,13.1));
#14732=CARTESIAN_POINT('',(0.,-109.283156223263,19.));
#14733=CARTESIAN_POINT('',(14.5,-128.6,19.));
#14734=CARTESIAN_POINT('',(14.5,-128.6,13.1));
#14735=CARTESIAN_POINT('',(27.799328564477,-145.017791814078,13.1));
#14736=CARTESIAN_POINT('',(0.891829415723851,-111.800948037342,13.1));
#14737=CARTESIAN_POINT('',(27.799328564477,-145.017791814078,19.));
#14738=CARTESIAN_POINT('',(27.799328564477,-145.017791814078,19.));
#14739=CARTESIAN_POINT('',(14.5,-128.6,19.));
#14740=CARTESIAN_POINT('',(0.891829415723853,-111.800948037342,19.));
#14741=CARTESIAN_POINT('',(0.891829415723851,-111.800948037342,19.));
#14742=CARTESIAN_POINT('',(4.5,-96.7,19.));
#14743=CARTESIAN_POINT('',(4.5,-96.7,-15.2));
#14744=CARTESIAN_POINT('',(9.,-96.7,-15.2));
#14745=CARTESIAN_POINT('',(4.,-96.7,-15.2));
#14746=CARTESIAN_POINT('',(4.,-96.7,19.));
#14747=CARTESIAN_POINT('',(4.,-96.7,15.2));
#14748=CARTESIAN_POINT('',(4.5,-96.7,15.2));
#14749=CARTESIAN_POINT('',(9.,-96.7,15.2));
#14750=CARTESIAN_POINT('',(9.,-96.7,19.));
#14751=CARTESIAN_POINT('',(18.2,-79.2,19.));
#14752=CARTESIAN_POINT('',(18.2,-81.7,19.));
#14753=CARTESIAN_POINT('',(18.2,-81.7,15.2));
#14754=CARTESIAN_POINT('',(18.2,-81.7,-15.2));
#14755=CARTESIAN_POINT('',(18.2,-79.2,15.2));
#14756=CARTESIAN_POINT('',(18.2,-76.7,15.2));
#14757=CARTESIAN_POINT('',(18.2,-76.7,19.));
#14758=CARTESIAN_POINT('',(18.2,-76.7,-15.2));
#14759=CARTESIAN_POINT('',(18.2,-79.2,-15.2));
#14760=CARTESIAN_POINT('',(13.6,-81.7,19.));
#14761=CARTESIAN_POINT('',(9.,-81.7,19.));
#14762=CARTESIAN_POINT('',(9.,-81.7,15.2));
#14763=CARTESIAN_POINT('',(9.,-81.7,-15.2));
#14764=CARTESIAN_POINT('',(13.6,-81.7,15.2));
#14765=CARTESIAN_POINT('',(13.6,-81.7,-15.2));
#14766=CARTESIAN_POINT('',(9.,-89.2,19.));
#14767=CARTESIAN_POINT('',(9.,-89.,10.5));
#14768=CARTESIAN_POINT('',(9.,-86.75,10.5));
#14769=CARTESIAN_POINT('',(9.,-89.,-10.5));
#14770=CARTESIAN_POINT('',(9.,-86.75,-10.5));
#14771=CARTESIAN_POINT('',(9.,-89.2,15.2));
#14772=CARTESIAN_POINT('',(9.,-89.2,-15.2));
#14773=CARTESIAN_POINT('',(20.7,-76.7,19.));
#14774=CARTESIAN_POINT('',(9.1,-76.7,15.2));
#14775=CARTESIAN_POINT('',(4.,-76.7,15.2));
#14776=CARTESIAN_POINT('',(4.,-76.7,19.));
#14777=CARTESIAN_POINT('',(4.,-76.7,19.));
#14778=CARTESIAN_POINT('',(20.7,-76.7,19.));
#14779=CARTESIAN_POINT('',(20.7,-76.7,-19.));
#14780=CARTESIAN_POINT('',(4.,-76.7,-19.));
#14781=CARTESIAN_POINT('',(4.,-76.7,-15.2));
#14782=CARTESIAN_POINT('',(4.,-76.7,-15.2));
#14783=CARTESIAN_POINT('',(9.1,-76.7,-15.2));
#14784=CARTESIAN_POINT('',(20.,-152.681704595758,19.));
#14785=CARTESIAN_POINT('',(2.4019237886467,-107.2,19.));
#14786=CARTESIAN_POINT('',(1.53589838486226,-105.7,19.));
#14787=CARTESIAN_POINT('',(3.26794919243114,-108.7,19.));
#14788=CARTESIAN_POINT('',(2.4019237886467,-104.2,19.));
#14789=CARTESIAN_POINT('',(3.26794919243114,-102.7,19.));
#14790=CARTESIAN_POINT('',(5.,-102.7,19.));
#14791=CARTESIAN_POINT('',(6.73205080756888,-102.7,19.));
#14792=CARTESIAN_POINT('',(7.59807621135332,-104.2,19.));
#14793=CARTESIAN_POINT('',(8.46410161513776,-105.7,19.));
#14794=CARTESIAN_POINT('',(7.59807621135333,-107.2,19.));
#14795=CARTESIAN_POINT('',(6.73205080756889,-108.7,19.));
#14796=CARTESIAN_POINT('',(5.,-108.7,19.));
#14797=CARTESIAN_POINT('',(37.589151623918,-104.931707317073,19.));
#14798=CARTESIAN_POINT('',(38.4551770277025,-106.431707317073,19.));
#14799=CARTESIAN_POINT('',(36.7231262201335,-103.431707317073,19.));
#14800=CARTESIAN_POINT('',(37.589151623918,-107.931707317073,19.));
#14801=CARTESIAN_POINT('',(36.7231262201335,-109.431707317073,19.));
#14802=CARTESIAN_POINT('',(34.9910754125647,-109.431707317073,19.));
#14803=CARTESIAN_POINT('',(33.2590246049958,-109.431707317073,19.));
#14804=CARTESIAN_POINT('',(32.3929992012114,-107.931707317073,19.));
#14805=CARTESIAN_POINT('',(31.526973797427,-106.431707317073,19.));
#14806=CARTESIAN_POINT('',(32.3929992012115,-104.931707317073,19.));
#14807=CARTESIAN_POINT('',(33.2590246049959,-103.431707317073,19.));
#14808=CARTESIAN_POINT('',(34.9910754125647,-103.431707317073,19.));
#14809=CARTESIAN_POINT('',(31.539340664626,-142.921295298399,19.));
#14810=CARTESIAN_POINT('',(30.6733152608415,-141.421295298399,19.));
#14811=CARTESIAN_POINT('',(32.4053660684104,-144.421295298399,19.));
#14812=CARTESIAN_POINT('',(31.5393406646259,-139.921295298399,19.));
#14813=CARTESIAN_POINT('',(32.4053660684104,-138.421295298399,19.));
#14814=CARTESIAN_POINT('',(34.1374168759793,-138.421295298399,19.));
#14815=CARTESIAN_POINT('',(35.8694676835482,-138.421295298399,19.));
#14816=CARTESIAN_POINT('',(36.7354930873326,-139.921295298399,19.));
#14817=CARTESIAN_POINT('',(37.6015184911171,-141.421295298399,19.));
#14818=CARTESIAN_POINT('',(36.7354930873326,-142.921295298399,19.));
#14819=CARTESIAN_POINT('',(35.8694676835482,-144.421295298399,19.));
#14820=CARTESIAN_POINT('',(34.1374168759793,-144.421295298399,19.));
#14821=CARTESIAN_POINT('',(4.,-80.7,19.));
#14822=CARTESIAN_POINT('',(4.,-109.283156223263,19.));
#14823=CARTESIAN_POINT('',(30.9074991487531,-142.5,19.));
#14824=CARTESIAN_POINT('',(36.,-142.5,19.));
#14825=CARTESIAN_POINT('',(20.,-111.6,15.2));
#14826=CARTESIAN_POINT('',(4.,-80.7,15.2));
#14827=CARTESIAN_POINT('',(4.,-100.7,15.2));
#14828=CARTESIAN_POINT('',(-186.99086381345,-100.1,6.55));
#14829=CARTESIAN_POINT('',(-186.99086381345,-100.1,13.1));
#14830=CARTESIAN_POINT('',(0.0452560133429591,-100.1,13.1));
#14831=CARTESIAN_POINT('',(0.0452560133429687,-100.1,13.1));
#14832=CARTESIAN_POINT('',(0.0452560133429644,-100.1,-13.1));
#14833=CARTESIAN_POINT('',(-186.99086381345,-100.1,-13.1));
#14834=CARTESIAN_POINT('',(-186.99086381345,-123.3,13.1));
#14835=CARTESIAN_POINT('',(30.9074991487531,-142.5,13.1));
#14836=CARTESIAN_POINT('',(4.,-109.283156223263,13.1));
#14837=CARTESIAN_POINT('',(4.,-100.7,13.1));
#14838=CARTESIAN_POINT('',(36.,-142.5,13.1));
#14839=CARTESIAN_POINT('',(34.5,-146.5,-19.));
#14840=CARTESIAN_POINT('',(-186.99086381345,-146.5,-13.1));
#14841=CARTESIAN_POINT('',(30.9074991487531,-146.5,-13.1));
#14842=CARTESIAN_POINT('',(36.,-146.5,-13.1));
#14843=CARTESIAN_POINT('',(30.9074991487531,-146.5,-19.));
#14844=CARTESIAN_POINT('',(30.9074991487531,-146.5,-19.));
#14845=CARTESIAN_POINT('',(34.5,-146.5,-19.));
#14846=CARTESIAN_POINT('',(36.,-146.5,-19.));
#14847=CARTESIAN_POINT('',(36.,-146.5,-19.));
#14848=CARTESIAN_POINT('',(14.5,-128.6,-19.));
#14849=CARTESIAN_POINT('',(14.5,-128.6,-19.));
#14850=CARTESIAN_POINT('',(0.891829415723853,-111.800948037342,-19.));
#14851=CARTESIAN_POINT('',(27.799328564477,-145.017791814078,-19.));
#14852=CARTESIAN_POINT('',(27.799328564477,-145.017791814078,-13.1));
#14853=CARTESIAN_POINT('',(27.799328564477,-145.017791814078,-13.1));
#14854=CARTESIAN_POINT('',(14.5,-128.6,-13.1));
#14855=CARTESIAN_POINT('',(0.891829415723851,-111.800948037342,-13.1));
#14856=CARTESIAN_POINT('',(0.891829415723851,-111.800948037342,-19.));
#14857=CARTESIAN_POINT('',(20.,-152.681704595758,-19.));
#14858=CARTESIAN_POINT('',(5.,-105.7,-19.));
#14859=CARTESIAN_POINT('',(8.25,-105.7,-19.));
#14860=CARTESIAN_POINT('',(34.9910754125647,-106.431707317073,-19.));
#14861=CARTESIAN_POINT('',(38.2410754125647,-106.431707317073,-19.));
#14862=CARTESIAN_POINT('',(34.1374168759793,-141.421295298399,-19.));
#14863=CARTESIAN_POINT('',(37.3874168759793,-141.421295298399,-19.));
#14864=CARTESIAN_POINT('',(4.,-80.7,-19.));
#14865=CARTESIAN_POINT('',(36.,-142.5,-19.));
#14866=CARTESIAN_POINT('',(30.9074991487531,-142.5,-19.));
#14867=CARTESIAN_POINT('',(4.,-109.283156223263,-19.));
#14868=CARTESIAN_POINT('',(20.,-111.6,-15.2));
#14869=CARTESIAN_POINT('',(4.,-80.7,-15.2));
#14870=CARTESIAN_POINT('',(4.,-100.7,-15.2));
#14871=CARTESIAN_POINT('',(-186.99086381345,-123.3,-13.1));
#14872=CARTESIAN_POINT('',(5.,-105.7,-13.1));
#14873=CARTESIAN_POINT('',(6.7,-105.7,-13.1));
#14874=CARTESIAN_POINT('',(34.9910754125647,-106.431707317073,-13.1));
#14875=CARTESIAN_POINT('',(36.6910754125647,-106.431707317073,-13.1));
#14876=CARTESIAN_POINT('',(34.1374168759793,-141.421295298399,-13.1));
#14877=CARTESIAN_POINT('',(35.8374168759793,-141.421295298399,-13.1));
#14878=CARTESIAN_POINT('',(30.9074991487531,-142.5,-13.1));
#14879=CARTESIAN_POINT('',(36.,-142.5,-13.1));
#14880=CARTESIAN_POINT('',(4.,-100.7,-13.1));
#14881=CARTESIAN_POINT('',(4.,-109.283156223263,-13.1));
#14882=CARTESIAN_POINT('',(40.,-89.,-10.5));
#14883=CARTESIAN_POINT('',(21.375,-89.,-10.5));
#14884=CARTESIAN_POINT('',(21.375,-89.,-8.25));
#14885=CARTESIAN_POINT('',(21.375,-84.875,-10.5));
#14886=CARTESIAN_POINT('',(21.375,-89.,-10.5));
#14887=CARTESIAN_POINT('',(21.375,-89.,-6.375));
#14888=CARTESIAN_POINT('',(40.,-89.,-10.5));
#14889=CARTESIAN_POINT('',(40.,-89.,10.5));
#14890=CARTESIAN_POINT('',(21.375,-89.,10.5));
#14891=CARTESIAN_POINT('',(21.375,-89.,12.75));
#14892=CARTESIAN_POINT('',(21.375,-84.875,10.5));
#14893=CARTESIAN_POINT('',(21.375,-89.,10.5));
#14894=CARTESIAN_POINT('',(21.375,-89.,14.625));
#14895=CARTESIAN_POINT('',(40.,-89.,10.5));
#14896=CARTESIAN_POINT('',(34.1374168759793,-141.421295298399,-19.));
#14897=CARTESIAN_POINT('',(34.1374168759793,-141.421295298399,-16.));
#14898=CARTESIAN_POINT('',(37.3874168759793,-141.421295298399,-16.));
#14899=CARTESIAN_POINT('',(37.3874168759794,-141.421295298399,-16.));
#14900=CARTESIAN_POINT('',(34.1374168759793,-141.421295298399,-16.));
#14901=CARTESIAN_POINT('',(35.8374168759793,-141.421295298399,-16.));
#14902=CARTESIAN_POINT('',(34.1374168759793,-141.421295298399,-19.));
#14903=CARTESIAN_POINT('',(34.9910754125647,-106.431707317073,-19.));
#14904=CARTESIAN_POINT('',(34.9910754125647,-106.431707317073,-16.));
#14905=CARTESIAN_POINT('',(38.2410754125647,-106.431707317073,-16.));
#14906=CARTESIAN_POINT('',(38.2410754125647,-106.431707317073,-16.));
#14907=CARTESIAN_POINT('',(34.9910754125647,-106.431707317073,-16.));
#14908=CARTESIAN_POINT('',(36.6910754125647,-106.431707317073,-16.));
#14909=CARTESIAN_POINT('',(34.9910754125647,-106.431707317073,-19.));
#14910=CARTESIAN_POINT('',(5.,-105.7,-19.));
#14911=CARTESIAN_POINT('',(5.,-105.7,-16.));
#14912=CARTESIAN_POINT('',(8.25,-105.7,-16.));
#14913=CARTESIAN_POINT('',(8.25,-105.7,-16.));
#14914=CARTESIAN_POINT('',(5.,-105.7,-16.));
#14915=CARTESIAN_POINT('',(6.7,-105.7,-16.));
#14916=CARTESIAN_POINT('',(5.,-105.7,-19.));
#14917=CARTESIAN_POINT('',(2.4019237886467,-107.2,16.5));
#14918=CARTESIAN_POINT('',(3.26794919243114,-108.7,16.5));
#14919=CARTESIAN_POINT('',(3.26794919243114,-108.7,16.5));
#14920=CARTESIAN_POINT('',(2.4019237886467,-107.2,16.5));
#14921=CARTESIAN_POINT('',(1.53589838486226,-105.7,16.5));
#14922=CARTESIAN_POINT('',(1.53589838486226,-105.7,16.5));
#14923=CARTESIAN_POINT('',(5.,-108.7,16.5));
#14924=CARTESIAN_POINT('',(6.73205080756889,-108.7,16.5));
#14925=CARTESIAN_POINT('',(6.73205080756889,-108.7,16.5));
#14926=CARTESIAN_POINT('',(5.,-108.7,16.5));
#14927=CARTESIAN_POINT('',(7.59807621135333,-107.2,16.5));
#14928=CARTESIAN_POINT('',(8.46410161513776,-105.7,16.5));
#14929=CARTESIAN_POINT('',(8.46410161513776,-105.7,16.5));
#14930=CARTESIAN_POINT('',(7.59807621135333,-107.2,16.5));
#14931=CARTESIAN_POINT('',(7.59807621135332,-104.2,16.5));
#14932=CARTESIAN_POINT('',(6.73205080756888,-102.7,16.5));
#14933=CARTESIAN_POINT('',(6.73205080756888,-102.7,16.5));
#14934=CARTESIAN_POINT('',(7.59807621135332,-104.2,16.5));
#14935=CARTESIAN_POINT('',(5.,-102.7,16.5));
#14936=CARTESIAN_POINT('',(3.26794919243114,-102.7,16.5));
#14937=CARTESIAN_POINT('',(3.26794919243114,-102.7,16.5));
#14938=CARTESIAN_POINT('',(5.,-102.7,16.5));
#14939=CARTESIAN_POINT('',(2.4019237886467,-104.2,16.5));
#14940=CARTESIAN_POINT('',(2.4019237886467,-104.2,16.5));
#14941=CARTESIAN_POINT('',(20.,-111.6,16.5));
#14942=CARTESIAN_POINT('',(37.589151623918,-104.931707317073,16.5));
#14943=CARTESIAN_POINT('',(36.7231262201335,-103.431707317073,16.5));
#14944=CARTESIAN_POINT('',(36.7231262201335,-103.431707317073,16.5));
#14945=CARTESIAN_POINT('',(37.589151623918,-104.931707317073,16.5));
#14946=CARTESIAN_POINT('',(38.4551770277025,-106.431707317073,16.5));
#14947=CARTESIAN_POINT('',(38.4551770277025,-106.431707317073,16.5));
#14948=CARTESIAN_POINT('',(34.9910754125647,-103.431707317073,16.5));
#14949=CARTESIAN_POINT('',(33.2590246049959,-103.431707317073,16.5));
#14950=CARTESIAN_POINT('',(33.2590246049959,-103.431707317073,16.5));
#14951=CARTESIAN_POINT('',(34.9910754125647,-103.431707317073,16.5));
#14952=CARTESIAN_POINT('',(32.3929992012115,-104.931707317073,16.5));
#14953=CARTESIAN_POINT('',(31.526973797427,-106.431707317073,16.5));
#14954=CARTESIAN_POINT('',(31.526973797427,-106.431707317073,16.5));
#14955=CARTESIAN_POINT('',(32.3929992012115,-104.931707317073,16.5));
#14956=CARTESIAN_POINT('',(32.3929992012114,-107.931707317073,16.5));
#14957=CARTESIAN_POINT('',(33.2590246049958,-109.431707317073,16.5));
#14958=CARTESIAN_POINT('',(33.2590246049958,-109.431707317073,16.5));
#14959=CARTESIAN_POINT('',(32.3929992012114,-107.931707317073,16.5));
#14960=CARTESIAN_POINT('',(34.9910754125647,-109.431707317073,16.5));
#14961=CARTESIAN_POINT('',(36.7231262201335,-109.431707317073,16.5));
#14962=CARTESIAN_POINT('',(36.7231262201335,-109.431707317073,16.5));
#14963=CARTESIAN_POINT('',(34.9910754125647,-109.431707317073,16.5));
#14964=CARTESIAN_POINT('',(37.589151623918,-107.931707317073,16.5));
#14965=CARTESIAN_POINT('',(37.589151623918,-107.931707317073,16.5));
#14966=CARTESIAN_POINT('',(20.,-111.6,16.5));
#14967=CARTESIAN_POINT('',(31.539340664626,-142.921295298399,16.5));
#14968=CARTESIAN_POINT('',(32.4053660684104,-144.421295298399,16.5));
#14969=CARTESIAN_POINT('',(32.4053660684104,-144.421295298399,16.5));
#14970=CARTESIAN_POINT('',(31.539340664626,-142.921295298399,16.5));
#14971=CARTESIAN_POINT('',(30.6733152608415,-141.421295298399,16.5));
#14972=CARTESIAN_POINT('',(30.6733152608415,-141.421295298399,16.5));
#14973=CARTESIAN_POINT('',(34.1374168759793,-144.421295298399,16.5));
#14974=CARTESIAN_POINT('',(35.8694676835482,-144.421295298399,16.5));
#14975=CARTESIAN_POINT('',(35.8694676835482,-144.421295298399,16.5));
#14976=CARTESIAN_POINT('',(34.1374168759793,-144.421295298399,16.5));
#14977=CARTESIAN_POINT('',(36.7354930873326,-142.921295298399,16.5));
#14978=CARTESIAN_POINT('',(37.6015184911171,-141.421295298399,16.5));
#14979=CARTESIAN_POINT('',(37.6015184911171,-141.421295298399,16.5));
#14980=CARTESIAN_POINT('',(36.7354930873326,-142.921295298399,16.5));
#14981=CARTESIAN_POINT('',(36.7354930873326,-139.921295298399,16.5));
#14982=CARTESIAN_POINT('',(35.8694676835482,-138.421295298399,16.5));
#14983=CARTESIAN_POINT('',(35.8694676835482,-138.421295298399,16.5));
#14984=CARTESIAN_POINT('',(36.7354930873326,-139.921295298399,16.5));
#14985=CARTESIAN_POINT('',(34.1374168759793,-138.421295298399,16.5));
#14986=CARTESIAN_POINT('',(32.4053660684104,-138.421295298399,16.5));
#14987=CARTESIAN_POINT('',(32.4053660684104,-138.421295298399,16.5));
#14988=CARTESIAN_POINT('',(34.1374168759793,-138.421295298399,16.5));
#14989=CARTESIAN_POINT('',(31.5393406646259,-139.921295298399,16.5));
#14990=CARTESIAN_POINT('',(31.5393406646259,-139.921295298399,16.5));
#14991=CARTESIAN_POINT('',(20.,-111.6,16.5));
#14992=CARTESIAN_POINT('',(4.,-80.7,19.));
#14993=CARTESIAN_POINT('',(4.,-80.7,19.));
#14994=CARTESIAN_POINT('',(30.9074991487531,-142.5,19.));
#14995=CARTESIAN_POINT('',(36.,-142.5,19.));
#14996=CARTESIAN_POINT('',(30.9074991487531,-142.5,-19.));
#14997=CARTESIAN_POINT('',(36.,-142.5,-19.));
#14998=CARTESIAN_POINT('',(4.,-109.283156223263,19.));
#14999=CARTESIAN_POINT('',(4.,-100.7,19.));
#15000=CARTESIAN_POINT('',(4.,-109.283156223263,19.));
#15001=CARTESIAN_POINT('',(0.,0.,0.));
#15002=CARTESIAN_POINT('',(-73.,-8.,2.5));
#15003=CARTESIAN_POINT('',(-73.,-13.,0.20871215252208));
#15004=CARTESIAN_POINT('',(-73.,-13.,0.20871215252208));
#15005=CARTESIAN_POINT('',(-73.,-13.,4.79128784747792));
#15006=CARTESIAN_POINT('',(-73.,-8.00000000000009,2.49999999999994));
#15007=CARTESIAN_POINT('',(-73.,-12.4843134832984,-0.684483095183234));
#15008=CARTESIAN_POINT('',(-73.,-8.51568651670156,-2.97577094266115));
#15009=CARTESIAN_POINT('',(-73.,-8.51568651670154,-2.97577094266117));
#15010=CARTESIAN_POINT('',(-73.,-8.00000000000009,2.49999999999994));
#15011=CARTESIAN_POINT('',(-73.,-7.48431348329845,-2.97577094266116));
#15012=CARTESIAN_POINT('',(-73.,-3.51568651670156,-0.684483095183234));
#15013=CARTESIAN_POINT('',(-73.,-3.51568651670155,-0.68448309518323));
#15014=CARTESIAN_POINT('',(-73.,-8.00000000000009,2.49999999999994));
#15015=CARTESIAN_POINT('',(-73.,-3.,0.208712152522078));
#15016=CARTESIAN_POINT('',(-73.,-3.,4.79128784747792));
#15017=CARTESIAN_POINT('',(-73.,-3.,4.79128784747794));
#15018=CARTESIAN_POINT('',(-73.,-8.00000000000009,2.49999999999994));
#15019=CARTESIAN_POINT('',(-73.,-3.51568651670156,5.68448309518323));
#15020=CARTESIAN_POINT('',(-73.,-7.48431348329844,7.97577094266115));
#15021=CARTESIAN_POINT('',(-73.,-7.48431348329843,7.97577094266114));
#15022=CARTESIAN_POINT('',(-73.,-8.00000000000009,2.49999999999994));
#15023=CARTESIAN_POINT('',(-73.,-8.51568651670153,7.97577094266115));
#15024=CARTESIAN_POINT('',(-73.,-12.4843134832984,5.68448309518323));
#15025=CARTESIAN_POINT('',(-73.,-12.4843134832985,5.6844830951832));
#15026=CARTESIAN_POINT('',(-73.,-8.00000000000009,2.49999999999994));
#15027=CARTESIAN_POINT('',(-75.,-8.,2.5));
#15028=CARTESIAN_POINT('',(-75.,-8.00000000000009,2.49999999999994));
#15029=CARTESIAN_POINT('',(-75.,-13.,0.20871215252208));
#15030=CARTESIAN_POINT('',(-75.,-12.4843134832984,-0.684483095183234));
#15031=CARTESIAN_POINT('',(-75.,-13.,0.20871215252208));
#15032=CARTESIAN_POINT('',(-75.,-13.,4.79128784747792));
#15033=CARTESIAN_POINT('',(-75.,-8.00000000000009,2.49999999999994));
#15034=CARTESIAN_POINT('',(-75.,-12.4843134832985,5.6844830951832));
#15035=CARTESIAN_POINT('',(-75.,-12.4843134832984,5.68448309518323));
#15036=CARTESIAN_POINT('',(-75.,-8.51568651670153,7.97577094266115));
#15037=CARTESIAN_POINT('',(-75.,-8.00000000000009,2.49999999999994));
#15038=CARTESIAN_POINT('',(-75.,-7.48431348329843,7.97577094266114));
#15039=CARTESIAN_POINT('',(-75.,-7.48431348329844,7.97577094266115));
#15040=CARTESIAN_POINT('',(-75.,-3.51568651670156,5.68448309518323));
#15041=CARTESIAN_POINT('',(-75.,-8.00000000000009,2.49999999999994));
#15042=CARTESIAN_POINT('',(-75.,-3.,4.79128784747794));
#15043=CARTESIAN_POINT('',(-75.,-3.,4.79128784747792));
#15044=CARTESIAN_POINT('',(-75.,-3.,0.208712152522078));
#15045=CARTESIAN_POINT('',(-75.,-8.00000000000009,2.49999999999994));
#15046=CARTESIAN_POINT('',(-75.,-3.51568651670155,-0.68448309518323));
#15047=CARTESIAN_POINT('',(-75.,-3.51568651670156,-0.684483095183234));
#15048=CARTESIAN_POINT('',(-75.,-7.48431348329845,-2.97577094266116));
#15049=CARTESIAN_POINT('',(-75.,-8.00000000000009,2.49999999999994));
#15050=CARTESIAN_POINT('',(-75.,-8.51568651670154,-2.97577094266117));
#15051=CARTESIAN_POINT('',(-75.,-8.51568651670156,-2.97577094266115));
#15052=CARTESIAN_POINT('',(-75.,-8.,2.5));
#15053=CARTESIAN_POINT('',(-75.,-8.,-0.9));
#15054=CARTESIAN_POINT('',(-73.,-13.,4.79128784747792));
#15055=CARTESIAN_POINT('',(-73.,-13.,0.20871215252208));
#15056=CARTESIAN_POINT('',(-73.,-13.,4.79128784747779));
#15057=CARTESIAN_POINT('',(-73.,-8.00000000000009,2.49999999999994));
#15058=CARTESIAN_POINT('',(-73.,-12.4843134832983,5.68448309518332));
#15059=CARTESIAN_POINT('',(-73.,-8.51568651670156,7.97577094266115));
#15060=CARTESIAN_POINT('',(-73.,-8.51568651670189,7.97577094266096));
#15061=CARTESIAN_POINT('',(-73.,-8.00000000000009,2.49999999999994));
#15062=CARTESIAN_POINT('',(-73.,-7.48431348329808,7.97577094266094));
#15063=CARTESIAN_POINT('',(-73.,-3.51568651670156,5.68448309518323));
#15064=CARTESIAN_POINT('',(-73.,-3.515686516702,5.68448309518349));
#15065=CARTESIAN_POINT('',(-73.,-8.00000000000009,2.49999999999994));
#15066=CARTESIAN_POINT('',(-73.,-3.,4.7912878474774));
#15067=CARTESIAN_POINT('',(-73.,-3.,0.20871215252208));
#15068=CARTESIAN_POINT('',(-73.,-3.,0.208712152522482));
#15069=CARTESIAN_POINT('',(-73.,-8.00000000000009,2.49999999999994));
#15070=CARTESIAN_POINT('',(-73.,-3.51568651670187,-0.684483095183412));
#15071=CARTESIAN_POINT('',(-73.,-7.48431348329844,-2.97577094266115));
#15072=CARTESIAN_POINT('',(-73.,-7.48431348329832,-2.97577094266108));
#15073=CARTESIAN_POINT('',(-73.,-8.00000000000009,2.49999999999994));
#15074=CARTESIAN_POINT('',(-73.,-8.5156865167016,-2.9757709426611));
#15075=CARTESIAN_POINT('',(-73.,-12.4843134832984,-0.684483095183234));
#15076=CARTESIAN_POINT('',(-73.,-12.4843134832984,-0.684483095183234));
#15077=CARTESIAN_POINT('',(-73.,-8.00000000000009,2.49999999999994));
#15078=CARTESIAN_POINT('',(-81.5,-8.,0.918198511713309));
#15079=CARTESIAN_POINT('',(-81.5,-8.,2.5));
#15080=CARTESIAN_POINT('',(-81.5,-8.,-0.66360297657338));
#15081=CARTESIAN_POINT('',(-81.5,-8.,2.5));
#15082=CARTESIAN_POINT('',(-81.5,-5.1,2.5));
#15083=CARTESIAN_POINT('',(-80.,-8.,-0.9));
#15084=CARTESIAN_POINT('',(-80.,-8.,2.5));
#15085=CARTESIAN_POINT('',(-80.,-8.,-0.7));
#15086=CARTESIAN_POINT('',(-80.,-8.,2.5));
#15087=CARTESIAN_POINT('',(-80.,-8.,-1.1));
#15088=CARTESIAN_POINT('',(-76.5,-8.,2.5));
#15089=CARTESIAN_POINT('',(-76.5,-8.,2.5));
#15090=CARTESIAN_POINT('',(-76.5,-5.1,2.5));
#15091=CARTESIAN_POINT('',(-76.5,-7.5865439662745,1.05810745609252));
#15092=CARTESIAN_POINT('',(-76.5,-7.0865439662745,1.05810745609252));
#15093=CARTESIAN_POINT('',(-76.5,-7.5038527595294,4.23027105268897));
#15094=CARTESIAN_POINT('',(-76.5,-7.0038527595294,4.23027105268897));
#15095=CARTESIAN_POINT('',(-76.5,-9.43754391808513,1.41673295832631));
#15096=CARTESIAN_POINT('',(-76.5,-8.93754391808513,1.41673295832631));
#15097=CARTESIAN_POINT('',(-76.5,-9.43754391808513,3.58326704167369));
#15098=CARTESIAN_POINT('',(-76.5,-8.93754391808513,3.58326704167369));
#15099=CARTESIAN_POINT('',(-81.2,-8.,2.5));
#15100=CARTESIAN_POINT('',(-81.2,-7.5865439662745,1.05810745609252));
#15101=CARTESIAN_POINT('',(-81.2,-7.0865439662745,1.05810745609252));
#15102=CARTESIAN_POINT('',(-81.2,-8.,2.5));
#15103=CARTESIAN_POINT('',(-81.2,-7.5038527595294,4.23027105268897));
#15104=CARTESIAN_POINT('',(-81.2,-7.0038527595294,4.23027105268897));
#15105=CARTESIAN_POINT('',(-81.2,-8.,2.5));
#15106=CARTESIAN_POINT('',(-81.2,-9.43754391808513,1.41673295832631));
#15107=CARTESIAN_POINT('',(-81.2,-8.93754391808513,1.41673295832631));
#15108=CARTESIAN_POINT('',(-81.2,-8.,2.5));
#15109=CARTESIAN_POINT('',(-81.2,-9.43754391808513,3.58326704167369));
#15110=CARTESIAN_POINT('',(-81.2,-8.93754391808513,3.58326704167369));
#15111=CARTESIAN_POINT('',(-81.2,-9.43754391808513,3.58326704167369));
#15112=CARTESIAN_POINT('',(-81.2,-9.43754391808513,1.41673295832631));
#15113=CARTESIAN_POINT('',(-81.2,-7.5038527595294,4.23027105268897));
#15114=CARTESIAN_POINT('',(-81.2,-7.5865439662745,1.05810745609252));
#15115=CARTESIAN_POINT('',(-81.5,-8.,2.5));
#15116=CARTESIAN_POINT('',(-75.5,-8.,2.5));
#15117=CARTESIAN_POINT('',(-76.,-8.,2.5));
#15118=CARTESIAN_POINT('',(-76.,-8.,-0.9));
#15119=CARTESIAN_POINT('',(-76.3,-8.,2.5));
#15120=CARTESIAN_POINT('',(-76.6,-8.,2.5));
#15121=CARTESIAN_POINT('',(-76.6,-8.,-1.5));
#15122=CARTESIAN_POINT('',(-77.65,-8.,2.5));
#15123=CARTESIAN_POINT('',(-78.7,-8.,2.5));
#15124=CARTESIAN_POINT('',(-78.7,-8.,-1.5));
#15125=CARTESIAN_POINT('',(-79.1,-8.,2.5));
#15126=CARTESIAN_POINT('',(-79.5,-8.,2.5));
#15127=CARTESIAN_POINT('',(-79.5,-8.,-0.7));
#15128=CARTESIAN_POINT('',(-79.75,-8.,2.5));
#15129=CARTESIAN_POINT('',(-80.1505045161091,-8.,2.5));
#15130=CARTESIAN_POINT('',(-80.3010090322182,-8.,2.5));
#15131=CARTESIAN_POINT('',(-80.3010090322182,-8.,-1.1));
#15132=CARTESIAN_POINT('',(-80.9005045161091,-8.,2.5));
#15133=CARTESIAN_POINT('',(0.,0.,0.));
#15134=CARTESIAN_POINT('',(0.,-103.7,19.));
#15135=CARTESIAN_POINT('',(0.,-86.7,-15.2));
#15136=CARTESIAN_POINT('',(0.,-80.7,-15.2));
#15137=CARTESIAN_POINT('',(0.,-100.7,-15.2));
#15138=CARTESIAN_POINT('',(0.,-100.7,19.));
#15139=CARTESIAN_POINT('',(0.,-100.7,-13.1));
#15140=CARTESIAN_POINT('',(0.,-103.7,-13.1));
#15141=CARTESIAN_POINT('',(0.,-109.283156223263,-13.1));
#15142=CARTESIAN_POINT('',(0.,-109.283156223263,19.));
#15143=CARTESIAN_POINT('',(0.,-109.283156223263,-19.));
#15144=CARTESIAN_POINT('',(0.,-103.7,-19.));
#15145=CARTESIAN_POINT('',(0.,-80.7,-19.));
#15146=CARTESIAN_POINT('',(0.,-80.7,-19.));
#15147=CARTESIAN_POINT('',(-34.1374168759793,-141.421295298399,-19.));
#15148=CARTESIAN_POINT('',(-34.1374168759793,-141.421295298399,13.1));
#15149=CARTESIAN_POINT('',(-32.4374168759793,-141.421295298399,13.1));
#15150=CARTESIAN_POINT('',(-34.1374168759793,-141.421295298399,16.5));
#15151=CARTESIAN_POINT('',(-35.8374168759793,-141.421295298399,16.5));
#15152=CARTESIAN_POINT('',(-34.9910754125647,-106.431707317073,-19.));
#15153=CARTESIAN_POINT('',(-34.9910754125647,-106.431707317073,13.1));
#15154=CARTESIAN_POINT('',(-33.2910754125647,-106.431707317073,13.1));
#15155=CARTESIAN_POINT('',(-34.9910754125647,-106.431707317073,16.5));
#15156=CARTESIAN_POINT('',(-36.6910754125647,-106.431707317073,16.5));
#15157=CARTESIAN_POINT('',(-5.,-105.7,-19.));
#15158=CARTESIAN_POINT('',(-5.,-105.7,13.1));
#15159=CARTESIAN_POINT('',(-3.3,-105.7,13.1));
#15160=CARTESIAN_POINT('',(-5.,-105.7,16.5));
#15161=CARTESIAN_POINT('',(-6.7,-105.7,16.5));
#15162=CARTESIAN_POINT('',(-31.6,-85.1,19.));
#15163=CARTESIAN_POINT('',(-40.,-93.5,19.));
#15164=CARTESIAN_POINT('',(-40.,-93.5,19.));
#15165=CARTESIAN_POINT('',(-40.,-93.5,-19.));
#15166=CARTESIAN_POINT('',(-31.6,-85.1,19.));
#15167=CARTESIAN_POINT('',(-23.2,-76.7,19.));
#15168=CARTESIAN_POINT('',(-23.2,-76.7,19.));
#15169=CARTESIAN_POINT('',(-23.2,-76.7,-19.));
#15170=CARTESIAN_POINT('',(-31.6,-85.1,-19.));
#15171=CARTESIAN_POINT('',(-35.5,-89.,-10.5));
#15172=CARTESIAN_POINT('',(-31.375,-84.875,-10.5));
#15173=CARTESIAN_POINT('',(-35.5,-89.,10.5));
#15174=CARTESIAN_POINT('',(-31.375,-84.875,10.5));
#15175=CARTESIAN_POINT('',(-34.5,-146.5,19.));
#15176=CARTESIAN_POINT('',(-34.5,-146.5,19.));
#15177=CARTESIAN_POINT('',(-36.,-146.5,19.));
#15178=CARTESIAN_POINT('',(-30.9074991487531,-146.5,19.));
#15179=CARTESIAN_POINT('',(-36.,-146.5,19.));
#15180=CARTESIAN_POINT('',(-36.,-146.5,13.1));
#15181=CARTESIAN_POINT('',(186.99086381345,-146.5,13.1));
#15182=CARTESIAN_POINT('',(-30.9074991487531,-146.5,13.1));
#15183=CARTESIAN_POINT('',(-30.9074991487531,-146.5,13.1));
#15184=CARTESIAN_POINT('',(-40.,-120.,19.));
#15185=CARTESIAN_POINT('',(-40.,-120.,19.));
#15186=CARTESIAN_POINT('',(-40.,-142.5,19.));
#15187=CARTESIAN_POINT('',(-40.,-120.,-19.));
#15188=CARTESIAN_POINT('',(-40.,-142.5,-19.));
#15189=CARTESIAN_POINT('',(-40.,-142.5,19.));
#15190=CARTESIAN_POINT('',(-40.,-142.5,-13.1));
#15191=CARTESIAN_POINT('',(-40.,-123.3,-13.1));
#15192=CARTESIAN_POINT('',(-40.,-100.1,-13.1));
#15193=CARTESIAN_POINT('',(-40.,-100.1,6.55));
#15194=CARTESIAN_POINT('',(-40.,-100.1,13.1));
#15195=CARTESIAN_POINT('',(-40.,-123.3,13.1));
#15196=CARTESIAN_POINT('',(-40.,-142.5,13.1));
#15197=CARTESIAN_POINT('',(-40.,-142.5,19.));
#15198=CARTESIAN_POINT('',(0.,-103.7,19.));
#15199=CARTESIAN_POINT('',(0.,-103.7,19.));
#15200=CARTESIAN_POINT('',(0.,-80.7,19.));
#15201=CARTESIAN_POINT('',(0.,-109.283156223263,19.));
#15202=CARTESIAN_POINT('',(0.,-109.283156223263,19.));
#15203=CARTESIAN_POINT('',(0.,-109.283156223263,13.1));
#15204=CARTESIAN_POINT('',(0.,-103.7,13.1));
#15205=CARTESIAN_POINT('',(0.,-100.7,13.1));
#15206=CARTESIAN_POINT('',(0.,-100.7,19.));
#15207=CARTESIAN_POINT('',(0.,-100.7,15.2));
#15208=CARTESIAN_POINT('',(0.,-86.7,15.2));
#15209=CARTESIAN_POINT('',(0.,-80.7,15.2));
#15210=CARTESIAN_POINT('',(0.,-80.7,15.2));
#15211=CARTESIAN_POINT('',(-14.5,-128.6,19.));
#15212=CARTESIAN_POINT('',(-14.5,-128.6,13.1));
#15213=CARTESIAN_POINT('',(-27.799328564477,-145.017791814078,13.1));
#15214=CARTESIAN_POINT('',(-0.891829415723851,-111.800948037342,13.1));
#15215=CARTESIAN_POINT('',(-0.891829415723851,-111.800948037342,19.));
#15216=CARTESIAN_POINT('',(-0.891829415723853,-111.800948037342,19.));
#15217=CARTESIAN_POINT('',(-14.5,-128.6,19.));
#15218=CARTESIAN_POINT('',(-27.799328564477,-145.017791814078,19.));
#15219=CARTESIAN_POINT('',(-27.799328564477,-145.017791814078,19.));
#15220=CARTESIAN_POINT('',(-4.5,-96.7,19.));
#15221=CARTESIAN_POINT('',(-4.5,-96.7,-15.2));
#15222=CARTESIAN_POINT('',(-9.,-96.7,-15.2));
#15223=CARTESIAN_POINT('',(-4.,-96.7,-15.2));
#15224=CARTESIAN_POINT('',(-9.,-96.7,19.));
#15225=CARTESIAN_POINT('',(-9.,-96.7,15.2));
#15226=CARTESIAN_POINT('',(-4.5,-96.7,15.2));
#15227=CARTESIAN_POINT('',(-4.,-96.7,15.2));
#15228=CARTESIAN_POINT('',(-4.,-96.7,19.));
#15229=CARTESIAN_POINT('',(-18.2,-79.2,19.));
#15230=CARTESIAN_POINT('',(-18.2,-81.7,19.));
#15231=CARTESIAN_POINT('',(-18.2,-81.7,15.2));
#15232=CARTESIAN_POINT('',(-18.2,-81.7,-15.2));
#15233=CARTESIAN_POINT('',(-18.2,-79.2,-15.2));
#15234=CARTESIAN_POINT('',(-18.2,-76.7,-15.2));
#15235=CARTESIAN_POINT('',(-18.2,-76.7,19.));
#15236=CARTESIAN_POINT('',(-18.2,-76.7,15.2));
#15237=CARTESIAN_POINT('',(-18.2,-79.2,15.2));
#15238=CARTESIAN_POINT('',(-13.6,-81.7,19.));
#15239=CARTESIAN_POINT('',(-9.,-81.7,19.));
#15240=CARTESIAN_POINT('',(-9.,-81.7,15.2));
#15241=CARTESIAN_POINT('',(-9.,-81.7,-15.2));
#15242=CARTESIAN_POINT('',(-13.6,-81.7,-15.2));
#15243=CARTESIAN_POINT('',(-13.6,-81.7,15.2));
#15244=CARTESIAN_POINT('',(-9.,-89.2,19.));
#15245=CARTESIAN_POINT('',(-9.,-89.,10.5));
#15246=CARTESIAN_POINT('',(-9.,-86.75,10.5));
#15247=CARTESIAN_POINT('',(-9.,-89.,-10.5));
#15248=CARTESIAN_POINT('',(-9.,-86.75,-10.5));
#15249=CARTESIAN_POINT('',(-9.,-89.2,15.2));
#15250=CARTESIAN_POINT('',(-9.,-89.2,-15.2));
#15251=CARTESIAN_POINT('',(-20.7,-76.7,19.));
#15252=CARTESIAN_POINT('',(-9.1,-76.7,15.2));
#15253=CARTESIAN_POINT('',(-4.,-76.7,15.2));
#15254=CARTESIAN_POINT('',(-9.1,-76.7,-15.2));
#15255=CARTESIAN_POINT('',(-4.,-76.7,-15.2));
#15256=CARTESIAN_POINT('',(-4.,-76.7,-15.2));
#15257=CARTESIAN_POINT('',(-4.,-76.7,-19.));
#15258=CARTESIAN_POINT('',(-20.7,-76.7,-19.));
#15259=CARTESIAN_POINT('',(-20.7,-76.7,19.));
#15260=CARTESIAN_POINT('',(-4.,-76.7,19.));
#15261=CARTESIAN_POINT('',(-4.,-76.7,19.));
#15262=CARTESIAN_POINT('',(-20.,-152.681704595758,19.));
#15263=CARTESIAN_POINT('',(-2.4019237886467,-107.2,19.));
#15264=CARTESIAN_POINT('',(-1.53589838486226,-105.7,19.));
#15265=CARTESIAN_POINT('',(-3.26794919243114,-108.7,19.));
#15266=CARTESIAN_POINT('',(-5.,-108.7,19.));
#15267=CARTESIAN_POINT('',(-6.73205080756889,-108.7,19.));
#15268=CARTESIAN_POINT('',(-7.59807621135333,-107.2,19.));
#15269=CARTESIAN_POINT('',(-8.46410161513776,-105.7,19.));
#15270=CARTESIAN_POINT('',(-7.59807621135332,-104.2,19.));
#15271=CARTESIAN_POINT('',(-6.73205080756888,-102.7,19.));
#15272=CARTESIAN_POINT('',(-5.,-102.7,19.));
#15273=CARTESIAN_POINT('',(-3.26794919243114,-102.7,19.));
#15274=CARTESIAN_POINT('',(-2.4019237886467,-104.2,19.));
#15275=CARTESIAN_POINT('',(-37.589151623918,-104.931707317073,19.));
#15276=CARTESIAN_POINT('',(-38.4551770277025,-106.431707317073,19.));
#15277=CARTESIAN_POINT('',(-36.7231262201335,-103.431707317073,19.));
#15278=CARTESIAN_POINT('',(-34.9910754125647,-103.431707317073,19.));
#15279=CARTESIAN_POINT('',(-33.2590246049959,-103.431707317073,19.));
#15280=CARTESIAN_POINT('',(-32.3929992012115,-104.931707317073,19.));
#15281=CARTESIAN_POINT('',(-31.526973797427,-106.431707317073,19.));
#15282=CARTESIAN_POINT('',(-32.3929992012114,-107.931707317073,19.));
#15283=CARTESIAN_POINT('',(-33.2590246049958,-109.431707317073,19.));
#15284=CARTESIAN_POINT('',(-34.9910754125647,-109.431707317073,19.));
#15285=CARTESIAN_POINT('',(-36.7231262201335,-109.431707317073,19.));
#15286=CARTESIAN_POINT('',(-37.589151623918,-107.931707317073,19.));
#15287=CARTESIAN_POINT('',(-31.539340664626,-142.921295298399,19.));
#15288=CARTESIAN_POINT('',(-30.6733152608415,-141.421295298399,19.));
#15289=CARTESIAN_POINT('',(-32.4053660684104,-144.421295298399,19.));
#15290=CARTESIAN_POINT('',(-34.1374168759793,-144.421295298399,19.));
#15291=CARTESIAN_POINT('',(-35.8694676835482,-144.421295298399,19.));
#15292=CARTESIAN_POINT('',(-36.7354930873326,-142.921295298399,19.));
#15293=CARTESIAN_POINT('',(-37.6015184911171,-141.421295298399,19.));
#15294=CARTESIAN_POINT('',(-36.7354930873326,-139.921295298399,19.));
#15295=CARTESIAN_POINT('',(-35.8694676835482,-138.421295298399,19.));
#15296=CARTESIAN_POINT('',(-34.1374168759793,-138.421295298399,19.));
#15297=CARTESIAN_POINT('',(-32.4053660684104,-138.421295298399,19.));
#15298=CARTESIAN_POINT('',(-31.5393406646259,-139.921295298399,19.));
#15299=CARTESIAN_POINT('',(-36.,-142.5,19.));
#15300=CARTESIAN_POINT('',(-30.9074991487531,-142.5,19.));
#15301=CARTESIAN_POINT('',(-4.,-109.283156223263,19.));
#15302=CARTESIAN_POINT('',(-4.,-80.7,19.));
#15303=CARTESIAN_POINT('',(-20.,-111.6,15.2));
#15304=CARTESIAN_POINT('',(-4.,-100.7,15.2));
#15305=CARTESIAN_POINT('',(-4.,-80.7,15.2));
#15306=CARTESIAN_POINT('',(186.99086381345,-100.1,6.55));
#15307=CARTESIAN_POINT('',(186.99086381345,-100.1,13.1));
#15308=CARTESIAN_POINT('',(-0.0452560133429591,-100.1,13.1));
#15309=CARTESIAN_POINT('',(186.99086381345,-100.1,-13.1));
#15310=CARTESIAN_POINT('',(-0.0452560133429644,-100.1,-13.1));
#15311=CARTESIAN_POINT('',(-0.0452560133429687,-100.1,13.1));
#15312=CARTESIAN_POINT('',(186.99086381345,-123.3,13.1));
#15313=CARTESIAN_POINT('',(-36.,-142.5,13.1));
#15314=CARTESIAN_POINT('',(-4.,-100.7,13.1));
#15315=CARTESIAN_POINT('',(-4.,-109.283156223263,13.1));
#15316=CARTESIAN_POINT('',(-30.9074991487531,-142.5,13.1));
#15317=CARTESIAN_POINT('',(-34.5,-146.5,-19.));
#15318=CARTESIAN_POINT('',(186.99086381345,-146.5,-13.1));
#15319=CARTESIAN_POINT('',(-30.9074991487531,-146.5,-13.1));
#15320=CARTESIAN_POINT('',(-36.,-146.5,-13.1));
#15321=CARTESIAN_POINT('',(-36.,-146.5,-19.));
#15322=CARTESIAN_POINT('',(-36.,-146.5,-19.));
#15323=CARTESIAN_POINT('',(-34.5,-146.5,-19.));
#15324=CARTESIAN_POINT('',(-30.9074991487531,-146.5,-19.));
#15325=CARTESIAN_POINT('',(-30.9074991487531,-146.5,-19.));
#15326=CARTESIAN_POINT('',(-14.5,-128.6,-19.));
#15327=CARTESIAN_POINT('',(-14.5,-128.6,-19.));
#15328=CARTESIAN_POINT('',(-0.891829415723853,-111.800948037342,-19.));
#15329=CARTESIAN_POINT('',(-27.799328564477,-145.017791814078,-19.));
#15330=CARTESIAN_POINT('',(-0.891829415723851,-111.800948037342,-19.));
#15331=CARTESIAN_POINT('',(-0.891829415723851,-111.800948037342,-13.1));
#15332=CARTESIAN_POINT('',(-14.5,-128.6,-13.1));
#15333=CARTESIAN_POINT('',(-27.799328564477,-145.017791814078,-13.1));
#15334=CARTESIAN_POINT('',(-27.799328564477,-145.017791814078,-13.1));
#15335=CARTESIAN_POINT('',(-20.,-152.681704595758,-19.));
#15336=CARTESIAN_POINT('',(-5.,-105.7,-19.));
#15337=CARTESIAN_POINT('',(-8.25,-105.7,-19.));
#15338=CARTESIAN_POINT('',(-34.9910754125647,-106.431707317073,-19.));
#15339=CARTESIAN_POINT('',(-38.2410754125647,-106.431707317073,-19.));
#15340=CARTESIAN_POINT('',(-34.1374168759793,-141.421295298399,-19.));
#15341=CARTESIAN_POINT('',(-37.3874168759793,-141.421295298399,-19.));
#15342=CARTESIAN_POINT('',(-4.,-109.283156223263,-19.));
#15343=CARTESIAN_POINT('',(-30.9074991487531,-142.5,-19.));
#15344=CARTESIAN_POINT('',(-36.,-142.5,-19.));
#15345=CARTESIAN_POINT('',(-4.,-80.7,-19.));
#15346=CARTESIAN_POINT('',(-20.,-111.6,-15.2));
#15347=CARTESIAN_POINT('',(-4.,-100.7,-15.2));
#15348=CARTESIAN_POINT('',(-4.,-80.7,-15.2));
#15349=CARTESIAN_POINT('',(186.99086381345,-123.3,-13.1));
#15350=CARTESIAN_POINT('',(-5.,-105.7,-13.1));
#15351=CARTESIAN_POINT('',(-6.7,-105.7,-13.1));
#15352=CARTESIAN_POINT('',(-34.9910754125647,-106.431707317073,-13.1));
#15353=CARTESIAN_POINT('',(-36.6910754125647,-106.431707317073,-13.1));
#15354=CARTESIAN_POINT('',(-34.1374168759793,-141.421295298399,-13.1));
#15355=CARTESIAN_POINT('',(-35.8374168759793,-141.421295298399,-13.1));
#15356=CARTESIAN_POINT('',(-4.,-109.283156223263,-13.1));
#15357=CARTESIAN_POINT('',(-4.,-100.7,-13.1));
#15358=CARTESIAN_POINT('',(-36.,-142.5,-13.1));
#15359=CARTESIAN_POINT('',(-30.9074991487531,-142.5,-13.1));
#15360=CARTESIAN_POINT('',(-40.,-89.,-10.5));
#15361=CARTESIAN_POINT('',(-21.375,-89.,-10.5));
#15362=CARTESIAN_POINT('',(-21.375,-89.,-8.25));
#15363=CARTESIAN_POINT('',(-21.375,-84.875,-10.5));
#15364=CARTESIAN_POINT('',(-21.375,-89.,-10.5));
#15365=CARTESIAN_POINT('',(-21.375,-89.,-6.375));
#15366=CARTESIAN_POINT('',(-40.,-89.,-10.5));
#15367=CARTESIAN_POINT('',(-40.,-89.,10.5));
#15368=CARTESIAN_POINT('',(-21.375,-89.,10.5));
#15369=CARTESIAN_POINT('',(-21.375,-89.,12.75));
#15370=CARTESIAN_POINT('',(-21.375,-84.875,10.5));
#15371=CARTESIAN_POINT('',(-21.375,-89.,10.5));
#15372=CARTESIAN_POINT('',(-21.375,-89.,14.625));
#15373=CARTESIAN_POINT('',(-40.,-89.,10.5));
#15374=CARTESIAN_POINT('',(-34.1374168759793,-141.421295298399,-19.));
#15375=CARTESIAN_POINT('',(-34.1374168759793,-141.421295298399,-16.));
#15376=CARTESIAN_POINT('',(-37.3874168759793,-141.421295298399,-16.));
#15377=CARTESIAN_POINT('',(-37.3874168759794,-141.421295298399,-16.));
#15378=CARTESIAN_POINT('',(-34.1374168759793,-141.421295298399,-16.));
#15379=CARTESIAN_POINT('',(-35.8374168759793,-141.421295298399,-16.));
#15380=CARTESIAN_POINT('',(-34.1374168759793,-141.421295298399,-19.));
#15381=CARTESIAN_POINT('',(-34.9910754125647,-106.431707317073,-19.));
#15382=CARTESIAN_POINT('',(-34.9910754125647,-106.431707317073,-16.));
#15383=CARTESIAN_POINT('',(-38.2410754125647,-106.431707317073,-16.));
#15384=CARTESIAN_POINT('',(-38.2410754125647,-106.431707317073,-16.));
#15385=CARTESIAN_POINT('',(-34.9910754125647,-106.431707317073,-16.));
#15386=CARTESIAN_POINT('',(-36.6910754125647,-106.431707317073,-16.));
#15387=CARTESIAN_POINT('',(-34.9910754125647,-106.431707317073,-19.));
#15388=CARTESIAN_POINT('',(-5.,-105.7,-19.));
#15389=CARTESIAN_POINT('',(-5.,-105.7,-16.));
#15390=CARTESIAN_POINT('',(-8.25,-105.7,-16.));
#15391=CARTESIAN_POINT('',(-8.25,-105.7,-16.));
#15392=CARTESIAN_POINT('',(-5.,-105.7,-16.));
#15393=CARTESIAN_POINT('',(-6.7,-105.7,-16.));
#15394=CARTESIAN_POINT('',(-5.,-105.7,-19.));
#15395=CARTESIAN_POINT('',(-2.4019237886467,-107.2,16.5));
#15396=CARTESIAN_POINT('',(-1.53589838486226,-105.7,16.5));
#15397=CARTESIAN_POINT('',(-1.53589838486226,-105.7,16.5));
#15398=CARTESIAN_POINT('',(-2.4019237886467,-107.2,16.5));
#15399=CARTESIAN_POINT('',(-3.26794919243114,-108.7,16.5));
#15400=CARTESIAN_POINT('',(-3.26794919243114,-108.7,16.5));
#15401=CARTESIAN_POINT('',(-5.,-108.7,16.5));
#15402=CARTESIAN_POINT('',(-5.,-108.7,16.5));
#15403=CARTESIAN_POINT('',(-6.73205080756889,-108.7,16.5));
#15404=CARTESIAN_POINT('',(-6.73205080756889,-108.7,16.5));
#15405=CARTESIAN_POINT('',(-7.59807621135333,-107.2,16.5));
#15406=CARTESIAN_POINT('',(-7.59807621135333,-107.2,16.5));
#15407=CARTESIAN_POINT('',(-8.46410161513776,-105.7,16.5));
#15408=CARTESIAN_POINT('',(-8.46410161513776,-105.7,16.5));
#15409=CARTESIAN_POINT('',(-7.59807621135332,-104.2,16.5));
#15410=CARTESIAN_POINT('',(-7.59807621135332,-104.2,16.5));
#15411=CARTESIAN_POINT('',(-6.73205080756888,-102.7,16.5));
#15412=CARTESIAN_POINT('',(-6.73205080756888,-102.7,16.5));
#15413=CARTESIAN_POINT('',(-5.,-102.7,16.5));
#15414=CARTESIAN_POINT('',(-5.,-102.7,16.5));
#15415=CARTESIAN_POINT('',(-3.26794919243114,-102.7,16.5));
#15416=CARTESIAN_POINT('',(-3.26794919243114,-102.7,16.5));
#15417=CARTESIAN_POINT('',(-2.4019237886467,-104.2,16.5));
#15418=CARTESIAN_POINT('',(-2.4019237886467,-104.2,16.5));
#15419=CARTESIAN_POINT('',(-20.,-111.6,16.5));
#15420=CARTESIAN_POINT('',(-37.589151623918,-104.931707317073,16.5));
#15421=CARTESIAN_POINT('',(-38.4551770277025,-106.431707317073,16.5));
#15422=CARTESIAN_POINT('',(-38.4551770277025,-106.431707317073,16.5));
#15423=CARTESIAN_POINT('',(-37.589151623918,-104.931707317073,16.5));
#15424=CARTESIAN_POINT('',(-36.7231262201335,-103.431707317073,16.5));
#15425=CARTESIAN_POINT('',(-36.7231262201335,-103.431707317073,16.5));
#15426=CARTESIAN_POINT('',(-34.9910754125647,-103.431707317073,16.5));
#15427=CARTESIAN_POINT('',(-34.9910754125647,-103.431707317073,16.5));
#15428=CARTESIAN_POINT('',(-33.2590246049959,-103.431707317073,16.5));
#15429=CARTESIAN_POINT('',(-33.2590246049959,-103.431707317073,16.5));
#15430=CARTESIAN_POINT('',(-32.3929992012115,-104.931707317073,16.5));
#15431=CARTESIAN_POINT('',(-32.3929992012115,-104.931707317073,16.5));
#15432=CARTESIAN_POINT('',(-31.526973797427,-106.431707317073,16.5));
#15433=CARTESIAN_POINT('',(-31.526973797427,-106.431707317073,16.5));
#15434=CARTESIAN_POINT('',(-32.3929992012114,-107.931707317073,16.5));
#15435=CARTESIAN_POINT('',(-32.3929992012114,-107.931707317073,16.5));
#15436=CARTESIAN_POINT('',(-33.2590246049958,-109.431707317073,16.5));
#15437=CARTESIAN_POINT('',(-33.2590246049958,-109.431707317073,16.5));
#15438=CARTESIAN_POINT('',(-34.9910754125647,-109.431707317073,16.5));
#15439=CARTESIAN_POINT('',(-34.9910754125647,-109.431707317073,16.5));
#15440=CARTESIAN_POINT('',(-36.7231262201335,-109.431707317073,16.5));
#15441=CARTESIAN_POINT('',(-36.7231262201335,-109.431707317073,16.5));
#15442=CARTESIAN_POINT('',(-37.589151623918,-107.931707317073,16.5));
#15443=CARTESIAN_POINT('',(-37.589151623918,-107.931707317073,16.5));
#15444=CARTESIAN_POINT('',(-20.,-111.6,16.5));
#15445=CARTESIAN_POINT('',(-31.539340664626,-142.921295298399,16.5));
#15446=CARTESIAN_POINT('',(-30.6733152608415,-141.421295298399,16.5));
#15447=CARTESIAN_POINT('',(-30.6733152608415,-141.421295298399,16.5));
#15448=CARTESIAN_POINT('',(-31.539340664626,-142.921295298399,16.5));
#15449=CARTESIAN_POINT('',(-32.4053660684104,-144.421295298399,16.5));
#15450=CARTESIAN_POINT('',(-32.4053660684104,-144.421295298399,16.5));
#15451=CARTESIAN_POINT('',(-34.1374168759793,-144.421295298399,16.5));
#15452=CARTESIAN_POINT('',(-34.1374168759793,-144.421295298399,16.5));
#15453=CARTESIAN_POINT('',(-35.8694676835482,-144.421295298399,16.5));
#15454=CARTESIAN_POINT('',(-35.8694676835482,-144.421295298399,16.5));
#15455=CARTESIAN_POINT('',(-36.7354930873326,-142.921295298399,16.5));
#15456=CARTESIAN_POINT('',(-36.7354930873326,-142.921295298399,16.5));
#15457=CARTESIAN_POINT('',(-37.6015184911171,-141.421295298399,16.5));
#15458=CARTESIAN_POINT('',(-37.6015184911171,-141.421295298399,16.5));
#15459=CARTESIAN_POINT('',(-36.7354930873326,-139.921295298399,16.5));
#15460=CARTESIAN_POINT('',(-36.7354930873326,-139.921295298399,16.5));
#15461=CARTESIAN_POINT('',(-35.8694676835482,-138.421295298399,16.5));
#15462=CARTESIAN_POINT('',(-35.8694676835482,-138.421295298399,16.5));
#15463=CARTESIAN_POINT('',(-34.1374168759793,-138.421295298399,16.5));
#15464=CARTESIAN_POINT('',(-34.1374168759793,-138.421295298399,16.5));
#15465=CARTESIAN_POINT('',(-32.4053660684104,-138.421295298399,16.5));
#15466=CARTESIAN_POINT('',(-32.4053660684104,-138.421295298399,16.5));
#15467=CARTESIAN_POINT('',(-31.5393406646259,-139.921295298399,16.5));
#15468=CARTESIAN_POINT('',(-31.5393406646259,-139.921295298399,16.5));
#15469=CARTESIAN_POINT('',(-20.,-111.6,16.5));
#15470=CARTESIAN_POINT('',(-4.,-80.7,19.));
#15471=CARTESIAN_POINT('',(-4.,-80.7,19.));
#15472=CARTESIAN_POINT('',(-30.9074991487531,-142.5,19.));
#15473=CARTESIAN_POINT('',(-36.,-142.5,19.));
#15474=CARTESIAN_POINT('',(-30.9074991487531,-142.5,-19.));
#15475=CARTESIAN_POINT('',(-36.,-142.5,-19.));
#15476=CARTESIAN_POINT('',(-4.,-109.283156223263,19.));
#15477=CARTESIAN_POINT('',(-4.,-100.7,19.));
#15478=CARTESIAN_POINT('',(-4.,-109.283156223263,19.));
#15479=CARTESIAN_POINT('',(0.,0.,0.));
#15480=CARTESIAN_POINT('',(18.,-81.5,15.));
#15481=CARTESIAN_POINT('',(18.,-77.,14.));
#15482=CARTESIAN_POINT('',(18.,-72.5,14.));
#15483=CARTESIAN_POINT('',(18.,-81.5,14.));
#15484=CARTESIAN_POINT('',(18.,-81.5,15.));
#15485=CARTESIAN_POINT('',(18.,-81.5,-14.));
#15486=CARTESIAN_POINT('',(18.,-77.,-14.));
#15487=CARTESIAN_POINT('',(18.,-72.5,-14.));
#15488=CARTESIAN_POINT('',(18.,-72.5,15.));
#15489=CARTESIAN_POINT('',(16.5,-72.5,0.));
#15490=CARTESIAN_POINT('',(16.5,-59.4489726027397,6.7));
#15491=CARTESIAN_POINT('',(16.5,-59.4489726027397,10.7));
#15492=CARTESIAN_POINT('',(16.5,-59.4489726027397,6.7));
#15493=CARTESIAN_POINT('',(16.5,-59.4489726027397,10.7));
#15494=CARTESIAN_POINT('',(16.5,-72.5,10.7));
#15495=CARTESIAN_POINT('',(16.5,-72.5,7.5));
#15496=CARTESIAN_POINT('',(16.5,-72.5,6.7));
#15497=CARTESIAN_POINT('',(16.5,-72.5,6.7));
#15498=CARTESIAN_POINT('',(0.,-72.5,10.7));
#15499=CARTESIAN_POINT('',(0.,-59.4489726027397,10.7));
#15500=CARTESIAN_POINT('',(0.,-59.4489726027397,10.7));
#15501=CARTESIAN_POINT('',(0.,-59.4489726027397,10.7));
#15502=CARTESIAN_POINT('',(0.,-72.5,10.7));
#15503=CARTESIAN_POINT('',(9.,-72.5,10.7));
#15504=CARTESIAN_POINT('',(0.,-59.4489726027397,6.7));
#15505=CARTESIAN_POINT('',(9.,-72.5,6.7));
#15506=CARTESIAN_POINT('',(0.,-72.5,6.7));
#15507=CARTESIAN_POINT('',(0.,-72.5,6.7));
#15508=CARTESIAN_POINT('',(0.,-59.4489726027397,6.7));
#15509=CARTESIAN_POINT('',(0.,-59.4489726027397,6.7));
#15510=CARTESIAN_POINT('',(0.,-59.4489726027397,10.7));
#15511=CARTESIAN_POINT('',(0.,-59.4489726027397,6.7));
#15512=CARTESIAN_POINT('',(1.8,-87.0645,-10.5));
#15513=CARTESIAN_POINT('',(1.8,-89.,10.5));
#15514=CARTESIAN_POINT('',(1.8,-89.,8.879));
#15515=CARTESIAN_POINT('',(1.8,-89.,10.5));
#15516=CARTESIAN_POINT('',(1.8,-89.,8.25));
#15517=CARTESIAN_POINT('',(6.,-86.6895,-10.5));
#15518=CARTESIAN_POINT('',(6.,-89.,10.5));
#15519=CARTESIAN_POINT('',(5.99999999999999,-92.,10.5));
#15520=CARTESIAN_POINT('',(6.,-89.,10.5));
#15521=CARTESIAN_POINT('',(6.,-90.621,10.5));
#15522=CARTESIAN_POINT('',(1.8,-87.0645,-10.5));
#15523=CARTESIAN_POINT('',(1.8,-89.,-10.5));
#15524=CARTESIAN_POINT('',(1.8,-87.379,-10.5));
#15525=CARTESIAN_POINT('',(1.8,-89.,-10.5));
#15526=CARTESIAN_POINT('',(1.8,-86.75,-10.5));
#15527=CARTESIAN_POINT('',(6.,-86.6895,-10.5));
#15528=CARTESIAN_POINT('',(6.,-89.,-10.5));
#15529=CARTESIAN_POINT('',(6.,-86.,-10.5));
#15530=CARTESIAN_POINT('',(6.,-89.,-10.5));
#15531=CARTESIAN_POINT('',(6.,-87.379,-10.5));
#15532=CARTESIAN_POINT('',(0.,-92.5,11.));
#15533=CARTESIAN_POINT('',(0.8,-92.5,11.));
#15534=CARTESIAN_POINT('',(0.8,-95.,11.));
#15535=CARTESIAN_POINT('',(0.8,-92.5,13.5));
#15536=CARTESIAN_POINT('',(0.,-95.,11.));
#15537=CARTESIAN_POINT('',(0.,-95.,11.));
#15538=CARTESIAN_POINT('',(0.,-92.5,11.));
#15539=CARTESIAN_POINT('',(0.,-92.5,13.5));
#15540=CARTESIAN_POINT('',(0.,-92.5,13.5));
#15541=CARTESIAN_POINT('',(0.,-95.,-11.));
#15542=CARTESIAN_POINT('',(0.8,-95.,11.));
#15543=CARTESIAN_POINT('',(0.8,-95.,-11.));
#15544=CARTESIAN_POINT('',(0.,-95.,-11.));
#15545=CARTESIAN_POINT('',(0.,-95.,-11.));
#15546=CARTESIAN_POINT('',(0.,-95.,2.));
#15547=CARTESIAN_POINT('',(0.,-92.5,-11.));
#15548=CARTESIAN_POINT('',(0.8,-92.5,-11.));
#15549=CARTESIAN_POINT('',(0.8,-92.5,-13.5));
#15550=CARTESIAN_POINT('',(0.,-92.5,-13.5));
#15551=CARTESIAN_POINT('',(0.,-92.5,-13.5));
#15552=CARTESIAN_POINT('',(0.,-92.5,-11.));
#15553=CARTESIAN_POINT('',(0.,-80.5,-13.5));
#15554=CARTESIAN_POINT('',(0.8,-92.5,-13.5));
#15555=CARTESIAN_POINT('',(0.8,-80.5,-13.5));
#15556=CARTESIAN_POINT('',(0.,-80.5,-13.5));
#15557=CARTESIAN_POINT('',(0.,-80.5,-13.5));
#15558=CARTESIAN_POINT('',(0.,-76.5,-13.5));
#15559=CARTESIAN_POINT('',(0.,-80.5,-11.));
#15560=CARTESIAN_POINT('',(0.8,-80.5,-11.));
#15561=CARTESIAN_POINT('',(0.8,-78.,-11.));
#15562=CARTESIAN_POINT('',(0.,-78.,-11.));
#15563=CARTESIAN_POINT('',(0.,-78.,-11.));
#15564=CARTESIAN_POINT('',(0.,-80.5,-11.));
#15565=CARTESIAN_POINT('',(0.,-78.,11.));
#15566=CARTESIAN_POINT('',(0.8,-78.,-11.));
#15567=CARTESIAN_POINT('',(0.8,-78.,11.));
#15568=CARTESIAN_POINT('',(0.,-78.,11.));
#15569=CARTESIAN_POINT('',(0.,-78.,11.));
#15570=CARTESIAN_POINT('',(0.,-78.,13.));
#15571=CARTESIAN_POINT('',(0.,-80.5,11.));
#15572=CARTESIAN_POINT('',(0.8,-80.5,11.));
#15573=CARTESIAN_POINT('',(0.8,-80.5,13.5));
#15574=CARTESIAN_POINT('',(0.,-80.5,13.5));
#15575=CARTESIAN_POINT('',(0.,-80.5,13.5));
#15576=CARTESIAN_POINT('',(0.,-80.5,11.));
#15577=CARTESIAN_POINT('',(0.,-92.5,13.5));
#15578=CARTESIAN_POINT('',(0.8,-80.5,13.5));
#15579=CARTESIAN_POINT('',(0.,-82.5,13.5));
#15580=CARTESIAN_POINT('',(0.8,-72.5,0.));
#15581=CARTESIAN_POINT('',(0.8,-89.,-10.5));
#15582=CARTESIAN_POINT('',(0.8,-86.75,-10.5));
#15583=CARTESIAN_POINT('',(0.8,-89.,10.5));
#15584=CARTESIAN_POINT('',(0.8,-86.75,10.5));
#15585=CARTESIAN_POINT('',(0.,-72.5,-15.));
#15586=CARTESIAN_POINT('',(17.,-72.5,-15.));
#15587=CARTESIAN_POINT('',(17.,-72.5,-15.));
#15588=CARTESIAN_POINT('',(17.,-81.5,-15.));
#15589=CARTESIAN_POINT('',(9.,-81.5,-15.));
#15590=CARTESIAN_POINT('',(9.,-81.5,-15.));
#15591=CARTESIAN_POINT('',(9.,-96.5,-15.));
#15592=CARTESIAN_POINT('',(9.,-95.5,-15.));
#15593=CARTESIAN_POINT('',(0.,-95.5,-15.));
#15594=CARTESIAN_POINT('',(0.,-95.5,-15.));
#15595=CARTESIAN_POINT('',(0.,-72.5,-15.));
#15596=CARTESIAN_POINT('',(0.,-72.5,-15.));
#15597=CARTESIAN_POINT('',(18.,-72.5,-15.));
#15598=CARTESIAN_POINT('',(9.,-96.5,15.));
#15599=CARTESIAN_POINT('',(9.,-89.,-10.5));
#15600=CARTESIAN_POINT('',(9.,-86.,-10.5));
#15601=CARTESIAN_POINT('',(9.,-89.,10.5));
#15602=CARTESIAN_POINT('',(9.,-86.,10.5));
#15603=CARTESIAN_POINT('',(9.,-95.75,14.75));
#15604=CARTESIAN_POINT('',(9.,-95.5,15.));
#15605=CARTESIAN_POINT('',(9.,-96.5,14.));
#15606=CARTESIAN_POINT('',(9.,-96.5,15.));
#15607=CARTESIAN_POINT('',(9.,-96.5,-14.));
#15608=CARTESIAN_POINT('',(9.,-103.75,-6.75));
#15609=CARTESIAN_POINT('',(9.,-81.5,15.));
#15610=CARTESIAN_POINT('',(9.,-81.5,15.));
#15611=CARTESIAN_POINT('',(9.,-96.5,15.));
#15612=CARTESIAN_POINT('',(0.,-96.5,-14.));
#15613=CARTESIAN_POINT('',(0.,-96.5,-14.));
#15614=CARTESIAN_POINT('',(0.,-96.5,-14.));
#15615=CARTESIAN_POINT('',(0.,-97.75,-12.75));
#15616=CARTESIAN_POINT('',(0.,-72.5,15.));
#15617=CARTESIAN_POINT('',(0.,-89.75,20.75));
#15618=CARTESIAN_POINT('',(0.,-96.5,14.));
#15619=CARTESIAN_POINT('',(0.,-95.5,15.));
#15620=CARTESIAN_POINT('',(0.,-72.5,15.));
#15621=CARTESIAN_POINT('',(0.,-72.5,15.));
#15622=CARTESIAN_POINT('',(0.,-72.5,15.));
#15623=CARTESIAN_POINT('',(0.,-72.5,15.));
#15624=CARTESIAN_POINT('',(0.,-96.5,15.));
#15625=CARTESIAN_POINT('',(0.,-96.5,15.));
#15626=CARTESIAN_POINT('',(0.,-96.5,14.));
#15627=CARTESIAN_POINT('',(0.,-95.5,15.));
#15628=CARTESIAN_POINT('',(0.,-95.5,15.));
#15629=CARTESIAN_POINT('',(9.,-81.5,15.));
#15630=CARTESIAN_POINT('',(15.5,-81.5,16.5));
#15631=CARTESIAN_POINT('',(17.,-81.5,15.));
#15632=CARTESIAN_POINT('',(9.,-81.5,15.));
#15633=CARTESIAN_POINT('',(22.5,-81.5,-9.5));
#15634=CARTESIAN_POINT('',(17.,-72.5,-15.));
#15635=CARTESIAN_POINT('',(24.75,-72.5,-7.25));
#15636=CARTESIAN_POINT('',(18.,-72.5,15.));
#15637=CARTESIAN_POINT('',(17.75,-72.5,14.25));
#15638=CARTESIAN_POINT('',(17.,-72.5,15.));
#15639=CARTESIAN_POINT('',(18.,-72.5,15.));
#15640=CARTESIAN_POINT('',(0.,-72.5,15.));
#15641=CARTESIAN_POINT('',(17.,-72.5,15.));
#15642=CARTESIAN_POINT('',(18.,-72.5,14.));
#15643=CARTESIAN_POINT('',(7.5,-89.,-10.5));
#15644=CARTESIAN_POINT('',(3.9,-89.,-10.5));
#15645=CARTESIAN_POINT('',(0.9,-89.,-10.5));
#15646=CARTESIAN_POINT('',(7.5,-89.,10.5));
#15647=CARTESIAN_POINT('',(3.9,-89.,10.5));
#15648=CARTESIAN_POINT('',(0.9,-89.,10.5));
#15649=CARTESIAN_POINT('',(0.,0.,0.));
#15650=CARTESIAN_POINT('',(-73.,-9.,-12.5));
#15651=CARTESIAN_POINT('',(-73.,-17.,-17.118802153517));
#15652=CARTESIAN_POINT('',(-73.,-17.,-17.118802153517));
#15653=CARTESIAN_POINT('',(-73.,-17.,-7.88119784648299));
#15654=CARTESIAN_POINT('',(-73.,-9.,-21.737604307034));
#15655=CARTESIAN_POINT('',(-73.,-9.,-21.737604307034));
#15656=CARTESIAN_POINT('',(-73.,-1.,-17.118802153517));
#15657=CARTESIAN_POINT('',(-73.,-1.,-17.118802153517));
#15658=CARTESIAN_POINT('',(-73.,-1.,-7.88119784648299));
#15659=CARTESIAN_POINT('',(-73.,-1.,-7.88119784648299));
#15660=CARTESIAN_POINT('',(-73.,-9.,-3.26239569296599));
#15661=CARTESIAN_POINT('',(-73.,-9.,-3.26239569296599));
#15662=CARTESIAN_POINT('',(-73.,-17.,-7.88119784648299));
#15663=CARTESIAN_POINT('',(-73.,-9.,-12.5));
#15664=CARTESIAN_POINT('',(-73.,-5.5,-12.5));
#15665=CARTESIAN_POINT('',(-93.,-9.,-12.5));
#15666=CARTESIAN_POINT('',(-93.,-9.,-12.5));
#15667=CARTESIAN_POINT('',(-93.,-3.5,-12.5));
#15668=CARTESIAN_POINT('',(-93.,-9.,-12.5));
#15669=CARTESIAN_POINT('',(-93.,-5.5,-12.5));
#15670=CARTESIAN_POINT('',(-73.,-1.,-17.118802153517));
#15671=CARTESIAN_POINT('',(-76.,-1.,-14.8094010767585));
#15672=CARTESIAN_POINT('',(-76.,-1.,-17.118802153517));
#15673=CARTESIAN_POINT('',(-76.,-1.,-7.88119784648299));
#15674=CARTESIAN_POINT('',(-73.,-1.,-7.88119784648299));
#15675=CARTESIAN_POINT('',(-73.,-1.,-17.118802153517));
#15676=CARTESIAN_POINT('',(-73.,-9.,-21.737604307034));
#15677=CARTESIAN_POINT('',(-76.,-11.3125,-23.072726804535));
#15678=CARTESIAN_POINT('',(-76.,-9.,-21.737604307034));
#15679=CARTESIAN_POINT('',(-73.,-9.,-21.737604307034));
#15680=CARTESIAN_POINT('',(-73.,-17.,-17.118802153517));
#15681=CARTESIAN_POINT('',(-76.,-19.3125,-15.783679656016));
#15682=CARTESIAN_POINT('',(-76.,-17.,-17.118802153517));
#15683=CARTESIAN_POINT('',(-73.,-17.,-17.118802153517));
#15684=CARTESIAN_POINT('',(-73.,-17.,-7.88119784648299));
#15685=CARTESIAN_POINT('',(-76.,-17.,-10.1905989232415));
#15686=CARTESIAN_POINT('',(-76.,-17.,-7.88119784648299));
#15687=CARTESIAN_POINT('',(-73.,-17.,-7.88119784648299));
#15688=CARTESIAN_POINT('',(-73.,-1.,-7.88119784648299));
#15689=CARTESIAN_POINT('',(-76.,-7.3125,-4.23667427222348));
#15690=CARTESIAN_POINT('',(-76.,-9.,-3.26239569296599));
#15691=CARTESIAN_POINT('',(-73.,-9.,-3.26239569296599));
#15692=CARTESIAN_POINT('',(-73.,-1.,-7.88119784648299));
#15693=CARTESIAN_POINT('',(-86.5,-0.185417437700576,-8.35149730810374));
#15694=CARTESIAN_POINT('',(-86.5,-5.,-5.57179676972449));
#15695=CARTESIAN_POINT('',(-86.5,-9.,-3.26239569296599));
#15696=CARTESIAN_POINT('',(-73.,-9.,-3.26239569296599));
#15697=CARTESIAN_POINT('',(-83.5,-9.,-3.26239569296599));
#15698=CARTESIAN_POINT('',(-83.5,-0.418161764967644,-8.21712230810374));
#15699=CARTESIAN_POINT('',(-83.5,-1.,-7.88119784648299));
#15700=CARTESIAN_POINT('',(-73.,-1.,-7.88119784648299));
#15701=CARTESIAN_POINT('',(-86.5,-1.,-7.88119784648299));
#15702=CARTESIAN_POINT('',(-86.5,-0.185417437700576,-8.35149730810374));
#15703=CARTESIAN_POINT('',(-73.,-9.,-3.26239569296599));
#15704=CARTESIAN_POINT('',(-76.,-15.3125,-6.9069192672255));
#15705=CARTESIAN_POINT('',(-73.,-9.,-3.26239569296599));
#15706=CARTESIAN_POINT('',(-86.5,-13.8145825622994,-6.04209623134524));
#15707=CARTESIAN_POINT('',(-86.5,-13.,-5.57179676972449));
#15708=CARTESIAN_POINT('',(-86.5,-17.,-7.88119784648299));
#15709=CARTESIAN_POINT('',(-73.,-17.,-7.88119784648299));
#15710=CARTESIAN_POINT('',(-83.5,-17.,-7.88119784648299));
#15711=CARTESIAN_POINT('',(-83.5,-13.5818382350324,-5.90772123134524));
#15712=CARTESIAN_POINT('',(-86.5,-13.8145825622994,-6.04209623134524));
#15713=CARTESIAN_POINT('',(-80.5,-20.5,-12.5));
#15714=CARTESIAN_POINT('',(-80.5,-9.,-12.5));
#15715=CARTESIAN_POINT('',(-80.5,-16.,-12.5));
#15716=CARTESIAN_POINT('',(-80.5,-9.,-12.5));
#15717=CARTESIAN_POINT('',(-80.5,-9.,-20.35));
#15718=CARTESIAN_POINT('',(-76.,-20.5,-12.5));
#15719=CARTESIAN_POINT('',(-76.,-9.,-12.5));
#15720=CARTESIAN_POINT('',(-76.,-16.,-12.5));
#15721=CARTESIAN_POINT('',(-73.,-17.,-7.88119784648299));
#15722=CARTESIAN_POINT('',(-86.5,-17.,-16.6905989232415));
#15723=CARTESIAN_POINT('',(-86.5,-17.,-12.5));
#15724=CARTESIAN_POINT('',(-86.5,-17.,-17.118802153517));
#15725=CARTESIAN_POINT('',(-73.,-17.,-17.118802153517));
#15726=CARTESIAN_POINT('',(-83.5,-17.,-17.118802153517));
#15727=CARTESIAN_POINT('',(-83.5,-17.,-16.1530989232415));
#15728=CARTESIAN_POINT('',(-86.5,-17.,-16.6905989232415));
#15729=CARTESIAN_POINT('',(-83.5,-9.,-24.425));
#15730=CARTESIAN_POINT('',(-83.5,-9.,-12.5));
#15731=CARTESIAN_POINT('',(-83.5,-9.,-20.35));
#15732=CARTESIAN_POINT('',(-83.5,-12.4181617649676,-19.7641276918963));
#15733=CARTESIAN_POINT('',(-83.5,-9.,-21.737604307034));
#15734=CARTESIAN_POINT('',(-83.5,-9.58183823503236,-22.0735287686548));
#15735=CARTESIAN_POINT('',(-83.5,-1.,-17.118802153517));
#15736=CARTESIAN_POINT('',(-83.5,-1.,-20.7719010767585));
#15737=CARTESIAN_POINT('',(-73.,-1.,-17.118802153517));
#15738=CARTESIAN_POINT('',(-86.5,-1.,-21.3094010767585));
#15739=CARTESIAN_POINT('',(-86.5,-1.,-17.118802153517));
#15740=CARTESIAN_POINT('',(-86.5,-1.,-12.5));
#15741=CARTESIAN_POINT('',(-86.5,-1.,-21.3094010767585));
#15742=CARTESIAN_POINT('',(-73.,-1.,-17.118802153517));
#15743=CARTESIAN_POINT('',(-73.,-9.,-21.737604307034));
#15744=CARTESIAN_POINT('',(-86.5,-9.81458256229943,-22.2079037686548));
#15745=CARTESIAN_POINT('',(-86.5,-9.,-21.737604307034));
#15746=CARTESIAN_POINT('',(-86.5,-5.,-19.4282032302755));
#15747=CARTESIAN_POINT('',(-86.5,-9.81458256229943,-22.2079037686548));
#15748=CARTESIAN_POINT('',(-73.,-9.,-21.737604307034));
#15749=CARTESIAN_POINT('',(-73.,-17.,-17.118802153517));
#15750=CARTESIAN_POINT('',(-86.5,-12.1854174377006,-19.8985026918963));
#15751=CARTESIAN_POINT('',(-86.5,-13.,-19.4282032302755));
#15752=CARTESIAN_POINT('',(-86.5,-12.1854174377006,-19.8985026918963));
#15753=CARTESIAN_POINT('',(-86.5,-9.,-25.5));
#15754=CARTESIAN_POINT('',(-86.5,-9.,-12.5));
#15755=CARTESIAN_POINT('',(-86.5,-9.,-25.5));
#15756=CARTESIAN_POINT('',(-86.5,-9.,-12.5));
#15757=CARTESIAN_POINT('',(-86.5,-9.,-25.5));
#15758=CARTESIAN_POINT('',(-86.5,-9.,-12.5));
#15759=CARTESIAN_POINT('',(-86.5,-9.,-25.5));
#15760=CARTESIAN_POINT('',(-86.5,-9.,-12.5));
#15761=CARTESIAN_POINT('',(-86.5,-9.,-25.5));
#15762=CARTESIAN_POINT('',(-86.5,-9.,-12.5));
#15763=CARTESIAN_POINT('',(-86.5,-9.,-25.5));
#15764=CARTESIAN_POINT('',(-86.5,-9.,-12.5));
#15765=CARTESIAN_POINT('',(-93.,-9.,-12.5));
#15766=CARTESIAN_POINT('',(-88.5,-9.,-12.5));
#15767=CARTESIAN_POINT('',(-90.5,-9.,-12.5));
#15768=CARTESIAN_POINT('',(-90.5,-9.,-20.5));
#15769=CARTESIAN_POINT('',(-90.5,-9.,-12.5));
#15770=CARTESIAN_POINT('',(-82.,-9.,-12.5));
#15771=CARTESIAN_POINT('',(-78.25,-9.,-12.5));
#15772=CARTESIAN_POINT('',(0.,0.,0.));
#15773=CARTESIAN_POINT('',(-18.,-81.5,-15.));
#15774=CARTESIAN_POINT('',(-18.,-77.,-14.));
#15775=CARTESIAN_POINT('',(-18.,-72.5,-14.));
#15776=CARTESIAN_POINT('',(-18.,-81.5,-14.));
#15777=CARTESIAN_POINT('',(-18.,-81.5,-15.));
#15778=CARTESIAN_POINT('',(-18.,-81.5,14.));
#15779=CARTESIAN_POINT('',(-18.,-77.,14.));
#15780=CARTESIAN_POINT('',(-18.,-72.5,14.));
#15781=CARTESIAN_POINT('',(-18.,-72.5,-15.));
#15782=CARTESIAN_POINT('',(-16.5,-72.5,0.));
#15783=CARTESIAN_POINT('',(-16.5,-59.4489726027397,-6.7));
#15784=CARTESIAN_POINT('',(-16.5,-59.4489726027397,-10.7));
#15785=CARTESIAN_POINT('',(-16.5,-59.4489726027397,-6.7));
#15786=CARTESIAN_POINT('',(-16.5,-59.4489726027397,-10.7));
#15787=CARTESIAN_POINT('',(-16.5,-72.5,-10.7));
#15788=CARTESIAN_POINT('',(-16.5,-72.5,-7.5));
#15789=CARTESIAN_POINT('',(-16.5,-72.5,-6.7));
#15790=CARTESIAN_POINT('',(-16.5,-72.5,-6.7));
#15791=CARTESIAN_POINT('',(0.,-72.5,-10.7));
#15792=CARTESIAN_POINT('',(0.,-59.4489726027397,-10.7));
#15793=CARTESIAN_POINT('',(0.,-59.4489726027397,-10.7));
#15794=CARTESIAN_POINT('',(0.,-59.4489726027397,-10.7));
#15795=CARTESIAN_POINT('',(0.,-72.5,-10.7));
#15796=CARTESIAN_POINT('',(-9.,-72.5,-10.7));
#15797=CARTESIAN_POINT('',(0.,-59.4489726027397,-6.7));
#15798=CARTESIAN_POINT('',(-9.,-72.5,-6.7));
#15799=CARTESIAN_POINT('',(0.,-72.5,-6.7));
#15800=CARTESIAN_POINT('',(0.,-72.5,-6.7));
#15801=CARTESIAN_POINT('',(0.,-59.4489726027397,-6.7));
#15802=CARTESIAN_POINT('',(0.,-59.4489726027397,-6.7));
#15803=CARTESIAN_POINT('',(0.,-59.4489726027397,-10.7));
#15804=CARTESIAN_POINT('',(0.,-59.4489726027397,-6.7));
#15805=CARTESIAN_POINT('',(-1.8,-87.0645,10.5));
#15806=CARTESIAN_POINT('',(-1.8,-89.,-10.5));
#15807=CARTESIAN_POINT('',(-1.8,-89.,-8.879));
#15808=CARTESIAN_POINT('',(-1.8,-89.,-10.5));
#15809=CARTESIAN_POINT('',(-1.8,-89.,-8.25));
#15810=CARTESIAN_POINT('',(-6.,-86.6895,10.5));
#15811=CARTESIAN_POINT('',(-6.,-89.,-10.5));
#15812=CARTESIAN_POINT('',(-6.00000000000001,-86.,-10.5));
#15813=CARTESIAN_POINT('',(-6.,-89.,-10.5));
#15814=CARTESIAN_POINT('',(-6.,-87.379,-10.5));
#15815=CARTESIAN_POINT('',(-1.8,-87.0645,10.5));
#15816=CARTESIAN_POINT('',(-1.8,-89.,10.5));
#15817=CARTESIAN_POINT('',(-1.8,-87.379,10.5));
#15818=CARTESIAN_POINT('',(-1.8,-89.,10.5));
#15819=CARTESIAN_POINT('',(-1.8,-86.75,10.5));
#15820=CARTESIAN_POINT('',(-6.,-86.6895,10.5));
#15821=CARTESIAN_POINT('',(-6.,-89.,10.5));
#15822=CARTESIAN_POINT('',(-6.,-86.,10.5));
#15823=CARTESIAN_POINT('',(-6.,-89.,10.5));
#15824=CARTESIAN_POINT('',(-6.,-87.379,10.5));
#15825=CARTESIAN_POINT('',(0.,-92.5,-11.));
#15826=CARTESIAN_POINT('',(-0.8,-92.5,-11.));
#15827=CARTESIAN_POINT('',(-0.8,-95.,-11.));
#15828=CARTESIAN_POINT('',(-0.8,-92.5,-13.5));
#15829=CARTESIAN_POINT('',(0.,-95.,-11.));
#15830=CARTESIAN_POINT('',(0.,-95.,-11.));
#15831=CARTESIAN_POINT('',(0.,-92.5,-11.));
#15832=CARTESIAN_POINT('',(0.,-92.5,-13.5));
#15833=CARTESIAN_POINT('',(0.,-92.5,-13.5));
#15834=CARTESIAN_POINT('',(0.,-95.,11.));
#15835=CARTESIAN_POINT('',(-0.8,-95.,-11.));
#15836=CARTESIAN_POINT('',(-0.8,-95.,11.));
#15837=CARTESIAN_POINT('',(0.,-95.,11.));
#15838=CARTESIAN_POINT('',(0.,-95.,11.));
#15839=CARTESIAN_POINT('',(0.,-95.,-2.));
#15840=CARTESIAN_POINT('',(0.,-92.5,11.));
#15841=CARTESIAN_POINT('',(-0.8,-92.5,11.));
#15842=CARTESIAN_POINT('',(-0.8,-92.5,13.5));
#15843=CARTESIAN_POINT('',(0.,-92.5,13.5));
#15844=CARTESIAN_POINT('',(0.,-92.5,13.5));
#15845=CARTESIAN_POINT('',(0.,-92.5,11.));
#15846=CARTESIAN_POINT('',(0.,-80.5,13.5));
#15847=CARTESIAN_POINT('',(-0.8,-92.5,13.5));
#15848=CARTESIAN_POINT('',(-0.8,-80.5,13.5));
#15849=CARTESIAN_POINT('',(0.,-80.5,13.5));
#15850=CARTESIAN_POINT('',(0.,-80.5,13.5));
#15851=CARTESIAN_POINT('',(0.,-76.5,13.5));
#15852=CARTESIAN_POINT('',(0.,-80.5,11.));
#15853=CARTESIAN_POINT('',(-0.8,-80.5,11.));
#15854=CARTESIAN_POINT('',(-0.8,-78.,11.));
#15855=CARTESIAN_POINT('',(0.,-78.,11.));
#15856=CARTESIAN_POINT('',(0.,-78.,11.));
#15857=CARTESIAN_POINT('',(0.,-80.5,11.));
#15858=CARTESIAN_POINT('',(0.,-78.,-11.));
#15859=CARTESIAN_POINT('',(-0.8,-78.,11.));
#15860=CARTESIAN_POINT('',(-0.8,-78.,-11.));
#15861=CARTESIAN_POINT('',(0.,-78.,-11.));
#15862=CARTESIAN_POINT('',(0.,-78.,-11.));
#15863=CARTESIAN_POINT('',(0.,-78.,-13.));
#15864=CARTESIAN_POINT('',(0.,-80.5,-11.));
#15865=CARTESIAN_POINT('',(-0.8,-80.5,-11.));
#15866=CARTESIAN_POINT('',(-0.8,-80.5,-13.5));
#15867=CARTESIAN_POINT('',(0.,-80.5,-13.5));
#15868=CARTESIAN_POINT('',(0.,-80.5,-13.5));
#15869=CARTESIAN_POINT('',(0.,-80.5,-11.));
#15870=CARTESIAN_POINT('',(0.,-92.5,-13.5));
#15871=CARTESIAN_POINT('',(-0.8,-80.5,-13.5));
#15872=CARTESIAN_POINT('',(0.,-82.5,-13.5));
#15873=CARTESIAN_POINT('',(-0.8,-72.5,0.));
#15874=CARTESIAN_POINT('',(-0.8,-89.,10.5));
#15875=CARTESIAN_POINT('',(-0.8,-86.75,10.5));
#15876=CARTESIAN_POINT('',(-0.8,-89.,-10.5));
#15877=CARTESIAN_POINT('',(-0.8,-86.75,-10.5));
#15878=CARTESIAN_POINT('',(0.,-72.5,15.));
#15879=CARTESIAN_POINT('',(-17.,-72.5,15.));
#15880=CARTESIAN_POINT('',(-17.,-72.5,15.));
#15881=CARTESIAN_POINT('',(-17.,-81.5,15.));
#15882=CARTESIAN_POINT('',(-9.,-81.5,15.));
#15883=CARTESIAN_POINT('',(-9.,-81.5,15.));
#15884=CARTESIAN_POINT('',(-9.,-96.5,15.));
#15885=CARTESIAN_POINT('',(-9.,-95.5,15.));
#15886=CARTESIAN_POINT('',(0.,-95.5,15.));
#15887=CARTESIAN_POINT('',(0.,-95.5,15.));
#15888=CARTESIAN_POINT('',(0.,-72.5,15.));
#15889=CARTESIAN_POINT('',(0.,-72.5,15.));
#15890=CARTESIAN_POINT('',(-18.,-72.5,15.));
#15891=CARTESIAN_POINT('',(-9.,-96.5,-15.));
#15892=CARTESIAN_POINT('',(-9.,-89.,10.5));
#15893=CARTESIAN_POINT('',(-9.,-86.,10.5));
#15894=CARTESIAN_POINT('',(-9.,-89.,-10.5));
#15895=CARTESIAN_POINT('',(-9.,-86.,-10.5));
#15896=CARTESIAN_POINT('',(-9.,-95.75,-14.75));
#15897=CARTESIAN_POINT('',(-9.,-95.5,-15.));
#15898=CARTESIAN_POINT('',(-9.,-96.5,-14.));
#15899=CARTESIAN_POINT('',(-9.,-96.5,-15.));
#15900=CARTESIAN_POINT('',(-9.,-96.5,14.));
#15901=CARTESIAN_POINT('',(-9.,-103.75,6.75));
#15902=CARTESIAN_POINT('',(-9.,-81.5,-15.));
#15903=CARTESIAN_POINT('',(-9.,-81.5,-15.));
#15904=CARTESIAN_POINT('',(-9.,-96.5,-15.));
#15905=CARTESIAN_POINT('',(0.,-96.5,14.));
#15906=CARTESIAN_POINT('',(0.,-96.5,14.));
#15907=CARTESIAN_POINT('',(0.,-96.5,14.));
#15908=CARTESIAN_POINT('',(0.,-97.75,12.75));
#15909=CARTESIAN_POINT('',(0.,-72.5,-15.));
#15910=CARTESIAN_POINT('',(0.,-89.75,-20.75));
#15911=CARTESIAN_POINT('',(0.,-96.5,-14.));
#15912=CARTESIAN_POINT('',(0.,-95.5,-15.));
#15913=CARTESIAN_POINT('',(0.,-72.5,-15.));
#15914=CARTESIAN_POINT('',(0.,-72.5,-15.));
#15915=CARTESIAN_POINT('',(0.,-72.5,-15.));
#15916=CARTESIAN_POINT('',(0.,-72.5,-15.));
#15917=CARTESIAN_POINT('',(0.,-96.5,-15.));
#15918=CARTESIAN_POINT('',(0.,-96.5,-15.));
#15919=CARTESIAN_POINT('',(0.,-96.5,-14.));
#15920=CARTESIAN_POINT('',(0.,-95.5,-15.));
#15921=CARTESIAN_POINT('',(0.,-95.5,-15.));
#15922=CARTESIAN_POINT('',(-9.,-81.5,-15.));
#15923=CARTESIAN_POINT('',(-15.5,-81.5,-16.5));
#15924=CARTESIAN_POINT('',(-17.,-81.5,-15.));
#15925=CARTESIAN_POINT('',(-9.,-81.5,-15.));
#15926=CARTESIAN_POINT('',(-22.5,-81.5,9.5));
#15927=CARTESIAN_POINT('',(-17.,-72.5,15.));
#15928=CARTESIAN_POINT('',(-24.75,-72.5,7.25));
#15929=CARTESIAN_POINT('',(-18.,-72.5,-15.));
#15930=CARTESIAN_POINT('',(-17.75,-72.5,-14.25));
#15931=CARTESIAN_POINT('',(-17.,-72.5,-15.));
#15932=CARTESIAN_POINT('',(-18.,-72.5,-15.));
#15933=CARTESIAN_POINT('',(0.,-72.5,-15.));
#15934=CARTESIAN_POINT('',(-17.,-72.5,-15.));
#15935=CARTESIAN_POINT('',(-18.,-72.5,-14.));
#15936=CARTESIAN_POINT('',(-7.5,-89.,10.5));
#15937=CARTESIAN_POINT('',(-3.9,-89.,10.5));
#15938=CARTESIAN_POINT('',(-0.9,-89.,10.5));
#15939=CARTESIAN_POINT('',(-7.5,-89.,-10.5));
#15940=CARTESIAN_POINT('',(-3.9,-89.,-10.5));
#15941=CARTESIAN_POINT('',(-0.9,-89.,-10.5));
#15942=CARTESIAN_POINT('',(0.,0.,0.));
#15943=CARTESIAN_POINT('',(52.,0.,25.));
#15944=CARTESIAN_POINT('',(48.,0.,-21.));
#15945=CARTESIAN_POINT('',(48.,0.,-19.3));
#15946=CARTESIAN_POINT('',(-62.,0.,21.));
#15947=CARTESIAN_POINT('',(-62.,0.,22.7));
#15948=CARTESIAN_POINT('',(-62.,0.,-21.));
#15949=CARTESIAN_POINT('',(-62.,0.,-19.3));
#15950=CARTESIAN_POINT('',(48.,0.,21.));
#15951=CARTESIAN_POINT('',(48.,0.,22.7));
#15952=CARTESIAN_POINT('',(-69.,0.,21.));
#15953=CARTESIAN_POINT('',(-72.25,0.,21.));
#15954=CARTESIAN_POINT('',(-18.5,0.,6.5));
#15955=CARTESIAN_POINT('',(-21.75,0.,6.5));
#15956=CARTESIAN_POINT('',(-31.5,0.,-6.5));
#15957=CARTESIAN_POINT('',(-34.75,0.,-6.5));
#15958=CARTESIAN_POINT('',(-69.,0.,-21.));
#15959=CARTESIAN_POINT('',(-72.25,0.,-21.));
#15960=CARTESIAN_POINT('',(-25.,0.,0.));
#15961=CARTESIAN_POINT('',(-27.4585,0.,-6.02138944174514E-16));
#15962=CARTESIAN_POINT('',(25.,0.,0.));
#15963=CARTESIAN_POINT('',(22.5415,0.,-6.02138944174514E-16));
#15964=CARTESIAN_POINT('',(35.,0.,0.));
#15965=CARTESIAN_POINT('',(32.,0.,-7.34763812293653E-16));
#15966=CARTESIAN_POINT('',(17.7,0.,-17.7));
#15967=CARTESIAN_POINT('',(14.7,0.,-17.7));
#15968=CARTESIAN_POINT('',(0.,0.,0.));
#15969=CARTESIAN_POINT('',(-3.,0.,-7.34763812293425E-16));
#15970=CARTESIAN_POINT('',(-72.5,0.,25.));
#15971=CARTESIAN_POINT('',(-72.5,0.,-24.5));
#15972=CARTESIAN_POINT('',(-72.5,0.,24.5));
#15973=CARTESIAN_POINT('',(62.5,0.,24.5));
#15974=CARTESIAN_POINT('',(-58.,0.,24.5));
#15975=CARTESIAN_POINT('',(-58.,0.,23.));
#15976=CARTESIAN_POINT('',(-58.,0.,21.));
#15977=CARTESIAN_POINT('',(-62.,0.,21.));
#15978=CARTESIAN_POINT('',(-62.,0.,17.));
#15979=CARTESIAN_POINT('',(-7.,0.,17.));
#15980=CARTESIAN_POINT('',(-66.,0.,17.));
#15981=CARTESIAN_POINT('',(-66.,0.,13.));
#15982=CARTESIAN_POINT('',(-70.,0.,13.));
#15983=CARTESIAN_POINT('',(-70.,0.,6.));
#15984=CARTESIAN_POINT('',(-70.,0.,-13.));
#15985=CARTESIAN_POINT('',(-66.,0.,-13.));
#15986=CARTESIAN_POINT('',(-66.,0.,-17.));
#15987=CARTESIAN_POINT('',(0.921572875253808,0.,-17.));
#15988=CARTESIAN_POINT('',(-50.1568542494924,0.,-17.));
#15989=CARTESIAN_POINT('',(-50.1568542494924,0.,-13.));
#15990=CARTESIAN_POINT('',(-47.3284271247462,0.,-15.8284271247462));
#15991=CARTESIAN_POINT('',(0.53921356237309,0.,32.0392135623731));
#15992=CARTESIAN_POINT('',(-21.6715728752538,0.,9.82842712474619));
#15993=CARTESIAN_POINT('',(-18.8431457505076,0.,7.));
#15994=CARTESIAN_POINT('',(-18.8431457505076,0.,11.));
#15995=CARTESIAN_POINT('',(33.,0.,11.));
#15996=CARTESIAN_POINT('',(14.,0.,11.));
#15997=CARTESIAN_POINT('',(14.,0.,15.));
#15998=CARTESIAN_POINT('',(18.,0.,15.));
#15999=CARTESIAN_POINT('',(18.,0.,25.));
#16000=CARTESIAN_POINT('',(18.,0.,24.5));
#16001=CARTESIAN_POINT('',(62.5,0.,24.5));
#16002=CARTESIAN_POINT('',(52.,0.,24.5));
#16003=CARTESIAN_POINT('',(52.,0.,25.));
#16004=CARTESIAN_POINT('',(52.,0.,-24.5));
#16005=CARTESIAN_POINT('',(62.5,0.,-24.5));
#16006=CARTESIAN_POINT('',(73.,-72.5,25.));
#16007=CARTESIAN_POINT('',(73.,-36.25,24.6464466094067));
#16008=CARTESIAN_POINT('',(73.,-21.,24.6464466094067));
#16009=CARTESIAN_POINT('',(73.,-72.5,24.6464466094067));
#16010=CARTESIAN_POINT('',(73.,-72.5,25.));
#16011=CARTESIAN_POINT('',(73.,-72.5,24.));
#16012=CARTESIAN_POINT('',(73.,-61.25,24.));
#16013=CARTESIAN_POINT('',(73.,-50.,24.));
#16014=CARTESIAN_POINT('',(73.,-50.,19.));
#16015=CARTESIAN_POINT('',(73.,-45.,19.));
#16016=CARTESIAN_POINT('',(73.,-45.,3.));
#16017=CARTESIAN_POINT('',(73.,-45.,-19.));
#16018=CARTESIAN_POINT('',(73.,-50.,-19.));
#16019=CARTESIAN_POINT('',(73.,-50.,-24.));
#16020=CARTESIAN_POINT('',(73.,-72.5,-24.));
#16021=CARTESIAN_POINT('',(73.,-72.5,-24.));
#16022=CARTESIAN_POINT('',(73.,-72.5,25.));
#16023=CARTESIAN_POINT('',(73.,-72.5,-24.6464466094067));
#16024=CARTESIAN_POINT('',(73.,-36.25,-24.6464466094067));
#16025=CARTESIAN_POINT('',(73.,-21.,-24.6464466094067));
#16026=CARTESIAN_POINT('',(73.,-21.,25.));
#16027=CARTESIAN_POINT('',(0.,-0.5,22.5));
#16028=CARTESIAN_POINT('',(-69.,-0.5,21.));
#16029=CARTESIAN_POINT('',(-69.,-0.5,18.75));
#16030=CARTESIAN_POINT('',(-17.2254809471616,-0.5,52.3354081852937));
#16031=CARTESIAN_POINT('',(-69.,-0.5,22.4433756729741));
#16032=CARTESIAN_POINT('',(-70.25,-0.5,21.721687836487));
#16033=CARTESIAN_POINT('',(-70.25,-0.5,22.5));
#16034=CARTESIAN_POINT('',(-70.25,-0.5,20.278312163513));
#16035=CARTESIAN_POINT('',(-18.5245190528384,-0.5,-9.5854081852937));
#16036=CARTESIAN_POINT('',(-69.,-0.5,19.556624327026));
#16037=CARTESIAN_POINT('',(-15.9754809471617,-0.5,50.1703446758326));
#16038=CARTESIAN_POINT('',(-67.75,-0.5,20.278312163513));
#16039=CARTESIAN_POINT('',(-67.75,-0.5,22.5));
#16040=CARTESIAN_POINT('',(-67.75,-0.5,21.721687836487));
#16041=CARTESIAN_POINT('',(-17.2745190528383,-0.5,-7.42034467583256));
#16042=CARTESIAN_POINT('',(-72.,-3.5,-21.));
#16043=CARTESIAN_POINT('',(-69.,-3.5,21.));
#16044=CARTESIAN_POINT('',(-69.,-3.5,17.75));
#16045=CARTESIAN_POINT('',(-69.,-3.5,21.));
#16046=CARTESIAN_POINT('',(-69.,-3.5,18.25));
#16047=CARTESIAN_POINT('',(0.,-0.5,22.5));
#16048=CARTESIAN_POINT('',(-18.5,-0.5,6.5));
#16049=CARTESIAN_POINT('',(-18.5,-0.5,4.25));
#16050=CARTESIAN_POINT('',(1.67820323027551,-0.5,19.5932667397366));
#16051=CARTESIAN_POINT('',(-18.5,-0.5,7.94337567297406));
#16052=CARTESIAN_POINT('',(-19.75,-0.5,7.22168783648703));
#16053=CARTESIAN_POINT('',(-19.75,-0.5,22.5));
#16054=CARTESIAN_POINT('',(-19.75,-0.5,5.77831216351297));
#16055=CARTESIAN_POINT('',(-12.1782032302755,-0.5,1.4067332602634));
#16056=CARTESIAN_POINT('',(-18.5,-0.5,5.05662432702594));
#16057=CARTESIAN_POINT('',(2.92820323027551,-0.5,17.4282032302755));
#16058=CARTESIAN_POINT('',(-17.25,-0.5,5.77831216351297));
#16059=CARTESIAN_POINT('',(-17.25,-0.5,22.5));
#16060=CARTESIAN_POINT('',(-17.25,-0.5,7.22168783648703));
#16061=CARTESIAN_POINT('',(-10.9282032302755,-0.5,3.57179676972449));
#16062=CARTESIAN_POINT('',(-72.,-3.5,-21.));
#16063=CARTESIAN_POINT('',(-18.5,-3.5,6.5));
#16064=CARTESIAN_POINT('',(-18.5,-3.5,3.25));
#16065=CARTESIAN_POINT('',(-18.5,-3.5,6.5));
#16066=CARTESIAN_POINT('',(-18.5,-3.5,3.75));
#16067=CARTESIAN_POINT('',(0.,-0.5,22.5));
#16068=CARTESIAN_POINT('',(-31.5,-0.5,-6.5));
#16069=CARTESIAN_POINT('',(-31.5,-0.5,-8.75));
#16070=CARTESIAN_POINT('',(4.05736835487436,-0.5,15.4724318643354));
#16071=CARTESIAN_POINT('',(-31.5,-0.5,-5.05662432702594));
#16072=CARTESIAN_POINT('',(-32.75,-0.5,-5.77831216351297));
#16073=CARTESIAN_POINT('',(-32.75,-0.5,22.5));
#16074=CARTESIAN_POINT('',(-32.75,-0.5,-7.22168783648703));
#16075=CARTESIAN_POINT('',(-21.0573683548744,-0.5,-13.9724318643355));
#16076=CARTESIAN_POINT('',(-31.5,-0.5,-7.94337567297406));
#16077=CARTESIAN_POINT('',(5.30736835487436,-0.5,13.3073683548743));
#16078=CARTESIAN_POINT('',(-30.25,-0.5,-7.22168783648703));
#16079=CARTESIAN_POINT('',(-30.25,-0.5,22.5));
#16080=CARTESIAN_POINT('',(-30.25,-0.5,-5.77831216351297));
#16081=CARTESIAN_POINT('',(-19.8073683548744,-0.5,-11.8073683548744));
#16082=CARTESIAN_POINT('',(-72.,-3.5,-21.));
#16083=CARTESIAN_POINT('',(-31.5,-3.5,-6.5));
#16084=CARTESIAN_POINT('',(-31.5,-3.5,-9.75));
#16085=CARTESIAN_POINT('',(-31.5,-3.5,-6.5));
#16086=CARTESIAN_POINT('',(-31.5,-3.5,-9.25));
#16087=CARTESIAN_POINT('',(0.,-0.5,22.5));
#16088=CARTESIAN_POINT('',(-69.,-0.5,-21.));
#16089=CARTESIAN_POINT('',(-69.,-0.5,-23.25));
#16090=CARTESIAN_POINT('',(0.961052532311559,-0.5,20.8354081852937));
#16091=CARTESIAN_POINT('',(-69.,-0.5,-19.5566243270259));
#16092=CARTESIAN_POINT('',(-70.25,-0.5,-20.278312163513));
#16093=CARTESIAN_POINT('',(-70.25,-0.5,22.5));
#16094=CARTESIAN_POINT('',(-70.25,-0.5,-21.721687836487));
#16095=CARTESIAN_POINT('',(-36.7110525323115,-0.5,-41.0854081852937));
#16096=CARTESIAN_POINT('',(-69.,-0.5,-22.4433756729741));
#16097=CARTESIAN_POINT('',(2.21105253231153,-0.5,18.6703446758326));
#16098=CARTESIAN_POINT('',(-67.75,-0.5,-21.721687836487));
#16099=CARTESIAN_POINT('',(-67.75,-0.5,22.5));
#16100=CARTESIAN_POINT('',(-67.75,-0.5,-20.278312163513));
#16101=CARTESIAN_POINT('',(-35.4610525323115,-0.5,-38.9203446758325));
#16102=CARTESIAN_POINT('',(-72.,-3.5,-21.));
#16103=CARTESIAN_POINT('',(-69.,-3.5,-21.));
#16104=CARTESIAN_POINT('',(-72.25,-3.5,-21.));
#16105=CARTESIAN_POINT('',(-69.,-3.5,-21.));
#16106=CARTESIAN_POINT('',(-71.75,-3.5,-21.));
#16107=CARTESIAN_POINT('',(67.875,-21.,-21.));
#16108=CARTESIAN_POINT('',(69.,-21.,21.));
#16109=CARTESIAN_POINT('',(69.,-21.,18.75));
#16110=CARTESIAN_POINT('',(49.3447165205268,-21.,11.0953924651018));
#16111=CARTESIAN_POINT('',(69.,-21.,22.4433756729741));
#16112=CARTESIAN_POINT('',(67.75,-21.,21.721687836487));
#16113=CARTESIAN_POINT('',(67.75,-21.,-21.));
#16114=CARTESIAN_POINT('',(67.75,-21.,20.278312163513));
#16115=CARTESIAN_POINT('',(85.7177834794732,-21.,9.90460753489818));
#16116=CARTESIAN_POINT('',(69.,-21.,19.556624327026));
#16117=CARTESIAN_POINT('',(50.5947165205268,-21.,8.93032895564074));
#16118=CARTESIAN_POINT('',(70.25,-21.,20.278312163513));
#16119=CARTESIAN_POINT('',(70.25,-21.,-21.));
#16120=CARTESIAN_POINT('',(70.25,-21.,21.721687836487));
#16121=CARTESIAN_POINT('',(86.9677834794732,-21.,12.0696710443593));
#16122=CARTESIAN_POINT('',(66.,-24.,-21.));
#16123=CARTESIAN_POINT('',(69.,-24.,21.));
#16124=CARTESIAN_POINT('',(69.,-24.,17.75));
#16125=CARTESIAN_POINT('',(69.,-24.,21.));
#16126=CARTESIAN_POINT('',(69.,-24.,18.25));
#16127=CARTESIAN_POINT('',(67.875,-21.,-21.));
#16128=CARTESIAN_POINT('',(69.,-21.,-21.));
#16129=CARTESIAN_POINT('',(66.75,-21.,-21.));
#16130=CARTESIAN_POINT('',(67.640625,-21.,-20.3414598492056));
#16131=CARTESIAN_POINT('',(69.,-21.,-19.5566243270259));
#16132=CARTESIAN_POINT('',(67.75,-21.,-20.278312163513));
#16133=CARTESIAN_POINT('',(67.75,-21.,-21.));
#16134=CARTESIAN_POINT('',(67.75,-21.,-21.721687836487));
#16135=CARTESIAN_POINT('',(68.265625,-21.,-22.0193840690379));
#16136=CARTESIAN_POINT('',(69.,-21.,-22.4433756729741));
#16137=CARTESIAN_POINT('',(69.515625,-21.,-22.1456794404232));
#16138=CARTESIAN_POINT('',(70.25,-21.,-21.721687836487));
#16139=CARTESIAN_POINT('',(70.25,-21.,-21.));
#16140=CARTESIAN_POINT('',(70.25,-21.,-20.278312163513));
#16141=CARTESIAN_POINT('',(68.890625,-21.,-19.4934766413333));
#16142=CARTESIAN_POINT('',(66.,-24.,-21.));
#16143=CARTESIAN_POINT('',(69.,-24.,-21.));
#16144=CARTESIAN_POINT('',(65.75,-24.,-21.));
#16145=CARTESIAN_POINT('',(69.,-24.,-21.));
#16146=CARTESIAN_POINT('',(66.25,-24.,-21.));
#16147=CARTESIAN_POINT('',(0.,-1.,0.));
#16148=CARTESIAN_POINT('',(-70.25,-1.,21.721687836487));
#16149=CARTESIAN_POINT('',(-70.25,-1.,21.721687836487));
#16150=CARTESIAN_POINT('',(-69.,-1.,22.4433756729741));
#16151=CARTESIAN_POINT('',(-69.,-1.,22.4433756729741));
#16152=CARTESIAN_POINT('',(-67.75,-1.,21.721687836487));
#16153=CARTESIAN_POINT('',(-67.75,-1.,0.));
#16154=CARTESIAN_POINT('',(-67.75,-1.,20.278312163513));
#16155=CARTESIAN_POINT('',(-67.75,-1.,20.278312163513));
#16156=CARTESIAN_POINT('',(-69.,-1.,19.5566243270259));
#16157=CARTESIAN_POINT('',(-69.,-1.,19.5566243270259));
#16158=CARTESIAN_POINT('',(-70.25,-1.,20.278312163513));
#16159=CARTESIAN_POINT('',(-70.25,-1.,0.));
#16160=CARTESIAN_POINT('',(-70.25,1.,-21.721687836487));
#16161=CARTESIAN_POINT('',(-70.25,1.,21.721687836487));
#16162=CARTESIAN_POINT('',(-70.25,1.,20.278312163513));
#16163=CARTESIAN_POINT('',(-69.,1.,19.5566243270259));
#16164=CARTESIAN_POINT('',(-69.,1.,19.5566243270259));
#16165=CARTESIAN_POINT('',(-70.25,1.,21.721687836487));
#16166=CARTESIAN_POINT('',(-69.,1.,22.4433756729741));
#16167=CARTESIAN_POINT('',(-69.,1.,22.4433756729741));
#16168=CARTESIAN_POINT('',(-67.75,1.,21.721687836487));
#16169=CARTESIAN_POINT('',(-67.75,1.,-20.278312163513));
#16170=CARTESIAN_POINT('',(-67.75,1.,20.278312163513));
#16171=CARTESIAN_POINT('',(-67.75,1.,20.278312163513));
#16172=CARTESIAN_POINT('',(0.,-1.,0.));
#16173=CARTESIAN_POINT('',(-70.25,-1.,-20.278312163513));
#16174=CARTESIAN_POINT('',(-70.25,-1.,-20.278312163513));
#16175=CARTESIAN_POINT('',(-69.,-1.,-19.5566243270259));
#16176=CARTESIAN_POINT('',(-69.,-1.,-19.5566243270259));
#16177=CARTESIAN_POINT('',(-67.75,-1.,-20.278312163513));
#16178=CARTESIAN_POINT('',(-67.75,-1.,-20.278312163513));
#16179=CARTESIAN_POINT('',(-67.75,-1.,-21.721687836487));
#16180=CARTESIAN_POINT('',(-67.75,-1.,-21.721687836487));
#16181=CARTESIAN_POINT('',(-69.,-1.,-22.4433756729741));
#16182=CARTESIAN_POINT('',(-69.,-1.,-22.4433756729741));
#16183=CARTESIAN_POINT('',(-70.25,-1.,-21.721687836487));
#16184=CARTESIAN_POINT('',(-70.25,-1.,-21.721687836487));
#16185=CARTESIAN_POINT('',(-70.25,1.,-21.721687836487));
#16186=CARTESIAN_POINT('',(-70.25,1.,-20.278312163513));
#16187=CARTESIAN_POINT('',(-70.25,1.,-21.721687836487));
#16188=CARTESIAN_POINT('',(-69.,1.,-22.4433756729741));
#16189=CARTESIAN_POINT('',(-69.,1.,-22.4433756729741));
#16190=CARTESIAN_POINT('',(-70.25,1.,-20.278312163513));
#16191=CARTESIAN_POINT('',(-69.,1.,-19.5566243270259));
#16192=CARTESIAN_POINT('',(-69.,1.,-19.5566243270259));
#16193=CARTESIAN_POINT('',(-67.75,1.,-20.278312163513));
#16194=CARTESIAN_POINT('',(-67.75,1.,-20.278312163513));
#16195=CARTESIAN_POINT('',(-67.75,1.,-21.721687836487));
#16196=CARTESIAN_POINT('',(-67.75,1.,-21.721687836487));
#16197=CARTESIAN_POINT('',(0.,-21.5,0.));
#16198=CARTESIAN_POINT('',(67.75,-21.5,-20.278312163513));
#16199=CARTESIAN_POINT('',(67.75,-21.5,-20.278312163513));
#16200=CARTESIAN_POINT('',(69.,-21.5,-19.5566243270259));
#16201=CARTESIAN_POINT('',(69.,-21.5,-19.5566243270259));
#16202=CARTESIAN_POINT('',(70.25,-21.5,-20.278312163513));
#16203=CARTESIAN_POINT('',(70.25,-21.5,0.));
#16204=CARTESIAN_POINT('',(70.25,-21.5,-21.721687836487));
#16205=CARTESIAN_POINT('',(70.25,-21.5,-21.721687836487));
#16206=CARTESIAN_POINT('',(69.,-21.5,-22.4433756729741));
#16207=CARTESIAN_POINT('',(69.,-21.5,-22.4433756729741));
#16208=CARTESIAN_POINT('',(67.75,-21.5,-21.721687836487));
#16209=CARTESIAN_POINT('',(67.75,-21.5,0.));
#16210=CARTESIAN_POINT('',(67.75,21.5,20.278312163513));
#16211=CARTESIAN_POINT('',(67.75,21.5,-20.278312163513));
#16212=CARTESIAN_POINT('',(67.75,21.5,-21.721687836487));
#16213=CARTESIAN_POINT('',(69.,21.5,-22.4433756729741));
#16214=CARTESIAN_POINT('',(69.,21.5,-22.4433756729741));
#16215=CARTESIAN_POINT('',(67.75,21.5,-20.278312163513));
#16216=CARTESIAN_POINT('',(69.,21.5,-19.5566243270259));
#16217=CARTESIAN_POINT('',(69.,21.5,-19.5566243270259));
#16218=CARTESIAN_POINT('',(70.25,21.5,-20.278312163513));
#16219=CARTESIAN_POINT('',(70.25,21.5,21.721687836487));
#16220=CARTESIAN_POINT('',(70.25,21.5,-21.721687836487));
#16221=CARTESIAN_POINT('',(70.25,21.5,-21.721687836487));
#16222=CARTESIAN_POINT('',(0.,-21.5,0.));
#16223=CARTESIAN_POINT('',(67.75,-21.5,21.721687836487));
#16224=CARTESIAN_POINT('',(67.75,-21.5,21.721687836487));
#16225=CARTESIAN_POINT('',(69.,-21.5,22.4433756729741));
#16226=CARTESIAN_POINT('',(69.,-21.5,22.4433756729741));
#16227=CARTESIAN_POINT('',(70.25,-21.5,21.721687836487));
#16228=CARTESIAN_POINT('',(70.25,-21.5,21.721687836487));
#16229=CARTESIAN_POINT('',(70.25,-21.5,20.278312163513));
#16230=CARTESIAN_POINT('',(70.25,-21.5,20.278312163513));
#16231=CARTESIAN_POINT('',(69.,-21.5,19.5566243270259));
#16232=CARTESIAN_POINT('',(69.,-21.5,19.5566243270259));
#16233=CARTESIAN_POINT('',(67.75,-21.5,20.278312163513));
#16234=CARTESIAN_POINT('',(67.75,-21.5,20.278312163513));
#16235=CARTESIAN_POINT('',(67.75,21.5,20.278312163513));
#16236=CARTESIAN_POINT('',(67.75,21.5,21.721687836487));
#16237=CARTESIAN_POINT('',(67.75,21.5,20.278312163513));
#16238=CARTESIAN_POINT('',(69.,21.5,19.5566243270259));
#16239=CARTESIAN_POINT('',(69.,21.5,19.5566243270259));
#16240=CARTESIAN_POINT('',(67.75,21.5,21.721687836487));
#16241=CARTESIAN_POINT('',(69.,21.5,22.4433756729741));
#16242=CARTESIAN_POINT('',(69.,21.5,22.4433756729741));
#16243=CARTESIAN_POINT('',(70.25,21.5,21.721687836487));
#16244=CARTESIAN_POINT('',(70.25,21.5,21.721687836487));
#16245=CARTESIAN_POINT('',(70.25,21.5,20.278312163513));
#16246=CARTESIAN_POINT('',(70.25,21.5,20.278312163513));
#16247=CARTESIAN_POINT('',(0.,-1.,0.));
#16248=CARTESIAN_POINT('',(-32.75,-1.,-5.77831216351297));
#16249=CARTESIAN_POINT('',(-32.75,-1.,-5.77831216351297));
#16250=CARTESIAN_POINT('',(-31.5,-1.,-5.05662432702594));
#16251=CARTESIAN_POINT('',(-31.5,-1.,-5.05662432702594));
#16252=CARTESIAN_POINT('',(-30.25,-1.,-5.77831216351297));
#16253=CARTESIAN_POINT('',(-30.25,-1.,-5.77831216351297));
#16254=CARTESIAN_POINT('',(-30.25,-1.,-7.22168783648703));
#16255=CARTESIAN_POINT('',(-30.25,-1.,-7.22168783648703));
#16256=CARTESIAN_POINT('',(-31.5,-1.,-7.94337567297406));
#16257=CARTESIAN_POINT('',(-31.5,-1.,-7.94337567297406));
#16258=CARTESIAN_POINT('',(-32.75,-1.,-7.22168783648703));
#16259=CARTESIAN_POINT('',(-32.75,-1.,-7.22168783648703));
#16260=CARTESIAN_POINT('',(-32.75,1.,-7.22168783648703));
#16261=CARTESIAN_POINT('',(-32.75,1.,-5.77831216351297));
#16262=CARTESIAN_POINT('',(-32.75,1.,-7.22168783648703));
#16263=CARTESIAN_POINT('',(-31.5,1.,-7.94337567297406));
#16264=CARTESIAN_POINT('',(-31.5,1.,-7.94337567297406));
#16265=CARTESIAN_POINT('',(-32.75,1.,-5.77831216351297));
#16266=CARTESIAN_POINT('',(-31.5,1.,-5.05662432702594));
#16267=CARTESIAN_POINT('',(-31.5,1.,-5.05662432702594));
#16268=CARTESIAN_POINT('',(-30.25,1.,-5.77831216351297));
#16269=CARTESIAN_POINT('',(-30.25,1.,-5.77831216351297));
#16270=CARTESIAN_POINT('',(-30.25,1.,-7.22168783648703));
#16271=CARTESIAN_POINT('',(-30.25,1.,-7.22168783648703));
#16272=CARTESIAN_POINT('',(0.,-1.,0.));
#16273=CARTESIAN_POINT('',(-19.75,-1.,7.22168783648703));
#16274=CARTESIAN_POINT('',(-19.75,-1.,7.22168783648703));
#16275=CARTESIAN_POINT('',(-18.5,-1.,7.94337567297406));
#16276=CARTESIAN_POINT('',(-18.5,-1.,7.94337567297406));
#16277=CARTESIAN_POINT('',(-17.25,-1.,7.22168783648703));
#16278=CARTESIAN_POINT('',(-17.25,-1.,7.22168783648703));
#16279=CARTESIAN_POINT('',(-17.25,-1.,5.77831216351297));
#16280=CARTESIAN_POINT('',(-17.25,-1.,5.77831216351297));
#16281=CARTESIAN_POINT('',(-18.5,-1.,5.05662432702594));
#16282=CARTESIAN_POINT('',(-18.5,-1.,5.05662432702594));
#16283=CARTESIAN_POINT('',(-19.75,-1.,5.77831216351297));
#16284=CARTESIAN_POINT('',(-19.75,-1.,5.77831216351297));
#16285=CARTESIAN_POINT('',(-19.75,1.,5.77831216351297));
#16286=CARTESIAN_POINT('',(-19.75,1.,7.22168783648703));
#16287=CARTESIAN_POINT('',(-19.75,1.,5.77831216351297));
#16288=CARTESIAN_POINT('',(-18.5,1.,5.05662432702594));
#16289=CARTESIAN_POINT('',(-18.5,1.,5.05662432702594));
#16290=CARTESIAN_POINT('',(-19.75,1.,7.22168783648703));
#16291=CARTESIAN_POINT('',(-18.5,1.,7.94337567297406));
#16292=CARTESIAN_POINT('',(-18.5,1.,7.94337567297406));
#16293=CARTESIAN_POINT('',(-17.25,1.,7.22168783648703));
#16294=CARTESIAN_POINT('',(-17.25,1.,7.22168783648703));
#16295=CARTESIAN_POINT('',(-17.25,1.,5.77831216351297));
#16296=CARTESIAN_POINT('',(-17.25,1.,5.77831216351297));
#16297=CARTESIAN_POINT('',(0.,-47.5,0.));
#16298=CARTESIAN_POINT('',(-72.,-47.5,-11.5));
#16299=CARTESIAN_POINT('',(-72.,-47.5,-6.));
#16300=CARTESIAN_POINT('',(-72.,-47.5,-11.5));
#16301=CARTESIAN_POINT('',(0.,-47.5,-11.5));
#16302=CARTESIAN_POINT('',(0.,-47.5,-11.5));
#16303=CARTESIAN_POINT('',(0.,-47.5,0.));
#16304=CARTESIAN_POINT('',(0.,-47.5,-6.));
#16305=CARTESIAN_POINT('',(-72.,-47.5,-6.));
#16306=CARTESIAN_POINT('',(0.,-47.5,0.));
#16307=CARTESIAN_POINT('',(72.,-47.5,6.));
#16308=CARTESIAN_POINT('',(0.,-47.5,6.));
#16309=CARTESIAN_POINT('',(72.,-47.5,6.));
#16310=CARTESIAN_POINT('',(72.,-47.5,11.5));
#16311=CARTESIAN_POINT('',(72.,-47.5,11.5));
#16312=CARTESIAN_POINT('',(0.,-47.5,11.5));
#16313=CARTESIAN_POINT('',(0.,-47.5,11.5));
#16314=CARTESIAN_POINT('',(0.,-47.5,6.));
#16315=CARTESIAN_POINT('',(72.,-72.5,6.));
#16316=CARTESIAN_POINT('',(72.,-71.8660254037844,8.75));
#16317=CARTESIAN_POINT('',(72.,-71.8660254037844,6.));
#16318=CARTESIAN_POINT('',(72.,-71.8660254037844,11.5));
#16319=CARTESIAN_POINT('',(72.,-72.5,11.5));
#16320=CARTESIAN_POINT('',(72.,-72.5,6.));
#16321=CARTESIAN_POINT('',(0.,-72.5,6.));
#16322=CARTESIAN_POINT('',(71.5,-71.,6.));
#16323=CARTESIAN_POINT('',(71.935889894354,-71.9,6.));
#16324=CARTESIAN_POINT('',(0.,-72.5,6.));
#16325=CARTESIAN_POINT('',(0.,-71.9,6.));
#16326=CARTESIAN_POINT('',(36.5,-71.9,6.));
#16327=CARTESIAN_POINT('',(-72.4,-36.25,0.));
#16328=CARTESIAN_POINT('',(-72.4,-20.28,19.25));
#16329=CARTESIAN_POINT('',(-72.4,-39.78,19.25));
#16330=CARTESIAN_POINT('',(-72.4,-20.28,19.25));
#16331=CARTESIAN_POINT('',(-72.4,-20.28,17.25));
#16332=CARTESIAN_POINT('',(-72.4,-18.28,17.25));
#16333=CARTESIAN_POINT('',(-72.4,-18.28,-17.25));
#16334=CARTESIAN_POINT('',(-72.4,-18.28,-17.25));
#16335=CARTESIAN_POINT('',(-72.4,-20.28,-17.25));
#16336=CARTESIAN_POINT('',(-72.4,-20.28,-19.25));
#16337=CARTESIAN_POINT('',(-72.4,-39.78,-19.25));
#16338=CARTESIAN_POINT('',(-72.4,-39.78,-19.25));
#16339=CARTESIAN_POINT('',(-72.4,-39.78,-17.25));
#16340=CARTESIAN_POINT('',(-72.4,-41.78,-17.25));
#16341=CARTESIAN_POINT('',(-72.4,-41.78,17.25));
#16342=CARTESIAN_POINT('',(-72.4,-41.78,17.25));
#16343=CARTESIAN_POINT('',(-72.4,-39.78,17.25));
#16344=CARTESIAN_POINT('',(-73.,-39.78,17.25));
#16345=CARTESIAN_POINT('',(-73.,-41.78,17.25));
#16346=CARTESIAN_POINT('',(-73.,-41.78,17.25));
#16347=CARTESIAN_POINT('',(-73.,-39.78,17.25));
#16348=CARTESIAN_POINT('',(-73.,-39.78,19.25));
#16349=CARTESIAN_POINT('',(-73.,-39.78,19.25));
#16350=CARTESIAN_POINT('',(-73.,-41.78,-17.25));
#16351=CARTESIAN_POINT('',(-73.,-41.78,-17.25));
#16352=CARTESIAN_POINT('',(-73.,-41.78,-17.25));
#16353=CARTESIAN_POINT('',(-73.,-41.78,3.875));
#16354=CARTESIAN_POINT('',(-73.,-39.78,-17.25));
#16355=CARTESIAN_POINT('',(-73.,-39.78,-19.25));
#16356=CARTESIAN_POINT('',(-73.,-39.78,-19.25));
#16357=CARTESIAN_POINT('',(-73.,-39.78,-17.25));
#16358=CARTESIAN_POINT('',(-73.,-20.28,-19.25));
#16359=CARTESIAN_POINT('',(-73.,-20.28,-19.25));
#16360=CARTESIAN_POINT('',(-73.,-20.28,-19.25));
#16361=CARTESIAN_POINT('',(-73.,-10.14,-19.25));
#16362=CARTESIAN_POINT('',(-73.,-20.28,-17.25));
#16363=CARTESIAN_POINT('',(-73.,-18.28,-17.25));
#16364=CARTESIAN_POINT('',(-73.,-18.28,-17.25));
#16365=CARTESIAN_POINT('',(-73.,-20.28,-17.25));
#16366=CARTESIAN_POINT('',(-73.,-18.28,17.25));
#16367=CARTESIAN_POINT('',(-73.,-18.28,17.25));
#16368=CARTESIAN_POINT('',(-73.,-18.28,17.25));
#16369=CARTESIAN_POINT('',(-73.,-18.28,21.125));
#16370=CARTESIAN_POINT('',(-73.,-20.28,17.25));
#16371=CARTESIAN_POINT('',(-73.,-20.28,19.25));
#16372=CARTESIAN_POINT('',(-73.,-20.28,19.25));
#16373=CARTESIAN_POINT('',(-73.,-20.28,17.25));
#16374=CARTESIAN_POINT('',(-73.,-39.78,19.25));
#16375=CARTESIAN_POINT('',(-73.,-19.89,19.25));
#16376=CARTESIAN_POINT('',(73.,-50.,-19.));
#16377=CARTESIAN_POINT('',(-72.5,-50.,-19.));
#16378=CARTESIAN_POINT('',(-72.5,-45.,-19.));
#16379=CARTESIAN_POINT('',(-72.5,-50.,-24.));
#16380=CARTESIAN_POINT('',(73.,-45.,-19.));
#16381=CARTESIAN_POINT('',(-73.,-45.,-19.));
#16382=CARTESIAN_POINT('',(-73.,-50.,-19.));
#16383=CARTESIAN_POINT('',(-73.,-50.,-24.));
#16384=CARTESIAN_POINT('',(73.,-50.,-24.));
#16385=CARTESIAN_POINT('',(73.,-45.,-19.));
#16386=CARTESIAN_POINT('',(-72.5,-45.,0.));
#16387=CARTESIAN_POINT('',(-72.5,-45.,19.));
#16388=CARTESIAN_POINT('',(73.,-45.,19.));
#16389=CARTESIAN_POINT('',(-73.,-45.,19.));
#16390=CARTESIAN_POINT('',(-73.,-45.,25.));
#16391=CARTESIAN_POINT('',(73.,-50.,19.));
#16392=CARTESIAN_POINT('',(-72.5,-50.,19.));
#16393=CARTESIAN_POINT('',(-72.5,-50.,24.));
#16394=CARTESIAN_POINT('',(73.,-50.,24.));
#16395=CARTESIAN_POINT('',(-73.,-50.,24.));
#16396=CARTESIAN_POINT('',(-73.,-50.,19.));
#16397=CARTESIAN_POINT('',(73.,-50.,19.));
#16398=CARTESIAN_POINT('',(72.5,-50.,19.));
#16399=CARTESIAN_POINT('',(72.5,-45.,19.));
#16400=CARTESIAN_POINT('',(72.5,-50.,24.));
#16401=CARTESIAN_POINT('',(73.,-45.,19.));
#16402=CARTESIAN_POINT('',(73.,-50.,24.));
#16403=CARTESIAN_POINT('',(73.,-45.,-19.));
#16404=CARTESIAN_POINT('',(72.5,-45.,-19.));
#16405=CARTESIAN_POINT('',(72.5,-45.,-19.));
#16406=CARTESIAN_POINT('',(73.,-45.,-19.));
#16407=CARTESIAN_POINT('',(73.,-50.,-19.));
#16408=CARTESIAN_POINT('',(72.5,-50.,-19.));
#16409=CARTESIAN_POINT('',(72.5,-50.,-24.));
#16410=CARTESIAN_POINT('',(73.,-50.,-24.));
#16411=CARTESIAN_POINT('',(-72.5,-36.25,0.));
#16412=CARTESIAN_POINT('',(-72.5,-71.,0.));
#16413=CARTESIAN_POINT('',(-72.5,-71.,-24.));
#16414=CARTESIAN_POINT('',(-72.5,-71.,24.));
#16415=CARTESIAN_POINT('',(-72.5,-50.,24.));
#16416=CARTESIAN_POINT('',(-72.5,-72.5,-24.));
#16417=CARTESIAN_POINT('',(0.,-72.5,11.5));
#16418=CARTESIAN_POINT('',(0.,-71.9,11.5));
#16419=CARTESIAN_POINT('',(0.,-71.9,-11.5));
#16420=CARTESIAN_POINT('',(0.,-71.9,-6.));
#16421=CARTESIAN_POINT('',(0.,-72.5,-6.));
#16422=CARTESIAN_POINT('',(0.,-72.5,-11.5));
#16423=CARTESIAN_POINT('',(0.,-72.5,11.5));
#16424=CARTESIAN_POINT('',(0.,-71.9,-6.25));
#16425=CARTESIAN_POINT('',(0.,-71.9,11.5));
#16426=CARTESIAN_POINT('',(0.,-72.5,11.5));
#16427=CARTESIAN_POINT('',(72.,-72.5,11.5));
#16428=CARTESIAN_POINT('',(71.5,-71.,11.5));
#16429=CARTESIAN_POINT('',(71.935889894354,-71.9,11.5));
#16430=CARTESIAN_POINT('',(72.5,-71.9,11.5));
#16431=CARTESIAN_POINT('',(73.,-71.9,-24.));
#16432=CARTESIAN_POINT('',(-71.9358898943541,-71.9,0.));
#16433=CARTESIAN_POINT('',(-71.9358898943541,-71.9,24.));
#16434=CARTESIAN_POINT('',(-71.9358898943541,-71.9,-6.));
#16435=CARTESIAN_POINT('',(36.5,-71.9,-6.));
#16436=CARTESIAN_POINT('',(0.5,-71.9,-11.5));
#16437=CARTESIAN_POINT('',(-71.9358898943541,-71.9,-11.5));
#16438=CARTESIAN_POINT('',(-71.9358898943541,-71.9,0.));
#16439=CARTESIAN_POINT('',(-71.9358898943541,-71.9,-24.));
#16440=CARTESIAN_POINT('',(73.,-71.9,-24.));
#16441=CARTESIAN_POINT('',(71.9358898943541,-71.9,-24.));
#16442=CARTESIAN_POINT('',(71.9358898943541,-71.9,0.));
#16443=CARTESIAN_POINT('',(71.9358898943541,-71.9,0.));
#16444=CARTESIAN_POINT('',(71.9358898943541,-71.9,24.));
#16445=CARTESIAN_POINT('',(73.,-71.9,24.));
#16446=CARTESIAN_POINT('',(0.,-0.5,22.5));
#16447=CARTESIAN_POINT('',(17.8,-0.5,22.5));
#16448=CARTESIAN_POINT('',(17.8,-0.5,22.5));
#16449=CARTESIAN_POINT('',(17.8,-0.5,24.5));
#16450=CARTESIAN_POINT('',(0.,-0.5,24.5));
#16451=CARTESIAN_POINT('',(18.,-0.5,24.5));
#16452=CARTESIAN_POINT('',(18.,-0.5,22.5));
#16453=CARTESIAN_POINT('',(18.,-0.5,15.));
#16454=CARTESIAN_POINT('',(14.,-0.5,15.));
#16455=CARTESIAN_POINT('',(14.,-0.5,11.));
#16456=CARTESIAN_POINT('',(0.,-0.5,11.));
#16457=CARTESIAN_POINT('',(-18.8431457505076,-0.5,11.));
#16458=CARTESIAN_POINT('',(-18.8431457505076,-0.5,7.));
#16459=CARTESIAN_POINT('',(-21.6715728752538,-0.5,9.82842712474619));
#16460=CARTESIAN_POINT('',(-4.5,-0.5,27.));
#16461=CARTESIAN_POINT('',(-47.3284271247462,-0.5,-15.8284271247462));
#16462=CARTESIAN_POINT('',(-50.1568542494924,-0.5,-13.));
#16463=CARTESIAN_POINT('',(-50.1568542494924,-0.5,-17.));
#16464=CARTESIAN_POINT('',(0.,-0.5,-17.));
#16465=CARTESIAN_POINT('',(-66.,-0.5,-17.));
#16466=CARTESIAN_POINT('',(-66.,-0.5,-13.));
#16467=CARTESIAN_POINT('',(-70.,-0.5,-13.));
#16468=CARTESIAN_POINT('',(-70.,-0.5,22.5));
#16469=CARTESIAN_POINT('',(-70.,-0.5,13.));
#16470=CARTESIAN_POINT('',(-66.,-0.5,13.));
#16471=CARTESIAN_POINT('',(-66.,-0.5,17.));
#16472=CARTESIAN_POINT('',(0.,-0.5,17.));
#16473=CARTESIAN_POINT('',(-62.,-0.5,17.));
#16474=CARTESIAN_POINT('',(-62.,-0.5,21.));
#16475=CARTESIAN_POINT('',(-58.,-0.5,21.));
#16476=CARTESIAN_POINT('',(-58.,-0.5,22.5));
#16477=CARTESIAN_POINT('',(-58.,-0.5,22.5));
#16478=CARTESIAN_POINT('',(0.,-0.5,22.5));
#16479=CARTESIAN_POINT('',(-66.,0.,13.));
#16480=CARTESIAN_POINT('',(-70.,0.,13.));
#16481=CARTESIAN_POINT('',(-66.,0.,17.));
#16482=CARTESIAN_POINT('',(-70.,0.,-13.));
#16483=CARTESIAN_POINT('',(-70.,0.,-13.));
#16484=CARTESIAN_POINT('',(-66.,0.,-13.));
#16485=CARTESIAN_POINT('',(-66.,0.,-17.));
#16486=CARTESIAN_POINT('',(-50.1568542494924,0.,-17.));
#16487=CARTESIAN_POINT('',(-50.1568542494924,0.,-17.));
#16488=CARTESIAN_POINT('',(-50.1568542494924,0.,-13.));
#16489=CARTESIAN_POINT('',(-47.3284271247462,0.,-15.8284271247462));
#16490=CARTESIAN_POINT('',(-21.6715728752538,0.,9.82842712474619));
#16491=CARTESIAN_POINT('',(-21.6715728752538,0.,9.82842712474619));
#16492=CARTESIAN_POINT('',(-18.8431457505076,0.,7.));
#16493=CARTESIAN_POINT('',(-18.8431457505076,0.,11.));
#16494=CARTESIAN_POINT('',(14.,0.,11.));
#16495=CARTESIAN_POINT('',(14.,0.,11.));
#16496=CARTESIAN_POINT('',(14.,0.,15.));
#16497=CARTESIAN_POINT('',(18.,0.,15.));
#16498=CARTESIAN_POINT('',(-62.,0.,21.));
#16499=CARTESIAN_POINT('',(-62.,0.,17.));
#16500=CARTESIAN_POINT('',(-58.,0.,21.));
#16501=CARTESIAN_POINT('',(-66.,0.,17.));
#16502=CARTESIAN_POINT('',(14.,-14.,25.));
#16503=CARTESIAN_POINT('',(14.,-14.,24.5));
#16504=CARTESIAN_POINT('',(14.,-18.,24.5));
#16505=CARTESIAN_POINT('',(18.,-14.,24.5));
#16506=CARTESIAN_POINT('',(14.,-18.,25.));
#16507=CARTESIAN_POINT('',(14.,-18.,25.));
#16508=CARTESIAN_POINT('',(14.,-14.,25.));
#16509=CARTESIAN_POINT('',(18.,-14.,25.));
#16510=CARTESIAN_POINT('',(18.,-14.,25.));
#16511=CARTESIAN_POINT('',(-54.,-18.,25.));
#16512=CARTESIAN_POINT('',(-54.,-18.,24.5));
#16513=CARTESIAN_POINT('',(-54.,-18.,24.5));
#16514=CARTESIAN_POINT('',(-54.,-18.,25.));
#16515=CARTESIAN_POINT('',(-54.,-18.,25.));
#16516=CARTESIAN_POINT('',(-27.,-18.,25.));
#16517=CARTESIAN_POINT('',(-54.,-14.,25.));
#16518=CARTESIAN_POINT('',(-54.,-14.,24.5));
#16519=CARTESIAN_POINT('',(-58.,-14.,24.5));
#16520=CARTESIAN_POINT('',(-58.,-14.,25.));
#16521=CARTESIAN_POINT('',(-58.,-14.,25.));
#16522=CARTESIAN_POINT('',(-54.,-14.,25.));
#16523=CARTESIAN_POINT('',(18.,0.,25.));
#16524=CARTESIAN_POINT('',(18.,-0.374999999999993,24.875));
#16525=CARTESIAN_POINT('',(18.,-0.499999999999986,25.));
#16526=CARTESIAN_POINT('',(18.,-14.,24.5));
#16527=CARTESIAN_POINT('',(18.,-18.125,25.));
#16528=CARTESIAN_POINT('',(-58.,0.,21.));
#16529=CARTESIAN_POINT('',(-58.,0.625000000000007,23.875));
#16530=CARTESIAN_POINT('',(-58.,-0.499999999999986,25.));
#16531=CARTESIAN_POINT('',(-58.,-18.125,25.));
#16532=CARTESIAN_POINT('',(-58.,0.,24.5));
#16533=CARTESIAN_POINT('',(-58.,-2.5,24.5));
#16534=CARTESIAN_POINT('',(-58.,-36.25,24.5));
#16535=CARTESIAN_POINT('',(-58.,-0.5,24.5));
#16536=CARTESIAN_POINT('',(-58.,-0.5,21.));
#16537=CARTESIAN_POINT('',(73.,-0.499999999999986,25.));
#16538=CARTESIAN_POINT('',(36.5,-0.499999999999986,25.));
#16539=CARTESIAN_POINT('',(52.5,-0.499999999999986,25.));
#16540=CARTESIAN_POINT('',(62.75,-10.7499999999998,35.25));
#16541=CARTESIAN_POINT('',(73.,0.,-24.5));
#16542=CARTESIAN_POINT('',(-48.7398899713697,-24.4065566380368,-48.9065566380368));
#16543=CARTESIAN_POINT('',(-72.6464466094067,-0.5,-25.));
#16544=CARTESIAN_POINT('',(-72.8232233047034,-0.323223304703369,-24.8232233047034));
#16545=CARTESIAN_POINT('',(-40.1666666666667,32.3333333333333,7.83333333333333));
#16546=CARTESIAN_POINT('',(54.25,-2.25,-26.75));
#16547=CARTESIAN_POINT('',(52.5,-0.5,-25.));
#16548=CARTESIAN_POINT('',(36.5,-0.5,-25.));
#16549=CARTESIAN_POINT('',(-73.,-0.5,25.));
#16550=CARTESIAN_POINT('',(-72.73988997137,-0.239889971370026,24.9065566380367));
#16551=CARTESIAN_POINT('',(-73.,-0.5,24.6464466094067));
#16552=CARTESIAN_POINT('',(-72.8232233047034,-0.323223304703369,24.8232233047034));
#16553=CARTESIAN_POINT('',(-48.6666666666671,23.8333333333329,0.666666666666448));
#16554=CARTESIAN_POINT('',(-81.1910744349011,-8.69107443490109,-16.4553721745057));
#16555=CARTESIAN_POINT('',(-73.,-0.5,-24.6464466094067));
#16556=CARTESIAN_POINT('',(-73.,-0.5,25.));
#16557=CARTESIAN_POINT('',(-73.,-72.5,25.));
#16558=CARTESIAN_POINT('',(36.4116116523513,-72.5,61.234834957055));
#16559=CARTESIAN_POINT('',(72.6464466094067,-72.5,25.));
#16560=CARTESIAN_POINT('',(-73.,-72.5,25.));
#16561=CARTESIAN_POINT('',(-72.6464466094067,-72.5,25.));
#16562=CARTESIAN_POINT('',(-72.6464466094067,-72.5,25.));
#16563=CARTESIAN_POINT('',(-72.6464466094067,-72.5,24.));
#16564=CARTESIAN_POINT('',(0.,-72.5,24.));
#16565=CARTESIAN_POINT('',(-73.,-72.5,25.));
#16566=CARTESIAN_POINT('',(48.7348349570547,-72.5,-48.9116116523518));
#16567=CARTESIAN_POINT('',(72.6464466094067,-72.5,-25.));
#16568=CARTESIAN_POINT('',(-73.,-72.5,-24.));
#16569=CARTESIAN_POINT('',(-72.6464466094067,-72.5,-24.));
#16570=CARTESIAN_POINT('',(-72.6464466094067,-72.5,25.));
#16571=CARTESIAN_POINT('',(-72.6464466094067,-72.5,-25.));
#16572=CARTESIAN_POINT('',(-73.,-72.5,-25.));
#16573=CARTESIAN_POINT('',(0.,-36.25,-25.));
#16574=CARTESIAN_POINT('',(-72.6464466094067,-18.125,-25.));
#16575=CARTESIAN_POINT('',(73.,-21.,-25.));
#16576=CARTESIAN_POINT('',(72.6464466094067,-20.6464466094067,-25.));
#16577=CARTESIAN_POINT('',(72.6464466094067,-18.125,-25.));
#16578=CARTESIAN_POINT('',(72.6464466094067,0.,-25.));
#16579=CARTESIAN_POINT('',(77.6565566380366,-25.6565566380366,-19.9898899713701));
#16580=CARTESIAN_POINT('',(-72.6464466094067,-72.5,25.));
#16581=CARTESIAN_POINT('',(-93.1809644062712,-51.9654822031355,-4.46548220313573));
#16582=CARTESIAN_POINT('',(-73.,-72.1464466094067,-24.6464466094067));
#16583=CARTESIAN_POINT('',(-36.2348349570551,-108.911611652352,-24.));
#16584=CARTESIAN_POINT('',(-73.,-72.1464466094067,-24.));
#16585=CARTESIAN_POINT('',(-73.,-72.1464466094067,25.));
#16586=CARTESIAN_POINT('',(-73.,0.,25.));
#16587=CARTESIAN_POINT('',(-73.,0.,24.6464466094067));
#16588=CARTESIAN_POINT('',(-73.,-72.1464466094067,24.6464466094067));
#16589=CARTESIAN_POINT('',(-73.,0.,-24.6464466094067));
#16590=CARTESIAN_POINT('',(-73.,-25.,-24.));
#16591=CARTESIAN_POINT('',(-73.,-36.25,24.));
#16592=CARTESIAN_POINT('',(-73.,-72.1464466094067,24.));
#16593=CARTESIAN_POINT('',(-73.,-72.1464466094067,25.));
#16594=CARTESIAN_POINT('',(-73.,0.,-24.6464466094067));
#16595=CARTESIAN_POINT('',(73.,-21.,25.));
#16596=CARTESIAN_POINT('',(69.4410744349011,-17.4410744349011,28.2053721745056));
#16597=CARTESIAN_POINT('',(72.6464466094067,-20.6464466094067,25.));
#16598=CARTESIAN_POINT('',(73.,-21.,25.));
#16599=CARTESIAN_POINT('',(69.,-17.,21.));
#16600=CARTESIAN_POINT('',(65.75,-13.75,21.));
#16601=CARTESIAN_POINT('',(69.,-17.,-21.));
#16602=CARTESIAN_POINT('',(65.75,-13.75,-21.));
#16603=CARTESIAN_POINT('',(0.,-36.25,25.));
#16604=CARTESIAN_POINT('',(-72.6464466094067,-18.125,25.));
#16605=CARTESIAN_POINT('',(-72.6464466094067,-0.499999999999986,25.));
#16606=CARTESIAN_POINT('',(72.6464466094067,-18.125,25.));
#16607=CARTESIAN_POINT('',(36.5,-0.499999999999986,25.));
#16608=CARTESIAN_POINT('',(73.,0.,24.6464466094067));
#16609=CARTESIAN_POINT('',(-72.6464466094067,-72.5,25.));
#16610=CARTESIAN_POINT('',(-84.7297799427401,-60.4166666666666,12.9166666666667));
#16611=CARTESIAN_POINT('',(-41.8598349570551,-103.286611652352,24.));
#16612=CARTESIAN_POINT('',(73.,-0.499999999999986,25.));
#16613=CARTESIAN_POINT('',(-48.4553721745048,-24.691074434901,49.1910744349017));
#16614=CARTESIAN_POINT('',(-72.6464466094067,0.,25.));
#16615=CARTESIAN_POINT('',(73.,-50.,24.));
#16616=CARTESIAN_POINT('',(71.5,-71.,24.));
#16617=CARTESIAN_POINT('',(72.5,-71.,24.));
#16618=CARTESIAN_POINT('',(72.5,-50.,24.));
#16619=CARTESIAN_POINT('',(-71.5,-71.,24.));
#16620=CARTESIAN_POINT('',(72.5,-36.25,0.));
#16621=CARTESIAN_POINT('',(72.5,-71.,0.));
#16622=CARTESIAN_POINT('',(72.5,-71.,-24.));
#16623=CARTESIAN_POINT('',(72.5,-72.5,-24.));
#16624=CARTESIAN_POINT('',(71.5,-71.,24.));
#16625=CARTESIAN_POINT('',(71.5,-71.,-24.));
#16626=CARTESIAN_POINT('',(73.,-72.5,-24.));
#16627=CARTESIAN_POINT('',(-71.5,-71.,-24.));
#16628=CARTESIAN_POINT('',(-72.,-72.5,-11.5));
#16629=CARTESIAN_POINT('',(-71.5,-71.,-11.5));
#16630=CARTESIAN_POINT('',(-72.,-71.8660254037844,-11.5));
#16631=CARTESIAN_POINT('',(-72.,-72.5,-11.5));
#16632=CARTESIAN_POINT('',(-72.,-72.5,-6.));
#16633=CARTESIAN_POINT('',(-72.,-71.8660254037844,-8.75));
#16634=CARTESIAN_POINT('',(-72.,-71.8660254037844,-6.));
#16635=CARTESIAN_POINT('',(-72.,-72.5,-6.));
#16636=CARTESIAN_POINT('',(0.,-72.5,-6.));
#16637=CARTESIAN_POINT('',(-71.5,-71.,-6.));
#16638=CARTESIAN_POINT('',(-71.5,-71.,24.));
#16639=CARTESIAN_POINT('',(-58.2,-36.25,0.));
#16640=CARTESIAN_POINT('',(-58.2,-2.5,22.5));
#16641=CARTESIAN_POINT('',(-58.2,-2.5,24.5));
#16642=CARTESIAN_POINT('',(-58.2,-0.5,22.5));
#16643=CARTESIAN_POINT('',(-58.2,-0.5,22.5));
#16644=CARTESIAN_POINT('',(-58.2,-0.5,24.5));
#16645=CARTESIAN_POINT('',(-58.2,-36.25,24.5));
#16646=CARTESIAN_POINT('',(0.,-2.5,22.5));
#16647=CARTESIAN_POINT('',(0.,-2.5,24.5));
#16648=CARTESIAN_POINT('',(-29.,-2.5,24.5));
#16649=CARTESIAN_POINT('',(17.8,-2.5,24.5));
#16650=CARTESIAN_POINT('',(17.8,-2.5,22.5));
#16651=CARTESIAN_POINT('',(0.,-0.5,22.5));
#16652=CARTESIAN_POINT('',(0.,-0.5,22.5));
#16653=CARTESIAN_POINT('',(0.,-0.5,24.5));
#16654=CARTESIAN_POINT('',(0.,-36.25,24.5));
#16655=CARTESIAN_POINT('',(0.,-36.25,24.5));
#16656=CARTESIAN_POINT('',(17.8,-36.25,24.5));
#16657=CARTESIAN_POINT('',(17.8,-36.25,0.));
#16658=CARTESIAN_POINT('',(0.,-3.,0.));
#16659=CARTESIAN_POINT('',(0.,-6.,0.));
#16660=CARTESIAN_POINT('',(-3.,-6.,-7.34763812293425E-16));
#16661=CARTESIAN_POINT('',(0.,-6.90129092854134,0.));
#16662=CARTESIAN_POINT('',(0.,-7.80258185708268,0.));
#16663=CARTESIAN_POINT('',(17.7,-3.,-17.7));
#16664=CARTESIAN_POINT('',(17.7,-6.,-17.7));
#16665=CARTESIAN_POINT('',(14.7,-6.,-17.7));
#16666=CARTESIAN_POINT('',(17.7,-6.90129092854134,-17.7));
#16667=CARTESIAN_POINT('',(17.7,-7.80258185708268,-17.7));
#16668=CARTESIAN_POINT('',(35.,-3.,0.));
#16669=CARTESIAN_POINT('',(35.,-6.,0.));
#16670=CARTESIAN_POINT('',(32.,-6.,-7.34763812293653E-16));
#16671=CARTESIAN_POINT('',(35.,-6.90129092854134,0.));
#16672=CARTESIAN_POINT('',(35.,-7.80258185708268,0.));
#16673=CARTESIAN_POINT('',(25.,-3.66268301260171,0.));
#16674=CARTESIAN_POINT('',(25.,-7.32536602520342,0.));
#16675=CARTESIAN_POINT('',(22.5415,-7.32536602520342,-6.02138944174514E-16));
#16676=CARTESIAN_POINT('',(25.,-8.06397394114305,0.));
#16677=CARTESIAN_POINT('',(25.,-8.80258185708268,0.));
#16678=CARTESIAN_POINT('',(-25.,-3.66268301260171,0.));
#16679=CARTESIAN_POINT('',(-25.,-7.32536602520342,0.));
#16680=CARTESIAN_POINT('',(-27.4585,-7.32536602520342,-6.02138944174514E-16));
#16681=CARTESIAN_POINT('',(-25.,-8.06397394114305,0.));
#16682=CARTESIAN_POINT('',(-25.,-8.80258185708268,0.));
#16683=CARTESIAN_POINT('',(69.,-12.,-21.));
#16684=CARTESIAN_POINT('',(69.,-22.75,-21.));
#16685=CARTESIAN_POINT('',(69.,-21.5,-21.));
#16686=CARTESIAN_POINT('',(66.25,-21.5,-21.));
#16687=CARTESIAN_POINT('',(69.,-21.5,-21.));
#16688=CARTESIAN_POINT('',(69.,-12.,21.));
#16689=CARTESIAN_POINT('',(69.,-22.75,21.));
#16690=CARTESIAN_POINT('',(69.,-21.5,21.));
#16691=CARTESIAN_POINT('',(66.25,-21.5,21.));
#16692=CARTESIAN_POINT('',(69.,-21.5,21.));
#16693=CARTESIAN_POINT('',(-69.,-1.75,-21.));
#16694=CARTESIAN_POINT('',(-69.,-2.25,-21.));
#16695=CARTESIAN_POINT('',(-69.,-1.,-21.));
#16696=CARTESIAN_POINT('',(-71.75,-1.,-21.));
#16697=CARTESIAN_POINT('',(-69.,-1.,-21.));
#16698=CARTESIAN_POINT('',(-31.5,-1.75,-6.5));
#16699=CARTESIAN_POINT('',(-31.5,-2.25,-6.5));
#16700=CARTESIAN_POINT('',(-31.5,-1.,-6.5));
#16701=CARTESIAN_POINT('',(-34.25,-1.,-6.5));
#16702=CARTESIAN_POINT('',(-31.5,-1.,-6.5));
#16703=CARTESIAN_POINT('',(-18.5,-1.75,6.5));
#16704=CARTESIAN_POINT('',(-18.5,-2.25,6.5));
#16705=CARTESIAN_POINT('',(-18.5,-1.,6.5));
#16706=CARTESIAN_POINT('',(-21.25,-1.,6.5));
#16707=CARTESIAN_POINT('',(-18.5,-1.,6.5));
#16708=CARTESIAN_POINT('',(-69.,-1.75,21.));
#16709=CARTESIAN_POINT('',(-69.,-2.25,21.));
#16710=CARTESIAN_POINT('',(-69.,-1.,21.));
#16711=CARTESIAN_POINT('',(-71.75,-1.,21.));
#16712=CARTESIAN_POINT('',(-69.,-1.,21.));
#16713=CARTESIAN_POINT('',(48.,-20.,21.));
#16714=CARTESIAN_POINT('',(48.,-21.0214630523468,21.));
#16715=CARTESIAN_POINT('',(48.,-20.,21.));
#16716=CARTESIAN_POINT('',(48.,-20.,19.3));
#16717=CARTESIAN_POINT('',(48.,10.,21.));
#16718=CARTESIAN_POINT('',(-62.,-20.,-21.));
#16719=CARTESIAN_POINT('',(-62.,-21.0214630523468,-21.));
#16720=CARTESIAN_POINT('',(-62.,-20.,-21.));
#16721=CARTESIAN_POINT('',(-62.,-20.,-22.7));
#16722=CARTESIAN_POINT('',(-62.,10.,-21.));
#16723=CARTESIAN_POINT('',(-62.,-20.,21.));
#16724=CARTESIAN_POINT('',(-62.,-21.0214630523468,21.));
#16725=CARTESIAN_POINT('',(-62.,-20.,21.));
#16726=CARTESIAN_POINT('',(-62.,-20.,19.3));
#16727=CARTESIAN_POINT('',(-62.,10.,21.));
#16728=CARTESIAN_POINT('',(48.,-20.,-21.));
#16729=CARTESIAN_POINT('',(48.,-21.0214630523468,-21.));
#16730=CARTESIAN_POINT('',(48.,-20.,-21.));
#16731=CARTESIAN_POINT('',(48.,-20.,-22.7));
#16732=CARTESIAN_POINT('',(48.,10.,-21.));
#16733=MECHANICAL_DESIGN_GEOMETRIC_PRESENTATION_REPRESENTATION('',(#9912,
#74,#75,#76,#77,#78,#79,#80,#81),#16742);
#16734=MECHANICAL_DESIGN_GEOMETRIC_PRESENTATION_REPRESENTATION('',(#9913),
#16743);
#16735=MECHANICAL_DESIGN_GEOMETRIC_PRESENTATION_REPRESENTATION('',(#9914),
#16744);
#16736=MECHANICAL_DESIGN_GEOMETRIC_PRESENTATION_REPRESENTATION('',(#9915,
#82,#83,#84,#85,#86,#87,#88,#89),#16745);
#16737=MECHANICAL_DESIGN_GEOMETRIC_PRESENTATION_REPRESENTATION('',(#9916),
#16746);
#16738=MECHANICAL_DESIGN_GEOMETRIC_PRESENTATION_REPRESENTATION('',(#9917,
#90),#16747);
#16739=MECHANICAL_DESIGN_GEOMETRIC_PRESENTATION_REPRESENTATION('',(#9918),
#16748);
#16740=MECHANICAL_DESIGN_GEOMETRIC_PRESENTATION_REPRESENTATION('',(#9919,
#91),#16749);
#16741=MECHANICAL_DESIGN_GEOMETRIC_PRESENTATION_REPRESENTATION('',(#9920,
#92,#93,#94),#16750);
#16742=(
GEOMETRIC_REPRESENTATION_CONTEXT(3)
GLOBAL_UNCERTAINTY_ASSIGNED_CONTEXT((#16751))
GLOBAL_UNIT_ASSIGNED_CONTEXT((#16778,#16769,#16760))
REPRESENTATION_CONTEXT('4','TOP_LEVEL_ASSEMBLY_PART')
);
#16743=(
GEOMETRIC_REPRESENTATION_CONTEXT(3)
GLOBAL_UNCERTAINTY_ASSIGNED_CONTEXT((#16752))
GLOBAL_UNIT_ASSIGNED_CONTEXT((#16779,#16770,#16761))
REPRESENTATION_CONTEXT('gripper_mount','TOP_LEVEL_ASSEMBLY_PART')
);
#16744=(
GEOMETRIC_REPRESENTATION_CONTEXT(3)
GLOBAL_UNCERTAINTY_ASSIGNED_CONTEXT((#16753))
GLOBAL_UNIT_ASSIGNED_CONTEXT((#16780,#16771,#16762))
REPRESENTATION_CONTEXT('finger_holder_right','TOP_LEVEL_ASSEMBLY_PART')
);
#16745=(
GEOMETRIC_REPRESENTATION_CONTEXT(3)
GLOBAL_UNCERTAINTY_ASSIGNED_CONTEXT((#16754))
GLOBAL_UNIT_ASSIGNED_CONTEXT((#16781,#16772,#16763))
REPRESENTATION_CONTEXT('3','TOP_LEVEL_ASSEMBLY_PART')
);
#16746=(
GEOMETRIC_REPRESENTATION_CONTEXT(3)
GLOBAL_UNCERTAINTY_ASSIGNED_CONTEXT((#16755))
GLOBAL_UNIT_ASSIGNED_CONTEXT((#16782,#16773,#16764))
REPRESENTATION_CONTEXT('finger_holder_left','TOP_LEVEL_ASSEMBLY_PART')
);
#16747=(
GEOMETRIC_REPRESENTATION_CONTEXT(3)
GLOBAL_UNCERTAINTY_ASSIGNED_CONTEXT((#16756))
GLOBAL_UNIT_ASSIGNED_CONTEXT((#16783,#16774,#16765))
REPRESENTATION_CONTEXT('6','TOP_LEVEL_ASSEMBLY_PART')
);
#16748=(
GEOMETRIC_REPRESENTATION_CONTEXT(3)
GLOBAL_UNCERTAINTY_ASSIGNED_CONTEXT((#16757))
GLOBAL_UNIT_ASSIGNED_CONTEXT((#16784,#16775,#16766))
REPRESENTATION_CONTEXT('2','TOP_LEVEL_ASSEMBLY_PART')
);
#16749=(
GEOMETRIC_REPRESENTATION_CONTEXT(3)
GLOBAL_UNCERTAINTY_ASSIGNED_CONTEXT((#16758))
GLOBAL_UNIT_ASSIGNED_CONTEXT((#16785,#16776,#16767))
REPRESENTATION_CONTEXT('5','TOP_LEVEL_ASSEMBLY_PART')
);
#16750=(
GEOMETRIC_REPRESENTATION_CONTEXT(3)
GLOBAL_UNCERTAINTY_ASSIGNED_CONTEXT((#16759))
GLOBAL_UNIT_ASSIGNED_CONTEXT((#16786,#16777,#16768))
REPRESENTATION_CONTEXT('1','TOP_LEVEL_ASSEMBLY_PART')
);
#16751=UNCERTAINTY_MEASURE_WITH_UNIT(LENGTH_MEASURE(1.E-5),#16778,
'DISTANCE_ACCURACY_VALUE','Maximum Tolerance applied to model');
#16752=UNCERTAINTY_MEASURE_WITH_UNIT(LENGTH_MEASURE(1.E-5),#16779,
'DISTANCE_ACCURACY_VALUE','Maximum Tolerance applied to model');
#16753=UNCERTAINTY_MEASURE_WITH_UNIT(LENGTH_MEASURE(1.E-5),#16780,
'DISTANCE_ACCURACY_VALUE','Maximum Tolerance applied to model');
#16754=UNCERTAINTY_MEASURE_WITH_UNIT(LENGTH_MEASURE(1.E-5),#16781,
'DISTANCE_ACCURACY_VALUE','Maximum Tolerance applied to model');
#16755=UNCERTAINTY_MEASURE_WITH_UNIT(LENGTH_MEASURE(1.E-5),#16782,
'DISTANCE_ACCURACY_VALUE','Maximum Tolerance applied to model');
#16756=UNCERTAINTY_MEASURE_WITH_UNIT(LENGTH_MEASURE(1.E-5),#16783,
'DISTANCE_ACCURACY_VALUE','Maximum Tolerance applied to model');
#16757=UNCERTAINTY_MEASURE_WITH_UNIT(LENGTH_MEASURE(1.E-5),#16784,
'DISTANCE_ACCURACY_VALUE','Maximum Tolerance applied to model');
#16758=UNCERTAINTY_MEASURE_WITH_UNIT(LENGTH_MEASURE(1.E-5),#16785,
'DISTANCE_ACCURACY_VALUE','Maximum Tolerance applied to model');
#16759=UNCERTAINTY_MEASURE_WITH_UNIT(LENGTH_MEASURE(1.E-5),#16786,
'DISTANCE_ACCURACY_VALUE','Maximum Tolerance applied to model');
#16760=(
NAMED_UNIT(*)
SI_UNIT($,.STERADIAN.)
SOLID_ANGLE_UNIT()
);
#16761=(
NAMED_UNIT(*)
SI_UNIT($,.STERADIAN.)
SOLID_ANGLE_UNIT()
);
#16762=(
NAMED_UNIT(*)
SI_UNIT($,.STERADIAN.)
SOLID_ANGLE_UNIT()
);
#16763=(
NAMED_UNIT(*)
SI_UNIT($,.STERADIAN.)
SOLID_ANGLE_UNIT()
);
#16764=(
NAMED_UNIT(*)
SI_UNIT($,.STERADIAN.)
SOLID_ANGLE_UNIT()
);
#16765=(
NAMED_UNIT(*)
SI_UNIT($,.STERADIAN.)
SOLID_ANGLE_UNIT()
);
#16766=(
NAMED_UNIT(*)
SI_UNIT($,.STERADIAN.)
SOLID_ANGLE_UNIT()
);
#16767=(
NAMED_UNIT(*)
SI_UNIT($,.STERADIAN.)
SOLID_ANGLE_UNIT()
);
#16768=(
NAMED_UNIT(*)
SI_UNIT($,.STERADIAN.)
SOLID_ANGLE_UNIT()
);
#16769=(
NAMED_UNIT(*)
PLANE_ANGLE_UNIT()
SI_UNIT($,.RADIAN.)
);
#16770=(
NAMED_UNIT(*)
PLANE_ANGLE_UNIT()
SI_UNIT($,.RADIAN.)
);
#16771=(
NAMED_UNIT(*)
PLANE_ANGLE_UNIT()
SI_UNIT($,.RADIAN.)
);
#16772=(
NAMED_UNIT(*)
PLANE_ANGLE_UNIT()
SI_UNIT($,.RADIAN.)
);
#16773=(
NAMED_UNIT(*)
PLANE_ANGLE_UNIT()
SI_UNIT($,.RADIAN.)
);
#16774=(
NAMED_UNIT(*)
PLANE_ANGLE_UNIT()
SI_UNIT($,.RADIAN.)
);
#16775=(
NAMED_UNIT(*)
PLANE_ANGLE_UNIT()
SI_UNIT($,.RADIAN.)
);
#16776=(
NAMED_UNIT(*)
PLANE_ANGLE_UNIT()
SI_UNIT($,.RADIAN.)
);
#16777=(
NAMED_UNIT(*)
PLANE_ANGLE_UNIT()
SI_UNIT($,.RADIAN.)
);
#16778=(
LENGTH_UNIT()
NAMED_UNIT(*)
SI_UNIT(.MILLI.,.METRE.)
);
#16779=(
LENGTH_UNIT()
NAMED_UNIT(*)
SI_UNIT(.MILLI.,.METRE.)
);
#16780=(
LENGTH_UNIT()
NAMED_UNIT(*)
SI_UNIT(.MILLI.,.METRE.)
);
#16781=(
LENGTH_UNIT()
NAMED_UNIT(*)
SI_UNIT(.MILLI.,.METRE.)
);
#16782=(
LENGTH_UNIT()
NAMED_UNIT(*)
SI_UNIT(.MILLI.,.METRE.)
);
#16783=(
LENGTH_UNIT()
NAMED_UNIT(*)
SI_UNIT(.MILLI.,.METRE.)
);
#16784=(
LENGTH_UNIT()
NAMED_UNIT(*)
SI_UNIT(.MILLI.,.METRE.)
);
#16785=(
LENGTH_UNIT()
NAMED_UNIT(*)
SI_UNIT(.MILLI.,.METRE.)
);
#16786=(
LENGTH_UNIT()
NAMED_UNIT(*)
SI_UNIT(.MILLI.,.METRE.)
);
#16787=PRODUCT_DEFINITION_SHAPE('','',#16796);
#16788=PRODUCT_DEFINITION_SHAPE('','',#16797);
#16789=PRODUCT_DEFINITION_SHAPE('','',#16798);
#16790=PRODUCT_DEFINITION_SHAPE('','',#16799);
#16791=PRODUCT_DEFINITION_SHAPE('','',#16800);
#16792=PRODUCT_DEFINITION_SHAPE('','',#16801);
#16793=PRODUCT_DEFINITION_SHAPE('','',#16802);
#16794=PRODUCT_DEFINITION_SHAPE('','',#16803);
#16795=PRODUCT_DEFINITION_SHAPE('','',#16804);
#16796=PRODUCT_DEFINITION('','',#16814,#16805);
#16797=PRODUCT_DEFINITION('','',#16815,#16806);
#16798=PRODUCT_DEFINITION('','',#16816,#16807);
#16799=PRODUCT_DEFINITION('','',#16817,#16808);
#16800=PRODUCT_DEFINITION('','',#16818,#16809);
#16801=PRODUCT_DEFINITION('','',#16819,#16810);
#16802=PRODUCT_DEFINITION('','',#16820,#16811);
#16803=PRODUCT_DEFINITION('','',#16821,#16812);
#16804=PRODUCT_DEFINITION('','',#16822,#16813);
#16805=PRODUCT_DEFINITION_CONTEXT('',#16868,'design');
#16806=PRODUCT_DEFINITION_CONTEXT('',#16869,'design');
#16807=PRODUCT_DEFINITION_CONTEXT('',#16870,'design');
#16808=PRODUCT_DEFINITION_CONTEXT('',#16871,'design');
#16809=PRODUCT_DEFINITION_CONTEXT('',#16872,'design');
#16810=PRODUCT_DEFINITION_CONTEXT('',#16873,'design');
#16811=PRODUCT_DEFINITION_CONTEXT('',#16874,'design');
#16812=PRODUCT_DEFINITION_CONTEXT('',#16875,'design');
#16813=PRODUCT_DEFINITION_CONTEXT('',#16876,'design');
#16814=PRODUCT_DEFINITION_FORMATION_WITH_SPECIFIED_SOURCE('','',#16832,
 .NOT_KNOWN.);
#16815=PRODUCT_DEFINITION_FORMATION_WITH_SPECIFIED_SOURCE('','',#16833,
 .NOT_KNOWN.);
#16816=PRODUCT_DEFINITION_FORMATION_WITH_SPECIFIED_SOURCE('','',#16834,
 .NOT_KNOWN.);
#16817=PRODUCT_DEFINITION_FORMATION_WITH_SPECIFIED_SOURCE('','',#16835,
 .NOT_KNOWN.);
#16818=PRODUCT_DEFINITION_FORMATION_WITH_SPECIFIED_SOURCE('','',#16836,
 .NOT_KNOWN.);
#16819=PRODUCT_DEFINITION_FORMATION_WITH_SPECIFIED_SOURCE('','',#16837,
 .NOT_KNOWN.);
#16820=PRODUCT_DEFINITION_FORMATION_WITH_SPECIFIED_SOURCE('','',#16838,
 .NOT_KNOWN.);
#16821=PRODUCT_DEFINITION_FORMATION_WITH_SPECIFIED_SOURCE('','',#16839,
 .NOT_KNOWN.);
#16822=PRODUCT_DEFINITION_FORMATION_WITH_SPECIFIED_SOURCE('','',#16840,
 .NOT_KNOWN.);
#16823=PRODUCT_RELATED_PRODUCT_CATEGORY('','',(#16832));
#16824=PRODUCT_RELATED_PRODUCT_CATEGORY('','',(#16833));
#16825=PRODUCT_RELATED_PRODUCT_CATEGORY('','',(#16834));
#16826=PRODUCT_RELATED_PRODUCT_CATEGORY('','',(#16835));
#16827=PRODUCT_RELATED_PRODUCT_CATEGORY('','',(#16836));
#16828=PRODUCT_RELATED_PRODUCT_CATEGORY('','',(#16837));
#16829=PRODUCT_RELATED_PRODUCT_CATEGORY('','',(#16838));
#16830=PRODUCT_RELATED_PRODUCT_CATEGORY('','',(#16839));
#16831=PRODUCT_RELATED_PRODUCT_CATEGORY('','',(#16840));
#16832=PRODUCT('4','4','4',(#16850));
#16833=PRODUCT('gripper_mount','gripper_mount','gripper_mount',(#16851));
#16834=PRODUCT('finger_holder_right','finger_holder_right',
'finger_holder_right',(#16852));
#16835=PRODUCT('3','3','3',(#16853));
#16836=PRODUCT('finger_holder_left','finger_holder_left',
'finger_holder_left',(#16854));
#16837=PRODUCT('6','6','6',(#16855));
#16838=PRODUCT('2','2','2',(#16856));
#16839=PRODUCT('5','5','5',(#16857));
#16840=PRODUCT('1','1','1',(#16858));
#16841=PRODUCT_CATEGORY('','');
#16842=PRODUCT_CATEGORY('','');
#16843=PRODUCT_CATEGORY('','');
#16844=PRODUCT_CATEGORY('','');
#16845=PRODUCT_CATEGORY('','');
#16846=PRODUCT_CATEGORY('','');
#16847=PRODUCT_CATEGORY('','');
#16848=PRODUCT_CATEGORY('','');
#16849=PRODUCT_CATEGORY('','');
#16850=PRODUCT_CONTEXT('',#16868,'mechanical');
#16851=PRODUCT_CONTEXT('',#16869,'mechanical');
#16852=PRODUCT_CONTEXT('',#16870,'mechanical');
#16853=PRODUCT_CONTEXT('',#16871,'mechanical');
#16854=PRODUCT_CONTEXT('',#16872,'mechanical');
#16855=PRODUCT_CONTEXT('',#16873,'mechanical');
#16856=PRODUCT_CONTEXT('',#16874,'mechanical');
#16857=PRODUCT_CONTEXT('',#16875,'mechanical');
#16858=PRODUCT_CONTEXT('',#16876,'mechanical');
#16859=APPLICATION_PROTOCOL_DEFINITION('international standard',
'ap242_managed_model_based_3d_engineering',2020,#16868);
#16860=APPLICATION_PROTOCOL_DEFINITION('international standard',
'ap242_managed_model_based_3d_engineering',2020,#16869);
#16861=APPLICATION_PROTOCOL_DEFINITION('international standard',
'ap242_managed_model_based_3d_engineering',2020,#16870);
#16862=APPLICATION_PROTOCOL_DEFINITION('international standard',
'ap242_managed_model_based_3d_engineering',2020,#16871);
#16863=APPLICATION_PROTOCOL_DEFINITION('international standard',
'ap242_managed_model_based_3d_engineering',2020,#16872);
#16864=APPLICATION_PROTOCOL_DEFINITION('international standard',
'ap242_managed_model_based_3d_engineering',2020,#16873);
#16865=APPLICATION_PROTOCOL_DEFINITION('international standard',
'ap242_managed_model_based_3d_engineering',2020,#16874);
#16866=APPLICATION_PROTOCOL_DEFINITION('international standard',
'ap242_managed_model_based_3d_engineering',2020,#16875);
#16867=APPLICATION_PROTOCOL_DEFINITION('international standard',
'ap242_managed_model_based_3d_engineering',2020,#16876);
#16868=APPLICATION_CONTEXT('managed model based 3d engineering');
#16869=APPLICATION_CONTEXT('managed model based 3d engineering');
#16870=APPLICATION_CONTEXT('managed model based 3d engineering');
#16871=APPLICATION_CONTEXT('managed model based 3d engineering');
#16872=APPLICATION_CONTEXT('managed model based 3d engineering');
#16873=APPLICATION_CONTEXT('managed model based 3d engineering');
#16874=APPLICATION_CONTEXT('managed model based 3d engineering');
#16875=APPLICATION_CONTEXT('managed model based 3d engineering');
#16876=APPLICATION_CONTEXT('managed model based 3d engineering');
ENDSEC;
END-ISO-10303-21;
