ISO-10303-21;
HEADER;
/* Generated by software containing ST-Developer
 * from STEP Tools, Inc. (www.steptools.com) 
 */
/* OPTION: using custom renumber hook */

FILE_DESCRIPTION(
/* description */ ('STEP AP242 Edition 2',
'CAx-IF Rec.Pracs.---Representation and Presentation of Product Manufa
cturing Information (PMI)---4.0---2014-10-13',
'CAx-IF Rec.Pracs.---3D Tessellated Geometry---0.4---2014-09-14','2;1',
'CAx-IF Rec.Pracs.---User Defined Attributes---1.5---2016-08-15'),
/* implementation_level */ '2;1');

FILE_NAME(
/* name */ '6ac3a7904a0b3a9e4aac1eae',
/* time_stamp */ '2026-10-05T13:35:13Z',
/* author */ (''),
/* organization */ (''),
/* preprocessor_version */ 'ST-DEVELOPER v20',
/* originating_system */ 'ONSHAPE BY PTC INC, 1.221',
/* authorisation */ '  ');

FILE_SCHEMA (('AP242_MANAGED_MODEL_BASED_3D_ENGINEERING_MIM_LF { 1 0 10303 442 3 1 4 }'));
ENDSEC;

DATA;
#10=CONTEXT_DEPENDENT_SHAPE_REPRESENTATION(#14,#4734);
#11=CONTEXT_DEPENDENT_SHAPE_REPRESENTATION(#15,#4736);
#12=NEXT_ASSEMBLY_USAGE_OCCURRENCE('NAUO1','finger_holder_right',
'finger_holder_right',#4737,#4738,'');
#13=NEXT_ASSEMBLY_USAGE_OCCURRENCE('NAUO2','soft_gripper_finger',
'soft_gripper_finger',#4737,#4739,'');
#14=(
REPRESENTATION_RELATIONSHIP(' ',' ',#2884,#2883)
REPRESENTATION_RELATIONSHIP_WITH_TRANSFORMATION(#16)
SHAPE_REPRESENTATION_RELATIONSHIP()
);
#15=(
REPRESENTATION_RELATIONSHIP(' ',' ',#2885,#2883)
REPRESENTATION_RELATIONSHIP_WITH_TRANSFORMATION(#17)
SHAPE_REPRESENTATION_RELATIONSHIP()
);
#16=ITEM_DEFINED_TRANSFORMATION(' ',' ',#2886,#3001);
#17=ITEM_DEFINED_TRANSFORMATION(' ',' ',#2886,#3134);
#18=SHAPE_REPRESENTATION_RELATIONSHIP('','',#2884,#20);
#19=SHAPE_REPRESENTATION_RELATIONSHIP('','',#2885,#21);
#20=ADVANCED_BREP_SHAPE_REPRESENTATION('',(#2878),#4724);
#21=ADVANCED_BREP_SHAPE_REPRESENTATION('',(#2879),#4725);
#22=ELLIPSE('',#2898,5.83363094478903,4.125);
#23=ELLIPSE('',#2899,5.83363094478903,4.125);
#24=CIRCLE('',#2889,1.7);
#25=CIRCLE('',#2890,1.7);
#26=CIRCLE('',#2892,1.7);
#27=CIRCLE('',#2893,1.7);
#28=CIRCLE('',#2895,1.7);
#29=CIRCLE('',#2896,1.7);
#30=CIRCLE('',#2908,2.25);
#31=CIRCLE('',#2909,2.25);
#32=CIRCLE('',#2912,4.);
#33=CIRCLE('',#2913,4.);
#34=CIRCLE('',#2914,4.);
#35=CIRCLE('',#2915,4.);
#36=CIRCLE('',#2917,4.);
#37=CIRCLE('',#2918,4.);
#38=CIRCLE('',#2921,4.);
#39=CIRCLE('',#2922,4.);
#40=CIRCLE('',#2923,4.);
#41=CIRCLE('',#2924,4.);
#42=CIRCLE('',#2928,3.25);
#43=CIRCLE('',#2929,3.25);
#44=CIRCLE('',#2930,3.25);
#45=CIRCLE('',#2931,4.);
#46=CIRCLE('',#2932,4.);
#47=CIRCLE('',#2933,4.);
#48=CIRCLE('',#2934,4.);
#49=CIRCLE('',#2936,4.);
#50=CIRCLE('',#2937,4.);
#51=CIRCLE('',#2939,1.7);
#52=CIRCLE('',#2940,1.7);
#53=CIRCLE('',#2941,1.7);
#54=CIRCLE('',#2942,4.);
#55=CIRCLE('',#2943,4.);
#56=CIRCLE('',#2944,4.);
#57=CIRCLE('',#2945,4.);
#58=CIRCLE('',#2947,2.25);
#59=CIRCLE('',#2949,4.125);
#60=CIRCLE('',#2952,2.25);
#61=CIRCLE('',#2954,4.125);
#62=CIRCLE('',#2957,3.25);
#63=CIRCLE('',#2959,1.7);
#64=CIRCLE('',#2962,3.25);
#65=CIRCLE('',#2964,1.7);
#66=CIRCLE('',#2967,3.25);
#67=CIRCLE('',#2969,1.7);
#68=CIRCLE('',#3004,2.);
#69=CIRCLE('',#3005,2.);
#70=CIRCLE('',#3006,2.);
#71=CIRCLE('',#3007,294.);
#72=CIRCLE('',#3008,294.);
#73=CIRCLE('',#3009,294.);
#74=CIRCLE('',#3010,294.);
#75=CIRCLE('',#3011,294.);
#76=CIRCLE('',#3012,294.);
#77=CIRCLE('',#3013,294.);
#78=CIRCLE('',#3014,294.);
#79=CIRCLE('',#3015,294.);
#80=CIRCLE('',#3016,294.);
#81=CIRCLE('',#3017,294.);
#82=CIRCLE('',#3018,294.);
#83=CIRCLE('',#3019,294.);
#84=CIRCLE('',#3020,294.);
#85=CIRCLE('',#3021,294.);
#86=CIRCLE('',#3022,294.);
#87=CIRCLE('',#3023,1.);
#88=CIRCLE('',#3024,247.454);
#89=CIRCLE('',#3025,3.);
#90=CIRCLE('',#3026,5.);
#91=CIRCLE('',#3027,3.);
#92=CIRCLE('',#3028,247.454);
#93=CIRCLE('',#3029,3.);
#94=CIRCLE('',#3030,3.);
#95=CIRCLE('',#3032,2.);
#96=CIRCLE('',#3033,2.);
#97=CIRCLE('',#3034,2.);
#98=CIRCLE('',#3035,294.);
#99=CIRCLE('',#3036,294.);
#100=CIRCLE('',#3037,294.);
#101=CIRCLE('',#3038,294.);
#102=CIRCLE('',#3039,294.);
#103=CIRCLE('',#3040,294.);
#104=CIRCLE('',#3041,294.);
#105=CIRCLE('',#3042,294.);
#106=CIRCLE('',#3043,294.);
#107=CIRCLE('',#3044,294.);
#108=CIRCLE('',#3045,294.);
#109=CIRCLE('',#3046,294.);
#110=CIRCLE('',#3047,294.);
#111=CIRCLE('',#3048,294.);
#112=CIRCLE('',#3049,294.);
#113=CIRCLE('',#3050,294.);
#114=CIRCLE('',#3051,247.454);
#115=CIRCLE('',#3052,1.);
#116=CIRCLE('',#3053,3.);
#117=CIRCLE('',#3054,3.);
#118=CIRCLE('',#3055,247.454);
#119=CIRCLE('',#3056,3.);
#120=CIRCLE('',#3057,5.);
#121=CIRCLE('',#3058,3.);
#122=CYLINDRICAL_SURFACE('',#2888,1.7);
#123=CYLINDRICAL_SURFACE('',#2891,1.7);
#124=CYLINDRICAL_SURFACE('',#2894,1.7);
#125=CYLINDRICAL_SURFACE('',#2946,2.25);
#126=CYLINDRICAL_SURFACE('',#2950,4.125);
#127=CYLINDRICAL_SURFACE('',#2951,2.25);
#128=CYLINDRICAL_SURFACE('',#2955,4.125);
#129=CYLINDRICAL_SURFACE('',#2956,3.25);
#130=CYLINDRICAL_SURFACE('',#2960,1.7);
#131=CYLINDRICAL_SURFACE('',#2961,3.25);
#132=CYLINDRICAL_SURFACE('',#2965,1.7);
#133=CYLINDRICAL_SURFACE('',#2966,3.25);
#134=CYLINDRICAL_SURFACE('',#2970,1.7);
#135=CYLINDRICAL_SURFACE('',#2992,4.);
#136=CYLINDRICAL_SURFACE('',#2993,4.);
#137=CYLINDRICAL_SURFACE('',#2994,4.);
#138=CYLINDRICAL_SURFACE('',#2995,4.);
#139=CYLINDRICAL_SURFACE('',#2996,4.);
#140=CYLINDRICAL_SURFACE('',#2997,4.);
#141=CYLINDRICAL_SURFACE('',#2998,4.);
#142=CYLINDRICAL_SURFACE('',#2999,4.);
#143=CYLINDRICAL_SURFACE('',#3000,4.);
#144=CYLINDRICAL_SURFACE('',#3060,294.);
#145=CYLINDRICAL_SURFACE('',#3061,294.);
#146=CYLINDRICAL_SURFACE('',#3065,294.);
#147=CYLINDRICAL_SURFACE('',#3069,294.);
#148=CYLINDRICAL_SURFACE('',#3073,294.);
#149=CYLINDRICAL_SURFACE('',#3077,294.);
#150=CYLINDRICAL_SURFACE('',#3081,294.);
#151=CYLINDRICAL_SURFACE('',#3085,294.);
#152=CYLINDRICAL_SURFACE('',#3089,294.);
#153=CYLINDRICAL_SURFACE('',#3093,294.);
#154=CYLINDRICAL_SURFACE('',#3097,294.);
#155=CYLINDRICAL_SURFACE('',#3101,294.);
#156=CYLINDRICAL_SURFACE('',#3105,294.);
#157=CYLINDRICAL_SURFACE('',#3109,294.);
#158=CYLINDRICAL_SURFACE('',#3113,294.);
#159=CYLINDRICAL_SURFACE('',#3117,294.);
#160=CYLINDRICAL_SURFACE('',#3121,247.454);
#161=CYLINDRICAL_SURFACE('',#3122,5.);
#162=CYLINDRICAL_SURFACE('',#3125,247.454);
#163=CYLINDRICAL_SURFACE('',#3126,3.);
#164=CYLINDRICAL_SURFACE('',#3127,3.);
#165=CYLINDRICAL_SURFACE('',#3128,3.);
#166=CYLINDRICAL_SURFACE('',#3129,3.);
#167=CYLINDRICAL_SURFACE('',#3130,1.);
#168=CYLINDRICAL_SURFACE('',#3131,2.);
#169=CYLINDRICAL_SURFACE('',#3132,2.);
#170=CYLINDRICAL_SURFACE('',#3133,2.);
#171=ORIENTED_EDGE('',*,*,#943,.F.);
#172=ORIENTED_EDGE('',*,*,#944,.T.);
#173=ORIENTED_EDGE('',*,*,#945,.T.);
#174=ORIENTED_EDGE('',*,*,#946,.T.);
#175=ORIENTED_EDGE('',*,*,#947,.T.);
#176=ORIENTED_EDGE('',*,*,#948,.T.);
#177=ORIENTED_EDGE('',*,*,#949,.F.);
#178=ORIENTED_EDGE('',*,*,#950,.T.);
#179=ORIENTED_EDGE('',*,*,#951,.F.);
#180=ORIENTED_EDGE('',*,*,#952,.T.);
#181=ORIENTED_EDGE('',*,*,#953,.F.);
#182=ORIENTED_EDGE('',*,*,#954,.T.);
#183=ORIENTED_EDGE('',*,*,#955,.T.);
#184=ORIENTED_EDGE('',*,*,#956,.F.);
#185=ORIENTED_EDGE('',*,*,#957,.F.);
#186=ORIENTED_EDGE('',*,*,#958,.T.);
#187=ORIENTED_EDGE('',*,*,#959,.T.);
#188=ORIENTED_EDGE('',*,*,#960,.T.);
#189=ORIENTED_EDGE('',*,*,#961,.T.);
#190=ORIENTED_EDGE('',*,*,#962,.T.);
#191=ORIENTED_EDGE('',*,*,#963,.T.);
#192=ORIENTED_EDGE('',*,*,#964,.T.);
#193=ORIENTED_EDGE('',*,*,#965,.T.);
#194=ORIENTED_EDGE('',*,*,#966,.T.);
#195=ORIENTED_EDGE('',*,*,#967,.T.);
#196=ORIENTED_EDGE('',*,*,#968,.F.);
#197=ORIENTED_EDGE('',*,*,#969,.F.);
#198=ORIENTED_EDGE('',*,*,#970,.T.);
#199=ORIENTED_EDGE('',*,*,#971,.F.);
#200=ORIENTED_EDGE('',*,*,#955,.F.);
#201=ORIENTED_EDGE('',*,*,#972,.F.);
#202=ORIENTED_EDGE('',*,*,#973,.T.);
#203=ORIENTED_EDGE('',*,*,#974,.T.);
#204=ORIENTED_EDGE('',*,*,#975,.T.);
#205=ORIENTED_EDGE('',*,*,#976,.F.);
#206=ORIENTED_EDGE('',*,*,#977,.T.);
#207=ORIENTED_EDGE('',*,*,#978,.F.);
#208=ORIENTED_EDGE('',*,*,#979,.T.);
#209=ORIENTED_EDGE('',*,*,#980,.F.);
#210=ORIENTED_EDGE('',*,*,#981,.T.);
#211=ORIENTED_EDGE('',*,*,#982,.T.);
#212=ORIENTED_EDGE('',*,*,#983,.T.);
#213=ORIENTED_EDGE('',*,*,#984,.F.);
#214=ORIENTED_EDGE('',*,*,#985,.T.);
#215=ORIENTED_EDGE('',*,*,#986,.F.);
#216=ORIENTED_EDGE('',*,*,#987,.T.);
#217=ORIENTED_EDGE('',*,*,#988,.T.);
#218=ORIENTED_EDGE('',*,*,#989,.F.);
#219=ORIENTED_EDGE('',*,*,#990,.F.);
#220=ORIENTED_EDGE('',*,*,#991,.T.);
#221=ORIENTED_EDGE('',*,*,#986,.T.);
#222=ORIENTED_EDGE('',*,*,#992,.F.);
#223=ORIENTED_EDGE('',*,*,#993,.F.);
#224=ORIENTED_EDGE('',*,*,#994,.F.);
#225=ORIENTED_EDGE('',*,*,#995,.F.);
#226=ORIENTED_EDGE('',*,*,#990,.T.);
#227=ORIENTED_EDGE('',*,*,#996,.T.);
#228=ORIENTED_EDGE('',*,*,#985,.F.);
#229=ORIENTED_EDGE('',*,*,#997,.T.);
#230=ORIENTED_EDGE('',*,*,#998,.T.);
#231=ORIENTED_EDGE('',*,*,#999,.T.);
#232=ORIENTED_EDGE('',*,*,#957,.T.);
#233=ORIENTED_EDGE('',*,*,#1000,.F.);
#234=ORIENTED_EDGE('',*,*,#1001,.T.);
#235=ORIENTED_EDGE('',*,*,#1002,.F.);
#236=ORIENTED_EDGE('',*,*,#988,.F.);
#237=ORIENTED_EDGE('',*,*,#1003,.F.);
#238=ORIENTED_EDGE('',*,*,#1004,.F.);
#239=ORIENTED_EDGE('',*,*,#1005,.F.);
#240=ORIENTED_EDGE('',*,*,#1006,.F.);
#241=ORIENTED_EDGE('',*,*,#1007,.F.);
#242=ORIENTED_EDGE('',*,*,#1008,.F.);
#243=ORIENTED_EDGE('',*,*,#1009,.F.);
#244=ORIENTED_EDGE('',*,*,#1010,.F.);
#245=ORIENTED_EDGE('',*,*,#1011,.F.);
#246=ORIENTED_EDGE('',*,*,#1012,.F.);
#247=ORIENTED_EDGE('',*,*,#1013,.F.);
#248=ORIENTED_EDGE('',*,*,#1014,.F.);
#249=ORIENTED_EDGE('',*,*,#1015,.F.);
#250=ORIENTED_EDGE('',*,*,#1016,.F.);
#251=ORIENTED_EDGE('',*,*,#1017,.F.);
#252=ORIENTED_EDGE('',*,*,#1018,.F.);
#253=ORIENTED_EDGE('',*,*,#1019,.F.);
#254=ORIENTED_EDGE('',*,*,#1020,.F.);
#255=ORIENTED_EDGE('',*,*,#999,.F.);
#256=ORIENTED_EDGE('',*,*,#1021,.T.);
#257=ORIENTED_EDGE('',*,*,#972,.T.);
#258=ORIENTED_EDGE('',*,*,#1022,.T.);
#259=ORIENTED_EDGE('',*,*,#980,.T.);
#260=ORIENTED_EDGE('',*,*,#1023,.T.);
#261=ORIENTED_EDGE('',*,*,#961,.F.);
#262=ORIENTED_EDGE('',*,*,#1024,.T.);
#263=ORIENTED_EDGE('',*,*,#965,.F.);
#264=ORIENTED_EDGE('',*,*,#958,.F.);
#265=ORIENTED_EDGE('',*,*,#974,.F.);
#266=ORIENTED_EDGE('',*,*,#1025,.T.);
#267=ORIENTED_EDGE('',*,*,#997,.F.);
#268=ORIENTED_EDGE('',*,*,#987,.F.);
#269=ORIENTED_EDGE('',*,*,#991,.F.);
#270=ORIENTED_EDGE('',*,*,#995,.T.);
#271=ORIENTED_EDGE('',*,*,#984,.T.);
#272=ORIENTED_EDGE('',*,*,#1026,.T.);
#273=ORIENTED_EDGE('',*,*,#1027,.F.);
#274=ORIENTED_EDGE('',*,*,#1028,.T.);
#275=ORIENTED_EDGE('',*,*,#1029,.T.);
#276=ORIENTED_EDGE('',*,*,#968,.T.);
#277=ORIENTED_EDGE('',*,*,#953,.T.);
#278=ORIENTED_EDGE('',*,*,#951,.T.);
#279=ORIENTED_EDGE('',*,*,#949,.T.);
#280=ORIENTED_EDGE('',*,*,#963,.F.);
#281=ORIENTED_EDGE('',*,*,#1030,.T.);
#282=ORIENTED_EDGE('',*,*,#978,.T.);
#283=ORIENTED_EDGE('',*,*,#1031,.T.);
#284=ORIENTED_EDGE('',*,*,#976,.T.);
#285=ORIENTED_EDGE('',*,*,#1032,.T.);
#286=ORIENTED_EDGE('',*,*,#1027,.T.);
#287=ORIENTED_EDGE('',*,*,#967,.F.);
#288=ORIENTED_EDGE('',*,*,#1033,.T.);
#289=ORIENTED_EDGE('',*,*,#1034,.F.);
#290=ORIENTED_EDGE('',*,*,#1035,.T.);
#291=ORIENTED_EDGE('',*,*,#1036,.F.);
#292=ORIENTED_EDGE('',*,*,#1037,.T.);
#293=ORIENTED_EDGE('',*,*,#1038,.T.);
#294=ORIENTED_EDGE('',*,*,#1039,.T.);
#295=ORIENTED_EDGE('',*,*,#1040,.T.);
#296=ORIENTED_EDGE('',*,*,#1041,.T.);
#297=ORIENTED_EDGE('',*,*,#1042,.T.);
#298=ORIENTED_EDGE('',*,*,#1043,.T.);
#299=ORIENTED_EDGE('',*,*,#1044,.T.);
#300=ORIENTED_EDGE('',*,*,#945,.F.);
#301=ORIENTED_EDGE('',*,*,#1045,.T.);
#302=ORIENTED_EDGE('',*,*,#1000,.T.);
#303=ORIENTED_EDGE('',*,*,#956,.T.);
#304=ORIENTED_EDGE('',*,*,#971,.T.);
#305=ORIENTED_EDGE('',*,*,#1046,.T.);
#306=ORIENTED_EDGE('',*,*,#1036,.T.);
#307=ORIENTED_EDGE('',*,*,#1047,.T.);
#308=ORIENTED_EDGE('',*,*,#1038,.F.);
#309=ORIENTED_EDGE('',*,*,#1048,.T.);
#310=ORIENTED_EDGE('',*,*,#1002,.T.);
#311=ORIENTED_EDGE('',*,*,#1049,.T.);
#312=ORIENTED_EDGE('',*,*,#943,.T.);
#313=ORIENTED_EDGE('',*,*,#1050,.T.);
#314=ORIENTED_EDGE('',*,*,#982,.F.);
#315=ORIENTED_EDGE('',*,*,#996,.F.);
#316=ORIENTED_EDGE('',*,*,#992,.T.);
#317=ORIENTED_EDGE('',*,*,#989,.T.);
#318=ORIENTED_EDGE('',*,*,#1051,.T.);
#319=ORIENTED_EDGE('',*,*,#1052,.T.);
#320=ORIENTED_EDGE('',*,*,#1053,.T.);
#321=ORIENTED_EDGE('',*,*,#1040,.F.);
#322=ORIENTED_EDGE('',*,*,#1054,.T.);
#323=ORIENTED_EDGE('',*,*,#1034,.T.);
#324=ORIENTED_EDGE('',*,*,#1055,.T.);
#325=ORIENTED_EDGE('',*,*,#969,.T.);
#326=ORIENTED_EDGE('',*,*,#1029,.F.);
#327=ORIENTED_EDGE('',*,*,#1056,.T.);
#328=ORIENTED_EDGE('',*,*,#947,.F.);
#329=ORIENTED_EDGE('',*,*,#1057,.T.);
#330=ORIENTED_EDGE('',*,*,#1058,.F.);
#331=ORIENTED_EDGE('',*,*,#994,.T.);
#332=ORIENTED_EDGE('',*,*,#1058,.T.);
#333=ORIENTED_EDGE('',*,*,#1059,.F.);
#334=ORIENTED_EDGE('',*,*,#959,.F.);
#335=ORIENTED_EDGE('',*,*,#1059,.T.);
#336=ORIENTED_EDGE('',*,*,#1060,.F.);
#337=ORIENTED_EDGE('',*,*,#993,.T.);
#338=ORIENTED_EDGE('',*,*,#1060,.T.);
#339=ORIENTED_EDGE('',*,*,#1061,.F.);
#340=ORIENTED_EDGE('',*,*,#960,.F.);
#341=ORIENTED_EDGE('',*,*,#1061,.T.);
#342=ORIENTED_EDGE('',*,*,#1062,.T.);
#343=ORIENTED_EDGE('',*,*,#1044,.F.);
#344=ORIENTED_EDGE('',*,*,#1063,.T.);
#345=ORIENTED_EDGE('',*,*,#1062,.F.);
#346=ORIENTED_EDGE('',*,*,#1053,.F.);
#347=ORIENTED_EDGE('',*,*,#1063,.F.);
#348=ORIENTED_EDGE('',*,*,#1064,.T.);
#349=ORIENTED_EDGE('',*,*,#1043,.F.);
#350=ORIENTED_EDGE('',*,*,#1065,.T.);
#351=ORIENTED_EDGE('',*,*,#1064,.F.);
#352=ORIENTED_EDGE('',*,*,#1052,.F.);
#353=ORIENTED_EDGE('',*,*,#1065,.F.);
#354=ORIENTED_EDGE('',*,*,#1066,.T.);
#355=ORIENTED_EDGE('',*,*,#1042,.F.);
#356=ORIENTED_EDGE('',*,*,#1067,.T.);
#357=ORIENTED_EDGE('',*,*,#1066,.F.);
#358=ORIENTED_EDGE('',*,*,#1051,.F.);
#359=ORIENTED_EDGE('',*,*,#1067,.F.);
#360=ORIENTED_EDGE('',*,*,#1003,.T.);
#361=ORIENTED_EDGE('',*,*,#1068,.F.);
#362=ORIENTED_EDGE('',*,*,#1069,.F.);
#363=ORIENTED_EDGE('',*,*,#1070,.T.);
#364=ORIENTED_EDGE('',*,*,#1008,.T.);
#365=ORIENTED_EDGE('',*,*,#1071,.F.);
#366=ORIENTED_EDGE('',*,*,#1072,.F.);
#367=ORIENTED_EDGE('',*,*,#1068,.T.);
#368=ORIENTED_EDGE('',*,*,#1007,.T.);
#369=ORIENTED_EDGE('',*,*,#1073,.F.);
#370=ORIENTED_EDGE('',*,*,#1074,.F.);
#371=ORIENTED_EDGE('',*,*,#1071,.T.);
#372=ORIENTED_EDGE('',*,*,#1006,.T.);
#373=ORIENTED_EDGE('',*,*,#1075,.F.);
#374=ORIENTED_EDGE('',*,*,#1076,.F.);
#375=ORIENTED_EDGE('',*,*,#1073,.T.);
#376=ORIENTED_EDGE('',*,*,#1005,.T.);
#377=ORIENTED_EDGE('',*,*,#1077,.F.);
#378=ORIENTED_EDGE('',*,*,#1078,.F.);
#379=ORIENTED_EDGE('',*,*,#1075,.T.);
#380=ORIENTED_EDGE('',*,*,#1004,.T.);
#381=ORIENTED_EDGE('',*,*,#1070,.F.);
#382=ORIENTED_EDGE('',*,*,#1079,.F.);
#383=ORIENTED_EDGE('',*,*,#1077,.T.);
#384=ORIENTED_EDGE('',*,*,#954,.F.);
#385=ORIENTED_EDGE('',*,*,#1069,.T.);
#386=ORIENTED_EDGE('',*,*,#1072,.T.);
#387=ORIENTED_EDGE('',*,*,#1074,.T.);
#388=ORIENTED_EDGE('',*,*,#1076,.T.);
#389=ORIENTED_EDGE('',*,*,#1078,.T.);
#390=ORIENTED_EDGE('',*,*,#1079,.T.);
#391=ORIENTED_EDGE('',*,*,#1009,.T.);
#392=ORIENTED_EDGE('',*,*,#1080,.F.);
#393=ORIENTED_EDGE('',*,*,#1081,.F.);
#394=ORIENTED_EDGE('',*,*,#1082,.T.);
#395=ORIENTED_EDGE('',*,*,#1014,.T.);
#396=ORIENTED_EDGE('',*,*,#1083,.F.);
#397=ORIENTED_EDGE('',*,*,#1084,.F.);
#398=ORIENTED_EDGE('',*,*,#1080,.T.);
#399=ORIENTED_EDGE('',*,*,#1013,.T.);
#400=ORIENTED_EDGE('',*,*,#1085,.F.);
#401=ORIENTED_EDGE('',*,*,#1086,.F.);
#402=ORIENTED_EDGE('',*,*,#1083,.T.);
#403=ORIENTED_EDGE('',*,*,#1012,.T.);
#404=ORIENTED_EDGE('',*,*,#1087,.F.);
#405=ORIENTED_EDGE('',*,*,#1088,.F.);
#406=ORIENTED_EDGE('',*,*,#1085,.T.);
#407=ORIENTED_EDGE('',*,*,#1011,.T.);
#408=ORIENTED_EDGE('',*,*,#1089,.F.);
#409=ORIENTED_EDGE('',*,*,#1090,.F.);
#410=ORIENTED_EDGE('',*,*,#1087,.T.);
#411=ORIENTED_EDGE('',*,*,#1010,.T.);
#412=ORIENTED_EDGE('',*,*,#1082,.F.);
#413=ORIENTED_EDGE('',*,*,#1091,.F.);
#414=ORIENTED_EDGE('',*,*,#1089,.T.);
#415=ORIENTED_EDGE('',*,*,#952,.F.);
#416=ORIENTED_EDGE('',*,*,#1081,.T.);
#417=ORIENTED_EDGE('',*,*,#1084,.T.);
#418=ORIENTED_EDGE('',*,*,#1086,.T.);
#419=ORIENTED_EDGE('',*,*,#1088,.T.);
#420=ORIENTED_EDGE('',*,*,#1090,.T.);
#421=ORIENTED_EDGE('',*,*,#1091,.T.);
#422=ORIENTED_EDGE('',*,*,#1015,.T.);
#423=ORIENTED_EDGE('',*,*,#1092,.F.);
#424=ORIENTED_EDGE('',*,*,#1093,.F.);
#425=ORIENTED_EDGE('',*,*,#1094,.T.);
#426=ORIENTED_EDGE('',*,*,#1020,.T.);
#427=ORIENTED_EDGE('',*,*,#1095,.F.);
#428=ORIENTED_EDGE('',*,*,#1096,.F.);
#429=ORIENTED_EDGE('',*,*,#1092,.T.);
#430=ORIENTED_EDGE('',*,*,#1019,.T.);
#431=ORIENTED_EDGE('',*,*,#1097,.F.);
#432=ORIENTED_EDGE('',*,*,#1098,.F.);
#433=ORIENTED_EDGE('',*,*,#1095,.T.);
#434=ORIENTED_EDGE('',*,*,#1018,.T.);
#435=ORIENTED_EDGE('',*,*,#1099,.F.);
#436=ORIENTED_EDGE('',*,*,#1100,.F.);
#437=ORIENTED_EDGE('',*,*,#1097,.T.);
#438=ORIENTED_EDGE('',*,*,#1017,.T.);
#439=ORIENTED_EDGE('',*,*,#1101,.F.);
#440=ORIENTED_EDGE('',*,*,#1102,.F.);
#441=ORIENTED_EDGE('',*,*,#1099,.T.);
#442=ORIENTED_EDGE('',*,*,#1016,.T.);
#443=ORIENTED_EDGE('',*,*,#1094,.F.);
#444=ORIENTED_EDGE('',*,*,#1103,.F.);
#445=ORIENTED_EDGE('',*,*,#1101,.T.);
#446=ORIENTED_EDGE('',*,*,#950,.F.);
#447=ORIENTED_EDGE('',*,*,#1093,.T.);
#448=ORIENTED_EDGE('',*,*,#1096,.T.);
#449=ORIENTED_EDGE('',*,*,#1098,.T.);
#450=ORIENTED_EDGE('',*,*,#1100,.T.);
#451=ORIENTED_EDGE('',*,*,#1102,.T.);
#452=ORIENTED_EDGE('',*,*,#1103,.T.);
#453=ORIENTED_EDGE('',*,*,#1025,.F.);
#454=ORIENTED_EDGE('',*,*,#973,.F.);
#455=ORIENTED_EDGE('',*,*,#1021,.F.);
#456=ORIENTED_EDGE('',*,*,#998,.F.);
#457=ORIENTED_EDGE('',*,*,#1049,.F.);
#458=ORIENTED_EDGE('',*,*,#1001,.F.);
#459=ORIENTED_EDGE('',*,*,#1045,.F.);
#460=ORIENTED_EDGE('',*,*,#944,.F.);
#461=ORIENTED_EDGE('',*,*,#1023,.F.);
#462=ORIENTED_EDGE('',*,*,#979,.F.);
#463=ORIENTED_EDGE('',*,*,#1030,.F.);
#464=ORIENTED_EDGE('',*,*,#962,.F.);
#465=ORIENTED_EDGE('',*,*,#1024,.F.);
#466=ORIENTED_EDGE('',*,*,#964,.F.);
#467=ORIENTED_EDGE('',*,*,#1033,.F.);
#468=ORIENTED_EDGE('',*,*,#966,.F.);
#469=ORIENTED_EDGE('',*,*,#1047,.F.);
#470=ORIENTED_EDGE('',*,*,#1035,.F.);
#471=ORIENTED_EDGE('',*,*,#1054,.F.);
#472=ORIENTED_EDGE('',*,*,#1039,.F.);
#473=ORIENTED_EDGE('',*,*,#1046,.F.);
#474=ORIENTED_EDGE('',*,*,#970,.F.);
#475=ORIENTED_EDGE('',*,*,#1055,.F.);
#476=ORIENTED_EDGE('',*,*,#1037,.F.);
#477=ORIENTED_EDGE('',*,*,#1022,.F.);
#478=ORIENTED_EDGE('',*,*,#977,.F.);
#479=ORIENTED_EDGE('',*,*,#1031,.F.);
#480=ORIENTED_EDGE('',*,*,#981,.F.);
#481=ORIENTED_EDGE('',*,*,#1026,.F.);
#482=ORIENTED_EDGE('',*,*,#983,.F.);
#483=ORIENTED_EDGE('',*,*,#1050,.F.);
#484=ORIENTED_EDGE('',*,*,#948,.F.);
#485=ORIENTED_EDGE('',*,*,#1056,.F.);
#486=ORIENTED_EDGE('',*,*,#1028,.F.);
#487=ORIENTED_EDGE('',*,*,#1032,.F.);
#488=ORIENTED_EDGE('',*,*,#975,.F.);
#489=ORIENTED_EDGE('',*,*,#1048,.F.);
#490=ORIENTED_EDGE('',*,*,#1041,.F.);
#491=ORIENTED_EDGE('',*,*,#1057,.F.);
#492=ORIENTED_EDGE('',*,*,#946,.F.);
#493=ORIENTED_EDGE('',*,*,#1104,.F.);
#494=ORIENTED_EDGE('',*,*,#1105,.F.);
#495=ORIENTED_EDGE('',*,*,#1106,.T.);
#496=ORIENTED_EDGE('',*,*,#1107,.T.);
#497=ORIENTED_EDGE('',*,*,#1108,.T.);
#498=ORIENTED_EDGE('',*,*,#1109,.T.);
#499=ORIENTED_EDGE('',*,*,#1110,.T.);
#500=ORIENTED_EDGE('',*,*,#1111,.F.);
#501=ORIENTED_EDGE('',*,*,#1112,.F.);
#502=ORIENTED_EDGE('',*,*,#1113,.F.);
#503=ORIENTED_EDGE('',*,*,#1114,.T.);
#504=ORIENTED_EDGE('',*,*,#1107,.F.);
#505=ORIENTED_EDGE('',*,*,#1115,.F.);
#506=ORIENTED_EDGE('',*,*,#1116,.F.);
#507=ORIENTED_EDGE('',*,*,#1117,.F.);
#508=ORIENTED_EDGE('',*,*,#1118,.F.);
#509=ORIENTED_EDGE('',*,*,#1119,.F.);
#510=ORIENTED_EDGE('',*,*,#1120,.F.);
#511=ORIENTED_EDGE('',*,*,#1121,.F.);
#512=ORIENTED_EDGE('',*,*,#1122,.F.);
#513=ORIENTED_EDGE('',*,*,#1123,.F.);
#514=ORIENTED_EDGE('',*,*,#1124,.F.);
#515=ORIENTED_EDGE('',*,*,#1125,.F.);
#516=ORIENTED_EDGE('',*,*,#1126,.F.);
#517=ORIENTED_EDGE('',*,*,#1127,.F.);
#518=ORIENTED_EDGE('',*,*,#1128,.F.);
#519=ORIENTED_EDGE('',*,*,#1129,.F.);
#520=ORIENTED_EDGE('',*,*,#1130,.F.);
#521=ORIENTED_EDGE('',*,*,#1131,.F.);
#522=ORIENTED_EDGE('',*,*,#1132,.F.);
#523=ORIENTED_EDGE('',*,*,#1133,.F.);
#524=ORIENTED_EDGE('',*,*,#1134,.F.);
#525=ORIENTED_EDGE('',*,*,#1135,.F.);
#526=ORIENTED_EDGE('',*,*,#1136,.F.);
#527=ORIENTED_EDGE('',*,*,#1137,.F.);
#528=ORIENTED_EDGE('',*,*,#1138,.F.);
#529=ORIENTED_EDGE('',*,*,#1139,.F.);
#530=ORIENTED_EDGE('',*,*,#1140,.F.);
#531=ORIENTED_EDGE('',*,*,#1141,.F.);
#532=ORIENTED_EDGE('',*,*,#1142,.F.);
#533=ORIENTED_EDGE('',*,*,#1143,.F.);
#534=ORIENTED_EDGE('',*,*,#1144,.F.);
#535=ORIENTED_EDGE('',*,*,#1145,.F.);
#536=ORIENTED_EDGE('',*,*,#1146,.F.);
#537=ORIENTED_EDGE('',*,*,#1147,.F.);
#538=ORIENTED_EDGE('',*,*,#1148,.F.);
#539=ORIENTED_EDGE('',*,*,#1149,.F.);
#540=ORIENTED_EDGE('',*,*,#1150,.F.);
#541=ORIENTED_EDGE('',*,*,#1151,.F.);
#542=ORIENTED_EDGE('',*,*,#1152,.F.);
#543=ORIENTED_EDGE('',*,*,#1153,.F.);
#544=ORIENTED_EDGE('',*,*,#1154,.F.);
#545=ORIENTED_EDGE('',*,*,#1155,.F.);
#546=ORIENTED_EDGE('',*,*,#1156,.F.);
#547=ORIENTED_EDGE('',*,*,#1157,.F.);
#548=ORIENTED_EDGE('',*,*,#1158,.F.);
#549=ORIENTED_EDGE('',*,*,#1159,.F.);
#550=ORIENTED_EDGE('',*,*,#1160,.F.);
#551=ORIENTED_EDGE('',*,*,#1161,.F.);
#552=ORIENTED_EDGE('',*,*,#1162,.F.);
#553=ORIENTED_EDGE('',*,*,#1163,.F.);
#554=ORIENTED_EDGE('',*,*,#1164,.F.);
#555=ORIENTED_EDGE('',*,*,#1165,.F.);
#556=ORIENTED_EDGE('',*,*,#1166,.F.);
#557=ORIENTED_EDGE('',*,*,#1167,.F.);
#558=ORIENTED_EDGE('',*,*,#1168,.F.);
#559=ORIENTED_EDGE('',*,*,#1169,.F.);
#560=ORIENTED_EDGE('',*,*,#1170,.F.);
#561=ORIENTED_EDGE('',*,*,#1171,.F.);
#562=ORIENTED_EDGE('',*,*,#1172,.F.);
#563=ORIENTED_EDGE('',*,*,#1173,.T.);
#564=ORIENTED_EDGE('',*,*,#1174,.T.);
#565=ORIENTED_EDGE('',*,*,#1175,.T.);
#566=ORIENTED_EDGE('',*,*,#1176,.T.);
#567=ORIENTED_EDGE('',*,*,#1177,.F.);
#568=ORIENTED_EDGE('',*,*,#1178,.T.);
#569=ORIENTED_EDGE('',*,*,#1179,.T.);
#570=ORIENTED_EDGE('',*,*,#1180,.T.);
#571=ORIENTED_EDGE('',*,*,#1181,.F.);
#572=ORIENTED_EDGE('',*,*,#1182,.T.);
#573=ORIENTED_EDGE('',*,*,#1183,.T.);
#574=ORIENTED_EDGE('',*,*,#1184,.T.);
#575=ORIENTED_EDGE('',*,*,#1185,.T.);
#576=ORIENTED_EDGE('',*,*,#1186,.T.);
#577=ORIENTED_EDGE('',*,*,#1187,.T.);
#578=ORIENTED_EDGE('',*,*,#1188,.F.);
#579=ORIENTED_EDGE('',*,*,#1189,.T.);
#580=ORIENTED_EDGE('',*,*,#1190,.T.);
#581=ORIENTED_EDGE('',*,*,#1105,.T.);
#582=ORIENTED_EDGE('',*,*,#1191,.T.);
#583=ORIENTED_EDGE('',*,*,#1192,.T.);
#584=ORIENTED_EDGE('',*,*,#1193,.T.);
#585=ORIENTED_EDGE('',*,*,#1194,.T.);
#586=ORIENTED_EDGE('',*,*,#1195,.T.);
#587=ORIENTED_EDGE('',*,*,#1196,.T.);
#588=ORIENTED_EDGE('',*,*,#1197,.T.);
#589=ORIENTED_EDGE('',*,*,#1198,.T.);
#590=ORIENTED_EDGE('',*,*,#1199,.T.);
#591=ORIENTED_EDGE('',*,*,#1200,.T.);
#592=ORIENTED_EDGE('',*,*,#1201,.T.);
#593=ORIENTED_EDGE('',*,*,#1202,.T.);
#594=ORIENTED_EDGE('',*,*,#1203,.T.);
#595=ORIENTED_EDGE('',*,*,#1204,.T.);
#596=ORIENTED_EDGE('',*,*,#1205,.T.);
#597=ORIENTED_EDGE('',*,*,#1206,.T.);
#598=ORIENTED_EDGE('',*,*,#1207,.T.);
#599=ORIENTED_EDGE('',*,*,#1208,.T.);
#600=ORIENTED_EDGE('',*,*,#1209,.T.);
#601=ORIENTED_EDGE('',*,*,#1210,.T.);
#602=ORIENTED_EDGE('',*,*,#1211,.T.);
#603=ORIENTED_EDGE('',*,*,#1212,.T.);
#604=ORIENTED_EDGE('',*,*,#1213,.T.);
#605=ORIENTED_EDGE('',*,*,#1214,.T.);
#606=ORIENTED_EDGE('',*,*,#1215,.T.);
#607=ORIENTED_EDGE('',*,*,#1216,.T.);
#608=ORIENTED_EDGE('',*,*,#1217,.T.);
#609=ORIENTED_EDGE('',*,*,#1218,.T.);
#610=ORIENTED_EDGE('',*,*,#1219,.T.);
#611=ORIENTED_EDGE('',*,*,#1220,.T.);
#612=ORIENTED_EDGE('',*,*,#1221,.T.);
#613=ORIENTED_EDGE('',*,*,#1222,.T.);
#614=ORIENTED_EDGE('',*,*,#1223,.T.);
#615=ORIENTED_EDGE('',*,*,#1224,.T.);
#616=ORIENTED_EDGE('',*,*,#1225,.T.);
#617=ORIENTED_EDGE('',*,*,#1226,.T.);
#618=ORIENTED_EDGE('',*,*,#1227,.T.);
#619=ORIENTED_EDGE('',*,*,#1228,.T.);
#620=ORIENTED_EDGE('',*,*,#1229,.T.);
#621=ORIENTED_EDGE('',*,*,#1230,.T.);
#622=ORIENTED_EDGE('',*,*,#1231,.T.);
#623=ORIENTED_EDGE('',*,*,#1232,.T.);
#624=ORIENTED_EDGE('',*,*,#1233,.T.);
#625=ORIENTED_EDGE('',*,*,#1234,.T.);
#626=ORIENTED_EDGE('',*,*,#1235,.T.);
#627=ORIENTED_EDGE('',*,*,#1236,.T.);
#628=ORIENTED_EDGE('',*,*,#1237,.T.);
#629=ORIENTED_EDGE('',*,*,#1238,.T.);
#630=ORIENTED_EDGE('',*,*,#1239,.T.);
#631=ORIENTED_EDGE('',*,*,#1240,.T.);
#632=ORIENTED_EDGE('',*,*,#1241,.T.);
#633=ORIENTED_EDGE('',*,*,#1242,.T.);
#634=ORIENTED_EDGE('',*,*,#1243,.T.);
#635=ORIENTED_EDGE('',*,*,#1244,.T.);
#636=ORIENTED_EDGE('',*,*,#1245,.T.);
#637=ORIENTED_EDGE('',*,*,#1246,.T.);
#638=ORIENTED_EDGE('',*,*,#1247,.T.);
#639=ORIENTED_EDGE('',*,*,#1248,.F.);
#640=ORIENTED_EDGE('',*,*,#1249,.T.);
#641=ORIENTED_EDGE('',*,*,#1250,.F.);
#642=ORIENTED_EDGE('',*,*,#1251,.T.);
#643=ORIENTED_EDGE('',*,*,#1252,.T.);
#644=ORIENTED_EDGE('',*,*,#1253,.T.);
#645=ORIENTED_EDGE('',*,*,#1254,.F.);
#646=ORIENTED_EDGE('',*,*,#1255,.T.);
#647=ORIENTED_EDGE('',*,*,#1256,.T.);
#648=ORIENTED_EDGE('',*,*,#1257,.T.);
#649=ORIENTED_EDGE('',*,*,#1258,.F.);
#650=ORIENTED_EDGE('',*,*,#1112,.T.);
#651=ORIENTED_EDGE('',*,*,#1259,.T.);
#652=ORIENTED_EDGE('',*,*,#1186,.F.);
#653=ORIENTED_EDGE('',*,*,#1259,.F.);
#654=ORIENTED_EDGE('',*,*,#1111,.T.);
#655=ORIENTED_EDGE('',*,*,#1260,.T.);
#656=ORIENTED_EDGE('',*,*,#1187,.F.);
#657=ORIENTED_EDGE('',*,*,#1106,.F.);
#658=ORIENTED_EDGE('',*,*,#1190,.F.);
#659=ORIENTED_EDGE('',*,*,#1261,.F.);
#660=ORIENTED_EDGE('',*,*,#1115,.T.);
#661=ORIENTED_EDGE('',*,*,#1191,.F.);
#662=ORIENTED_EDGE('',*,*,#1104,.T.);
#663=ORIENTED_EDGE('',*,*,#1117,.T.);
#664=ORIENTED_EDGE('',*,*,#1262,.T.);
#665=ORIENTED_EDGE('',*,*,#1263,.F.);
#666=ORIENTED_EDGE('',*,*,#1194,.F.);
#667=ORIENTED_EDGE('',*,*,#1264,.T.);
#668=ORIENTED_EDGE('',*,*,#1118,.T.);
#669=ORIENTED_EDGE('',*,*,#1262,.F.);
#670=ORIENTED_EDGE('',*,*,#1116,.T.);
#671=ORIENTED_EDGE('',*,*,#1261,.T.);
#672=ORIENTED_EDGE('',*,*,#1192,.F.);
#673=ORIENTED_EDGE('',*,*,#1264,.F.);
#674=ORIENTED_EDGE('',*,*,#1193,.F.);
#675=ORIENTED_EDGE('',*,*,#1265,.F.);
#676=ORIENTED_EDGE('',*,*,#1119,.T.);
#677=ORIENTED_EDGE('',*,*,#1195,.F.);
#678=ORIENTED_EDGE('',*,*,#1263,.T.);
#679=ORIENTED_EDGE('',*,*,#1121,.T.);
#680=ORIENTED_EDGE('',*,*,#1266,.T.);
#681=ORIENTED_EDGE('',*,*,#1267,.F.);
#682=ORIENTED_EDGE('',*,*,#1198,.F.);
#683=ORIENTED_EDGE('',*,*,#1268,.T.);
#684=ORIENTED_EDGE('',*,*,#1122,.T.);
#685=ORIENTED_EDGE('',*,*,#1266,.F.);
#686=ORIENTED_EDGE('',*,*,#1120,.T.);
#687=ORIENTED_EDGE('',*,*,#1265,.T.);
#688=ORIENTED_EDGE('',*,*,#1196,.F.);
#689=ORIENTED_EDGE('',*,*,#1268,.F.);
#690=ORIENTED_EDGE('',*,*,#1197,.F.);
#691=ORIENTED_EDGE('',*,*,#1269,.F.);
#692=ORIENTED_EDGE('',*,*,#1123,.T.);
#693=ORIENTED_EDGE('',*,*,#1199,.F.);
#694=ORIENTED_EDGE('',*,*,#1267,.T.);
#695=ORIENTED_EDGE('',*,*,#1125,.T.);
#696=ORIENTED_EDGE('',*,*,#1270,.T.);
#697=ORIENTED_EDGE('',*,*,#1271,.F.);
#698=ORIENTED_EDGE('',*,*,#1202,.F.);
#699=ORIENTED_EDGE('',*,*,#1272,.T.);
#700=ORIENTED_EDGE('',*,*,#1126,.T.);
#701=ORIENTED_EDGE('',*,*,#1270,.F.);
#702=ORIENTED_EDGE('',*,*,#1124,.T.);
#703=ORIENTED_EDGE('',*,*,#1269,.T.);
#704=ORIENTED_EDGE('',*,*,#1200,.F.);
#705=ORIENTED_EDGE('',*,*,#1272,.F.);
#706=ORIENTED_EDGE('',*,*,#1201,.F.);
#707=ORIENTED_EDGE('',*,*,#1273,.F.);
#708=ORIENTED_EDGE('',*,*,#1127,.T.);
#709=ORIENTED_EDGE('',*,*,#1203,.F.);
#710=ORIENTED_EDGE('',*,*,#1271,.T.);
#711=ORIENTED_EDGE('',*,*,#1129,.T.);
#712=ORIENTED_EDGE('',*,*,#1274,.T.);
#713=ORIENTED_EDGE('',*,*,#1275,.F.);
#714=ORIENTED_EDGE('',*,*,#1206,.F.);
#715=ORIENTED_EDGE('',*,*,#1276,.T.);
#716=ORIENTED_EDGE('',*,*,#1130,.T.);
#717=ORIENTED_EDGE('',*,*,#1274,.F.);
#718=ORIENTED_EDGE('',*,*,#1128,.T.);
#719=ORIENTED_EDGE('',*,*,#1273,.T.);
#720=ORIENTED_EDGE('',*,*,#1204,.F.);
#721=ORIENTED_EDGE('',*,*,#1276,.F.);
#722=ORIENTED_EDGE('',*,*,#1205,.F.);
#723=ORIENTED_EDGE('',*,*,#1277,.F.);
#724=ORIENTED_EDGE('',*,*,#1131,.T.);
#725=ORIENTED_EDGE('',*,*,#1207,.F.);
#726=ORIENTED_EDGE('',*,*,#1275,.T.);
#727=ORIENTED_EDGE('',*,*,#1133,.T.);
#728=ORIENTED_EDGE('',*,*,#1278,.T.);
#729=ORIENTED_EDGE('',*,*,#1279,.F.);
#730=ORIENTED_EDGE('',*,*,#1210,.F.);
#731=ORIENTED_EDGE('',*,*,#1280,.T.);
#732=ORIENTED_EDGE('',*,*,#1134,.T.);
#733=ORIENTED_EDGE('',*,*,#1278,.F.);
#734=ORIENTED_EDGE('',*,*,#1132,.T.);
#735=ORIENTED_EDGE('',*,*,#1277,.T.);
#736=ORIENTED_EDGE('',*,*,#1208,.F.);
#737=ORIENTED_EDGE('',*,*,#1280,.F.);
#738=ORIENTED_EDGE('',*,*,#1209,.F.);
#739=ORIENTED_EDGE('',*,*,#1281,.F.);
#740=ORIENTED_EDGE('',*,*,#1135,.T.);
#741=ORIENTED_EDGE('',*,*,#1211,.F.);
#742=ORIENTED_EDGE('',*,*,#1279,.T.);
#743=ORIENTED_EDGE('',*,*,#1137,.T.);
#744=ORIENTED_EDGE('',*,*,#1282,.T.);
#745=ORIENTED_EDGE('',*,*,#1283,.F.);
#746=ORIENTED_EDGE('',*,*,#1214,.F.);
#747=ORIENTED_EDGE('',*,*,#1284,.T.);
#748=ORIENTED_EDGE('',*,*,#1138,.T.);
#749=ORIENTED_EDGE('',*,*,#1282,.F.);
#750=ORIENTED_EDGE('',*,*,#1136,.T.);
#751=ORIENTED_EDGE('',*,*,#1281,.T.);
#752=ORIENTED_EDGE('',*,*,#1212,.F.);
#753=ORIENTED_EDGE('',*,*,#1284,.F.);
#754=ORIENTED_EDGE('',*,*,#1213,.F.);
#755=ORIENTED_EDGE('',*,*,#1285,.F.);
#756=ORIENTED_EDGE('',*,*,#1139,.T.);
#757=ORIENTED_EDGE('',*,*,#1215,.F.);
#758=ORIENTED_EDGE('',*,*,#1283,.T.);
#759=ORIENTED_EDGE('',*,*,#1141,.T.);
#760=ORIENTED_EDGE('',*,*,#1286,.T.);
#761=ORIENTED_EDGE('',*,*,#1287,.F.);
#762=ORIENTED_EDGE('',*,*,#1218,.F.);
#763=ORIENTED_EDGE('',*,*,#1288,.T.);
#764=ORIENTED_EDGE('',*,*,#1142,.T.);
#765=ORIENTED_EDGE('',*,*,#1286,.F.);
#766=ORIENTED_EDGE('',*,*,#1140,.T.);
#767=ORIENTED_EDGE('',*,*,#1285,.T.);
#768=ORIENTED_EDGE('',*,*,#1216,.F.);
#769=ORIENTED_EDGE('',*,*,#1288,.F.);
#770=ORIENTED_EDGE('',*,*,#1217,.F.);
#771=ORIENTED_EDGE('',*,*,#1289,.F.);
#772=ORIENTED_EDGE('',*,*,#1143,.T.);
#773=ORIENTED_EDGE('',*,*,#1219,.F.);
#774=ORIENTED_EDGE('',*,*,#1287,.T.);
#775=ORIENTED_EDGE('',*,*,#1145,.T.);
#776=ORIENTED_EDGE('',*,*,#1290,.T.);
#777=ORIENTED_EDGE('',*,*,#1291,.F.);
#778=ORIENTED_EDGE('',*,*,#1222,.F.);
#779=ORIENTED_EDGE('',*,*,#1292,.T.);
#780=ORIENTED_EDGE('',*,*,#1146,.T.);
#781=ORIENTED_EDGE('',*,*,#1290,.F.);
#782=ORIENTED_EDGE('',*,*,#1144,.T.);
#783=ORIENTED_EDGE('',*,*,#1289,.T.);
#784=ORIENTED_EDGE('',*,*,#1220,.F.);
#785=ORIENTED_EDGE('',*,*,#1292,.F.);
#786=ORIENTED_EDGE('',*,*,#1221,.F.);
#787=ORIENTED_EDGE('',*,*,#1293,.F.);
#788=ORIENTED_EDGE('',*,*,#1147,.T.);
#789=ORIENTED_EDGE('',*,*,#1223,.F.);
#790=ORIENTED_EDGE('',*,*,#1291,.T.);
#791=ORIENTED_EDGE('',*,*,#1149,.T.);
#792=ORIENTED_EDGE('',*,*,#1294,.T.);
#793=ORIENTED_EDGE('',*,*,#1295,.F.);
#794=ORIENTED_EDGE('',*,*,#1226,.F.);
#795=ORIENTED_EDGE('',*,*,#1296,.T.);
#796=ORIENTED_EDGE('',*,*,#1150,.T.);
#797=ORIENTED_EDGE('',*,*,#1294,.F.);
#798=ORIENTED_EDGE('',*,*,#1148,.T.);
#799=ORIENTED_EDGE('',*,*,#1293,.T.);
#800=ORIENTED_EDGE('',*,*,#1224,.F.);
#801=ORIENTED_EDGE('',*,*,#1296,.F.);
#802=ORIENTED_EDGE('',*,*,#1225,.F.);
#803=ORIENTED_EDGE('',*,*,#1297,.F.);
#804=ORIENTED_EDGE('',*,*,#1151,.T.);
#805=ORIENTED_EDGE('',*,*,#1227,.F.);
#806=ORIENTED_EDGE('',*,*,#1295,.T.);
#807=ORIENTED_EDGE('',*,*,#1153,.T.);
#808=ORIENTED_EDGE('',*,*,#1298,.T.);
#809=ORIENTED_EDGE('',*,*,#1299,.F.);
#810=ORIENTED_EDGE('',*,*,#1230,.F.);
#811=ORIENTED_EDGE('',*,*,#1300,.T.);
#812=ORIENTED_EDGE('',*,*,#1154,.T.);
#813=ORIENTED_EDGE('',*,*,#1298,.F.);
#814=ORIENTED_EDGE('',*,*,#1152,.T.);
#815=ORIENTED_EDGE('',*,*,#1297,.T.);
#816=ORIENTED_EDGE('',*,*,#1228,.F.);
#817=ORIENTED_EDGE('',*,*,#1300,.F.);
#818=ORIENTED_EDGE('',*,*,#1229,.F.);
#819=ORIENTED_EDGE('',*,*,#1301,.F.);
#820=ORIENTED_EDGE('',*,*,#1155,.T.);
#821=ORIENTED_EDGE('',*,*,#1231,.F.);
#822=ORIENTED_EDGE('',*,*,#1299,.T.);
#823=ORIENTED_EDGE('',*,*,#1157,.T.);
#824=ORIENTED_EDGE('',*,*,#1302,.T.);
#825=ORIENTED_EDGE('',*,*,#1303,.F.);
#826=ORIENTED_EDGE('',*,*,#1234,.F.);
#827=ORIENTED_EDGE('',*,*,#1304,.T.);
#828=ORIENTED_EDGE('',*,*,#1158,.T.);
#829=ORIENTED_EDGE('',*,*,#1302,.F.);
#830=ORIENTED_EDGE('',*,*,#1156,.T.);
#831=ORIENTED_EDGE('',*,*,#1301,.T.);
#832=ORIENTED_EDGE('',*,*,#1232,.F.);
#833=ORIENTED_EDGE('',*,*,#1304,.F.);
#834=ORIENTED_EDGE('',*,*,#1233,.F.);
#835=ORIENTED_EDGE('',*,*,#1305,.F.);
#836=ORIENTED_EDGE('',*,*,#1159,.T.);
#837=ORIENTED_EDGE('',*,*,#1235,.F.);
#838=ORIENTED_EDGE('',*,*,#1303,.T.);
#839=ORIENTED_EDGE('',*,*,#1161,.T.);
#840=ORIENTED_EDGE('',*,*,#1306,.T.);
#841=ORIENTED_EDGE('',*,*,#1307,.F.);
#842=ORIENTED_EDGE('',*,*,#1238,.F.);
#843=ORIENTED_EDGE('',*,*,#1308,.T.);
#844=ORIENTED_EDGE('',*,*,#1162,.T.);
#845=ORIENTED_EDGE('',*,*,#1306,.F.);
#846=ORIENTED_EDGE('',*,*,#1160,.T.);
#847=ORIENTED_EDGE('',*,*,#1305,.T.);
#848=ORIENTED_EDGE('',*,*,#1236,.F.);
#849=ORIENTED_EDGE('',*,*,#1308,.F.);
#850=ORIENTED_EDGE('',*,*,#1237,.F.);
#851=ORIENTED_EDGE('',*,*,#1309,.F.);
#852=ORIENTED_EDGE('',*,*,#1163,.T.);
#853=ORIENTED_EDGE('',*,*,#1239,.F.);
#854=ORIENTED_EDGE('',*,*,#1307,.T.);
#855=ORIENTED_EDGE('',*,*,#1165,.T.);
#856=ORIENTED_EDGE('',*,*,#1310,.T.);
#857=ORIENTED_EDGE('',*,*,#1311,.F.);
#858=ORIENTED_EDGE('',*,*,#1242,.F.);
#859=ORIENTED_EDGE('',*,*,#1312,.T.);
#860=ORIENTED_EDGE('',*,*,#1166,.T.);
#861=ORIENTED_EDGE('',*,*,#1310,.F.);
#862=ORIENTED_EDGE('',*,*,#1164,.T.);
#863=ORIENTED_EDGE('',*,*,#1309,.T.);
#864=ORIENTED_EDGE('',*,*,#1240,.F.);
#865=ORIENTED_EDGE('',*,*,#1312,.F.);
#866=ORIENTED_EDGE('',*,*,#1241,.F.);
#867=ORIENTED_EDGE('',*,*,#1313,.F.);
#868=ORIENTED_EDGE('',*,*,#1167,.T.);
#869=ORIENTED_EDGE('',*,*,#1243,.F.);
#870=ORIENTED_EDGE('',*,*,#1311,.T.);
#871=ORIENTED_EDGE('',*,*,#1169,.T.);
#872=ORIENTED_EDGE('',*,*,#1314,.T.);
#873=ORIENTED_EDGE('',*,*,#1315,.F.);
#874=ORIENTED_EDGE('',*,*,#1246,.F.);
#875=ORIENTED_EDGE('',*,*,#1316,.T.);
#876=ORIENTED_EDGE('',*,*,#1170,.T.);
#877=ORIENTED_EDGE('',*,*,#1314,.F.);
#878=ORIENTED_EDGE('',*,*,#1168,.T.);
#879=ORIENTED_EDGE('',*,*,#1313,.T.);
#880=ORIENTED_EDGE('',*,*,#1244,.F.);
#881=ORIENTED_EDGE('',*,*,#1316,.F.);
#882=ORIENTED_EDGE('',*,*,#1245,.F.);
#883=ORIENTED_EDGE('',*,*,#1317,.F.);
#884=ORIENTED_EDGE('',*,*,#1171,.T.);
#885=ORIENTED_EDGE('',*,*,#1247,.F.);
#886=ORIENTED_EDGE('',*,*,#1315,.T.);
#887=ORIENTED_EDGE('',*,*,#1172,.T.);
#888=ORIENTED_EDGE('',*,*,#1317,.T.);
#889=ORIENTED_EDGE('',*,*,#1181,.T.);
#890=ORIENTED_EDGE('',*,*,#1318,.T.);
#891=ORIENTED_EDGE('',*,*,#1252,.F.);
#892=ORIENTED_EDGE('',*,*,#1319,.T.);
#893=ORIENTED_EDGE('',*,*,#1250,.T.);
#894=ORIENTED_EDGE('',*,*,#1320,.T.);
#895=ORIENTED_EDGE('',*,*,#1173,.F.);
#896=ORIENTED_EDGE('',*,*,#1321,.T.);
#897=ORIENTED_EDGE('',*,*,#1175,.F.);
#898=ORIENTED_EDGE('',*,*,#1322,.T.);
#899=ORIENTED_EDGE('',*,*,#1248,.T.);
#900=ORIENTED_EDGE('',*,*,#1323,.T.);
#901=ORIENTED_EDGE('',*,*,#1177,.T.);
#902=ORIENTED_EDGE('',*,*,#1324,.T.);
#903=ORIENTED_EDGE('',*,*,#1256,.F.);
#904=ORIENTED_EDGE('',*,*,#1325,.T.);
#905=ORIENTED_EDGE('',*,*,#1113,.T.);
#906=ORIENTED_EDGE('',*,*,#1258,.T.);
#907=ORIENTED_EDGE('',*,*,#1189,.F.);
#908=ORIENTED_EDGE('',*,*,#1326,.F.);
#909=ORIENTED_EDGE('',*,*,#1188,.T.);
#910=ORIENTED_EDGE('',*,*,#1260,.F.);
#911=ORIENTED_EDGE('',*,*,#1114,.F.);
#912=ORIENTED_EDGE('',*,*,#1326,.T.);
#913=ORIENTED_EDGE('',*,*,#1179,.F.);
#914=ORIENTED_EDGE('',*,*,#1327,.T.);
#915=ORIENTED_EDGE('',*,*,#1254,.T.);
#916=ORIENTED_EDGE('',*,*,#1328,.T.);
#917=ORIENTED_EDGE('',*,*,#1176,.F.);
#918=ORIENTED_EDGE('',*,*,#1323,.F.);
#919=ORIENTED_EDGE('',*,*,#1257,.F.);
#920=ORIENTED_EDGE('',*,*,#1324,.F.);
#921=ORIENTED_EDGE('',*,*,#1178,.F.);
#922=ORIENTED_EDGE('',*,*,#1325,.F.);
#923=ORIENTED_EDGE('',*,*,#1255,.F.);
#924=ORIENTED_EDGE('',*,*,#1327,.F.);
#925=ORIENTED_EDGE('',*,*,#1180,.F.);
#926=ORIENTED_EDGE('',*,*,#1328,.F.);
#927=ORIENTED_EDGE('',*,*,#1253,.F.);
#928=ORIENTED_EDGE('',*,*,#1318,.F.);
#929=ORIENTED_EDGE('',*,*,#1182,.F.);
#930=ORIENTED_EDGE('',*,*,#1319,.F.);
#931=ORIENTED_EDGE('',*,*,#1251,.F.);
#932=ORIENTED_EDGE('',*,*,#1321,.F.);
#933=ORIENTED_EDGE('',*,*,#1174,.F.);
#934=ORIENTED_EDGE('',*,*,#1320,.F.);
#935=ORIENTED_EDGE('',*,*,#1249,.F.);
#936=ORIENTED_EDGE('',*,*,#1322,.F.);
#937=ORIENTED_EDGE('',*,*,#1110,.F.);
#938=ORIENTED_EDGE('',*,*,#1185,.F.);
#939=ORIENTED_EDGE('',*,*,#1109,.F.);
#940=ORIENTED_EDGE('',*,*,#1184,.F.);
#941=ORIENTED_EDGE('',*,*,#1108,.F.);
#942=ORIENTED_EDGE('',*,*,#1183,.F.);
#943=EDGE_CURVE('',#1329,#1330,#1597,.T.);
#944=EDGE_CURVE('',#1329,#1331,#1598,.T.);
#945=EDGE_CURVE('',#1331,#1332,#1599,.T.);
#946=EDGE_CURVE('',#1332,#1333,#1600,.T.);
#947=EDGE_CURVE('',#1333,#1334,#1601,.T.);
#948=EDGE_CURVE('',#1334,#1330,#1602,.T.);
#949=EDGE_CURVE('',#1335,#1335,#24,.F.);
#950=EDGE_CURVE('',#1336,#1336,#25,.T.);
#951=EDGE_CURVE('',#1337,#1337,#26,.F.);
#952=EDGE_CURVE('',#1338,#1338,#27,.T.);
#953=EDGE_CURVE('',#1339,#1339,#28,.F.);
#954=EDGE_CURVE('',#1340,#1340,#29,.T.);
#955=EDGE_CURVE('',#1341,#1342,#1603,.T.);
#956=EDGE_CURVE('',#1343,#1342,#1604,.T.);
#957=EDGE_CURVE('',#1344,#1343,#1605,.T.);
#958=EDGE_CURVE('',#1344,#1341,#1606,.T.);
#959=EDGE_CURVE('',#1345,#1345,#22,.F.);
#960=EDGE_CURVE('',#1346,#1346,#23,.F.);
#961=EDGE_CURVE('',#1347,#1348,#1607,.T.);
#962=EDGE_CURVE('',#1348,#1349,#1608,.T.);
#963=EDGE_CURVE('',#1349,#1350,#1609,.T.);
#964=EDGE_CURVE('',#1350,#1347,#1610,.F.);
#965=EDGE_CURVE('',#1341,#1351,#1611,.T.);
#966=EDGE_CURVE('',#1351,#1352,#1612,.T.);
#967=EDGE_CURVE('',#1352,#1353,#1613,.T.);
#968=EDGE_CURVE('',#1354,#1353,#1614,.T.);
#969=EDGE_CURVE('',#1355,#1354,#1615,.T.);
#970=EDGE_CURVE('',#1355,#1356,#1616,.F.);
#971=EDGE_CURVE('',#1342,#1356,#1617,.T.);
#972=EDGE_CURVE('',#1357,#1358,#1618,.T.);
#973=EDGE_CURVE('',#1357,#1359,#1619,.F.);
#974=EDGE_CURVE('',#1359,#1360,#1620,.T.);
#975=EDGE_CURVE('',#1360,#1361,#1621,.T.);
#976=EDGE_CURVE('',#1362,#1361,#1622,.T.);
#977=EDGE_CURVE('',#1362,#1358,#1623,.F.);
#978=EDGE_CURVE('',#1363,#1364,#1624,.T.);
#979=EDGE_CURVE('',#1363,#1365,#1625,.F.);
#980=EDGE_CURVE('',#1366,#1365,#1626,.T.);
#981=EDGE_CURVE('',#1366,#1364,#1627,.T.);
#982=EDGE_CURVE('',#1367,#1368,#1628,.T.);
#983=EDGE_CURVE('',#1368,#1369,#1629,.F.);
#984=EDGE_CURVE('',#1370,#1369,#1630,.T.);
#985=EDGE_CURVE('',#1370,#1367,#1631,.T.);
#986=EDGE_CURVE('',#1371,#1372,#1632,.T.);
#987=EDGE_CURVE('',#1371,#1373,#1633,.T.);
#988=EDGE_CURVE('',#1373,#1374,#1634,.T.);
#989=EDGE_CURVE('',#1372,#1374,#1635,.T.);
#990=EDGE_CURVE('',#1375,#1376,#1636,.T.);
#991=EDGE_CURVE('',#1375,#1371,#1637,.T.);
#992=EDGE_CURVE('',#1376,#1372,#1638,.T.);
#993=EDGE_CURVE('',#1377,#1377,#30,.F.);
#994=EDGE_CURVE('',#1378,#1378,#31,.F.);
#995=EDGE_CURVE('',#1375,#1370,#1639,.T.);
#996=EDGE_CURVE('',#1376,#1367,#1640,.T.);
#997=EDGE_CURVE('',#1373,#1379,#1641,.T.);
#998=EDGE_CURVE('',#1379,#1380,#1642,.T.);
#999=EDGE_CURVE('',#1380,#1344,#1643,.T.);
#1000=EDGE_CURVE('',#1381,#1343,#1644,.T.);
#1001=EDGE_CURVE('',#1381,#1382,#1645,.F.);
#1002=EDGE_CURVE('',#1374,#1382,#1646,.T.);
#1003=EDGE_CURVE('',#1383,#1384,#1647,.T.);
#1004=EDGE_CURVE('',#1385,#1383,#1648,.T.);
#1005=EDGE_CURVE('',#1386,#1385,#1649,.T.);
#1006=EDGE_CURVE('',#1387,#1386,#1650,.T.);
#1007=EDGE_CURVE('',#1388,#1387,#1651,.T.);
#1008=EDGE_CURVE('',#1384,#1388,#1652,.T.);
#1009=EDGE_CURVE('',#1389,#1390,#1653,.T.);
#1010=EDGE_CURVE('',#1391,#1389,#1654,.T.);
#1011=EDGE_CURVE('',#1392,#1391,#1655,.T.);
#1012=EDGE_CURVE('',#1393,#1392,#1656,.T.);
#1013=EDGE_CURVE('',#1394,#1393,#1657,.T.);
#1014=EDGE_CURVE('',#1390,#1394,#1658,.T.);
#1015=EDGE_CURVE('',#1395,#1396,#1659,.T.);
#1016=EDGE_CURVE('',#1397,#1395,#1660,.T.);
#1017=EDGE_CURVE('',#1398,#1397,#1661,.T.);
#1018=EDGE_CURVE('',#1399,#1398,#1662,.T.);
#1019=EDGE_CURVE('',#1400,#1399,#1663,.T.);
#1020=EDGE_CURVE('',#1396,#1400,#1664,.T.);
#1021=EDGE_CURVE('',#1380,#1357,#32,.T.);
#1022=EDGE_CURVE('',#1358,#1366,#33,.T.);
#1023=EDGE_CURVE('',#1365,#1348,#34,.T.);
#1024=EDGE_CURVE('',#1347,#1351,#35,.T.);
#1025=EDGE_CURVE('',#1359,#1379,#36,.F.);
#1026=EDGE_CURVE('',#1369,#1360,#37,.T.);
#1027=EDGE_CURVE('',#1401,#1353,#1665,.T.);
#1028=EDGE_CURVE('',#1401,#1402,#1666,.T.);
#1029=EDGE_CURVE('',#1402,#1354,#1667,.T.);
#1030=EDGE_CURVE('',#1349,#1363,#38,.T.);
#1031=EDGE_CURVE('',#1364,#1362,#39,.T.);
#1032=EDGE_CURVE('',#1361,#1401,#40,.T.);
#1033=EDGE_CURVE('',#1352,#1350,#41,.T.);
#1034=EDGE_CURVE('',#1403,#1404,#1668,.T.);
#1035=EDGE_CURVE('',#1403,#1405,#1669,.F.);
#1036=EDGE_CURVE('',#1406,#1405,#1670,.T.);
#1037=EDGE_CURVE('',#1406,#1404,#1671,.T.);
#1038=EDGE_CURVE('',#1407,#1408,#1672,.T.);
#1039=EDGE_CURVE('',#1408,#1409,#1673,.T.);
#1040=EDGE_CURVE('',#1409,#1410,#1674,.T.);
#1041=EDGE_CURVE('',#1410,#1407,#1675,.F.);
#1042=EDGE_CURVE('',#1411,#1411,#42,.T.);
#1043=EDGE_CURVE('',#1412,#1412,#43,.T.);
#1044=EDGE_CURVE('',#1413,#1413,#44,.T.);
#1045=EDGE_CURVE('',#1331,#1381,#45,.T.);
#1046=EDGE_CURVE('',#1356,#1406,#46,.T.);
#1047=EDGE_CURVE('',#1405,#1408,#47,.T.);
#1048=EDGE_CURVE('',#1407,#1332,#48,.T.);
#1049=EDGE_CURVE('',#1382,#1329,#49,.F.);
#1050=EDGE_CURVE('',#1330,#1368,#50,.T.);
#1051=EDGE_CURVE('',#1414,#1414,#51,.F.);
#1052=EDGE_CURVE('',#1415,#1415,#52,.F.);
#1053=EDGE_CURVE('',#1416,#1416,#53,.F.);
#1054=EDGE_CURVE('',#1409,#1403,#54,.T.);
#1055=EDGE_CURVE('',#1404,#1355,#55,.T.);
#1056=EDGE_CURVE('',#1402,#1334,#56,.T.);
#1057=EDGE_CURVE('',#1333,#1410,#57,.T.);
#1058=EDGE_CURVE('',#1417,#1417,#58,.T.);
#1059=EDGE_CURVE('',#1418,#1418,#59,.T.);
#1060=EDGE_CURVE('',#1419,#1419,#60,.T.);
#1061=EDGE_CURVE('',#1420,#1420,#61,.T.);
#1062=EDGE_CURVE('',#1421,#1421,#62,.T.);
#1063=EDGE_CURVE('',#1422,#1422,#63,.T.);
#1064=EDGE_CURVE('',#1423,#1423,#64,.T.);
#1065=EDGE_CURVE('',#1424,#1424,#65,.T.);
#1066=EDGE_CURVE('',#1425,#1425,#66,.T.);
#1067=EDGE_CURVE('',#1426,#1426,#67,.T.);
#1068=EDGE_CURVE('',#1427,#1384,#1676,.T.);
#1069=EDGE_CURVE('',#1428,#1427,#1677,.T.);
#1070=EDGE_CURVE('',#1428,#1383,#1678,.T.);
#1071=EDGE_CURVE('',#1429,#1388,#1679,.T.);
#1072=EDGE_CURVE('',#1427,#1429,#1680,.T.);
#1073=EDGE_CURVE('',#1430,#1387,#1681,.T.);
#1074=EDGE_CURVE('',#1429,#1430,#1682,.T.);
#1075=EDGE_CURVE('',#1431,#1386,#1683,.T.);
#1076=EDGE_CURVE('',#1430,#1431,#1684,.T.);
#1077=EDGE_CURVE('',#1432,#1385,#1685,.T.);
#1078=EDGE_CURVE('',#1431,#1432,#1686,.T.);
#1079=EDGE_CURVE('',#1432,#1428,#1687,.T.);
#1080=EDGE_CURVE('',#1433,#1390,#1688,.T.);
#1081=EDGE_CURVE('',#1434,#1433,#1689,.T.);
#1082=EDGE_CURVE('',#1434,#1389,#1690,.T.);
#1083=EDGE_CURVE('',#1435,#1394,#1691,.T.);
#1084=EDGE_CURVE('',#1433,#1435,#1692,.T.);
#1085=EDGE_CURVE('',#1436,#1393,#1693,.T.);
#1086=EDGE_CURVE('',#1435,#1436,#1694,.T.);
#1087=EDGE_CURVE('',#1437,#1392,#1695,.T.);
#1088=EDGE_CURVE('',#1436,#1437,#1696,.T.);
#1089=EDGE_CURVE('',#1438,#1391,#1697,.T.);
#1090=EDGE_CURVE('',#1437,#1438,#1698,.T.);
#1091=EDGE_CURVE('',#1438,#1434,#1699,.T.);
#1092=EDGE_CURVE('',#1439,#1396,#1700,.T.);
#1093=EDGE_CURVE('',#1440,#1439,#1701,.T.);
#1094=EDGE_CURVE('',#1440,#1395,#1702,.T.);
#1095=EDGE_CURVE('',#1441,#1400,#1703,.T.);
#1096=EDGE_CURVE('',#1439,#1441,#1704,.T.);
#1097=EDGE_CURVE('',#1442,#1399,#1705,.T.);
#1098=EDGE_CURVE('',#1441,#1442,#1706,.T.);
#1099=EDGE_CURVE('',#1443,#1398,#1707,.T.);
#1100=EDGE_CURVE('',#1442,#1443,#1708,.T.);
#1101=EDGE_CURVE('',#1444,#1397,#1709,.T.);
#1102=EDGE_CURVE('',#1443,#1444,#1710,.T.);
#1103=EDGE_CURVE('',#1444,#1440,#1711,.T.);
#1104=EDGE_CURVE('',#1445,#1446,#1712,.T.);
#1105=EDGE_CURVE('',#1447,#1445,#1713,.T.);
#1106=EDGE_CURVE('',#1447,#1448,#1714,.F.);
#1107=EDGE_CURVE('',#1448,#1446,#1715,.T.);
#1108=EDGE_CURVE('',#1449,#1449,#68,.F.);
#1109=EDGE_CURVE('',#1450,#1450,#69,.F.);
#1110=EDGE_CURVE('',#1451,#1451,#70,.F.);
#1111=EDGE_CURVE('',#1452,#1453,#71,.T.);
#1112=EDGE_CURVE('',#1454,#1452,#1716,.T.);
#1113=EDGE_CURVE('',#1455,#1454,#1717,.T.);
#1114=EDGE_CURVE('',#1455,#1453,#1718,.T.);
#1115=EDGE_CURVE('',#1456,#1448,#72,.T.);
#1116=EDGE_CURVE('',#1457,#1456,#1719,.T.);
#1117=EDGE_CURVE('',#1446,#1457,#1720,.T.);
#1118=EDGE_CURVE('',#1458,#1459,#1721,.T.);
#1119=EDGE_CURVE('',#1460,#1458,#73,.T.);
#1120=EDGE_CURVE('',#1461,#1460,#1722,.T.);
#1121=EDGE_CURVE('',#1459,#1461,#1723,.T.);
#1122=EDGE_CURVE('',#1462,#1463,#1724,.T.);
#1123=EDGE_CURVE('',#1464,#1462,#74,.T.);
#1124=EDGE_CURVE('',#1465,#1464,#1725,.T.);
#1125=EDGE_CURVE('',#1463,#1465,#1726,.T.);
#1126=EDGE_CURVE('',#1466,#1467,#1727,.T.);
#1127=EDGE_CURVE('',#1468,#1466,#75,.T.);
#1128=EDGE_CURVE('',#1469,#1468,#1728,.T.);
#1129=EDGE_CURVE('',#1467,#1469,#1729,.T.);
#1130=EDGE_CURVE('',#1470,#1471,#1730,.T.);
#1131=EDGE_CURVE('',#1472,#1470,#76,.T.);
#1132=EDGE_CURVE('',#1473,#1472,#1731,.T.);
#1133=EDGE_CURVE('',#1471,#1473,#1732,.T.);
#1134=EDGE_CURVE('',#1474,#1475,#1733,.T.);
#1135=EDGE_CURVE('',#1476,#1474,#77,.T.);
#1136=EDGE_CURVE('',#1477,#1476,#1734,.T.);
#1137=EDGE_CURVE('',#1475,#1477,#1735,.T.);
#1138=EDGE_CURVE('',#1478,#1479,#1736,.T.);
#1139=EDGE_CURVE('',#1480,#1478,#78,.T.);
#1140=EDGE_CURVE('',#1481,#1480,#1737,.T.);
#1141=EDGE_CURVE('',#1479,#1481,#1738,.T.);
#1142=EDGE_CURVE('',#1482,#1483,#1739,.T.);
#1143=EDGE_CURVE('',#1484,#1482,#79,.T.);
#1144=EDGE_CURVE('',#1485,#1484,#1740,.T.);
#1145=EDGE_CURVE('',#1483,#1485,#1741,.T.);
#1146=EDGE_CURVE('',#1486,#1487,#1742,.T.);
#1147=EDGE_CURVE('',#1488,#1486,#80,.T.);
#1148=EDGE_CURVE('',#1489,#1488,#1743,.T.);
#1149=EDGE_CURVE('',#1487,#1489,#1744,.T.);
#1150=EDGE_CURVE('',#1490,#1491,#1745,.T.);
#1151=EDGE_CURVE('',#1492,#1490,#81,.T.);
#1152=EDGE_CURVE('',#1493,#1492,#1746,.T.);
#1153=EDGE_CURVE('',#1491,#1493,#1747,.T.);
#1154=EDGE_CURVE('',#1494,#1495,#1748,.T.);
#1155=EDGE_CURVE('',#1496,#1494,#82,.T.);
#1156=EDGE_CURVE('',#1497,#1496,#1749,.T.);
#1157=EDGE_CURVE('',#1495,#1497,#1750,.T.);
#1158=EDGE_CURVE('',#1498,#1499,#1751,.T.);
#1159=EDGE_CURVE('',#1500,#1498,#83,.T.);
#1160=EDGE_CURVE('',#1501,#1500,#1752,.T.);
#1161=EDGE_CURVE('',#1499,#1501,#1753,.T.);
#1162=EDGE_CURVE('',#1502,#1503,#1754,.T.);
#1163=EDGE_CURVE('',#1504,#1502,#84,.T.);
#1164=EDGE_CURVE('',#1505,#1504,#1755,.T.);
#1165=EDGE_CURVE('',#1503,#1505,#1756,.T.);
#1166=EDGE_CURVE('',#1506,#1507,#1757,.T.);
#1167=EDGE_CURVE('',#1508,#1506,#85,.T.);
#1168=EDGE_CURVE('',#1509,#1508,#1758,.T.);
#1169=EDGE_CURVE('',#1507,#1509,#1759,.T.);
#1170=EDGE_CURVE('',#1510,#1511,#1760,.T.);
#1171=EDGE_CURVE('',#1512,#1510,#86,.T.);
#1172=EDGE_CURVE('',#1511,#1512,#1761,.T.);
#1173=EDGE_CURVE('',#1513,#1514,#1762,.T.);
#1174=EDGE_CURVE('',#1514,#1515,#87,.T.);
#1175=EDGE_CURVE('',#1515,#1516,#88,.T.);
#1176=EDGE_CURVE('',#1516,#1517,#89,.F.);
#1177=EDGE_CURVE('',#1518,#1517,#90,.T.);
#1178=EDGE_CURVE('',#1518,#1519,#91,.F.);
#1179=EDGE_CURVE('',#1519,#1520,#92,.T.);
#1180=EDGE_CURVE('',#1520,#1521,#93,.T.);
#1181=EDGE_CURVE('',#1522,#1521,#1763,.T.);
#1182=EDGE_CURVE('',#1522,#1513,#94,.T.);
#1183=EDGE_CURVE('',#1523,#1523,#95,.T.);
#1184=EDGE_CURVE('',#1524,#1524,#96,.T.);
#1185=EDGE_CURVE('',#1525,#1525,#97,.T.);
#1186=EDGE_CURVE('',#1526,#1527,#1764,.T.);
#1187=EDGE_CURVE('',#1527,#1528,#98,.T.);
#1188=EDGE_CURVE('',#1529,#1528,#1765,.T.);
#1189=EDGE_CURVE('',#1529,#1526,#1766,.T.);
#1190=EDGE_CURVE('',#1530,#1447,#99,.T.);
#1191=EDGE_CURVE('',#1445,#1531,#1767,.T.);
#1192=EDGE_CURVE('',#1531,#1530,#1768,.T.);
#1193=EDGE_CURVE('',#1532,#1533,#100,.T.);
#1194=EDGE_CURVE('',#1533,#1534,#1769,.T.);
#1195=EDGE_CURVE('',#1534,#1535,#1770,.T.);
#1196=EDGE_CURVE('',#1535,#1532,#1771,.T.);
#1197=EDGE_CURVE('',#1536,#1537,#101,.T.);
#1198=EDGE_CURVE('',#1537,#1538,#1772,.T.);
#1199=EDGE_CURVE('',#1538,#1539,#1773,.T.);
#1200=EDGE_CURVE('',#1539,#1536,#1774,.T.);
#1201=EDGE_CURVE('',#1540,#1541,#102,.T.);
#1202=EDGE_CURVE('',#1541,#1542,#1775,.T.);
#1203=EDGE_CURVE('',#1542,#1543,#1776,.T.);
#1204=EDGE_CURVE('',#1543,#1540,#1777,.T.);
#1205=EDGE_CURVE('',#1544,#1545,#103,.T.);
#1206=EDGE_CURVE('',#1545,#1546,#1778,.T.);
#1207=EDGE_CURVE('',#1546,#1547,#1779,.T.);
#1208=EDGE_CURVE('',#1547,#1544,#1780,.T.);
#1209=EDGE_CURVE('',#1548,#1549,#104,.T.);
#1210=EDGE_CURVE('',#1549,#1550,#1781,.T.);
#1211=EDGE_CURVE('',#1550,#1551,#1782,.T.);
#1212=EDGE_CURVE('',#1551,#1548,#1783,.T.);
#1213=EDGE_CURVE('',#1552,#1553,#105,.T.);
#1214=EDGE_CURVE('',#1553,#1554,#1784,.T.);
#1215=EDGE_CURVE('',#1554,#1555,#1785,.T.);
#1216=EDGE_CURVE('',#1555,#1552,#1786,.T.);
#1217=EDGE_CURVE('',#1556,#1557,#106,.T.);
#1218=EDGE_CURVE('',#1557,#1558,#1787,.T.);
#1219=EDGE_CURVE('',#1558,#1559,#1788,.T.);
#1220=EDGE_CURVE('',#1559,#1556,#1789,.T.);
#1221=EDGE_CURVE('',#1560,#1561,#107,.T.);
#1222=EDGE_CURVE('',#1561,#1562,#1790,.T.);
#1223=EDGE_CURVE('',#1562,#1563,#1791,.T.);
#1224=EDGE_CURVE('',#1563,#1560,#1792,.T.);
#1225=EDGE_CURVE('',#1564,#1565,#108,.T.);
#1226=EDGE_CURVE('',#1565,#1566,#1793,.T.);
#1227=EDGE_CURVE('',#1566,#1567,#1794,.T.);
#1228=EDGE_CURVE('',#1567,#1564,#1795,.T.);
#1229=EDGE_CURVE('',#1568,#1569,#109,.T.);
#1230=EDGE_CURVE('',#1569,#1570,#1796,.T.);
#1231=EDGE_CURVE('',#1570,#1571,#1797,.T.);
#1232=EDGE_CURVE('',#1571,#1568,#1798,.T.);
#1233=EDGE_CURVE('',#1572,#1573,#110,.T.);
#1234=EDGE_CURVE('',#1573,#1574,#1799,.T.);
#1235=EDGE_CURVE('',#1574,#1575,#1800,.T.);
#1236=EDGE_CURVE('',#1575,#1572,#1801,.T.);
#1237=EDGE_CURVE('',#1576,#1577,#111,.T.);
#1238=EDGE_CURVE('',#1577,#1578,#1802,.T.);
#1239=EDGE_CURVE('',#1578,#1579,#1803,.T.);
#1240=EDGE_CURVE('',#1579,#1576,#1804,.T.);
#1241=EDGE_CURVE('',#1580,#1581,#112,.T.);
#1242=EDGE_CURVE('',#1581,#1582,#1805,.T.);
#1243=EDGE_CURVE('',#1582,#1583,#1806,.T.);
#1244=EDGE_CURVE('',#1583,#1580,#1807,.T.);
#1245=EDGE_CURVE('',#1584,#1585,#113,.T.);
#1246=EDGE_CURVE('',#1585,#1586,#1808,.T.);
#1247=EDGE_CURVE('',#1586,#1584,#1809,.T.);
#1248=EDGE_CURVE('',#1587,#1588,#114,.T.);
#1249=EDGE_CURVE('',#1587,#1589,#115,.F.);
#1250=EDGE_CURVE('',#1590,#1589,#1810,.T.);
#1251=EDGE_CURVE('',#1590,#1591,#116,.F.);
#1252=EDGE_CURVE('',#1591,#1592,#1811,.T.);
#1253=EDGE_CURVE('',#1592,#1593,#117,.F.);
#1254=EDGE_CURVE('',#1594,#1593,#118,.T.);
#1255=EDGE_CURVE('',#1594,#1595,#119,.T.);
#1256=EDGE_CURVE('',#1595,#1596,#120,.T.);
#1257=EDGE_CURVE('',#1596,#1588,#121,.T.);
#1258=EDGE_CURVE('',#1454,#1526,#1812,.T.);
#1259=EDGE_CURVE('',#1452,#1527,#1813,.T.);
#1260=EDGE_CURVE('',#1453,#1528,#1814,.T.);
#1261=EDGE_CURVE('',#1456,#1530,#1815,.T.);
#1262=EDGE_CURVE('',#1457,#1531,#1816,.T.);
#1263=EDGE_CURVE('',#1534,#1459,#1817,.T.);
#1264=EDGE_CURVE('',#1533,#1458,#1818,.F.);
#1265=EDGE_CURVE('',#1460,#1532,#1819,.T.);
#1266=EDGE_CURVE('',#1461,#1535,#1820,.T.);
#1267=EDGE_CURVE('',#1538,#1463,#1821,.T.);
#1268=EDGE_CURVE('',#1537,#1462,#1822,.F.);
#1269=EDGE_CURVE('',#1464,#1536,#1823,.T.);
#1270=EDGE_CURVE('',#1465,#1539,#1824,.T.);
#1271=EDGE_CURVE('',#1542,#1467,#1825,.T.);
#1272=EDGE_CURVE('',#1541,#1466,#1826,.F.);
#1273=EDGE_CURVE('',#1468,#1540,#1827,.T.);
#1274=EDGE_CURVE('',#1469,#1543,#1828,.T.);
#1275=EDGE_CURVE('',#1546,#1471,#1829,.T.);
#1276=EDGE_CURVE('',#1545,#1470,#1830,.F.);
#1277=EDGE_CURVE('',#1472,#1544,#1831,.T.);
#1278=EDGE_CURVE('',#1473,#1547,#1832,.T.);
#1279=EDGE_CURVE('',#1550,#1475,#1833,.T.);
#1280=EDGE_CURVE('',#1549,#1474,#1834,.F.);
#1281=EDGE_CURVE('',#1476,#1548,#1835,.T.);
#1282=EDGE_CURVE('',#1477,#1551,#1836,.T.);
#1283=EDGE_CURVE('',#1554,#1479,#1837,.T.);
#1284=EDGE_CURVE('',#1553,#1478,#1838,.F.);
#1285=EDGE_CURVE('',#1480,#1552,#1839,.T.);
#1286=EDGE_CURVE('',#1481,#1555,#1840,.T.);
#1287=EDGE_CURVE('',#1558,#1483,#1841,.T.);
#1288=EDGE_CURVE('',#1557,#1482,#1842,.F.);
#1289=EDGE_CURVE('',#1484,#1556,#1843,.T.);
#1290=EDGE_CURVE('',#1485,#1559,#1844,.T.);
#1291=EDGE_CURVE('',#1562,#1487,#1845,.T.);
#1292=EDGE_CURVE('',#1561,#1486,#1846,.F.);
#1293=EDGE_CURVE('',#1488,#1560,#1847,.T.);
#1294=EDGE_CURVE('',#1489,#1563,#1848,.T.);
#1295=EDGE_CURVE('',#1566,#1491,#1849,.T.);
#1296=EDGE_CURVE('',#1565,#1490,#1850,.F.);
#1297=EDGE_CURVE('',#1492,#1564,#1851,.T.);
#1298=EDGE_CURVE('',#1493,#1567,#1852,.T.);
#1299=EDGE_CURVE('',#1570,#1495,#1853,.T.);
#1300=EDGE_CURVE('',#1569,#1494,#1854,.F.);
#1301=EDGE_CURVE('',#1496,#1568,#1855,.T.);
#1302=EDGE_CURVE('',#1497,#1571,#1856,.T.);
#1303=EDGE_CURVE('',#1574,#1499,#1857,.T.);
#1304=EDGE_CURVE('',#1573,#1498,#1858,.F.);
#1305=EDGE_CURVE('',#1500,#1572,#1859,.T.);
#1306=EDGE_CURVE('',#1501,#1575,#1860,.T.);
#1307=EDGE_CURVE('',#1578,#1503,#1861,.T.);
#1308=EDGE_CURVE('',#1577,#1502,#1862,.F.);
#1309=EDGE_CURVE('',#1504,#1576,#1863,.T.);
#1310=EDGE_CURVE('',#1505,#1579,#1864,.T.);
#1311=EDGE_CURVE('',#1582,#1507,#1865,.T.);
#1312=EDGE_CURVE('',#1581,#1506,#1866,.F.);
#1313=EDGE_CURVE('',#1508,#1580,#1867,.T.);
#1314=EDGE_CURVE('',#1509,#1583,#1868,.T.);
#1315=EDGE_CURVE('',#1586,#1511,#1869,.T.);
#1316=EDGE_CURVE('',#1585,#1510,#1870,.F.);
#1317=EDGE_CURVE('',#1512,#1584,#1871,.T.);
#1318=EDGE_CURVE('',#1521,#1592,#1872,.F.);
#1319=EDGE_CURVE('',#1591,#1522,#1873,.F.);
#1320=EDGE_CURVE('',#1589,#1514,#1874,.F.);
#1321=EDGE_CURVE('',#1513,#1590,#1875,.T.);
#1322=EDGE_CURVE('',#1515,#1587,#1876,.T.);
#1323=EDGE_CURVE('',#1588,#1516,#1877,.F.);
#1324=EDGE_CURVE('',#1517,#1596,#1878,.T.);
#1325=EDGE_CURVE('',#1595,#1518,#1879,.F.);
#1326=EDGE_CURVE('',#1455,#1529,#1880,.T.);
#1327=EDGE_CURVE('',#1519,#1594,#1881,.T.);
#1328=EDGE_CURVE('',#1593,#1520,#1882,.F.);
#1329=VERTEX_POINT('',#3922);
#1330=VERTEX_POINT('',#3923);
#1331=VERTEX_POINT('',#3925);
#1332=VERTEX_POINT('',#3927);
#1333=VERTEX_POINT('',#3929);
#1334=VERTEX_POINT('',#3931);
#1335=VERTEX_POINT('',#3935);
#1336=VERTEX_POINT('',#3937);
#1337=VERTEX_POINT('',#3940);
#1338=VERTEX_POINT('',#3942);
#1339=VERTEX_POINT('',#3945);
#1340=VERTEX_POINT('',#3947);
#1341=VERTEX_POINT('',#3950);
#1342=VERTEX_POINT('',#3951);
#1343=VERTEX_POINT('',#3953);
#1344=VERTEX_POINT('',#3955);
#1345=VERTEX_POINT('',#3958);
#1346=VERTEX_POINT('',#3960);
#1347=VERTEX_POINT('',#3963);
#1348=VERTEX_POINT('',#3964);
#1349=VERTEX_POINT('',#3966);
#1350=VERTEX_POINT('',#3968);
#1351=VERTEX_POINT('',#3972);
#1352=VERTEX_POINT('',#3974);
#1353=VERTEX_POINT('',#3976);
#1354=VERTEX_POINT('',#3978);
#1355=VERTEX_POINT('',#3980);
#1356=VERTEX_POINT('',#3982);
#1357=VERTEX_POINT('',#3986);
#1358=VERTEX_POINT('',#3987);
#1359=VERTEX_POINT('',#3989);
#1360=VERTEX_POINT('',#3991);
#1361=VERTEX_POINT('',#3993);
#1362=VERTEX_POINT('',#3995);
#1363=VERTEX_POINT('',#3999);
#1364=VERTEX_POINT('',#4000);
#1365=VERTEX_POINT('',#4002);
#1366=VERTEX_POINT('',#4004);
#1367=VERTEX_POINT('',#4008);
#1368=VERTEX_POINT('',#4009);
#1369=VERTEX_POINT('',#4011);
#1370=VERTEX_POINT('',#4013);
#1371=VERTEX_POINT('',#4017);
#1372=VERTEX_POINT('',#4018);
#1373=VERTEX_POINT('',#4020);
#1374=VERTEX_POINT('',#4022);
#1375=VERTEX_POINT('',#4026);
#1376=VERTEX_POINT('',#4027);
#1377=VERTEX_POINT('',#4032);
#1378=VERTEX_POINT('',#4034);
#1379=VERTEX_POINT('',#4039);
#1380=VERTEX_POINT('',#4041);
#1381=VERTEX_POINT('',#4044);
#1382=VERTEX_POINT('',#4046);
#1383=VERTEX_POINT('',#4050);
#1384=VERTEX_POINT('',#4051);
#1385=VERTEX_POINT('',#4053);
#1386=VERTEX_POINT('',#4055);
#1387=VERTEX_POINT('',#4057);
#1388=VERTEX_POINT('',#4059);
#1389=VERTEX_POINT('',#4062);
#1390=VERTEX_POINT('',#4063);
#1391=VERTEX_POINT('',#4065);
#1392=VERTEX_POINT('',#4067);
#1393=VERTEX_POINT('',#4069);
#1394=VERTEX_POINT('',#4071);
#1395=VERTEX_POINT('',#4074);
#1396=VERTEX_POINT('',#4075);
#1397=VERTEX_POINT('',#4077);
#1398=VERTEX_POINT('',#4079);
#1399=VERTEX_POINT('',#4081);
#1400=VERTEX_POINT('',#4083);
#1401=VERTEX_POINT('',#4094);
#1402=VERTEX_POINT('',#4096);
#1403=VERTEX_POINT('',#4105);
#1404=VERTEX_POINT('',#4106);
#1405=VERTEX_POINT('',#4108);
#1406=VERTEX_POINT('',#4110);
#1407=VERTEX_POINT('',#4114);
#1408=VERTEX_POINT('',#4115);
#1409=VERTEX_POINT('',#4117);
#1410=VERTEX_POINT('',#4119);
#1411=VERTEX_POINT('',#4123);
#1412=VERTEX_POINT('',#4125);
#1413=VERTEX_POINT('',#4127);
#1414=VERTEX_POINT('',#4137);
#1415=VERTEX_POINT('',#4139);
#1416=VERTEX_POINT('',#4141);
#1417=VERTEX_POINT('',#4148);
#1418=VERTEX_POINT('',#4151);
#1419=VERTEX_POINT('',#4155);
#1420=VERTEX_POINT('',#4158);
#1421=VERTEX_POINT('',#4162);
#1422=VERTEX_POINT('',#4165);
#1423=VERTEX_POINT('',#4169);
#1424=VERTEX_POINT('',#4172);
#1425=VERTEX_POINT('',#4176);
#1426=VERTEX_POINT('',#4179);
#1427=VERTEX_POINT('',#4183);
#1428=VERTEX_POINT('',#4185);
#1429=VERTEX_POINT('',#4189);
#1430=VERTEX_POINT('',#4193);
#1431=VERTEX_POINT('',#4197);
#1432=VERTEX_POINT('',#4201);
#1433=VERTEX_POINT('',#4208);
#1434=VERTEX_POINT('',#4210);
#1435=VERTEX_POINT('',#4214);
#1436=VERTEX_POINT('',#4218);
#1437=VERTEX_POINT('',#4222);
#1438=VERTEX_POINT('',#4226);
#1439=VERTEX_POINT('',#4233);
#1440=VERTEX_POINT('',#4235);
#1441=VERTEX_POINT('',#4239);
#1442=VERTEX_POINT('',#4243);
#1443=VERTEX_POINT('',#4247);
#1444=VERTEX_POINT('',#4251);
#1445=VERTEX_POINT('',#4268);
#1446=VERTEX_POINT('',#4269);
#1447=VERTEX_POINT('',#4271);
#1448=VERTEX_POINT('',#4273);
#1449=VERTEX_POINT('',#4277);
#1450=VERTEX_POINT('',#4279);
#1451=VERTEX_POINT('',#4281);
#1452=VERTEX_POINT('',#4283);
#1453=VERTEX_POINT('',#4284);
#1454=VERTEX_POINT('',#4286);
#1455=VERTEX_POINT('',#4288);
#1456=VERTEX_POINT('',#4291);
#1457=VERTEX_POINT('',#4293);
#1458=VERTEX_POINT('',#4296);
#1459=VERTEX_POINT('',#4297);
#1460=VERTEX_POINT('',#4299);
#1461=VERTEX_POINT('',#4301);
#1462=VERTEX_POINT('',#4304);
#1463=VERTEX_POINT('',#4305);
#1464=VERTEX_POINT('',#4307);
#1465=VERTEX_POINT('',#4309);
#1466=VERTEX_POINT('',#4312);
#1467=VERTEX_POINT('',#4313);
#1468=VERTEX_POINT('',#4315);
#1469=VERTEX_POINT('',#4317);
#1470=VERTEX_POINT('',#4320);
#1471=VERTEX_POINT('',#4321);
#1472=VERTEX_POINT('',#4323);
#1473=VERTEX_POINT('',#4325);
#1474=VERTEX_POINT('',#4328);
#1475=VERTEX_POINT('',#4329);
#1476=VERTEX_POINT('',#4331);
#1477=VERTEX_POINT('',#4333);
#1478=VERTEX_POINT('',#4336);
#1479=VERTEX_POINT('',#4337);
#1480=VERTEX_POINT('',#4339);
#1481=VERTEX_POINT('',#4341);
#1482=VERTEX_POINT('',#4344);
#1483=VERTEX_POINT('',#4345);
#1484=VERTEX_POINT('',#4347);
#1485=VERTEX_POINT('',#4349);
#1486=VERTEX_POINT('',#4352);
#1487=VERTEX_POINT('',#4353);
#1488=VERTEX_POINT('',#4355);
#1489=VERTEX_POINT('',#4357);
#1490=VERTEX_POINT('',#4360);
#1491=VERTEX_POINT('',#4361);
#1492=VERTEX_POINT('',#4363);
#1493=VERTEX_POINT('',#4365);
#1494=VERTEX_POINT('',#4368);
#1495=VERTEX_POINT('',#4369);
#1496=VERTEX_POINT('',#4371);
#1497=VERTEX_POINT('',#4373);
#1498=VERTEX_POINT('',#4376);
#1499=VERTEX_POINT('',#4377);
#1500=VERTEX_POINT('',#4379);
#1501=VERTEX_POINT('',#4381);
#1502=VERTEX_POINT('',#4384);
#1503=VERTEX_POINT('',#4385);
#1504=VERTEX_POINT('',#4387);
#1505=VERTEX_POINT('',#4389);
#1506=VERTEX_POINT('',#4392);
#1507=VERTEX_POINT('',#4393);
#1508=VERTEX_POINT('',#4395);
#1509=VERTEX_POINT('',#4397);
#1510=VERTEX_POINT('',#4400);
#1511=VERTEX_POINT('',#4401);
#1512=VERTEX_POINT('',#4403);
#1513=VERTEX_POINT('',#4406);
#1514=VERTEX_POINT('',#4407);
#1515=VERTEX_POINT('',#4409);
#1516=VERTEX_POINT('',#4411);
#1517=VERTEX_POINT('',#4413);
#1518=VERTEX_POINT('',#4415);
#1519=VERTEX_POINT('',#4417);
#1520=VERTEX_POINT('',#4419);
#1521=VERTEX_POINT('',#4421);
#1522=VERTEX_POINT('',#4423);
#1523=VERTEX_POINT('',#4427);
#1524=VERTEX_POINT('',#4429);
#1525=VERTEX_POINT('',#4431);
#1526=VERTEX_POINT('',#4433);
#1527=VERTEX_POINT('',#4434);
#1528=VERTEX_POINT('',#4436);
#1529=VERTEX_POINT('',#4438);
#1530=VERTEX_POINT('',#4441);
#1531=VERTEX_POINT('',#4443);
#1532=VERTEX_POINT('',#4446);
#1533=VERTEX_POINT('',#4447);
#1534=VERTEX_POINT('',#4449);
#1535=VERTEX_POINT('',#4451);
#1536=VERTEX_POINT('',#4454);
#1537=VERTEX_POINT('',#4455);
#1538=VERTEX_POINT('',#4457);
#1539=VERTEX_POINT('',#4459);
#1540=VERTEX_POINT('',#4462);
#1541=VERTEX_POINT('',#4463);
#1542=VERTEX_POINT('',#4465);
#1543=VERTEX_POINT('',#4467);
#1544=VERTEX_POINT('',#4470);
#1545=VERTEX_POINT('',#4471);
#1546=VERTEX_POINT('',#4473);
#1547=VERTEX_POINT('',#4475);
#1548=VERTEX_POINT('',#4478);
#1549=VERTEX_POINT('',#4479);
#1550=VERTEX_POINT('',#4481);
#1551=VERTEX_POINT('',#4483);
#1552=VERTEX_POINT('',#4486);
#1553=VERTEX_POINT('',#4487);
#1554=VERTEX_POINT('',#4489);
#1555=VERTEX_POINT('',#4491);
#1556=VERTEX_POINT('',#4494);
#1557=VERTEX_POINT('',#4495);
#1558=VERTEX_POINT('',#4497);
#1559=VERTEX_POINT('',#4499);
#1560=VERTEX_POINT('',#4502);
#1561=VERTEX_POINT('',#4503);
#1562=VERTEX_POINT('',#4505);
#1563=VERTEX_POINT('',#4507);
#1564=VERTEX_POINT('',#4510);
#1565=VERTEX_POINT('',#4511);
#1566=VERTEX_POINT('',#4513);
#1567=VERTEX_POINT('',#4515);
#1568=VERTEX_POINT('',#4518);
#1569=VERTEX_POINT('',#4519);
#1570=VERTEX_POINT('',#4521);
#1571=VERTEX_POINT('',#4523);
#1572=VERTEX_POINT('',#4526);
#1573=VERTEX_POINT('',#4527);
#1574=VERTEX_POINT('',#4529);
#1575=VERTEX_POINT('',#4531);
#1576=VERTEX_POINT('',#4534);
#1577=VERTEX_POINT('',#4535);
#1578=VERTEX_POINT('',#4537);
#1579=VERTEX_POINT('',#4539);
#1580=VERTEX_POINT('',#4542);
#1581=VERTEX_POINT('',#4543);
#1582=VERTEX_POINT('',#4545);
#1583=VERTEX_POINT('',#4547);
#1584=VERTEX_POINT('',#4550);
#1585=VERTEX_POINT('',#4551);
#1586=VERTEX_POINT('',#4553);
#1587=VERTEX_POINT('',#4556);
#1588=VERTEX_POINT('',#4557);
#1589=VERTEX_POINT('',#4559);
#1590=VERTEX_POINT('',#4561);
#1591=VERTEX_POINT('',#4563);
#1592=VERTEX_POINT('',#4565);
#1593=VERTEX_POINT('',#4567);
#1594=VERTEX_POINT('',#4569);
#1595=VERTEX_POINT('',#4571);
#1596=VERTEX_POINT('',#4573);
#1597=LINE('',#3921,#1883);
#1598=LINE('',#3924,#1884);
#1599=LINE('',#3926,#1885);
#1600=LINE('',#3928,#1886);
#1601=LINE('',#3930,#1887);
#1602=LINE('',#3932,#1888);
#1603=LINE('',#3949,#1889);
#1604=LINE('',#3952,#1890);
#1605=LINE('',#3954,#1891);
#1606=LINE('',#3956,#1892);
#1607=LINE('',#3962,#1893);
#1608=LINE('',#3965,#1894);
#1609=LINE('',#3967,#1895);
#1610=LINE('',#3969,#1896);
#1611=LINE('',#3971,#1897);
#1612=LINE('',#3973,#1898);
#1613=LINE('',#3975,#1899);
#1614=LINE('',#3977,#1900);
#1615=LINE('',#3979,#1901);
#1616=LINE('',#3981,#1902);
#1617=LINE('',#3983,#1903);
#1618=LINE('',#3985,#1904);
#1619=LINE('',#3988,#1905);
#1620=LINE('',#3990,#1906);
#1621=LINE('',#3992,#1907);
#1622=LINE('',#3994,#1908);
#1623=LINE('',#3996,#1909);
#1624=LINE('',#3998,#1910);
#1625=LINE('',#4001,#1911);
#1626=LINE('',#4003,#1912);
#1627=LINE('',#4005,#1913);
#1628=LINE('',#4007,#1914);
#1629=LINE('',#4010,#1915);
#1630=LINE('',#4012,#1916);
#1631=LINE('',#4014,#1917);
#1632=LINE('',#4016,#1918);
#1633=LINE('',#4019,#1919);
#1634=LINE('',#4021,#1920);
#1635=LINE('',#4023,#1921);
#1636=LINE('',#4025,#1922);
#1637=LINE('',#4028,#1923);
#1638=LINE('',#4029,#1924);
#1639=LINE('',#4035,#1925);
#1640=LINE('',#4036,#1926);
#1641=LINE('',#4038,#1927);
#1642=LINE('',#4040,#1928);
#1643=LINE('',#4042,#1929);
#1644=LINE('',#4043,#1930);
#1645=LINE('',#4045,#1931);
#1646=LINE('',#4047,#1932);
#1647=LINE('',#4049,#1933);
#1648=LINE('',#4052,#1934);
#1649=LINE('',#4054,#1935);
#1650=LINE('',#4056,#1936);
#1651=LINE('',#4058,#1937);
#1652=LINE('',#4060,#1938);
#1653=LINE('',#4061,#1939);
#1654=LINE('',#4064,#1940);
#1655=LINE('',#4066,#1941);
#1656=LINE('',#4068,#1942);
#1657=LINE('',#4070,#1943);
#1658=LINE('',#4072,#1944);
#1659=LINE('',#4073,#1945);
#1660=LINE('',#4076,#1946);
#1661=LINE('',#4078,#1947);
#1662=LINE('',#4080,#1948);
#1663=LINE('',#4082,#1949);
#1664=LINE('',#4084,#1950);
#1665=LINE('',#4093,#1951);
#1666=LINE('',#4095,#1952);
#1667=LINE('',#4097,#1953);
#1668=LINE('',#4104,#1954);
#1669=LINE('',#4107,#1955);
#1670=LINE('',#4109,#1956);
#1671=LINE('',#4111,#1957);
#1672=LINE('',#4113,#1958);
#1673=LINE('',#4116,#1959);
#1674=LINE('',#4118,#1960);
#1675=LINE('',#4120,#1961);
#1676=LINE('',#4182,#1962);
#1677=LINE('',#4184,#1963);
#1678=LINE('',#4186,#1964);
#1679=LINE('',#4188,#1965);
#1680=LINE('',#4190,#1966);
#1681=LINE('',#4192,#1967);
#1682=LINE('',#4194,#1968);
#1683=LINE('',#4196,#1969);
#1684=LINE('',#4198,#1970);
#1685=LINE('',#4200,#1971);
#1686=LINE('',#4202,#1972);
#1687=LINE('',#4204,#1973);
#1688=LINE('',#4207,#1974);
#1689=LINE('',#4209,#1975);
#1690=LINE('',#4211,#1976);
#1691=LINE('',#4213,#1977);
#1692=LINE('',#4215,#1978);
#1693=LINE('',#4217,#1979);
#1694=LINE('',#4219,#1980);
#1695=LINE('',#4221,#1981);
#1696=LINE('',#4223,#1982);
#1697=LINE('',#4225,#1983);
#1698=LINE('',#4227,#1984);
#1699=LINE('',#4229,#1985);
#1700=LINE('',#4232,#1986);
#1701=LINE('',#4234,#1987);
#1702=LINE('',#4236,#1988);
#1703=LINE('',#4238,#1989);
#1704=LINE('',#4240,#1990);
#1705=LINE('',#4242,#1991);
#1706=LINE('',#4244,#1992);
#1707=LINE('',#4246,#1993);
#1708=LINE('',#4248,#1994);
#1709=LINE('',#4250,#1995);
#1710=LINE('',#4252,#1996);
#1711=LINE('',#4254,#1997);
#1712=LINE('',#4267,#1998);
#1713=LINE('',#4270,#1999);
#1714=LINE('',#4272,#2000);
#1715=LINE('',#4274,#2001);
#1716=LINE('',#4285,#2002);
#1717=LINE('',#4287,#2003);
#1718=LINE('',#4289,#2004);
#1719=LINE('',#4292,#2005);
#1720=LINE('',#4294,#2006);
#1721=LINE('',#4295,#2007);
#1722=LINE('',#4300,#2008);
#1723=LINE('',#4302,#2009);
#1724=LINE('',#4303,#2010);
#1725=LINE('',#4308,#2011);
#1726=LINE('',#4310,#2012);
#1727=LINE('',#4311,#2013);
#1728=LINE('',#4316,#2014);
#1729=LINE('',#4318,#2015);
#1730=LINE('',#4319,#2016);
#1731=LINE('',#4324,#2017);
#1732=LINE('',#4326,#2018);
#1733=LINE('',#4327,#2019);
#1734=LINE('',#4332,#2020);
#1735=LINE('',#4334,#2021);
#1736=LINE('',#4335,#2022);
#1737=LINE('',#4340,#2023);
#1738=LINE('',#4342,#2024);
#1739=LINE('',#4343,#2025);
#1740=LINE('',#4348,#2026);
#1741=LINE('',#4350,#2027);
#1742=LINE('',#4351,#2028);
#1743=LINE('',#4356,#2029);
#1744=LINE('',#4358,#2030);
#1745=LINE('',#4359,#2031);
#1746=LINE('',#4364,#2032);
#1747=LINE('',#4366,#2033);
#1748=LINE('',#4367,#2034);
#1749=LINE('',#4372,#2035);
#1750=LINE('',#4374,#2036);
#1751=LINE('',#4375,#2037);
#1752=LINE('',#4380,#2038);
#1753=LINE('',#4382,#2039);
#1754=LINE('',#4383,#2040);
#1755=LINE('',#4388,#2041);
#1756=LINE('',#4390,#2042);
#1757=LINE('',#4391,#2043);
#1758=LINE('',#4396,#2044);
#1759=LINE('',#4398,#2045);
#1760=LINE('',#4399,#2046);
#1761=LINE('',#4404,#2047);
#1762=LINE('',#4405,#2048);
#1763=LINE('',#4422,#2049);
#1764=LINE('',#4432,#2050);
#1765=LINE('',#4437,#2051);
#1766=LINE('',#4439,#2052);
#1767=LINE('',#4442,#2053);
#1768=LINE('',#4444,#2054);
#1769=LINE('',#4448,#2055);
#1770=LINE('',#4450,#2056);
#1771=LINE('',#4452,#2057);
#1772=LINE('',#4456,#2058);
#1773=LINE('',#4458,#2059);
#1774=LINE('',#4460,#2060);
#1775=LINE('',#4464,#2061);
#1776=LINE('',#4466,#2062);
#1777=LINE('',#4468,#2063);
#1778=LINE('',#4472,#2064);
#1779=LINE('',#4474,#2065);
#1780=LINE('',#4476,#2066);
#1781=LINE('',#4480,#2067);
#1782=LINE('',#4482,#2068);
#1783=LINE('',#4484,#2069);
#1784=LINE('',#4488,#2070);
#1785=LINE('',#4490,#2071);
#1786=LINE('',#4492,#2072);
#1787=LINE('',#4496,#2073);
#1788=LINE('',#4498,#2074);
#1789=LINE('',#4500,#2075);
#1790=LINE('',#4504,#2076);
#1791=LINE('',#4506,#2077);
#1792=LINE('',#4508,#2078);
#1793=LINE('',#4512,#2079);
#1794=LINE('',#4514,#2080);
#1795=LINE('',#4516,#2081);
#1796=LINE('',#4520,#2082);
#1797=LINE('',#4522,#2083);
#1798=LINE('',#4524,#2084);
#1799=LINE('',#4528,#2085);
#1800=LINE('',#4530,#2086);
#1801=LINE('',#4532,#2087);
#1802=LINE('',#4536,#2088);
#1803=LINE('',#4538,#2089);
#1804=LINE('',#4540,#2090);
#1805=LINE('',#4544,#2091);
#1806=LINE('',#4546,#2092);
#1807=LINE('',#4548,#2093);
#1808=LINE('',#4552,#2094);
#1809=LINE('',#4554,#2095);
#1810=LINE('',#4560,#2096);
#1811=LINE('',#4564,#2097);
#1812=LINE('',#4576,#2098);
#1813=LINE('',#4577,#2099);
#1814=LINE('',#4579,#2100);
#1815=LINE('',#4581,#2101);
#1816=LINE('',#4583,#2102);
#1817=LINE('',#4585,#2103);
#1818=LINE('',#4586,#2104);
#1819=LINE('',#4589,#2105);
#1820=LINE('',#4591,#2106);
#1821=LINE('',#4593,#2107);
#1822=LINE('',#4594,#2108);
#1823=LINE('',#4597,#2109);
#1824=LINE('',#4599,#2110);
#1825=LINE('',#4601,#2111);
#1826=LINE('',#4602,#2112);
#1827=LINE('',#4605,#2113);
#1828=LINE('',#4607,#2114);
#1829=LINE('',#4609,#2115);
#1830=LINE('',#4610,#2116);
#1831=LINE('',#4613,#2117);
#1832=LINE('',#4615,#2118);
#1833=LINE('',#4617,#2119);
#1834=LINE('',#4618,#2120);
#1835=LINE('',#4621,#2121);
#1836=LINE('',#4623,#2122);
#1837=LINE('',#4625,#2123);
#1838=LINE('',#4626,#2124);
#1839=LINE('',#4629,#2125);
#1840=LINE('',#4631,#2126);
#1841=LINE('',#4633,#2127);
#1842=LINE('',#4634,#2128);
#1843=LINE('',#4637,#2129);
#1844=LINE('',#4639,#2130);
#1845=LINE('',#4641,#2131);
#1846=LINE('',#4642,#2132);
#1847=LINE('',#4645,#2133);
#1848=LINE('',#4647,#2134);
#1849=LINE('',#4649,#2135);
#1850=LINE('',#4650,#2136);
#1851=LINE('',#4653,#2137);
#1852=LINE('',#4655,#2138);
#1853=LINE('',#4657,#2139);
#1854=LINE('',#4658,#2140);
#1855=LINE('',#4661,#2141);
#1856=LINE('',#4663,#2142);
#1857=LINE('',#4665,#2143);
#1858=LINE('',#4666,#2144);
#1859=LINE('',#4669,#2145);
#1860=LINE('',#4671,#2146);
#1861=LINE('',#4673,#2147);
#1862=LINE('',#4674,#2148);
#1863=LINE('',#4677,#2149);
#1864=LINE('',#4679,#2150);
#1865=LINE('',#4681,#2151);
#1866=LINE('',#4682,#2152);
#1867=LINE('',#4685,#2153);
#1868=LINE('',#4687,#2154);
#1869=LINE('',#4689,#2155);
#1870=LINE('',#4690,#2156);
#1871=LINE('',#4693,#2157);
#1872=LINE('',#4696,#2158);
#1873=LINE('',#4697,#2159);
#1874=LINE('',#4699,#2160);
#1875=LINE('',#4700,#2161);
#1876=LINE('',#4702,#2162);
#1877=LINE('',#4703,#2163);
#1878=LINE('',#4705,#2164);
#1879=LINE('',#4706,#2165);
#1880=LINE('',#4708,#2166);
#1881=LINE('',#4711,#2167);
#1882=LINE('',#4712,#2168);
#1883=VECTOR('',#3139,1000.);
#1884=VECTOR('',#3140,1000.);
#1885=VECTOR('',#3141,1000.);
#1886=VECTOR('',#3142,1000.);
#1887=VECTOR('',#3143,1000.);
#1888=VECTOR('',#3144,1000.);
#1889=VECTOR('',#3165,1000.);
#1890=VECTOR('',#3166,1000.);
#1891=VECTOR('',#3167,1000.);
#1892=VECTOR('',#3168,1000.);
#1893=VECTOR('',#3175,1000.);
#1894=VECTOR('',#3176,1000.);
#1895=VECTOR('',#3177,1000.);
#1896=VECTOR('',#3178,1000.);
#1897=VECTOR('',#3181,1000.);
#1898=VECTOR('',#3182,1000.);
#1899=VECTOR('',#3183,1000.);
#1900=VECTOR('',#3184,1000.);
#1901=VECTOR('',#3185,1000.);
#1902=VECTOR('',#3186,1000.);
#1903=VECTOR('',#3187,1000.);
#1904=VECTOR('',#3190,1000.);
#1905=VECTOR('',#3191,1000.);
#1906=VECTOR('',#3192,1000.);
#1907=VECTOR('',#3193,1000.);
#1908=VECTOR('',#3194,1000.);
#1909=VECTOR('',#3195,1000.);
#1910=VECTOR('',#3198,1000.);
#1911=VECTOR('',#3199,1000.);
#1912=VECTOR('',#3200,1000.);
#1913=VECTOR('',#3201,1000.);
#1914=VECTOR('',#3204,1000.);
#1915=VECTOR('',#3205,1000.);
#1916=VECTOR('',#3206,1000.);
#1917=VECTOR('',#3207,1000.);
#1918=VECTOR('',#3210,1000.);
#1919=VECTOR('',#3211,1000.);
#1920=VECTOR('',#3212,1000.);
#1921=VECTOR('',#3213,1000.);
#1922=VECTOR('',#3216,1000.);
#1923=VECTOR('',#3217,1000.);
#1924=VECTOR('',#3218,1000.);
#1925=VECTOR('',#3225,1000.);
#1926=VECTOR('',#3226,1000.);
#1927=VECTOR('',#3229,1000.);
#1928=VECTOR('',#3230,1000.);
#1929=VECTOR('',#3231,1000.);
#1930=VECTOR('',#3232,1000.);
#1931=VECTOR('',#3233,1000.);
#1932=VECTOR('',#3234,1000.);
#1933=VECTOR('',#3237,1000.);
#1934=VECTOR('',#3238,1000.);
#1935=VECTOR('',#3239,1000.);
#1936=VECTOR('',#3240,1000.);
#1937=VECTOR('',#3241,1000.);
#1938=VECTOR('',#3242,1000.);
#1939=VECTOR('',#3243,1000.);
#1940=VECTOR('',#3244,1000.);
#1941=VECTOR('',#3245,1000.);
#1942=VECTOR('',#3246,1000.);
#1943=VECTOR('',#3247,1000.);
#1944=VECTOR('',#3248,1000.);
#1945=VECTOR('',#3249,1000.);
#1946=VECTOR('',#3250,1000.);
#1947=VECTOR('',#3251,1000.);
#1948=VECTOR('',#3252,1000.);
#1949=VECTOR('',#3253,1000.);
#1950=VECTOR('',#3254,1000.);
#1951=VECTOR('',#3271,1000.);
#1952=VECTOR('',#3272,1000.);
#1953=VECTOR('',#3273,1000.);
#1954=VECTOR('',#3286,1000.);
#1955=VECTOR('',#3287,1000.);
#1956=VECTOR('',#3288,1000.);
#1957=VECTOR('',#3289,1000.);
#1958=VECTOR('',#3292,1000.);
#1959=VECTOR('',#3293,1000.);
#1960=VECTOR('',#3294,1000.);
#1961=VECTOR('',#3295,1000.);
#1962=VECTOR('',#3386,1000.);
#1963=VECTOR('',#3387,1000.);
#1964=VECTOR('',#3388,1000.);
#1965=VECTOR('',#3391,1000.);
#1966=VECTOR('',#3392,1000.);
#1967=VECTOR('',#3395,1000.);
#1968=VECTOR('',#3396,1000.);
#1969=VECTOR('',#3399,1000.);
#1970=VECTOR('',#3400,1000.);
#1971=VECTOR('',#3403,1000.);
#1972=VECTOR('',#3404,1000.);
#1973=VECTOR('',#3407,1000.);
#1974=VECTOR('',#3412,1000.);
#1975=VECTOR('',#3413,1000.);
#1976=VECTOR('',#3414,1000.);
#1977=VECTOR('',#3417,1000.);
#1978=VECTOR('',#3418,1000.);
#1979=VECTOR('',#3421,1000.);
#1980=VECTOR('',#3422,1000.);
#1981=VECTOR('',#3425,1000.);
#1982=VECTOR('',#3426,1000.);
#1983=VECTOR('',#3429,1000.);
#1984=VECTOR('',#3430,1000.);
#1985=VECTOR('',#3433,1000.);
#1986=VECTOR('',#3438,1000.);
#1987=VECTOR('',#3439,1000.);
#1988=VECTOR('',#3440,1000.);
#1989=VECTOR('',#3443,1000.);
#1990=VECTOR('',#3444,1000.);
#1991=VECTOR('',#3447,1000.);
#1992=VECTOR('',#3448,1000.);
#1993=VECTOR('',#3451,1000.);
#1994=VECTOR('',#3452,1000.);
#1995=VECTOR('',#3455,1000.);
#1996=VECTOR('',#3456,1000.);
#1997=VECTOR('',#3459,1000.);
#1998=VECTOR('',#3484,1000.);
#1999=VECTOR('',#3485,1000.);
#2000=VECTOR('',#3486,1000.);
#2001=VECTOR('',#3487,1000.);
#2002=VECTOR('',#3498,1000.);
#2003=VECTOR('',#3499,1000.);
#2004=VECTOR('',#3500,1000.);
#2005=VECTOR('',#3503,1000.);
#2006=VECTOR('',#3504,1000.);
#2007=VECTOR('',#3505,1000.);
#2008=VECTOR('',#3508,1000.);
#2009=VECTOR('',#3509,1000.);
#2010=VECTOR('',#3510,1000.);
#2011=VECTOR('',#3513,1000.);
#2012=VECTOR('',#3514,1000.);
#2013=VECTOR('',#3515,1000.);
#2014=VECTOR('',#3518,1000.);
#2015=VECTOR('',#3519,1000.);
#2016=VECTOR('',#3520,1000.);
#2017=VECTOR('',#3523,1000.);
#2018=VECTOR('',#3524,1000.);
#2019=VECTOR('',#3525,1000.);
#2020=VECTOR('',#3528,1000.);
#2021=VECTOR('',#3529,1000.);
#2022=VECTOR('',#3530,1000.);
#2023=VECTOR('',#3533,1000.);
#2024=VECTOR('',#3534,1000.);
#2025=VECTOR('',#3535,1000.);
#2026=VECTOR('',#3538,1000.);
#2027=VECTOR('',#3539,1000.);
#2028=VECTOR('',#3540,1000.);
#2029=VECTOR('',#3543,1000.);
#2030=VECTOR('',#3544,1000.);
#2031=VECTOR('',#3545,1000.);
#2032=VECTOR('',#3548,1000.);
#2033=VECTOR('',#3549,1000.);
#2034=VECTOR('',#3550,1000.);
#2035=VECTOR('',#3553,1000.);
#2036=VECTOR('',#3554,1000.);
#2037=VECTOR('',#3555,1000.);
#2038=VECTOR('',#3558,1000.);
#2039=VECTOR('',#3559,1000.);
#2040=VECTOR('',#3560,1000.);
#2041=VECTOR('',#3563,1000.);
#2042=VECTOR('',#3564,1000.);
#2043=VECTOR('',#3565,1000.);
#2044=VECTOR('',#3568,1000.);
#2045=VECTOR('',#3569,1000.);
#2046=VECTOR('',#3570,1000.);
#2047=VECTOR('',#3573,1000.);
#2048=VECTOR('',#3574,1000.);
#2049=VECTOR('',#3589,1000.);
#2050=VECTOR('',#3600,1000.);
#2051=VECTOR('',#3603,1000.);
#2052=VECTOR('',#3604,1000.);
#2053=VECTOR('',#3607,1000.);
#2054=VECTOR('',#3608,1000.);
#2055=VECTOR('',#3611,1000.);
#2056=VECTOR('',#3612,1000.);
#2057=VECTOR('',#3613,1000.);
#2058=VECTOR('',#3616,1000.);
#2059=VECTOR('',#3617,1000.);
#2060=VECTOR('',#3618,1000.);
#2061=VECTOR('',#3621,1000.);
#2062=VECTOR('',#3622,1000.);
#2063=VECTOR('',#3623,1000.);
#2064=VECTOR('',#3626,1000.);
#2065=VECTOR('',#3627,1000.);
#2066=VECTOR('',#3628,1000.);
#2067=VECTOR('',#3631,1000.);
#2068=VECTOR('',#3632,1000.);
#2069=VECTOR('',#3633,1000.);
#2070=VECTOR('',#3636,1000.);
#2071=VECTOR('',#3637,1000.);
#2072=VECTOR('',#3638,1000.);
#2073=VECTOR('',#3641,1000.);
#2074=VECTOR('',#3642,1000.);
#2075=VECTOR('',#3643,1000.);
#2076=VECTOR('',#3646,1000.);
#2077=VECTOR('',#3647,1000.);
#2078=VECTOR('',#3648,1000.);
#2079=VECTOR('',#3651,1000.);
#2080=VECTOR('',#3652,1000.);
#2081=VECTOR('',#3653,1000.);
#2082=VECTOR('',#3656,1000.);
#2083=VECTOR('',#3657,1000.);
#2084=VECTOR('',#3658,1000.);
#2085=VECTOR('',#3661,1000.);
#2086=VECTOR('',#3662,1000.);
#2087=VECTOR('',#3663,1000.);
#2088=VECTOR('',#3666,1000.);
#2089=VECTOR('',#3667,1000.);
#2090=VECTOR('',#3668,1000.);
#2091=VECTOR('',#3671,1000.);
#2092=VECTOR('',#3672,1000.);
#2093=VECTOR('',#3673,1000.);
#2094=VECTOR('',#3676,1000.);
#2095=VECTOR('',#3677,1000.);
#2096=VECTOR('',#3682,1000.);
#2097=VECTOR('',#3685,1000.);
#2098=VECTOR('',#3698,1000.);
#2099=VECTOR('',#3699,1000.);
#2100=VECTOR('',#3702,1000.);
#2101=VECTOR('',#3705,1000.);
#2102=VECTOR('',#3708,1000.);
#2103=VECTOR('',#3711,1000.);
#2104=VECTOR('',#3712,1000.);
#2105=VECTOR('',#3717,1000.);
#2106=VECTOR('',#3720,1000.);
#2107=VECTOR('',#3723,1000.);
#2108=VECTOR('',#3724,1000.);
#2109=VECTOR('',#3729,1000.);
#2110=VECTOR('',#3732,1000.);
#2111=VECTOR('',#3735,1000.);
#2112=VECTOR('',#3736,1000.);
#2113=VECTOR('',#3741,1000.);
#2114=VECTOR('',#3744,1000.);
#2115=VECTOR('',#3747,1000.);
#2116=VECTOR('',#3748,1000.);
#2117=VECTOR('',#3753,1000.);
#2118=VECTOR('',#3756,1000.);
#2119=VECTOR('',#3759,1000.);
#2120=VECTOR('',#3760,1000.);
#2121=VECTOR('',#3765,1000.);
#2122=VECTOR('',#3768,1000.);
#2123=VECTOR('',#3771,1000.);
#2124=VECTOR('',#3772,1000.);
#2125=VECTOR('',#3777,1000.);
#2126=VECTOR('',#3780,1000.);
#2127=VECTOR('',#3783,1000.);
#2128=VECTOR('',#3784,1000.);
#2129=VECTOR('',#3789,1000.);
#2130=VECTOR('',#3792,1000.);
#2131=VECTOR('',#3795,1000.);
#2132=VECTOR('',#3796,1000.);
#2133=VECTOR('',#3801,1000.);
#2134=VECTOR('',#3804,1000.);
#2135=VECTOR('',#3807,1000.);
#2136=VECTOR('',#3808,1000.);
#2137=VECTOR('',#3813,1000.);
#2138=VECTOR('',#3816,1000.);
#2139=VECTOR('',#3819,1000.);
#2140=VECTOR('',#3820,1000.);
#2141=VECTOR('',#3825,1000.);
#2142=VECTOR('',#3828,1000.);
#2143=VECTOR('',#3831,1000.);
#2144=VECTOR('',#3832,1000.);
#2145=VECTOR('',#3837,1000.);
#2146=VECTOR('',#3840,1000.);
#2147=VECTOR('',#3843,1000.);
#2148=VECTOR('',#3844,1000.);
#2149=VECTOR('',#3849,1000.);
#2150=VECTOR('',#3852,1000.);
#2151=VECTOR('',#3855,1000.);
#2152=VECTOR('',#3856,1000.);
#2153=VECTOR('',#3861,1000.);
#2154=VECTOR('',#3864,1000.);
#2155=VECTOR('',#3867,1000.);
#2156=VECTOR('',#3868,1000.);
#2157=VECTOR('',#3873,1000.);
#2158=VECTOR('',#3878,1000.);
#2159=VECTOR('',#3879,1000.);
#2160=VECTOR('',#3882,1000.);
#2161=VECTOR('',#3883,1000.);
#2162=VECTOR('',#3886,1000.);
#2163=VECTOR('',#3887,1000.);
#2164=VECTOR('',#3890,1000.);
#2165=VECTOR('',#3891,1000.);
#2166=VECTOR('',#3894,1000.);
#2167=VECTOR('',#3899,1000.);
#2168=VECTOR('',#3900,1000.);
#2169=EDGE_LOOP('',(#171,#172,#173,#174,#175,#176));
#2170=EDGE_LOOP('',(#177));
#2171=EDGE_LOOP('',(#178));
#2172=EDGE_LOOP('',(#179));
#2173=EDGE_LOOP('',(#180));
#2174=EDGE_LOOP('',(#181));
#2175=EDGE_LOOP('',(#182));
#2176=EDGE_LOOP('',(#183,#184,#185,#186));
#2177=EDGE_LOOP('',(#187));
#2178=EDGE_LOOP('',(#188));
#2179=EDGE_LOOP('',(#189,#190,#191,#192));
#2180=EDGE_LOOP('',(#193,#194,#195,#196,#197,#198,#199,#200));
#2181=EDGE_LOOP('',(#201,#202,#203,#204,#205,#206));
#2182=EDGE_LOOP('',(#207,#208,#209,#210));
#2183=EDGE_LOOP('',(#211,#212,#213,#214));
#2184=EDGE_LOOP('',(#215,#216,#217,#218));
#2185=EDGE_LOOP('',(#219,#220,#221,#222));
#2186=EDGE_LOOP('',(#223));
#2187=EDGE_LOOP('',(#224));
#2188=EDGE_LOOP('',(#225,#226,#227,#228));
#2189=EDGE_LOOP('',(#229,#230,#231,#232,#233,#234,#235,#236));
#2190=EDGE_LOOP('',(#237,#238,#239,#240,#241,#242));
#2191=EDGE_LOOP('',(#243,#244,#245,#246,#247,#248));
#2192=EDGE_LOOP('',(#249,#250,#251,#252,#253,#254));
#2193=EDGE_LOOP('',(#255,#256,#257,#258,#259,#260,#261,#262,#263,#264));
#2194=EDGE_LOOP('',(#265,#266,#267,#268,#269,#270,#271,#272));
#2195=EDGE_LOOP('',(#273,#274,#275,#276));
#2196=EDGE_LOOP('',(#277));
#2197=EDGE_LOOP('',(#278));
#2198=EDGE_LOOP('',(#279));
#2199=EDGE_LOOP('',(#280,#281,#282,#283,#284,#285,#286,#287,#288));
#2200=EDGE_LOOP('',(#289,#290,#291,#292));
#2201=EDGE_LOOP('',(#293,#294,#295,#296));
#2202=EDGE_LOOP('',(#297));
#2203=EDGE_LOOP('',(#298));
#2204=EDGE_LOOP('',(#299));
#2205=EDGE_LOOP('',(#300,#301,#302,#303,#304,#305,#306,#307,#308,#309));
#2206=EDGE_LOOP('',(#310,#311,#312,#313,#314,#315,#316,#317));
#2207=EDGE_LOOP('',(#318));
#2208=EDGE_LOOP('',(#319));
#2209=EDGE_LOOP('',(#320));
#2210=EDGE_LOOP('',(#321,#322,#323,#324,#325,#326,#327,#328,#329));
#2211=EDGE_LOOP('',(#330));
#2212=EDGE_LOOP('',(#331));
#2213=EDGE_LOOP('',(#332));
#2214=EDGE_LOOP('',(#333));
#2215=EDGE_LOOP('',(#334));
#2216=EDGE_LOOP('',(#335));
#2217=EDGE_LOOP('',(#336));
#2218=EDGE_LOOP('',(#337));
#2219=EDGE_LOOP('',(#338));
#2220=EDGE_LOOP('',(#339));
#2221=EDGE_LOOP('',(#340));
#2222=EDGE_LOOP('',(#341));
#2223=EDGE_LOOP('',(#342));
#2224=EDGE_LOOP('',(#343));
#2225=EDGE_LOOP('',(#344));
#2226=EDGE_LOOP('',(#345));
#2227=EDGE_LOOP('',(#346));
#2228=EDGE_LOOP('',(#347));
#2229=EDGE_LOOP('',(#348));
#2230=EDGE_LOOP('',(#349));
#2231=EDGE_LOOP('',(#350));
#2232=EDGE_LOOP('',(#351));
#2233=EDGE_LOOP('',(#352));
#2234=EDGE_LOOP('',(#353));
#2235=EDGE_LOOP('',(#354));
#2236=EDGE_LOOP('',(#355));
#2237=EDGE_LOOP('',(#356));
#2238=EDGE_LOOP('',(#357));
#2239=EDGE_LOOP('',(#358));
#2240=EDGE_LOOP('',(#359));
#2241=EDGE_LOOP('',(#360,#361,#362,#363));
#2242=EDGE_LOOP('',(#364,#365,#366,#367));
#2243=EDGE_LOOP('',(#368,#369,#370,#371));
#2244=EDGE_LOOP('',(#372,#373,#374,#375));
#2245=EDGE_LOOP('',(#376,#377,#378,#379));
#2246=EDGE_LOOP('',(#380,#381,#382,#383));
#2247=EDGE_LOOP('',(#384));
#2248=EDGE_LOOP('',(#385,#386,#387,#388,#389,#390));
#2249=EDGE_LOOP('',(#391,#392,#393,#394));
#2250=EDGE_LOOP('',(#395,#396,#397,#398));
#2251=EDGE_LOOP('',(#399,#400,#401,#402));
#2252=EDGE_LOOP('',(#403,#404,#405,#406));
#2253=EDGE_LOOP('',(#407,#408,#409,#410));
#2254=EDGE_LOOP('',(#411,#412,#413,#414));
#2255=EDGE_LOOP('',(#415));
#2256=EDGE_LOOP('',(#416,#417,#418,#419,#420,#421));
#2257=EDGE_LOOP('',(#422,#423,#424,#425));
#2258=EDGE_LOOP('',(#426,#427,#428,#429));
#2259=EDGE_LOOP('',(#430,#431,#432,#433));
#2260=EDGE_LOOP('',(#434,#435,#436,#437));
#2261=EDGE_LOOP('',(#438,#439,#440,#441));
#2262=EDGE_LOOP('',(#442,#443,#444,#445));
#2263=EDGE_LOOP('',(#446));
#2264=EDGE_LOOP('',(#447,#448,#449,#450,#451,#452));
#2265=EDGE_LOOP('',(#453,#454,#455,#456));
#2266=EDGE_LOOP('',(#457,#458,#459,#460));
#2267=EDGE_LOOP('',(#461,#462,#463,#464));
#2268=EDGE_LOOP('',(#465,#466,#467,#468));
#2269=EDGE_LOOP('',(#469,#470,#471,#472));
#2270=EDGE_LOOP('',(#473,#474,#475,#476));
#2271=EDGE_LOOP('',(#477,#478,#479,#480));
#2272=EDGE_LOOP('',(#481,#482,#483,#484,#485,#486,#487,#488));
#2273=EDGE_LOOP('',(#489,#490,#491,#492));
#2274=EDGE_LOOP('',(#493,#494,#495,#496));
#2275=EDGE_LOOP('',(#497));
#2276=EDGE_LOOP('',(#498));
#2277=EDGE_LOOP('',(#499));
#2278=EDGE_LOOP('',(#500,#501,#502,#503));
#2279=EDGE_LOOP('',(#504,#505,#506,#507));
#2280=EDGE_LOOP('',(#508,#509,#510,#511));
#2281=EDGE_LOOP('',(#512,#513,#514,#515));
#2282=EDGE_LOOP('',(#516,#517,#518,#519));
#2283=EDGE_LOOP('',(#520,#521,#522,#523));
#2284=EDGE_LOOP('',(#524,#525,#526,#527));
#2285=EDGE_LOOP('',(#528,#529,#530,#531));
#2286=EDGE_LOOP('',(#532,#533,#534,#535));
#2287=EDGE_LOOP('',(#536,#537,#538,#539));
#2288=EDGE_LOOP('',(#540,#541,#542,#543));
#2289=EDGE_LOOP('',(#544,#545,#546,#547));
#2290=EDGE_LOOP('',(#548,#549,#550,#551));
#2291=EDGE_LOOP('',(#552,#553,#554,#555));
#2292=EDGE_LOOP('',(#556,#557,#558,#559));
#2293=EDGE_LOOP('',(#560,#561,#562));
#2294=EDGE_LOOP('',(#563,#564,#565,#566,#567,#568,#569,#570,#571,#572));
#2295=EDGE_LOOP('',(#573));
#2296=EDGE_LOOP('',(#574));
#2297=EDGE_LOOP('',(#575));
#2298=EDGE_LOOP('',(#576,#577,#578,#579));
#2299=EDGE_LOOP('',(#580,#581,#582,#583));
#2300=EDGE_LOOP('',(#584,#585,#586,#587));
#2301=EDGE_LOOP('',(#588,#589,#590,#591));
#2302=EDGE_LOOP('',(#592,#593,#594,#595));
#2303=EDGE_LOOP('',(#596,#597,#598,#599));
#2304=EDGE_LOOP('',(#600,#601,#602,#603));
#2305=EDGE_LOOP('',(#604,#605,#606,#607));
#2306=EDGE_LOOP('',(#608,#609,#610,#611));
#2307=EDGE_LOOP('',(#612,#613,#614,#615));
#2308=EDGE_LOOP('',(#616,#617,#618,#619));
#2309=EDGE_LOOP('',(#620,#621,#622,#623));
#2310=EDGE_LOOP('',(#624,#625,#626,#627));
#2311=EDGE_LOOP('',(#628,#629,#630,#631));
#2312=EDGE_LOOP('',(#632,#633,#634,#635));
#2313=EDGE_LOOP('',(#636,#637,#638));
#2314=EDGE_LOOP('',(#639,#640,#641,#642,#643,#644,#645,#646,#647,#648));
#2315=EDGE_LOOP('',(#649,#650,#651,#652));
#2316=EDGE_LOOP('',(#653,#654,#655,#656));
#2317=EDGE_LOOP('',(#657,#658,#659,#660));
#2318=EDGE_LOOP('',(#661,#662,#663,#664));
#2319=EDGE_LOOP('',(#665,#666,#667,#668));
#2320=EDGE_LOOP('',(#669,#670,#671,#672));
#2321=EDGE_LOOP('',(#673,#674,#675,#676));
#2322=EDGE_LOOP('',(#677,#678,#679,#680));
#2323=EDGE_LOOP('',(#681,#682,#683,#684));
#2324=EDGE_LOOP('',(#685,#686,#687,#688));
#2325=EDGE_LOOP('',(#689,#690,#691,#692));
#2326=EDGE_LOOP('',(#693,#694,#695,#696));
#2327=EDGE_LOOP('',(#697,#698,#699,#700));
#2328=EDGE_LOOP('',(#701,#702,#703,#704));
#2329=EDGE_LOOP('',(#705,#706,#707,#708));
#2330=EDGE_LOOP('',(#709,#710,#711,#712));
#2331=EDGE_LOOP('',(#713,#714,#715,#716));
#2332=EDGE_LOOP('',(#717,#718,#719,#720));
#2333=EDGE_LOOP('',(#721,#722,#723,#724));
#2334=EDGE_LOOP('',(#725,#726,#727,#728));
#2335=EDGE_LOOP('',(#729,#730,#731,#732));
#2336=EDGE_LOOP('',(#733,#734,#735,#736));
#2337=EDGE_LOOP('',(#737,#738,#739,#740));
#2338=EDGE_LOOP('',(#741,#742,#743,#744));
#2339=EDGE_LOOP('',(#745,#746,#747,#748));
#2340=EDGE_LOOP('',(#749,#750,#751,#752));
#2341=EDGE_LOOP('',(#753,#754,#755,#756));
#2342=EDGE_LOOP('',(#757,#758,#759,#760));
#2343=EDGE_LOOP('',(#761,#762,#763,#764));
#2344=EDGE_LOOP('',(#765,#766,#767,#768));
#2345=EDGE_LOOP('',(#769,#770,#771,#772));
#2346=EDGE_LOOP('',(#773,#774,#775,#776));
#2347=EDGE_LOOP('',(#777,#778,#779,#780));
#2348=EDGE_LOOP('',(#781,#782,#783,#784));
#2349=EDGE_LOOP('',(#785,#786,#787,#788));
#2350=EDGE_LOOP('',(#789,#790,#791,#792));
#2351=EDGE_LOOP('',(#793,#794,#795,#796));
#2352=EDGE_LOOP('',(#797,#798,#799,#800));
#2353=EDGE_LOOP('',(#801,#802,#803,#804));
#2354=EDGE_LOOP('',(#805,#806,#807,#808));
#2355=EDGE_LOOP('',(#809,#810,#811,#812));
#2356=EDGE_LOOP('',(#813,#814,#815,#816));
#2357=EDGE_LOOP('',(#817,#818,#819,#820));
#2358=EDGE_LOOP('',(#821,#822,#823,#824));
#2359=EDGE_LOOP('',(#825,#826,#827,#828));
#2360=EDGE_LOOP('',(#829,#830,#831,#832));
#2361=EDGE_LOOP('',(#833,#834,#835,#836));
#2362=EDGE_LOOP('',(#837,#838,#839,#840));
#2363=EDGE_LOOP('',(#841,#842,#843,#844));
#2364=EDGE_LOOP('',(#845,#846,#847,#848));
#2365=EDGE_LOOP('',(#849,#850,#851,#852));
#2366=EDGE_LOOP('',(#853,#854,#855,#856));
#2367=EDGE_LOOP('',(#857,#858,#859,#860));
#2368=EDGE_LOOP('',(#861,#862,#863,#864));
#2369=EDGE_LOOP('',(#865,#866,#867,#868));
#2370=EDGE_LOOP('',(#869,#870,#871,#872));
#2371=EDGE_LOOP('',(#873,#874,#875,#876));
#2372=EDGE_LOOP('',(#877,#878,#879,#880));
#2373=EDGE_LOOP('',(#881,#882,#883,#884));
#2374=EDGE_LOOP('',(#885,#886,#887,#888));
#2375=EDGE_LOOP('',(#889,#890,#891,#892));
#2376=EDGE_LOOP('',(#893,#894,#895,#896));
#2377=EDGE_LOOP('',(#897,#898,#899,#900));
#2378=EDGE_LOOP('',(#901,#902,#903,#904));
#2379=EDGE_LOOP('',(#905,#906,#907,#908));
#2380=EDGE_LOOP('',(#909,#910,#911,#912));
#2381=EDGE_LOOP('',(#913,#914,#915,#916));
#2382=EDGE_LOOP('',(#917,#918,#919,#920));
#2383=EDGE_LOOP('',(#921,#922,#923,#924));
#2384=EDGE_LOOP('',(#925,#926,#927,#928));
#2385=EDGE_LOOP('',(#929,#930,#931,#932));
#2386=EDGE_LOOP('',(#933,#934,#935,#936));
#2387=EDGE_LOOP('',(#937));
#2388=EDGE_LOOP('',(#938));
#2389=EDGE_LOOP('',(#939));
#2390=EDGE_LOOP('',(#940));
#2391=EDGE_LOOP('',(#941));
#2392=EDGE_LOOP('',(#942));
#2393=FACE_BOUND('',#2169,.T.);
#2394=FACE_BOUND('',#2170,.T.);
#2395=FACE_BOUND('',#2171,.T.);
#2396=FACE_BOUND('',#2172,.T.);
#2397=FACE_BOUND('',#2173,.T.);
#2398=FACE_BOUND('',#2174,.T.);
#2399=FACE_BOUND('',#2175,.T.);
#2400=FACE_BOUND('',#2176,.T.);
#2401=FACE_BOUND('',#2177,.T.);
#2402=FACE_BOUND('',#2178,.T.);
#2403=FACE_BOUND('',#2179,.T.);
#2404=FACE_BOUND('',#2180,.T.);
#2405=FACE_BOUND('',#2181,.T.);
#2406=FACE_BOUND('',#2182,.T.);
#2407=FACE_BOUND('',#2183,.T.);
#2408=FACE_BOUND('',#2184,.T.);
#2409=FACE_BOUND('',#2185,.T.);
#2410=FACE_BOUND('',#2186,.T.);
#2411=FACE_BOUND('',#2187,.T.);
#2412=FACE_BOUND('',#2188,.T.);
#2413=FACE_BOUND('',#2189,.T.);
#2414=FACE_BOUND('',#2190,.T.);
#2415=FACE_BOUND('',#2191,.T.);
#2416=FACE_BOUND('',#2192,.T.);
#2417=FACE_BOUND('',#2193,.T.);
#2418=FACE_BOUND('',#2194,.T.);
#2419=FACE_BOUND('',#2195,.T.);
#2420=FACE_BOUND('',#2196,.T.);
#2421=FACE_BOUND('',#2197,.T.);
#2422=FACE_BOUND('',#2198,.T.);
#2423=FACE_BOUND('',#2199,.T.);
#2424=FACE_BOUND('',#2200,.T.);
#2425=FACE_BOUND('',#2201,.T.);
#2426=FACE_BOUND('',#2202,.T.);
#2427=FACE_BOUND('',#2203,.T.);
#2428=FACE_BOUND('',#2204,.T.);
#2429=FACE_BOUND('',#2205,.T.);
#2430=FACE_BOUND('',#2206,.T.);
#2431=FACE_BOUND('',#2207,.T.);
#2432=FACE_BOUND('',#2208,.T.);
#2433=FACE_BOUND('',#2209,.T.);
#2434=FACE_BOUND('',#2210,.T.);
#2435=FACE_BOUND('',#2211,.T.);
#2436=FACE_BOUND('',#2212,.T.);
#2437=FACE_BOUND('',#2213,.T.);
#2438=FACE_BOUND('',#2214,.T.);
#2439=FACE_BOUND('',#2215,.T.);
#2440=FACE_BOUND('',#2216,.T.);
#2441=FACE_BOUND('',#2217,.T.);
#2442=FACE_BOUND('',#2218,.T.);
#2443=FACE_BOUND('',#2219,.T.);
#2444=FACE_BOUND('',#2220,.T.);
#2445=FACE_BOUND('',#2221,.T.);
#2446=FACE_BOUND('',#2222,.T.);
#2447=FACE_BOUND('',#2223,.T.);
#2448=FACE_BOUND('',#2224,.T.);
#2449=FACE_BOUND('',#2225,.T.);
#2450=FACE_BOUND('',#2226,.T.);
#2451=FACE_BOUND('',#2227,.T.);
#2452=FACE_BOUND('',#2228,.T.);
#2453=FACE_BOUND('',#2229,.T.);
#2454=FACE_BOUND('',#2230,.T.);
#2455=FACE_BOUND('',#2231,.T.);
#2456=FACE_BOUND('',#2232,.T.);
#2457=FACE_BOUND('',#2233,.T.);
#2458=FACE_BOUND('',#2234,.T.);
#2459=FACE_BOUND('',#2235,.T.);
#2460=FACE_BOUND('',#2236,.T.);
#2461=FACE_BOUND('',#2237,.T.);
#2462=FACE_BOUND('',#2238,.T.);
#2463=FACE_BOUND('',#2239,.T.);
#2464=FACE_BOUND('',#2240,.T.);
#2465=FACE_BOUND('',#2241,.T.);
#2466=FACE_BOUND('',#2242,.T.);
#2467=FACE_BOUND('',#2243,.T.);
#2468=FACE_BOUND('',#2244,.T.);
#2469=FACE_BOUND('',#2245,.T.);
#2470=FACE_BOUND('',#2246,.T.);
#2471=FACE_BOUND('',#2247,.T.);
#2472=FACE_BOUND('',#2248,.T.);
#2473=FACE_BOUND('',#2249,.T.);
#2474=FACE_BOUND('',#2250,.T.);
#2475=FACE_BOUND('',#2251,.T.);
#2476=FACE_BOUND('',#2252,.T.);
#2477=FACE_BOUND('',#2253,.T.);
#2478=FACE_BOUND('',#2254,.T.);
#2479=FACE_BOUND('',#2255,.T.);
#2480=FACE_BOUND('',#2256,.T.);
#2481=FACE_BOUND('',#2257,.T.);
#2482=FACE_BOUND('',#2258,.T.);
#2483=FACE_BOUND('',#2259,.T.);
#2484=FACE_BOUND('',#2260,.T.);
#2485=FACE_BOUND('',#2261,.T.);
#2486=FACE_BOUND('',#2262,.T.);
#2487=FACE_BOUND('',#2263,.T.);
#2488=FACE_BOUND('',#2264,.T.);
#2489=FACE_BOUND('',#2265,.T.);
#2490=FACE_BOUND('',#2266,.T.);
#2491=FACE_BOUND('',#2267,.T.);
#2492=FACE_BOUND('',#2268,.T.);
#2493=FACE_BOUND('',#2269,.T.);
#2494=FACE_BOUND('',#2270,.T.);
#2495=FACE_BOUND('',#2271,.T.);
#2496=FACE_BOUND('',#2272,.T.);
#2497=FACE_BOUND('',#2273,.T.);
#2498=FACE_BOUND('',#2274,.T.);
#2499=FACE_BOUND('',#2275,.T.);
#2500=FACE_BOUND('',#2276,.T.);
#2501=FACE_BOUND('',#2277,.T.);
#2502=FACE_BOUND('',#2278,.T.);
#2503=FACE_BOUND('',#2279,.T.);
#2504=FACE_BOUND('',#2280,.T.);
#2505=FACE_BOUND('',#2281,.T.);
#2506=FACE_BOUND('',#2282,.T.);
#2507=FACE_BOUND('',#2283,.T.);
#2508=FACE_BOUND('',#2284,.T.);
#2509=FACE_BOUND('',#2285,.T.);
#2510=FACE_BOUND('',#2286,.T.);
#2511=FACE_BOUND('',#2287,.T.);
#2512=FACE_BOUND('',#2288,.T.);
#2513=FACE_BOUND('',#2289,.T.);
#2514=FACE_BOUND('',#2290,.T.);
#2515=FACE_BOUND('',#2291,.T.);
#2516=FACE_BOUND('',#2292,.T.);
#2517=FACE_BOUND('',#2293,.T.);
#2518=FACE_BOUND('',#2294,.T.);
#2519=FACE_BOUND('',#2295,.T.);
#2520=FACE_BOUND('',#2296,.T.);
#2521=FACE_BOUND('',#2297,.T.);
#2522=FACE_BOUND('',#2298,.T.);
#2523=FACE_BOUND('',#2299,.T.);
#2524=FACE_BOUND('',#2300,.T.);
#2525=FACE_BOUND('',#2301,.T.);
#2526=FACE_BOUND('',#2302,.T.);
#2527=FACE_BOUND('',#2303,.T.);
#2528=FACE_BOUND('',#2304,.T.);
#2529=FACE_BOUND('',#2305,.T.);
#2530=FACE_BOUND('',#2306,.T.);
#2531=FACE_BOUND('',#2307,.T.);
#2532=FACE_BOUND('',#2308,.T.);
#2533=FACE_BOUND('',#2309,.T.);
#2534=FACE_BOUND('',#2310,.T.);
#2535=FACE_BOUND('',#2311,.T.);
#2536=FACE_BOUND('',#2312,.T.);
#2537=FACE_BOUND('',#2313,.T.);
#2538=FACE_BOUND('',#2314,.T.);
#2539=FACE_BOUND('',#2315,.T.);
#2540=FACE_BOUND('',#2316,.T.);
#2541=FACE_BOUND('',#2317,.T.);
#2542=FACE_BOUND('',#2318,.T.);
#2543=FACE_BOUND('',#2319,.T.);
#2544=FACE_BOUND('',#2320,.T.);
#2545=FACE_BOUND('',#2321,.T.);
#2546=FACE_BOUND('',#2322,.T.);
#2547=FACE_BOUND('',#2323,.T.);
#2548=FACE_BOUND('',#2324,.T.);
#2549=FACE_BOUND('',#2325,.T.);
#2550=FACE_BOUND('',#2326,.T.);
#2551=FACE_BOUND('',#2327,.T.);
#2552=FACE_BOUND('',#2328,.T.);
#2553=FACE_BOUND('',#2329,.T.);
#2554=FACE_BOUND('',#2330,.T.);
#2555=FACE_BOUND('',#2331,.T.);
#2556=FACE_BOUND('',#2332,.T.);
#2557=FACE_BOUND('',#2333,.T.);
#2558=FACE_BOUND('',#2334,.T.);
#2559=FACE_BOUND('',#2335,.T.);
#2560=FACE_BOUND('',#2336,.T.);
#2561=FACE_BOUND('',#2337,.T.);
#2562=FACE_BOUND('',#2338,.T.);
#2563=FACE_BOUND('',#2339,.T.);
#2564=FACE_BOUND('',#2340,.T.);
#2565=FACE_BOUND('',#2341,.T.);
#2566=FACE_BOUND('',#2342,.T.);
#2567=FACE_BOUND('',#2343,.T.);
#2568=FACE_BOUND('',#2344,.T.);
#2569=FACE_BOUND('',#2345,.T.);
#2570=FACE_BOUND('',#2346,.T.);
#2571=FACE_BOUND('',#2347,.T.);
#2572=FACE_BOUND('',#2348,.T.);
#2573=FACE_BOUND('',#2349,.T.);
#2574=FACE_BOUND('',#2350,.T.);
#2575=FACE_BOUND('',#2351,.T.);
#2576=FACE_BOUND('',#2352,.T.);
#2577=FACE_BOUND('',#2353,.T.);
#2578=FACE_BOUND('',#2354,.T.);
#2579=FACE_BOUND('',#2355,.T.);
#2580=FACE_BOUND('',#2356,.T.);
#2581=FACE_BOUND('',#2357,.T.);
#2582=FACE_BOUND('',#2358,.T.);
#2583=FACE_BOUND('',#2359,.T.);
#2584=FACE_BOUND('',#2360,.T.);
#2585=FACE_BOUND('',#2361,.T.);
#2586=FACE_BOUND('',#2362,.T.);
#2587=FACE_BOUND('',#2363,.T.);
#2588=FACE_BOUND('',#2364,.T.);
#2589=FACE_BOUND('',#2365,.T.);
#2590=FACE_BOUND('',#2366,.T.);
#2591=FACE_BOUND('',#2367,.T.);
#2592=FACE_BOUND('',#2368,.T.);
#2593=FACE_BOUND('',#2369,.T.);
#2594=FACE_BOUND('',#2370,.T.);
#2595=FACE_BOUND('',#2371,.T.);
#2596=FACE_BOUND('',#2372,.T.);
#2597=FACE_BOUND('',#2373,.T.);
#2598=FACE_BOUND('',#2374,.T.);
#2599=FACE_BOUND('',#2375,.T.);
#2600=FACE_BOUND('',#2376,.T.);
#2601=FACE_BOUND('',#2377,.T.);
#2602=FACE_BOUND('',#2378,.T.);
#2603=FACE_BOUND('',#2379,.T.);
#2604=FACE_BOUND('',#2380,.T.);
#2605=FACE_BOUND('',#2381,.T.);
#2606=FACE_BOUND('',#2382,.T.);
#2607=FACE_BOUND('',#2383,.T.);
#2608=FACE_BOUND('',#2384,.T.);
#2609=FACE_BOUND('',#2385,.T.);
#2610=FACE_BOUND('',#2386,.T.);
#2611=FACE_BOUND('',#2387,.T.);
#2612=FACE_BOUND('',#2388,.T.);
#2613=FACE_BOUND('',#2389,.T.);
#2614=FACE_BOUND('',#2390,.T.);
#2615=FACE_BOUND('',#2391,.T.);
#2616=FACE_BOUND('',#2392,.T.);
#2617=PLANE('',#2887);
#2618=PLANE('',#2897);
#2619=PLANE('',#2900);
#2620=PLANE('',#2901);
#2621=PLANE('',#2902);
#2622=PLANE('',#2903);
#2623=PLANE('',#2904);
#2624=PLANE('',#2905);
#2625=PLANE('',#2906);
#2626=PLANE('',#2907);
#2627=PLANE('',#2910);
#2628=PLANE('',#2911);
#2629=PLANE('',#2916);
#2630=PLANE('',#2919);
#2631=PLANE('',#2920);
#2632=PLANE('',#2925);
#2633=PLANE('',#2926);
#2634=PLANE('',#2927);
#2635=PLANE('',#2935);
#2636=PLANE('',#2938);
#2637=PLANE('',#2948);
#2638=PLANE('',#2953);
#2639=PLANE('',#2958);
#2640=PLANE('',#2963);
#2641=PLANE('',#2968);
#2642=PLANE('',#2971);
#2643=PLANE('',#2972);
#2644=PLANE('',#2973);
#2645=PLANE('',#2974);
#2646=PLANE('',#2975);
#2647=PLANE('',#2976);
#2648=PLANE('',#2977);
#2649=PLANE('',#2978);
#2650=PLANE('',#2979);
#2651=PLANE('',#2980);
#2652=PLANE('',#2981);
#2653=PLANE('',#2982);
#2654=PLANE('',#2983);
#2655=PLANE('',#2984);
#2656=PLANE('',#2985);
#2657=PLANE('',#2986);
#2658=PLANE('',#2987);
#2659=PLANE('',#2988);
#2660=PLANE('',#2989);
#2661=PLANE('',#2990);
#2662=PLANE('',#2991);
#2663=PLANE('',#3002);
#2664=PLANE('',#3003);
#2665=PLANE('',#3031);
#2666=PLANE('',#3059);
#2667=PLANE('',#3062);
#2668=PLANE('',#3063);
#2669=PLANE('',#3064);
#2670=PLANE('',#3066);
#2671=PLANE('',#3067);
#2672=PLANE('',#3068);
#2673=PLANE('',#3070);
#2674=PLANE('',#3071);
#2675=PLANE('',#3072);
#2676=PLANE('',#3074);
#2677=PLANE('',#3075);
#2678=PLANE('',#3076);
#2679=PLANE('',#3078);
#2680=PLANE('',#3079);
#2681=PLANE('',#3080);
#2682=PLANE('',#3082);
#2683=PLANE('',#3083);
#2684=PLANE('',#3084);
#2685=PLANE('',#3086);
#2686=PLANE('',#3087);
#2687=PLANE('',#3088);
#2688=PLANE('',#3090);
#2689=PLANE('',#3091);
#2690=PLANE('',#3092);
#2691=PLANE('',#3094);
#2692=PLANE('',#3095);
#2693=PLANE('',#3096);
#2694=PLANE('',#3098);
#2695=PLANE('',#3099);
#2696=PLANE('',#3100);
#2697=PLANE('',#3102);
#2698=PLANE('',#3103);
#2699=PLANE('',#3104);
#2700=PLANE('',#3106);
#2701=PLANE('',#3107);
#2702=PLANE('',#3108);
#2703=PLANE('',#3110);
#2704=PLANE('',#3111);
#2705=PLANE('',#3112);
#2706=PLANE('',#3114);
#2707=PLANE('',#3115);
#2708=PLANE('',#3116);
#2709=PLANE('',#3118);
#2710=PLANE('',#3119);
#2711=PLANE('',#3120);
#2712=PLANE('',#3123);
#2713=PLANE('',#3124);
#2714=ADVANCED_FACE('',(#2393),#2617,.F.);
#2715=ADVANCED_FACE('',(#2394,#2395),#122,.F.);
#2716=ADVANCED_FACE('',(#2396,#2397),#123,.F.);
#2717=ADVANCED_FACE('',(#2398,#2399),#124,.F.);
#2718=ADVANCED_FACE('',(#2400,#2401,#2402),#2618,.T.);
#2719=ADVANCED_FACE('',(#2403),#2619,.T.);
#2720=ADVANCED_FACE('',(#2404),#2620,.T.);
#2721=ADVANCED_FACE('',(#2405),#2621,.F.);
#2722=ADVANCED_FACE('',(#2406),#2622,.F.);
#2723=ADVANCED_FACE('',(#2407),#2623,.F.);
#2724=ADVANCED_FACE('',(#2408),#2624,.T.);
#2725=ADVANCED_FACE('',(#2409),#2625,.T.);
#2726=ADVANCED_FACE('',(#2410,#2411,#2412),#2626,.F.);
#2727=ADVANCED_FACE('',(#2413),#2627,.T.);
#2728=ADVANCED_FACE('',(#2414,#2415,#2416,#2417),#2628,.T.);
#2729=ADVANCED_FACE('',(#2418),#2629,.F.);
#2730=ADVANCED_FACE('',(#2419),#2630,.F.);
#2731=ADVANCED_FACE('',(#2420,#2421,#2422,#2423),#2631,.T.);
#2732=ADVANCED_FACE('',(#2424),#2632,.T.);
#2733=ADVANCED_FACE('',(#2425),#2633,.F.);
#2734=ADVANCED_FACE('',(#2426,#2427,#2428,#2429),#2634,.T.);
#2735=ADVANCED_FACE('',(#2430),#2635,.F.);
#2736=ADVANCED_FACE('',(#2431,#2432,#2433,#2434),#2636,.T.);
#2737=ADVANCED_FACE('',(#2435,#2436),#125,.F.);
#2738=ADVANCED_FACE('',(#2437,#2438),#2637,.T.);
#2739=ADVANCED_FACE('',(#2439,#2440),#126,.F.);
#2740=ADVANCED_FACE('',(#2441,#2442),#127,.F.);
#2741=ADVANCED_FACE('',(#2443,#2444),#2638,.T.);
#2742=ADVANCED_FACE('',(#2445,#2446),#128,.F.);
#2743=ADVANCED_FACE('',(#2447,#2448),#129,.F.);
#2744=ADVANCED_FACE('',(#2449,#2450),#2639,.T.);
#2745=ADVANCED_FACE('',(#2451,#2452),#130,.F.);
#2746=ADVANCED_FACE('',(#2453,#2454),#131,.F.);
#2747=ADVANCED_FACE('',(#2455,#2456),#2640,.T.);
#2748=ADVANCED_FACE('',(#2457,#2458),#132,.F.);
#2749=ADVANCED_FACE('',(#2459,#2460),#133,.F.);
#2750=ADVANCED_FACE('',(#2461,#2462),#2641,.T.);
#2751=ADVANCED_FACE('',(#2463,#2464),#134,.F.);
#2752=ADVANCED_FACE('',(#2465),#2642,.F.);
#2753=ADVANCED_FACE('',(#2466),#2643,.F.);
#2754=ADVANCED_FACE('',(#2467),#2644,.F.);
#2755=ADVANCED_FACE('',(#2468),#2645,.F.);
#2756=ADVANCED_FACE('',(#2469),#2646,.F.);
#2757=ADVANCED_FACE('',(#2470),#2647,.F.);
#2758=ADVANCED_FACE('',(#2471,#2472),#2648,.T.);
#2759=ADVANCED_FACE('',(#2473),#2649,.F.);
#2760=ADVANCED_FACE('',(#2474),#2650,.F.);
#2761=ADVANCED_FACE('',(#2475),#2651,.F.);
#2762=ADVANCED_FACE('',(#2476),#2652,.F.);
#2763=ADVANCED_FACE('',(#2477),#2653,.F.);
#2764=ADVANCED_FACE('',(#2478),#2654,.F.);
#2765=ADVANCED_FACE('',(#2479,#2480),#2655,.T.);
#2766=ADVANCED_FACE('',(#2481),#2656,.F.);
#2767=ADVANCED_FACE('',(#2482),#2657,.F.);
#2768=ADVANCED_FACE('',(#2483),#2658,.F.);
#2769=ADVANCED_FACE('',(#2484),#2659,.F.);
#2770=ADVANCED_FACE('',(#2485),#2660,.F.);
#2771=ADVANCED_FACE('',(#2486),#2661,.F.);
#2772=ADVANCED_FACE('',(#2487,#2488),#2662,.T.);
#2773=ADVANCED_FACE('',(#2489),#135,.T.);
#2774=ADVANCED_FACE('',(#2490),#136,.T.);
#2775=ADVANCED_FACE('',(#2491),#137,.T.);
#2776=ADVANCED_FACE('',(#2492),#138,.T.);
#2777=ADVANCED_FACE('',(#2493),#139,.T.);
#2778=ADVANCED_FACE('',(#2494),#140,.T.);
#2779=ADVANCED_FACE('',(#2495),#141,.T.);
#2780=ADVANCED_FACE('',(#2496),#142,.T.);
#2781=ADVANCED_FACE('',(#2497),#143,.T.);
#2782=ADVANCED_FACE('',(#2498),#2663,.T.);
#2783=ADVANCED_FACE('',(#2499,#2500,#2501,#2502,#2503,#2504,#2505,#2506,
#2507,#2508,#2509,#2510,#2511,#2512,#2513,#2514,#2515,#2516,#2517,#2518),
#2664,.T.);
#2784=ADVANCED_FACE('',(#2519,#2520,#2521,#2522,#2523,#2524,#2525,#2526,
#2527,#2528,#2529,#2530,#2531,#2532,#2533,#2534,#2535,#2536,#2537,#2538),
#2665,.F.);
#2785=ADVANCED_FACE('',(#2539),#2666,.T.);
#2786=ADVANCED_FACE('',(#2540),#144,.F.);
#2787=ADVANCED_FACE('',(#2541),#145,.F.);
#2788=ADVANCED_FACE('',(#2542),#2667,.T.);
#2789=ADVANCED_FACE('',(#2543),#2668,.T.);
#2790=ADVANCED_FACE('',(#2544),#2669,.T.);
#2791=ADVANCED_FACE('',(#2545),#146,.F.);
#2792=ADVANCED_FACE('',(#2546),#2670,.T.);
#2793=ADVANCED_FACE('',(#2547),#2671,.T.);
#2794=ADVANCED_FACE('',(#2548),#2672,.T.);
#2795=ADVANCED_FACE('',(#2549),#147,.F.);
#2796=ADVANCED_FACE('',(#2550),#2673,.T.);
#2797=ADVANCED_FACE('',(#2551),#2674,.T.);
#2798=ADVANCED_FACE('',(#2552),#2675,.T.);
#2799=ADVANCED_FACE('',(#2553),#148,.F.);
#2800=ADVANCED_FACE('',(#2554),#2676,.T.);
#2801=ADVANCED_FACE('',(#2555),#2677,.T.);
#2802=ADVANCED_FACE('',(#2556),#2678,.T.);
#2803=ADVANCED_FACE('',(#2557),#149,.F.);
#2804=ADVANCED_FACE('',(#2558),#2679,.T.);
#2805=ADVANCED_FACE('',(#2559),#2680,.T.);
#2806=ADVANCED_FACE('',(#2560),#2681,.T.);
#2807=ADVANCED_FACE('',(#2561),#150,.F.);
#2808=ADVANCED_FACE('',(#2562),#2682,.T.);
#2809=ADVANCED_FACE('',(#2563),#2683,.T.);
#2810=ADVANCED_FACE('',(#2564),#2684,.T.);
#2811=ADVANCED_FACE('',(#2565),#151,.F.);
#2812=ADVANCED_FACE('',(#2566),#2685,.T.);
#2813=ADVANCED_FACE('',(#2567),#2686,.T.);
#2814=ADVANCED_FACE('',(#2568),#2687,.T.);
#2815=ADVANCED_FACE('',(#2569),#152,.F.);
#2816=ADVANCED_FACE('',(#2570),#2688,.T.);
#2817=ADVANCED_FACE('',(#2571),#2689,.T.);
#2818=ADVANCED_FACE('',(#2572),#2690,.T.);
#2819=ADVANCED_FACE('',(#2573),#153,.F.);
#2820=ADVANCED_FACE('',(#2574),#2691,.T.);
#2821=ADVANCED_FACE('',(#2575),#2692,.T.);
#2822=ADVANCED_FACE('',(#2576),#2693,.T.);
#2823=ADVANCED_FACE('',(#2577),#154,.F.);
#2824=ADVANCED_FACE('',(#2578),#2694,.T.);
#2825=ADVANCED_FACE('',(#2579),#2695,.T.);
#2826=ADVANCED_FACE('',(#2580),#2696,.T.);
#2827=ADVANCED_FACE('',(#2581),#155,.F.);
#2828=ADVANCED_FACE('',(#2582),#2697,.T.);
#2829=ADVANCED_FACE('',(#2583),#2698,.T.);
#2830=ADVANCED_FACE('',(#2584),#2699,.T.);
#2831=ADVANCED_FACE('',(#2585),#156,.F.);
#2832=ADVANCED_FACE('',(#2586),#2700,.T.);
#2833=ADVANCED_FACE('',(#2587),#2701,.T.);
#2834=ADVANCED_FACE('',(#2588),#2702,.T.);
#2835=ADVANCED_FACE('',(#2589),#157,.F.);
#2836=ADVANCED_FACE('',(#2590),#2703,.T.);
#2837=ADVANCED_FACE('',(#2591),#2704,.T.);
#2838=ADVANCED_FACE('',(#2592),#2705,.T.);
#2839=ADVANCED_FACE('',(#2593),#158,.F.);
#2840=ADVANCED_FACE('',(#2594),#2706,.T.);
#2841=ADVANCED_FACE('',(#2595),#2707,.T.);
#2842=ADVANCED_FACE('',(#2596),#2708,.T.);
#2843=ADVANCED_FACE('',(#2597),#159,.F.);
#2844=ADVANCED_FACE('',(#2598),#2709,.T.);
#2845=ADVANCED_FACE('',(#2599),#2710,.T.);
#2846=ADVANCED_FACE('',(#2600),#2711,.F.);
#2847=ADVANCED_FACE('',(#2601),#160,.T.);
#2848=ADVANCED_FACE('',(#2602),#161,.T.);
#2849=ADVANCED_FACE('',(#2603),#2712,.T.);
#2850=ADVANCED_FACE('',(#2604),#2713,.F.);
#2851=ADVANCED_FACE('',(#2605),#162,.T.);
#2852=ADVANCED_FACE('',(#2606),#163,.F.);
#2853=ADVANCED_FACE('',(#2607),#164,.F.);
#2854=ADVANCED_FACE('',(#2608),#165,.T.);
#2855=ADVANCED_FACE('',(#2609),#166,.T.);
#2856=ADVANCED_FACE('',(#2610),#167,.T.);
#2857=ADVANCED_FACE('',(#2611,#2612),#168,.F.);
#2858=ADVANCED_FACE('',(#2613,#2614),#169,.F.);
#2859=ADVANCED_FACE('',(#2615,#2616),#170,.F.);
#2860=CLOSED_SHELL('',(#2714,#2715,#2716,#2717,#2718,#2719,#2720,#2721,
#2722,#2723,#2724,#2725,#2726,#2727,#2728,#2729,#2730,#2731,#2732,#2733,
#2734,#2735,#2736,#2737,#2738,#2739,#2740,#2741,#2742,#2743,#2744,#2745,
#2746,#2747,#2748,#2749,#2750,#2751,#2752,#2753,#2754,#2755,#2756,#2757,
#2758,#2759,#2760,#2761,#2762,#2763,#2764,#2765,#2766,#2767,#2768,#2769,
#2770,#2771,#2772,#2773,#2774,#2775,#2776,#2777,#2778,#2779,#2780,#2781));
#2861=CLOSED_SHELL('',(#2782,#2783,#2784,#2785,#2786,#2787,#2788,#2789,
#2790,#2791,#2792,#2793,#2794,#2795,#2796,#2797,#2798,#2799,#2800,#2801,
#2802,#2803,#2804,#2805,#2806,#2807,#2808,#2809,#2810,#2811,#2812,#2813,
#2814,#2815,#2816,#2817,#2818,#2819,#2820,#2821,#2822,#2823,#2824,#2825,
#2826,#2827,#2828,#2829,#2830,#2831,#2832,#2833,#2834,#2835,#2836,#2837,
#2838,#2839,#2840,#2841,#2842,#2843,#2844,#2845,#2846,#2847,#2848,#2849,
#2850,#2851,#2852,#2853,#2854,#2855,#2856,#2857,#2858,#2859));
#2862=STYLED_ITEM('',(#2864),#2878);
#2863=STYLED_ITEM('',(#2865),#2879);
#2864=PRESENTATION_STYLE_ASSIGNMENT((#2866));
#2865=PRESENTATION_STYLE_ASSIGNMENT((#2867));
#2866=SURFACE_STYLE_USAGE(.BOTH.,#2868);
#2867=SURFACE_STYLE_USAGE(.BOTH.,#2869);
#2868=SURFACE_SIDE_STYLE('',(#2870));
#2869=SURFACE_SIDE_STYLE('',(#2871));
#2870=SURFACE_STYLE_FILL_AREA(#2872);
#2871=SURFACE_STYLE_FILL_AREA(#2873);
#2872=FILL_AREA_STYLE('',(#2874));
#2873=FILL_AREA_STYLE('',(#2875));
#2874=FILL_AREA_STYLE_COLOUR('',#2876);
#2875=FILL_AREA_STYLE_COLOUR('',#2877);
#2876=COLOUR_RGB('',0.498039215686275,0.498039215686275,0.498039215686275);
#2877=COLOUR_RGB('',0.231372549019608,0.380392156862745,0.705882352941177);
#2878=MANIFOLD_SOLID_BREP('finger_holder_right',#2860);
#2879=MANIFOLD_SOLID_BREP('soft_gripper_finger',#2861);
#2880=SHAPE_DEFINITION_REPRESENTATION(#4732,#2883);
#2881=SHAPE_DEFINITION_REPRESENTATION(#4733,#2884);
#2882=SHAPE_DEFINITION_REPRESENTATION(#4735,#2885);
#2883=SHAPE_REPRESENTATION('right_finger_assembly',(#2886,#3001,#3134),
#4723);
#2884=SHAPE_REPRESENTATION('finger_holder_right',(#2886),#4724);
#2885=SHAPE_REPRESENTATION('soft_gripper_finger',(#2886),#4725);
#2886=AXIS2_PLACEMENT_3D('',#3919,#3135,#3136);
#2887=AXIS2_PLACEMENT_3D('',#3920,#3137,#3138);
#2888=AXIS2_PLACEMENT_3D('',#3933,#3145,#3146);
#2889=AXIS2_PLACEMENT_3D('',#3934,#3147,#3148);
#2890=AXIS2_PLACEMENT_3D('',#3936,#3149,#3150);
#2891=AXIS2_PLACEMENT_3D('',#3938,#3151,#3152);
#2892=AXIS2_PLACEMENT_3D('',#3939,#3153,#3154);
#2893=AXIS2_PLACEMENT_3D('',#3941,#3155,#3156);
#2894=AXIS2_PLACEMENT_3D('',#3943,#3157,#3158);
#2895=AXIS2_PLACEMENT_3D('',#3944,#3159,#3160);
#2896=AXIS2_PLACEMENT_3D('',#3946,#3161,#3162);
#2897=AXIS2_PLACEMENT_3D('',#3948,#3163,#3164);
#2898=AXIS2_PLACEMENT_3D('',#3957,#3169,#3170);
#2899=AXIS2_PLACEMENT_3D('',#3959,#3171,#3172);
#2900=AXIS2_PLACEMENT_3D('',#3961,#3173,#3174);
#2901=AXIS2_PLACEMENT_3D('',#3970,#3179,#3180);
#2902=AXIS2_PLACEMENT_3D('',#3984,#3188,#3189);
#2903=AXIS2_PLACEMENT_3D('',#3997,#3196,#3197);
#2904=AXIS2_PLACEMENT_3D('',#4006,#3202,#3203);
#2905=AXIS2_PLACEMENT_3D('',#4015,#3208,#3209);
#2906=AXIS2_PLACEMENT_3D('',#4024,#3214,#3215);
#2907=AXIS2_PLACEMENT_3D('',#4030,#3219,#3220);
#2908=AXIS2_PLACEMENT_3D('',#4031,#3221,#3222);
#2909=AXIS2_PLACEMENT_3D('',#4033,#3223,#3224);
#2910=AXIS2_PLACEMENT_3D('',#4037,#3227,#3228);
#2911=AXIS2_PLACEMENT_3D('',#4048,#3235,#3236);
#2912=AXIS2_PLACEMENT_3D('',#4085,#3255,#3256);
#2913=AXIS2_PLACEMENT_3D('',#4086,#3257,#3258);
#2914=AXIS2_PLACEMENT_3D('',#4087,#3259,#3260);
#2915=AXIS2_PLACEMENT_3D('',#4088,#3261,#3262);
#2916=AXIS2_PLACEMENT_3D('',#4089,#3263,#3264);
#2917=AXIS2_PLACEMENT_3D('',#4090,#3265,#3266);
#2918=AXIS2_PLACEMENT_3D('',#4091,#3267,#3268);
#2919=AXIS2_PLACEMENT_3D('',#4092,#3269,#3270);
#2920=AXIS2_PLACEMENT_3D('',#4098,#3274,#3275);
#2921=AXIS2_PLACEMENT_3D('',#4099,#3276,#3277);
#2922=AXIS2_PLACEMENT_3D('',#4100,#3278,#3279);
#2923=AXIS2_PLACEMENT_3D('',#4101,#3280,#3281);
#2924=AXIS2_PLACEMENT_3D('',#4102,#3282,#3283);
#2925=AXIS2_PLACEMENT_3D('',#4103,#3284,#3285);
#2926=AXIS2_PLACEMENT_3D('',#4112,#3290,#3291);
#2927=AXIS2_PLACEMENT_3D('',#4121,#3296,#3297);
#2928=AXIS2_PLACEMENT_3D('',#4122,#3298,#3299);
#2929=AXIS2_PLACEMENT_3D('',#4124,#3300,#3301);
#2930=AXIS2_PLACEMENT_3D('',#4126,#3302,#3303);
#2931=AXIS2_PLACEMENT_3D('',#4128,#3304,#3305);
#2932=AXIS2_PLACEMENT_3D('',#4129,#3306,#3307);
#2933=AXIS2_PLACEMENT_3D('',#4130,#3308,#3309);
#2934=AXIS2_PLACEMENT_3D('',#4131,#3310,#3311);
#2935=AXIS2_PLACEMENT_3D('',#4132,#3312,#3313);
#2936=AXIS2_PLACEMENT_3D('',#4133,#3314,#3315);
#2937=AXIS2_PLACEMENT_3D('',#4134,#3316,#3317);
#2938=AXIS2_PLACEMENT_3D('',#4135,#3318,#3319);
#2939=AXIS2_PLACEMENT_3D('',#4136,#3320,#3321);
#2940=AXIS2_PLACEMENT_3D('',#4138,#3322,#3323);
#2941=AXIS2_PLACEMENT_3D('',#4140,#3324,#3325);
#2942=AXIS2_PLACEMENT_3D('',#4142,#3326,#3327);
#2943=AXIS2_PLACEMENT_3D('',#4143,#3328,#3329);
#2944=AXIS2_PLACEMENT_3D('',#4144,#3330,#3331);
#2945=AXIS2_PLACEMENT_3D('',#4145,#3332,#3333);
#2946=AXIS2_PLACEMENT_3D('',#4146,#3334,#3335);
#2947=AXIS2_PLACEMENT_3D('',#4147,#3336,#3337);
#2948=AXIS2_PLACEMENT_3D('',#4149,#3338,#3339);
#2949=AXIS2_PLACEMENT_3D('',#4150,#3340,#3341);
#2950=AXIS2_PLACEMENT_3D('',#4152,#3342,#3343);
#2951=AXIS2_PLACEMENT_3D('',#4153,#3344,#3345);
#2952=AXIS2_PLACEMENT_3D('',#4154,#3346,#3347);
#2953=AXIS2_PLACEMENT_3D('',#4156,#3348,#3349);
#2954=AXIS2_PLACEMENT_3D('',#4157,#3350,#3351);
#2955=AXIS2_PLACEMENT_3D('',#4159,#3352,#3353);
#2956=AXIS2_PLACEMENT_3D('',#4160,#3354,#3355);
#2957=AXIS2_PLACEMENT_3D('',#4161,#3356,#3357);
#2958=AXIS2_PLACEMENT_3D('',#4163,#3358,#3359);
#2959=AXIS2_PLACEMENT_3D('',#4164,#3360,#3361);
#2960=AXIS2_PLACEMENT_3D('',#4166,#3362,#3363);
#2961=AXIS2_PLACEMENT_3D('',#4167,#3364,#3365);
#2962=AXIS2_PLACEMENT_3D('',#4168,#3366,#3367);
#2963=AXIS2_PLACEMENT_3D('',#4170,#3368,#3369);
#2964=AXIS2_PLACEMENT_3D('',#4171,#3370,#3371);
#2965=AXIS2_PLACEMENT_3D('',#4173,#3372,#3373);
#2966=AXIS2_PLACEMENT_3D('',#4174,#3374,#3375);
#2967=AXIS2_PLACEMENT_3D('',#4175,#3376,#3377);
#2968=AXIS2_PLACEMENT_3D('',#4177,#3378,#3379);
#2969=AXIS2_PLACEMENT_3D('',#4178,#3380,#3381);
#2970=AXIS2_PLACEMENT_3D('',#4180,#3382,#3383);
#2971=AXIS2_PLACEMENT_3D('',#4181,#3384,#3385);
#2972=AXIS2_PLACEMENT_3D('',#4187,#3389,#3390);
#2973=AXIS2_PLACEMENT_3D('',#4191,#3393,#3394);
#2974=AXIS2_PLACEMENT_3D('',#4195,#3397,#3398);
#2975=AXIS2_PLACEMENT_3D('',#4199,#3401,#3402);
#2976=AXIS2_PLACEMENT_3D('',#4203,#3405,#3406);
#2977=AXIS2_PLACEMENT_3D('',#4205,#3408,#3409);
#2978=AXIS2_PLACEMENT_3D('',#4206,#3410,#3411);
#2979=AXIS2_PLACEMENT_3D('',#4212,#3415,#3416);
#2980=AXIS2_PLACEMENT_3D('',#4216,#3419,#3420);
#2981=AXIS2_PLACEMENT_3D('',#4220,#3423,#3424);
#2982=AXIS2_PLACEMENT_3D('',#4224,#3427,#3428);
#2983=AXIS2_PLACEMENT_3D('',#4228,#3431,#3432);
#2984=AXIS2_PLACEMENT_3D('',#4230,#3434,#3435);
#2985=AXIS2_PLACEMENT_3D('',#4231,#3436,#3437);
#2986=AXIS2_PLACEMENT_3D('',#4237,#3441,#3442);
#2987=AXIS2_PLACEMENT_3D('',#4241,#3445,#3446);
#2988=AXIS2_PLACEMENT_3D('',#4245,#3449,#3450);
#2989=AXIS2_PLACEMENT_3D('',#4249,#3453,#3454);
#2990=AXIS2_PLACEMENT_3D('',#4253,#3457,#3458);
#2991=AXIS2_PLACEMENT_3D('',#4255,#3460,#3461);
#2992=AXIS2_PLACEMENT_3D('',#4256,#3462,#3463);
#2993=AXIS2_PLACEMENT_3D('',#4257,#3464,#3465);
#2994=AXIS2_PLACEMENT_3D('',#4258,#3466,#3467);
#2995=AXIS2_PLACEMENT_3D('',#4259,#3468,#3469);
#2996=AXIS2_PLACEMENT_3D('',#4260,#3470,#3471);
#2997=AXIS2_PLACEMENT_3D('',#4261,#3472,#3473);
#2998=AXIS2_PLACEMENT_3D('',#4262,#3474,#3475);
#2999=AXIS2_PLACEMENT_3D('',#4263,#3476,#3477);
#3000=AXIS2_PLACEMENT_3D('',#4264,#3478,#3479);
#3001=AXIS2_PLACEMENT_3D('',#4265,#3480,#3481);
#3002=AXIS2_PLACEMENT_3D('',#4266,#3482,#3483);
#3003=AXIS2_PLACEMENT_3D('',#4275,#3488,#3489);
#3004=AXIS2_PLACEMENT_3D('',#4276,#3490,#3491);
#3005=AXIS2_PLACEMENT_3D('',#4278,#3492,#3493);
#3006=AXIS2_PLACEMENT_3D('',#4280,#3494,#3495);
#3007=AXIS2_PLACEMENT_3D('',#4282,#3496,#3497);
#3008=AXIS2_PLACEMENT_3D('',#4290,#3501,#3502);
#3009=AXIS2_PLACEMENT_3D('',#4298,#3506,#3507);
#3010=AXIS2_PLACEMENT_3D('',#4306,#3511,#3512);
#3011=AXIS2_PLACEMENT_3D('',#4314,#3516,#3517);
#3012=AXIS2_PLACEMENT_3D('',#4322,#3521,#3522);
#3013=AXIS2_PLACEMENT_3D('',#4330,#3526,#3527);
#3014=AXIS2_PLACEMENT_3D('',#4338,#3531,#3532);
#3015=AXIS2_PLACEMENT_3D('',#4346,#3536,#3537);
#3016=AXIS2_PLACEMENT_3D('',#4354,#3541,#3542);
#3017=AXIS2_PLACEMENT_3D('',#4362,#3546,#3547);
#3018=AXIS2_PLACEMENT_3D('',#4370,#3551,#3552);
#3019=AXIS2_PLACEMENT_3D('',#4378,#3556,#3557);
#3020=AXIS2_PLACEMENT_3D('',#4386,#3561,#3562);
#3021=AXIS2_PLACEMENT_3D('',#4394,#3566,#3567);
#3022=AXIS2_PLACEMENT_3D('',#4402,#3571,#3572);
#3023=AXIS2_PLACEMENT_3D('',#4408,#3575,#3576);
#3024=AXIS2_PLACEMENT_3D('',#4410,#3577,#3578);
#3025=AXIS2_PLACEMENT_3D('',#4412,#3579,#3580);
#3026=AXIS2_PLACEMENT_3D('',#4414,#3581,#3582);
#3027=AXIS2_PLACEMENT_3D('',#4416,#3583,#3584);
#3028=AXIS2_PLACEMENT_3D('',#4418,#3585,#3586);
#3029=AXIS2_PLACEMENT_3D('',#4420,#3587,#3588);
#3030=AXIS2_PLACEMENT_3D('',#4424,#3590,#3591);
#3031=AXIS2_PLACEMENT_3D('',#4425,#3592,#3593);
#3032=AXIS2_PLACEMENT_3D('',#4426,#3594,#3595);
#3033=AXIS2_PLACEMENT_3D('',#4428,#3596,#3597);
#3034=AXIS2_PLACEMENT_3D('',#4430,#3598,#3599);
#3035=AXIS2_PLACEMENT_3D('',#4435,#3601,#3602);
#3036=AXIS2_PLACEMENT_3D('',#4440,#3605,#3606);
#3037=AXIS2_PLACEMENT_3D('',#4445,#3609,#3610);
#3038=AXIS2_PLACEMENT_3D('',#4453,#3614,#3615);
#3039=AXIS2_PLACEMENT_3D('',#4461,#3619,#3620);
#3040=AXIS2_PLACEMENT_3D('',#4469,#3624,#3625);
#3041=AXIS2_PLACEMENT_3D('',#4477,#3629,#3630);
#3042=AXIS2_PLACEMENT_3D('',#4485,#3634,#3635);
#3043=AXIS2_PLACEMENT_3D('',#4493,#3639,#3640);
#3044=AXIS2_PLACEMENT_3D('',#4501,#3644,#3645);
#3045=AXIS2_PLACEMENT_3D('',#4509,#3649,#3650);
#3046=AXIS2_PLACEMENT_3D('',#4517,#3654,#3655);
#3047=AXIS2_PLACEMENT_3D('',#4525,#3659,#3660);
#3048=AXIS2_PLACEMENT_3D('',#4533,#3664,#3665);
#3049=AXIS2_PLACEMENT_3D('',#4541,#3669,#3670);
#3050=AXIS2_PLACEMENT_3D('',#4549,#3674,#3675);
#3051=AXIS2_PLACEMENT_3D('',#4555,#3678,#3679);
#3052=AXIS2_PLACEMENT_3D('',#4558,#3680,#3681);
#3053=AXIS2_PLACEMENT_3D('',#4562,#3683,#3684);
#3054=AXIS2_PLACEMENT_3D('',#4566,#3686,#3687);
#3055=AXIS2_PLACEMENT_3D('',#4568,#3688,#3689);
#3056=AXIS2_PLACEMENT_3D('',#4570,#3690,#3691);
#3057=AXIS2_PLACEMENT_3D('',#4572,#3692,#3693);
#3058=AXIS2_PLACEMENT_3D('',#4574,#3694,#3695);
#3059=AXIS2_PLACEMENT_3D('',#4575,#3696,#3697);
#3060=AXIS2_PLACEMENT_3D('',#4578,#3700,#3701);
#3061=AXIS2_PLACEMENT_3D('',#4580,#3703,#3704);
#3062=AXIS2_PLACEMENT_3D('',#4582,#3706,#3707);
#3063=AXIS2_PLACEMENT_3D('',#4584,#3709,#3710);
#3064=AXIS2_PLACEMENT_3D('',#4587,#3713,#3714);
#3065=AXIS2_PLACEMENT_3D('',#4588,#3715,#3716);
#3066=AXIS2_PLACEMENT_3D('',#4590,#3718,#3719);
#3067=AXIS2_PLACEMENT_3D('',#4592,#3721,#3722);
#3068=AXIS2_PLACEMENT_3D('',#4595,#3725,#3726);
#3069=AXIS2_PLACEMENT_3D('',#4596,#3727,#3728);
#3070=AXIS2_PLACEMENT_3D('',#4598,#3730,#3731);
#3071=AXIS2_PLACEMENT_3D('',#4600,#3733,#3734);
#3072=AXIS2_PLACEMENT_3D('',#4603,#3737,#3738);
#3073=AXIS2_PLACEMENT_3D('',#4604,#3739,#3740);
#3074=AXIS2_PLACEMENT_3D('',#4606,#3742,#3743);
#3075=AXIS2_PLACEMENT_3D('',#4608,#3745,#3746);
#3076=AXIS2_PLACEMENT_3D('',#4611,#3749,#3750);
#3077=AXIS2_PLACEMENT_3D('',#4612,#3751,#3752);
#3078=AXIS2_PLACEMENT_3D('',#4614,#3754,#3755);
#3079=AXIS2_PLACEMENT_3D('',#4616,#3757,#3758);
#3080=AXIS2_PLACEMENT_3D('',#4619,#3761,#3762);
#3081=AXIS2_PLACEMENT_3D('',#4620,#3763,#3764);
#3082=AXIS2_PLACEMENT_3D('',#4622,#3766,#3767);
#3083=AXIS2_PLACEMENT_3D('',#4624,#3769,#3770);
#3084=AXIS2_PLACEMENT_3D('',#4627,#3773,#3774);
#3085=AXIS2_PLACEMENT_3D('',#4628,#3775,#3776);
#3086=AXIS2_PLACEMENT_3D('',#4630,#3778,#3779);
#3087=AXIS2_PLACEMENT_3D('',#4632,#3781,#3782);
#3088=AXIS2_PLACEMENT_3D('',#4635,#3785,#3786);
#3089=AXIS2_PLACEMENT_3D('',#4636,#3787,#3788);
#3090=AXIS2_PLACEMENT_3D('',#4638,#3790,#3791);
#3091=AXIS2_PLACEMENT_3D('',#4640,#3793,#3794);
#3092=AXIS2_PLACEMENT_3D('',#4643,#3797,#3798);
#3093=AXIS2_PLACEMENT_3D('',#4644,#3799,#3800);
#3094=AXIS2_PLACEMENT_3D('',#4646,#3802,#3803);
#3095=AXIS2_PLACEMENT_3D('',#4648,#3805,#3806);
#3096=AXIS2_PLACEMENT_3D('',#4651,#3809,#3810);
#3097=AXIS2_PLACEMENT_3D('',#4652,#3811,#3812);
#3098=AXIS2_PLACEMENT_3D('',#4654,#3814,#3815);
#3099=AXIS2_PLACEMENT_3D('',#4656,#3817,#3818);
#3100=AXIS2_PLACEMENT_3D('',#4659,#3821,#3822);
#3101=AXIS2_PLACEMENT_3D('',#4660,#3823,#3824);
#3102=AXIS2_PLACEMENT_3D('',#4662,#3826,#3827);
#3103=AXIS2_PLACEMENT_3D('',#4664,#3829,#3830);
#3104=AXIS2_PLACEMENT_3D('',#4667,#3833,#3834);
#3105=AXIS2_PLACEMENT_3D('',#4668,#3835,#3836);
#3106=AXIS2_PLACEMENT_3D('',#4670,#3838,#3839);
#3107=AXIS2_PLACEMENT_3D('',#4672,#3841,#3842);
#3108=AXIS2_PLACEMENT_3D('',#4675,#3845,#3846);
#3109=AXIS2_PLACEMENT_3D('',#4676,#3847,#3848);
#3110=AXIS2_PLACEMENT_3D('',#4678,#3850,#3851);
#3111=AXIS2_PLACEMENT_3D('',#4680,#3853,#3854);
#3112=AXIS2_PLACEMENT_3D('',#4683,#3857,#3858);
#3113=AXIS2_PLACEMENT_3D('',#4684,#3859,#3860);
#3114=AXIS2_PLACEMENT_3D('',#4686,#3862,#3863);
#3115=AXIS2_PLACEMENT_3D('',#4688,#3865,#3866);
#3116=AXIS2_PLACEMENT_3D('',#4691,#3869,#3870);
#3117=AXIS2_PLACEMENT_3D('',#4692,#3871,#3872);
#3118=AXIS2_PLACEMENT_3D('',#4694,#3874,#3875);
#3119=AXIS2_PLACEMENT_3D('',#4695,#3876,#3877);
#3120=AXIS2_PLACEMENT_3D('',#4698,#3880,#3881);
#3121=AXIS2_PLACEMENT_3D('',#4701,#3884,#3885);
#3122=AXIS2_PLACEMENT_3D('',#4704,#3888,#3889);
#3123=AXIS2_PLACEMENT_3D('',#4707,#3892,#3893);
#3124=AXIS2_PLACEMENT_3D('',#4709,#3895,#3896);
#3125=AXIS2_PLACEMENT_3D('',#4710,#3897,#3898);
#3126=AXIS2_PLACEMENT_3D('',#4713,#3901,#3902);
#3127=AXIS2_PLACEMENT_3D('',#4714,#3903,#3904);
#3128=AXIS2_PLACEMENT_3D('',#4715,#3905,#3906);
#3129=AXIS2_PLACEMENT_3D('',#4716,#3907,#3908);
#3130=AXIS2_PLACEMENT_3D('',#4717,#3909,#3910);
#3131=AXIS2_PLACEMENT_3D('',#4718,#3911,#3912);
#3132=AXIS2_PLACEMENT_3D('',#4719,#3913,#3914);
#3133=AXIS2_PLACEMENT_3D('',#4720,#3915,#3916);
#3134=AXIS2_PLACEMENT_3D('',#4721,#3917,#3918);
#3135=DIRECTION('',(0.,0.,1.));
#3136=DIRECTION('',(1.,0.,0.));
#3137=DIRECTION('',(1.,0.,0.));
#3138=DIRECTION('',(0.,0.,-1.));
#3139=DIRECTION('',(0.,-1.,0.));
#3140=DIRECTION('',(0.,0.,-1.));
#3141=DIRECTION('',(0.,-1.,0.));
#3142=DIRECTION('',(0.,0.,1.));
#3143=DIRECTION('',(0.,1.,0.));
#3144=DIRECTION('',(0.,0.,-1.));
#3145=DIRECTION('',(0.,0.,1.));
#3146=DIRECTION('',(1.,0.,0.));
#3147=DIRECTION('',(0.,0.,-1.));
#3148=DIRECTION('',(-1.,0.,0.));
#3149=DIRECTION('',(0.,0.,1.));
#3150=DIRECTION('',(1.,0.,0.));
#3151=DIRECTION('',(0.,0.,1.));
#3152=DIRECTION('',(1.,0.,0.));
#3153=DIRECTION('',(0.,0.,-1.));
#3154=DIRECTION('',(-1.,0.,0.));
#3155=DIRECTION('',(0.,0.,1.));
#3156=DIRECTION('',(1.,0.,0.));
#3157=DIRECTION('',(0.,0.,1.));
#3158=DIRECTION('',(1.,0.,0.));
#3159=DIRECTION('',(0.,0.,-1.));
#3160=DIRECTION('',(-1.,0.,0.));
#3161=DIRECTION('',(0.,0.,1.));
#3162=DIRECTION('',(1.,0.,0.));
#3163=DIRECTION('',(0.707106781186547,0.707106781186548,0.));
#3164=DIRECTION('',(-0.707106781186548,0.707106781186547,0.));
#3165=DIRECTION('',(0.,0.,-1.));
#3166=DIRECTION('',(0.707106781186548,-0.707106781186547,0.));
#3167=DIRECTION('',(0.,0.,-1.));
#3168=DIRECTION('',(0.707106781186548,-0.707106781186547,0.));
#3169=DIRECTION('',(0.707106781186547,0.707106781186548,0.));
#3170=DIRECTION('',(-0.707106781186548,0.707106781186547,0.));
#3171=DIRECTION('',(0.707106781186547,0.707106781186548,0.));
#3172=DIRECTION('',(-0.707106781186548,0.707106781186547,0.));
#3173=DIRECTION('',(0.,-1.,0.));
#3174=DIRECTION('',(0.,0.,-1.));
#3175=DIRECTION('',(-1.,0.,0.));
#3176=DIRECTION('',(0.,0.,-1.));
#3177=DIRECTION('',(1.,1.30922526488816E-16,0.));
#3178=DIRECTION('',(0.,0.,-1.));
#3179=DIRECTION('',(1.,1.30922526488816E-16,0.));
#3180=DIRECTION('',(-1.30922526488816E-16,1.,0.));
#3181=DIRECTION('',(1.30922526488816E-16,-1.,0.));
#3182=DIRECTION('',(0.,0.,-1.));
#3183=DIRECTION('',(-1.30922526488816E-16,1.,0.));
#3184=DIRECTION('',(0.,0.,1.));
#3185=DIRECTION('',(-1.30922526488816E-16,1.,0.));
#3186=DIRECTION('',(0.,0.,1.));
#3187=DIRECTION('',(1.30922526488816E-16,-1.,0.));
#3188=DIRECTION('',(1.,0.,0.));
#3189=DIRECTION('',(0.,0.,-1.));
#3190=DIRECTION('',(0.,-1.,0.));
#3191=DIRECTION('',(0.,0.,1.));
#3192=DIRECTION('',(0.,-1.,0.));
#3193=DIRECTION('',(0.,0.,-1.));
#3194=DIRECTION('',(0.,1.,0.));
#3195=DIRECTION('',(0.,0.,-1.));
#3196=DIRECTION('',(0.777042646069038,0.629447953519612,0.));
#3197=DIRECTION('',(-0.629447953519612,0.777042646069038,0.));
#3198=DIRECTION('',(-0.629447953519612,0.777042646069038,0.));
#3199=DIRECTION('',(0.,0.,-1.));
#3200=DIRECTION('',(0.629447953519612,-0.777042646069038,0.));
#3201=DIRECTION('',(0.,0.,-1.));
#3202=DIRECTION('',(0.,-1.,0.));
#3203=DIRECTION('',(0.,0.,-1.));
#3204=DIRECTION('',(-1.,0.,0.));
#3205=DIRECTION('',(0.,0.,-1.));
#3206=DIRECTION('',(-1.,0.,0.));
#3207=DIRECTION('',(0.,0.,-1.));
#3208=DIRECTION('',(-1.,0.,0.));
#3209=DIRECTION('',(0.,0.,1.));
#3210=DIRECTION('',(0.,0.,-1.));
#3211=DIRECTION('',(0.,1.,0.));
#3212=DIRECTION('',(0.,0.,-1.));
#3213=DIRECTION('',(0.,1.,0.));
#3214=DIRECTION('',(0.,1.,0.));
#3215=DIRECTION('',(0.,0.,1.));
#3216=DIRECTION('',(0.,0.,-1.));
#3217=DIRECTION('',(1.,0.,0.));
#3218=DIRECTION('',(1.,0.,0.));
#3219=DIRECTION('',(1.,2.31296463463574E-16,0.));
#3220=DIRECTION('',(-2.31296463463574E-16,1.,0.));
#3221=DIRECTION('',(1.,2.31296463463574E-16,0.));
#3222=DIRECTION('',(-2.31296463463574E-16,1.,0.));
#3223=DIRECTION('',(1.,2.31296463463574E-16,0.));
#3224=DIRECTION('',(-2.31296463463574E-16,1.,0.));
#3225=DIRECTION('',(2.31296463463574E-16,-1.,0.));
#3226=DIRECTION('',(2.31296463463574E-16,-1.,0.));
#3227=DIRECTION('',(0.,1.,0.));
#3228=DIRECTION('',(0.,0.,1.));
#3229=DIRECTION('',(-1.,0.,0.));
#3230=DIRECTION('',(0.,0.,1.));
#3231=DIRECTION('',(1.,0.,0.));
#3232=DIRECTION('',(1.,0.,0.));
#3233=DIRECTION('',(0.,0.,-1.));
#3234=DIRECTION('',(-1.,0.,0.));
#3235=DIRECTION('',(0.,0.,1.));
#3236=DIRECTION('',(1.,0.,0.));
#3237=DIRECTION('',(0.5,-0.866025403784439,0.));
#3238=DIRECTION('',(-0.5,-0.866025403784439,0.));
#3239=DIRECTION('',(-1.,0.,0.));
#3240=DIRECTION('',(-0.5,0.866025403784439,0.));
#3241=DIRECTION('',(0.5,0.866025403784439,0.));
#3242=DIRECTION('',(1.,0.,0.));
#3243=DIRECTION('',(-0.5,0.866025403784438,0.));
#3244=DIRECTION('',(0.5,0.86602540378444,0.));
#3245=DIRECTION('',(1.,4.00617226329907E-15,0.));
#3246=DIRECTION('',(0.5,-0.866025403784438,0.));
#3247=DIRECTION('',(-0.5,-0.86602540378444,0.));
#3248=DIRECTION('',(-1.,0.,0.));
#3249=DIRECTION('',(0.5,-0.866025403784441,0.));
#3250=DIRECTION('',(-0.5,-0.866025403784436,0.));
#3251=DIRECTION('',(-1.,8.01234452659813E-15,0.));
#3252=DIRECTION('',(-0.5,0.866025403784441,0.));
#3253=DIRECTION('',(0.5,0.866025403784436,0.));
#3254=DIRECTION('',(1.,0.,0.));
#3255=DIRECTION('',(0.,0.,1.));
#3256=DIRECTION('',(1.,0.,0.));
#3257=DIRECTION('',(0.,0.,1.));
#3258=DIRECTION('',(1.,0.,0.));
#3259=DIRECTION('',(0.,0.,1.));
#3260=DIRECTION('',(1.,0.,0.));
#3261=DIRECTION('',(0.,0.,1.));
#3262=DIRECTION('',(1.,0.,0.));
#3263=DIRECTION('',(0.,0.,1.));
#3264=DIRECTION('',(1.,0.,0.));
#3265=DIRECTION('',(0.,0.,1.));
#3266=DIRECTION('',(1.,0.,0.));
#3267=DIRECTION('',(0.,0.,1.));
#3268=DIRECTION('',(1.,0.,0.));
#3269=DIRECTION('',(-1.30922526488816E-16,1.,0.));
#3270=DIRECTION('',(-1.,-1.30922526488816E-16,0.));
#3271=DIRECTION('',(1.,1.30922526488816E-16,0.));
#3272=DIRECTION('',(0.,0.,-1.));
#3273=DIRECTION('',(1.,1.30922526488816E-16,0.));
#3274=DIRECTION('',(0.,0.,-1.));
#3275=DIRECTION('',(-1.,0.,0.));
#3276=DIRECTION('',(0.,0.,-1.));
#3277=DIRECTION('',(-1.,0.,0.));
#3278=DIRECTION('',(0.,0.,-1.));
#3279=DIRECTION('',(-1.,0.,0.));
#3280=DIRECTION('',(0.,0.,-1.));
#3281=DIRECTION('',(-1.,0.,0.));
#3282=DIRECTION('',(0.,0.,-1.));
#3283=DIRECTION('',(-1.,0.,0.));
#3284=DIRECTION('',(0.,-1.,0.));
#3285=DIRECTION('',(0.,0.,1.));
#3286=DIRECTION('',(1.,1.30922526488816E-16,0.));
#3287=DIRECTION('',(0.,0.,1.));
#3288=DIRECTION('',(-1.,0.,0.));
#3289=DIRECTION('',(0.,0.,1.));
#3290=DIRECTION('',(0.777042646069038,0.629447953519612,0.));
#3291=DIRECTION('',(-0.629447953519612,0.777042646069038,0.));
#3292=DIRECTION('',(0.629447953519612,-0.777042646069038,0.));
#3293=DIRECTION('',(0.,0.,1.));
#3294=DIRECTION('',(-0.629447953519612,0.777042646069038,0.));
#3295=DIRECTION('',(0.,0.,1.));
#3296=DIRECTION('',(0.,0.,-1.));
#3297=DIRECTION('',(1.,0.,0.));
#3298=DIRECTION('',(0.,0.,1.));
#3299=DIRECTION('',(1.,0.,0.));
#3300=DIRECTION('',(0.,0.,1.));
#3301=DIRECTION('',(1.,0.,0.));
#3302=DIRECTION('',(0.,0.,1.));
#3303=DIRECTION('',(1.,0.,0.));
#3304=DIRECTION('',(0.,0.,-1.));
#3305=DIRECTION('',(-1.,0.,0.));
#3306=DIRECTION('',(0.,0.,-1.));
#3307=DIRECTION('',(-1.,0.,0.));
#3308=DIRECTION('',(0.,0.,-1.));
#3309=DIRECTION('',(-1.,0.,0.));
#3310=DIRECTION('',(0.,0.,-1.));
#3311=DIRECTION('',(-1.,0.,0.));
#3312=DIRECTION('',(0.,0.,-1.));
#3313=DIRECTION('',(1.,0.,0.));
#3314=DIRECTION('',(0.,0.,-1.));
#3315=DIRECTION('',(-1.,0.,0.));
#3316=DIRECTION('',(0.,0.,-1.));
#3317=DIRECTION('',(-1.,0.,0.));
#3318=DIRECTION('',(0.,0.,1.));
#3319=DIRECTION('',(-1.,0.,0.));
#3320=DIRECTION('',(0.,0.,1.));
#3321=DIRECTION('',(1.,0.,0.));
#3322=DIRECTION('',(0.,0.,1.));
#3323=DIRECTION('',(1.,0.,0.));
#3324=DIRECTION('',(0.,0.,1.));
#3325=DIRECTION('',(1.,0.,0.));
#3326=DIRECTION('',(0.,0.,1.));
#3327=DIRECTION('',(1.,0.,0.));
#3328=DIRECTION('',(0.,0.,1.));
#3329=DIRECTION('',(1.,0.,0.));
#3330=DIRECTION('',(0.,0.,1.));
#3331=DIRECTION('',(1.,0.,0.));
#3332=DIRECTION('',(0.,0.,1.));
#3333=DIRECTION('',(1.,0.,0.));
#3334=DIRECTION('',(-1.,0.,0.));
#3335=DIRECTION('',(0.,0.,1.));
#3336=DIRECTION('',(-1.,0.,0.));
#3337=DIRECTION('',(0.,0.,1.));
#3338=DIRECTION('',(1.,0.,0.));
#3339=DIRECTION('',(0.,0.,-1.));
#3340=DIRECTION('',(-1.,0.,0.));
#3341=DIRECTION('',(0.,0.,1.));
#3342=DIRECTION('',(-1.,0.,0.));
#3343=DIRECTION('',(0.,0.,1.));
#3344=DIRECTION('',(-1.,0.,0.));
#3345=DIRECTION('',(0.,0.,1.));
#3346=DIRECTION('',(-1.,0.,0.));
#3347=DIRECTION('',(0.,0.,1.));
#3348=DIRECTION('',(1.,0.,0.));
#3349=DIRECTION('',(0.,0.,-1.));
#3350=DIRECTION('',(-1.,0.,0.));
#3351=DIRECTION('',(0.,0.,1.));
#3352=DIRECTION('',(-1.,0.,0.));
#3353=DIRECTION('',(0.,0.,1.));
#3354=DIRECTION('',(0.,0.,1.));
#3355=DIRECTION('',(1.,0.,0.));
#3356=DIRECTION('',(0.,0.,1.));
#3357=DIRECTION('',(1.,0.,0.));
#3358=DIRECTION('',(0.,0.,-1.));
#3359=DIRECTION('',(-1.,0.,0.));
#3360=DIRECTION('',(0.,0.,1.));
#3361=DIRECTION('',(1.,0.,0.));
#3362=DIRECTION('',(0.,0.,1.));
#3363=DIRECTION('',(1.,0.,0.));
#3364=DIRECTION('',(0.,0.,1.));
#3365=DIRECTION('',(1.,0.,0.));
#3366=DIRECTION('',(0.,0.,1.));
#3367=DIRECTION('',(1.,0.,0.));
#3368=DIRECTION('',(0.,0.,-1.));
#3369=DIRECTION('',(-1.,0.,0.));
#3370=DIRECTION('',(0.,0.,1.));
#3371=DIRECTION('',(1.,0.,0.));
#3372=DIRECTION('',(0.,0.,1.));
#3373=DIRECTION('',(1.,0.,0.));
#3374=DIRECTION('',(0.,0.,1.));
#3375=DIRECTION('',(1.,0.,0.));
#3376=DIRECTION('',(0.,0.,1.));
#3377=DIRECTION('',(1.,0.,0.));
#3378=DIRECTION('',(0.,0.,-1.));
#3379=DIRECTION('',(-1.,0.,0.));
#3380=DIRECTION('',(0.,0.,1.));
#3381=DIRECTION('',(1.,0.,0.));
#3382=DIRECTION('',(0.,0.,1.));
#3383=DIRECTION('',(1.,0.,0.));
#3384=DIRECTION('',(-0.866025403784439,-0.5,0.));
#3385=DIRECTION('',(0.5,-0.866025403784439,0.));
#3386=DIRECTION('',(0.,0.,1.));
#3387=DIRECTION('',(0.5,-0.866025403784439,0.));
#3388=DIRECTION('',(0.,0.,1.));
#3389=DIRECTION('',(0.,-1.,0.));
#3390=DIRECTION('',(0.,0.,-1.));
#3391=DIRECTION('',(0.,0.,1.));
#3392=DIRECTION('',(1.,0.,0.));
#3393=DIRECTION('',(0.866025403784439,-0.5,0.));
#3394=DIRECTION('',(0.5,0.866025403784439,0.));
#3395=DIRECTION('',(0.,0.,1.));
#3396=DIRECTION('',(0.5,0.866025403784439,0.));
#3397=DIRECTION('',(0.866025403784439,0.5,0.));
#3398=DIRECTION('',(-0.5,0.866025403784439,0.));
#3399=DIRECTION('',(0.,0.,1.));
#3400=DIRECTION('',(-0.5,0.866025403784439,0.));
#3401=DIRECTION('',(0.,1.,0.));
#3402=DIRECTION('',(0.,0.,1.));
#3403=DIRECTION('',(0.,0.,1.));
#3404=DIRECTION('',(-1.,0.,0.));
#3405=DIRECTION('',(-0.866025403784439,0.5,0.));
#3406=DIRECTION('',(-0.5,-0.866025403784439,0.));
#3407=DIRECTION('',(-0.5,-0.866025403784439,0.));
#3408=DIRECTION('',(0.,0.,1.));
#3409=DIRECTION('',(1.,0.,0.));
#3410=DIRECTION('',(0.866025403784438,0.5,0.));
#3411=DIRECTION('',(-0.5,0.866025403784438,0.));
#3412=DIRECTION('',(0.,0.,1.));
#3413=DIRECTION('',(-0.5,0.866025403784438,0.));
#3414=DIRECTION('',(0.,0.,1.));
#3415=DIRECTION('',(0.,1.,0.));
#3416=DIRECTION('',(0.,0.,1.));
#3417=DIRECTION('',(0.,0.,1.));
#3418=DIRECTION('',(-1.,0.,0.));
#3419=DIRECTION('',(-0.86602540378444,0.5,0.));
#3420=DIRECTION('',(-0.5,-0.86602540378444,0.));
#3421=DIRECTION('',(0.,0.,1.));
#3422=DIRECTION('',(-0.5,-0.86602540378444,0.));
#3423=DIRECTION('',(-0.866025403784438,-0.5,0.));
#3424=DIRECTION('',(0.5,-0.866025403784438,0.));
#3425=DIRECTION('',(0.,0.,1.));
#3426=DIRECTION('',(0.5,-0.866025403784438,0.));
#3427=DIRECTION('',(4.00617226329907E-15,-1.,0.));
#3428=DIRECTION('',(1.,4.00617226329907E-15,0.));
#3429=DIRECTION('',(0.,0.,1.));
#3430=DIRECTION('',(1.,4.00617226329907E-15,0.));
#3431=DIRECTION('',(0.86602540378444,-0.5,0.));
#3432=DIRECTION('',(0.5,0.86602540378444,0.));
#3433=DIRECTION('',(0.5,0.86602540378444,0.));
#3434=DIRECTION('',(0.,0.,1.));
#3435=DIRECTION('',(1.,0.,0.));
#3436=DIRECTION('',(-0.866025403784441,-0.5,0.));
#3437=DIRECTION('',(0.5,-0.866025403784441,0.));
#3438=DIRECTION('',(0.,0.,1.));
#3439=DIRECTION('',(0.5,-0.866025403784441,0.));
#3440=DIRECTION('',(0.,0.,1.));
#3441=DIRECTION('',(0.,-1.,0.));
#3442=DIRECTION('',(0.,0.,-1.));
#3443=DIRECTION('',(0.,0.,1.));
#3444=DIRECTION('',(1.,0.,0.));
#3445=DIRECTION('',(0.866025403784436,-0.5,0.));
#3446=DIRECTION('',(0.5,0.866025403784436,0.));
#3447=DIRECTION('',(0.,0.,1.));
#3448=DIRECTION('',(0.5,0.866025403784436,0.));
#3449=DIRECTION('',(0.866025403784441,0.5,0.));
#3450=DIRECTION('',(-0.5,0.866025403784441,0.));
#3451=DIRECTION('',(0.,0.,1.));
#3452=DIRECTION('',(-0.5,0.866025403784441,0.));
#3453=DIRECTION('',(8.01234452659813E-15,1.,0.));
#3454=DIRECTION('',(-1.,8.01234452659813E-15,0.));
#3455=DIRECTION('',(0.,0.,1.));
#3456=DIRECTION('',(-1.,8.01234452659813E-15,0.));
#3457=DIRECTION('',(-0.866025403784436,0.5,0.));
#3458=DIRECTION('',(-0.5,-0.866025403784436,0.));
#3459=DIRECTION('',(-0.5,-0.866025403784436,0.));
#3460=DIRECTION('',(0.,0.,1.));
#3461=DIRECTION('',(1.,0.,0.));
#3462=DIRECTION('',(0.,0.,-1.));
#3463=DIRECTION('',(-1.,0.,0.));
#3464=DIRECTION('',(0.,0.,1.));
#3465=DIRECTION('',(1.,0.,0.));
#3466=DIRECTION('',(0.,0.,1.));
#3467=DIRECTION('',(1.,0.,0.));
#3468=DIRECTION('',(0.,0.,-1.));
#3469=DIRECTION('',(-1.,0.,0.));
#3470=DIRECTION('',(0.,0.,-1.));
#3471=DIRECTION('',(-1.,0.,0.));
#3472=DIRECTION('',(0.,0.,1.));
#3473=DIRECTION('',(1.,0.,0.));
#3474=DIRECTION('',(0.,0.,-1.));
#3475=DIRECTION('',(-1.,0.,0.));
#3476=DIRECTION('',(0.,0.,-1.));
#3477=DIRECTION('',(-1.,0.,0.));
#3478=DIRECTION('',(0.,0.,1.));
#3479=DIRECTION('',(1.,0.,0.));
#3480=DIRECTION('',(0.,0.,1.));
#3481=DIRECTION('',(1.,0.,0.));
#3482=DIRECTION('',(1.04083408558608E-16,0.,-1.));
#3483=DIRECTION('',(-1.,0.,-1.04083408558608E-16));
#3484=DIRECTION('',(0.,-1.,0.));
#3485=DIRECTION('',(-1.,0.,-1.04083408558608E-16));
#3486=DIRECTION('',(0.,1.,0.));
#3487=DIRECTION('',(-1.,0.,-1.04083408558608E-16));
#3488=DIRECTION('',(0.,-1.,0.));
#3489=DIRECTION('',(1.,0.,0.));
#3490=DIRECTION('',(0.,-1.,0.));
#3491=DIRECTION('',(0.,0.,-1.));
#3492=DIRECTION('',(0.,-1.,0.));
#3493=DIRECTION('',(0.,0.,-1.));
#3494=DIRECTION('',(0.,-1.,0.));
#3495=DIRECTION('',(0.,0.,-1.));
#3496=DIRECTION('',(0.,-1.,0.));
#3497=DIRECTION('',(0.,0.,-1.));
#3498=DIRECTION('',(1.,0.,0.));
#3499=DIRECTION('',(1.23117105427603E-16,0.,-1.));
#3500=DIRECTION('',(1.,0.,0.));
#3501=DIRECTION('',(0.,-1.,0.));
#3502=DIRECTION('',(0.,0.,-1.));
#3503=DIRECTION('',(0.997204004206906,0.,-0.0747273309687448));
#3504=DIRECTION('',(1.23117105427603E-16,0.,-1.));
#3505=DIRECTION('',(-0.997204004206906,0.,0.0747273309687447));
#3506=DIRECTION('',(0.,-1.,0.));
#3507=DIRECTION('',(0.,0.,-1.));
#3508=DIRECTION('',(0.988831652012575,0.,-0.149036787331454));
#3509=DIRECTION('',(1.23117105427603E-16,0.,-1.));
#3510=DIRECTION('',(-0.988831652012575,0.,0.149036787331454));
#3511=DIRECTION('',(0.,-1.,0.));
#3512=DIRECTION('',(0.,0.,-1.));
#3513=DIRECTION('',(0.974929761540034,0.,-0.222512831233373));
#3514=DIRECTION('',(1.23117105427603E-16,0.,-1.));
#3515=DIRECTION('',(-0.974929761540034,0.,0.222512831233373));
#3516=DIRECTION('',(0.,-1.,0.));
#3517=DIRECTION('',(0.,0.,-1.));
#3518=DIRECTION('',(0.955576072043838,0.,-0.294744585255217));
#3519=DIRECTION('',(1.23117105427603E-16,0.,-1.));
#3520=DIRECTION('',(-0.955576072043838,0.,0.294744585255217));
#3521=DIRECTION('',(0.,-1.,0.));
#3522=DIRECTION('',(0.,0.,-1.));
#3523=DIRECTION('',(0.93087880919281,0.,-0.365328130036239));
#3524=DIRECTION('',(1.23117105427603E-16,0.,-1.));
#3525=DIRECTION('',(-0.93087880919281,0.,0.365328130036239));
#3526=DIRECTION('',(0.,-1.,0.));
#3527=DIRECTION('',(0.,0.,-1.));
#3528=DIRECTION('',(0.900976079873017,0.,-0.433868762987902));
#3529=DIRECTION('',(1.23117105427603E-16,0.,-1.));
#3530=DIRECTION('',(-0.900976079873017,0.,0.433868762987902));
#3531=DIRECTION('',(0.,-1.,0.));
#3532=DIRECTION('',(0.,0.,-1.));
#3533=DIRECTION('',(0.866035099895217,0.,-0.499983205467426));
#3534=DIRECTION('',(1.23117105427603E-16,0.,-1.));
#3535=DIRECTION('',(-0.866035099895217,0.,0.499983205467426));
#3536=DIRECTION('',(0.,-1.,0.));
#3537=DIRECTION('',(0.,0.,-1.));
#3538=DIRECTION('',(0.82625125892546,0.,-0.563301746068741));
#3539=DIRECTION('',(1.23117105427603E-16,0.,-1.));
#3540=DIRECTION('',(-0.82625125892546,0.,0.563301746068741));
#3541=DIRECTION('',(0.,-1.,0.));
#3542=DIRECTION('',(0.,0.,-1.));
#3543=DIRECTION('',(0.781847027867715,0.,-0.623470308045555));
#3544=DIRECTION('',(1.23117105427603E-16,0.,-1.));
#3545=DIRECTION('',(-0.781847027867716,0.,0.623470308045555));
#3546=DIRECTION('',(0.,-1.,0.));
#3547=DIRECTION('',(0.,0.,-1.));
#3548=DIRECTION('',(0.733065438831147,0.,-0.680158115728467));
#3549=DIRECTION('',(1.23117105427603E-16,0.,-1.));
#3550=DIRECTION('',(-0.733065438831147,0.,0.680158115728467));
#3551=DIRECTION('',(0.,-1.,0.));
#3552=DIRECTION('',(0.,0.,-1.));
#3553=DIRECTION('',(0.686535684102829,0.,-0.727096110877689));
#3554=DIRECTION('',(1.23117105427603E-16,0.,-1.));
#3555=DIRECTION('',(-0.68653568410283,0.,0.727096110877689));
#3556=DIRECTION('',(0.,-1.,0.));
#3557=DIRECTION('',(0.,0.,-1.));
#3558=DIRECTION('',(0.637007008686614,0.,-0.770858009547889));
#3559=DIRECTION('',(1.23117105427603E-16,0.,-1.));
#3560=DIRECTION('',(-0.637007008686614,0.,0.770858009547889));
#3561=DIRECTION('',(0.,-1.,0.));
#3562=DIRECTION('',(0.,0.,-1.));
#3563=DIRECTION('',(0.584695763418718,0.,-0.811252651299336));
#3564=DIRECTION('',(1.23117105427603E-16,0.,-1.));
#3565=DIRECTION('',(-0.584695763418718,0.,0.811252651299336));
#3566=DIRECTION('',(0.,-1.,0.));
#3567=DIRECTION('',(0.,0.,-1.));
#3568=DIRECTION('',(0.5298304539388,0.,-0.848103584521964));
#3569=DIRECTION('',(1.23117105427603E-16,0.,-1.));
#3570=DIRECTION('',(-0.529830453938801,0.,0.848103584521964));
#3571=DIRECTION('',(0.,-1.,0.));
#3572=DIRECTION('',(0.,0.,-1.));
#3573=DIRECTION('',(1.23117105427603E-16,0.,-1.));
#3574=DIRECTION('',(0.,0.,-1.));
#3575=DIRECTION('',(0.,-1.,0.));
#3576=DIRECTION('',(0.,0.,-1.));
#3577=DIRECTION('',(0.,-1.,0.));
#3578=DIRECTION('',(0.,0.,-1.));
#3579=DIRECTION('',(0.,-1.,0.));
#3580=DIRECTION('',(0.,0.,-1.));
#3581=DIRECTION('',(0.,1.,0.));
#3582=DIRECTION('',(0.,0.,-1.));
#3583=DIRECTION('',(0.,-1.,0.));
#3584=DIRECTION('',(0.,0.,-1.));
#3585=DIRECTION('',(0.,-1.,0.));
#3586=DIRECTION('',(0.,0.,-1.));
#3587=DIRECTION('',(0.,-1.,0.));
#3588=DIRECTION('',(0.,0.,-1.));
#3589=DIRECTION('',(1.,0.,0.));
#3590=DIRECTION('',(0.,-1.,0.));
#3591=DIRECTION('',(0.,0.,-1.));
#3592=DIRECTION('',(0.,-1.,0.));
#3593=DIRECTION('',(1.,0.,0.));
#3594=DIRECTION('',(0.,-1.,0.));
#3595=DIRECTION('',(0.,0.,-1.));
#3596=DIRECTION('',(0.,-1.,0.));
#3597=DIRECTION('',(0.,0.,-1.));
#3598=DIRECTION('',(0.,-1.,0.));
#3599=DIRECTION('',(0.,0.,-1.));
#3600=DIRECTION('',(1.,0.,0.));
#3601=DIRECTION('',(0.,-1.,0.));
#3602=DIRECTION('',(0.,0.,-1.));
#3603=DIRECTION('',(1.,0.,0.));
#3604=DIRECTION('',(1.23117105427603E-16,0.,-1.));
#3605=DIRECTION('',(0.,-1.,0.));
#3606=DIRECTION('',(0.,0.,-1.));
#3607=DIRECTION('',(1.23117105427603E-16,0.,-1.));
#3608=DIRECTION('',(0.997204004206906,0.,-0.0747273309687448));
#3609=DIRECTION('',(0.,-1.,0.));
#3610=DIRECTION('',(0.,0.,-1.));
#3611=DIRECTION('',(-0.997204004206906,0.,0.0747273309687447));
#3612=DIRECTION('',(1.23117105427603E-16,0.,-1.));
#3613=DIRECTION('',(0.988831652012575,0.,-0.149036787331454));
#3614=DIRECTION('',(0.,-1.,0.));
#3615=DIRECTION('',(0.,0.,-1.));
#3616=DIRECTION('',(-0.988831652012575,0.,0.149036787331454));
#3617=DIRECTION('',(1.23117105427603E-16,0.,-1.));
#3618=DIRECTION('',(0.974929761540034,0.,-0.222512831233373));
#3619=DIRECTION('',(0.,-1.,0.));
#3620=DIRECTION('',(0.,0.,-1.));
#3621=DIRECTION('',(-0.974929761540034,0.,0.222512831233373));
#3622=DIRECTION('',(1.23117105427603E-16,0.,-1.));
#3623=DIRECTION('',(0.955576072043838,0.,-0.294744585255217));
#3624=DIRECTION('',(0.,-1.,0.));
#3625=DIRECTION('',(0.,0.,-1.));
#3626=DIRECTION('',(-0.955576072043838,0.,0.294744585255217));
#3627=DIRECTION('',(1.23117105427603E-16,0.,-1.));
#3628=DIRECTION('',(0.93087880919281,0.,-0.365328130036239));
#3629=DIRECTION('',(0.,-1.,0.));
#3630=DIRECTION('',(0.,0.,-1.));
#3631=DIRECTION('',(-0.93087880919281,0.,0.365328130036239));
#3632=DIRECTION('',(1.23117105427603E-16,0.,-1.));
#3633=DIRECTION('',(0.900976079873017,0.,-0.433868762987902));
#3634=DIRECTION('',(0.,-1.,0.));
#3635=DIRECTION('',(0.,0.,-1.));
#3636=DIRECTION('',(-0.900976079873017,0.,0.433868762987902));
#3637=DIRECTION('',(1.23117105427603E-16,0.,-1.));
#3638=DIRECTION('',(0.866035099895217,0.,-0.499983205467426));
#3639=DIRECTION('',(0.,-1.,0.));
#3640=DIRECTION('',(0.,0.,-1.));
#3641=DIRECTION('',(-0.866035099895217,0.,0.499983205467426));
#3642=DIRECTION('',(1.23117105427603E-16,0.,-1.));
#3643=DIRECTION('',(0.82625125892546,0.,-0.563301746068741));
#3644=DIRECTION('',(0.,-1.,0.));
#3645=DIRECTION('',(0.,0.,-1.));
#3646=DIRECTION('',(-0.82625125892546,0.,0.563301746068741));
#3647=DIRECTION('',(1.23117105427603E-16,0.,-1.));
#3648=DIRECTION('',(0.781847027867715,0.,-0.623470308045555));
#3649=DIRECTION('',(0.,-1.,0.));
#3650=DIRECTION('',(0.,0.,-1.));
#3651=DIRECTION('',(-0.781847027867716,0.,0.623470308045555));
#3652=DIRECTION('',(1.23117105427603E-16,0.,-1.));
#3653=DIRECTION('',(0.733065438831147,0.,-0.680158115728467));
#3654=DIRECTION('',(0.,-1.,0.));
#3655=DIRECTION('',(0.,0.,-1.));
#3656=DIRECTION('',(-0.733065438831147,0.,0.680158115728467));
#3657=DIRECTION('',(1.23117105427603E-16,0.,-1.));
#3658=DIRECTION('',(0.686535684102829,0.,-0.727096110877689));
#3659=DIRECTION('',(0.,-1.,0.));
#3660=DIRECTION('',(0.,0.,-1.));
#3661=DIRECTION('',(-0.68653568410283,0.,0.727096110877689));
#3662=DIRECTION('',(1.23117105427603E-16,0.,-1.));
#3663=DIRECTION('',(0.637007008686614,0.,-0.770858009547889));
#3664=DIRECTION('',(0.,-1.,0.));
#3665=DIRECTION('',(0.,0.,-1.));
#3666=DIRECTION('',(-0.637007008686614,0.,0.770858009547889));
#3667=DIRECTION('',(1.23117105427603E-16,0.,-1.));
#3668=DIRECTION('',(0.584695763418718,0.,-0.811252651299336));
#3669=DIRECTION('',(0.,-1.,0.));
#3670=DIRECTION('',(0.,0.,-1.));
#3671=DIRECTION('',(-0.584695763418718,0.,0.811252651299336));
#3672=DIRECTION('',(1.23117105427603E-16,0.,-1.));
#3673=DIRECTION('',(0.5298304539388,0.,-0.848103584521964));
#3674=DIRECTION('',(0.,-1.,0.));
#3675=DIRECTION('',(0.,0.,-1.));
#3676=DIRECTION('',(-0.529830453938801,0.,0.848103584521964));
#3677=DIRECTION('',(1.23117105427603E-16,0.,-1.));
#3678=DIRECTION('',(0.,-1.,0.));
#3679=DIRECTION('',(0.,0.,-1.));
#3680=DIRECTION('',(0.,-1.,0.));
#3681=DIRECTION('',(0.,0.,-1.));
#3682=DIRECTION('',(0.,0.,-1.));
#3683=DIRECTION('',(0.,-1.,0.));
#3684=DIRECTION('',(0.,0.,-1.));
#3685=DIRECTION('',(1.,0.,0.));
#3686=DIRECTION('',(0.,-1.,0.));
#3687=DIRECTION('',(0.,0.,-1.));
#3688=DIRECTION('',(0.,-1.,0.));
#3689=DIRECTION('',(0.,0.,-1.));
#3690=DIRECTION('',(0.,-1.,0.));
#3691=DIRECTION('',(0.,0.,-1.));
#3692=DIRECTION('',(0.,1.,0.));
#3693=DIRECTION('',(0.,0.,-1.));
#3694=DIRECTION('',(0.,-1.,0.));
#3695=DIRECTION('',(0.,0.,-1.));
#3696=DIRECTION('',(0.,0.,1.));
#3697=DIRECTION('',(1.,0.,0.));
#3698=DIRECTION('',(0.,1.,0.));
#3699=DIRECTION('',(0.,1.,0.));
#3700=DIRECTION('',(0.,1.,0.));
#3701=DIRECTION('',(0.,0.,1.));
#3702=DIRECTION('',(0.,1.,0.));
#3703=DIRECTION('',(0.,1.,0.));
#3704=DIRECTION('',(0.,0.,1.));
#3705=DIRECTION('',(0.,1.,0.));
#3706=DIRECTION('',(1.,0.,1.23117105427603E-16));
#3707=DIRECTION('',(1.23117105427603E-16,0.,-1.));
#3708=DIRECTION('',(0.,1.,0.));
#3709=DIRECTION('',(-0.0747273309687447,0.,-0.997204004206906));
#3710=DIRECTION('',(-0.997204004206906,0.,0.0747273309687447));
#3711=DIRECTION('',(0.,-1.,0.));
#3712=DIRECTION('',(0.,1.,0.));
#3713=DIRECTION('',(0.0747273309687448,0.,0.997204004206906));
#3714=DIRECTION('',(0.997204004206906,0.,-0.0747273309687448));
#3715=DIRECTION('',(0.,1.,0.));
#3716=DIRECTION('',(0.,0.,1.));
#3717=DIRECTION('',(0.,1.,0.));
#3718=DIRECTION('',(1.,0.,1.23117105427603E-16));
#3719=DIRECTION('',(1.23117105427603E-16,0.,-1.));
#3720=DIRECTION('',(0.,1.,0.));
#3721=DIRECTION('',(-0.149036787331454,0.,-0.988831652012575));
#3722=DIRECTION('',(-0.988831652012575,0.,0.149036787331454));
#3723=DIRECTION('',(0.,-1.,0.));
#3724=DIRECTION('',(0.,1.,0.));
#3725=DIRECTION('',(0.149036787331454,0.,0.988831652012575));
#3726=DIRECTION('',(0.988831652012575,0.,-0.149036787331454));
#3727=DIRECTION('',(0.,1.,0.));
#3728=DIRECTION('',(0.,0.,1.));
#3729=DIRECTION('',(0.,1.,0.));
#3730=DIRECTION('',(1.,0.,1.23117105427603E-16));
#3731=DIRECTION('',(1.23117105427603E-16,0.,-1.));
#3732=DIRECTION('',(0.,1.,0.));
#3733=DIRECTION('',(-0.222512831233373,0.,-0.974929761540034));
#3734=DIRECTION('',(-0.974929761540034,0.,0.222512831233373));
#3735=DIRECTION('',(0.,-1.,0.));
#3736=DIRECTION('',(0.,1.,0.));
#3737=DIRECTION('',(0.222512831233373,0.,0.974929761540034));
#3738=DIRECTION('',(0.974929761540034,0.,-0.222512831233373));
#3739=DIRECTION('',(0.,1.,0.));
#3740=DIRECTION('',(0.,0.,1.));
#3741=DIRECTION('',(0.,1.,0.));
#3742=DIRECTION('',(1.,0.,1.23117105427603E-16));
#3743=DIRECTION('',(1.23117105427603E-16,0.,-1.));
#3744=DIRECTION('',(0.,1.,0.));
#3745=DIRECTION('',(-0.294744585255217,0.,-0.955576072043838));
#3746=DIRECTION('',(-0.955576072043838,0.,0.294744585255217));
#3747=DIRECTION('',(0.,-1.,0.));
#3748=DIRECTION('',(0.,1.,0.));
#3749=DIRECTION('',(0.294744585255217,0.,0.955576072043838));
#3750=DIRECTION('',(0.955576072043838,0.,-0.294744585255217));
#3751=DIRECTION('',(0.,1.,0.));
#3752=DIRECTION('',(0.,0.,1.));
#3753=DIRECTION('',(0.,1.,0.));
#3754=DIRECTION('',(1.,0.,1.23117105427603E-16));
#3755=DIRECTION('',(1.23117105427603E-16,0.,-1.));
#3756=DIRECTION('',(0.,1.,0.));
#3757=DIRECTION('',(-0.365328130036239,0.,-0.93087880919281));
#3758=DIRECTION('',(-0.93087880919281,0.,0.365328130036239));
#3759=DIRECTION('',(0.,-1.,0.));
#3760=DIRECTION('',(0.,1.,0.));
#3761=DIRECTION('',(0.365328130036239,0.,0.93087880919281));
#3762=DIRECTION('',(0.93087880919281,0.,-0.365328130036239));
#3763=DIRECTION('',(0.,1.,0.));
#3764=DIRECTION('',(0.,0.,1.));
#3765=DIRECTION('',(0.,1.,0.));
#3766=DIRECTION('',(1.,0.,1.23117105427603E-16));
#3767=DIRECTION('',(1.23117105427603E-16,0.,-1.));
#3768=DIRECTION('',(0.,1.,0.));
#3769=DIRECTION('',(-0.433868762987902,0.,-0.900976079873016));
#3770=DIRECTION('',(-0.900976079873017,0.,0.433868762987902));
#3771=DIRECTION('',(0.,-1.,0.));
#3772=DIRECTION('',(0.,1.,0.));
#3773=DIRECTION('',(0.433868762987902,0.,0.900976079873016));
#3774=DIRECTION('',(0.900976079873017,0.,-0.433868762987902));
#3775=DIRECTION('',(0.,1.,0.));
#3776=DIRECTION('',(0.,0.,1.));
#3777=DIRECTION('',(0.,1.,0.));
#3778=DIRECTION('',(1.,0.,1.23117105427603E-16));
#3779=DIRECTION('',(1.23117105427603E-16,0.,-1.));
#3780=DIRECTION('',(0.,1.,0.));
#3781=DIRECTION('',(-0.499983205467425,0.,-0.866035099895217));
#3782=DIRECTION('',(-0.866035099895217,0.,0.499983205467426));
#3783=DIRECTION('',(0.,-1.,0.));
#3784=DIRECTION('',(0.,1.,0.));
#3785=DIRECTION('',(0.499983205467426,0.,0.866035099895217));
#3786=DIRECTION('',(0.866035099895217,0.,-0.499983205467426));
#3787=DIRECTION('',(0.,1.,0.));
#3788=DIRECTION('',(0.,0.,1.));
#3789=DIRECTION('',(0.,1.,0.));
#3790=DIRECTION('',(1.,0.,1.23117105427603E-16));
#3791=DIRECTION('',(1.23117105427603E-16,0.,-1.));
#3792=DIRECTION('',(0.,1.,0.));
#3793=DIRECTION('',(-0.563301746068741,0.,-0.82625125892546));
#3794=DIRECTION('',(-0.82625125892546,0.,0.563301746068741));
#3795=DIRECTION('',(0.,-1.,0.));
#3796=DIRECTION('',(0.,1.,0.));
#3797=DIRECTION('',(0.563301746068741,0.,0.82625125892546));
#3798=DIRECTION('',(0.82625125892546,0.,-0.563301746068741));
#3799=DIRECTION('',(0.,1.,0.));
#3800=DIRECTION('',(0.,0.,1.));
#3801=DIRECTION('',(0.,1.,0.));
#3802=DIRECTION('',(1.,0.,1.23117105427603E-16));
#3803=DIRECTION('',(1.23117105427603E-16,0.,-1.));
#3804=DIRECTION('',(0.,1.,0.));
#3805=DIRECTION('',(-0.623470308045555,0.,-0.781847027867715));
#3806=DIRECTION('',(-0.781847027867716,0.,0.623470308045555));
#3807=DIRECTION('',(0.,-1.,0.));
#3808=DIRECTION('',(0.,1.,0.));
#3809=DIRECTION('',(0.623470308045555,0.,0.781847027867715));
#3810=DIRECTION('',(0.781847027867715,0.,-0.623470308045555));
#3811=DIRECTION('',(0.,1.,0.));
#3812=DIRECTION('',(0.,0.,1.));
#3813=DIRECTION('',(0.,1.,0.));
#3814=DIRECTION('',(1.,0.,1.23117105427603E-16));
#3815=DIRECTION('',(1.23117105427603E-16,0.,-1.));
#3816=DIRECTION('',(0.,1.,0.));
#3817=DIRECTION('',(-0.680158115728467,0.,-0.733065438831147));
#3818=DIRECTION('',(-0.733065438831147,0.,0.680158115728467));
#3819=DIRECTION('',(0.,-1.,0.));
#3820=DIRECTION('',(0.,1.,0.));
#3821=DIRECTION('',(0.680158115728467,0.,0.733065438831147));
#3822=DIRECTION('',(0.733065438831147,0.,-0.680158115728467));
#3823=DIRECTION('',(0.,1.,0.));
#3824=DIRECTION('',(0.,0.,1.));
#3825=DIRECTION('',(0.,1.,0.));
#3826=DIRECTION('',(1.,0.,1.23117105427603E-16));
#3827=DIRECTION('',(1.23117105427603E-16,0.,-1.));
#3828=DIRECTION('',(0.,1.,0.));
#3829=DIRECTION('',(-0.727096110877689,0.,-0.686535684102829));
#3830=DIRECTION('',(-0.68653568410283,0.,0.727096110877689));
#3831=DIRECTION('',(0.,-1.,0.));
#3832=DIRECTION('',(0.,1.,0.));
#3833=DIRECTION('',(0.727096110877689,0.,0.686535684102829));
#3834=DIRECTION('',(0.686535684102829,0.,-0.727096110877689));
#3835=DIRECTION('',(0.,1.,0.));
#3836=DIRECTION('',(0.,0.,1.));
#3837=DIRECTION('',(0.,1.,0.));
#3838=DIRECTION('',(1.,0.,1.23117105427603E-16));
#3839=DIRECTION('',(1.23117105427603E-16,0.,-1.));
#3840=DIRECTION('',(0.,1.,0.));
#3841=DIRECTION('',(-0.770858009547889,0.,-0.637007008686614));
#3842=DIRECTION('',(-0.637007008686614,0.,0.770858009547889));
#3843=DIRECTION('',(0.,-1.,0.));
#3844=DIRECTION('',(0.,1.,0.));
#3845=DIRECTION('',(0.770858009547889,0.,0.637007008686613));
#3846=DIRECTION('',(0.637007008686613,0.,-0.770858009547889));
#3847=DIRECTION('',(0.,1.,0.));
#3848=DIRECTION('',(0.,0.,1.));
#3849=DIRECTION('',(0.,1.,0.));
#3850=DIRECTION('',(1.,0.,1.23117105427603E-16));
#3851=DIRECTION('',(1.23117105427603E-16,0.,-1.));
#3852=DIRECTION('',(0.,1.,0.));
#3853=DIRECTION('',(-0.811252651299336,0.,-0.584695763418718));
#3854=DIRECTION('',(-0.584695763418718,0.,0.811252651299336));
#3855=DIRECTION('',(0.,-1.,0.));
#3856=DIRECTION('',(0.,1.,0.));
#3857=DIRECTION('',(0.811252651299336,0.,0.584695763418718));
#3858=DIRECTION('',(0.584695763418718,0.,-0.811252651299336));
#3859=DIRECTION('',(0.,1.,0.));
#3860=DIRECTION('',(0.,0.,1.));
#3861=DIRECTION('',(0.,1.,0.));
#3862=DIRECTION('',(1.,0.,1.23117105427603E-16));
#3863=DIRECTION('',(1.23117105427603E-16,0.,-1.));
#3864=DIRECTION('',(0.,1.,0.));
#3865=DIRECTION('',(-0.848103584521964,0.,-0.529830453938801));
#3866=DIRECTION('',(-0.529830453938801,0.,0.848103584521964));
#3867=DIRECTION('',(0.,-1.,0.));
#3868=DIRECTION('',(0.,1.,0.));
#3869=DIRECTION('',(0.848103584521964,0.,0.5298304539388));
#3870=DIRECTION('',(0.5298304539388,0.,-0.848103584521964));
#3871=DIRECTION('',(0.,1.,0.));
#3872=DIRECTION('',(0.,0.,1.));
#3873=DIRECTION('',(0.,1.,0.));
#3874=DIRECTION('',(1.,0.,1.23117105427603E-16));
#3875=DIRECTION('',(1.23117105427603E-16,0.,-1.));
#3876=DIRECTION('',(0.,0.,1.));
#3877=DIRECTION('',(1.,0.,0.));
#3878=DIRECTION('',(0.,-1.,0.));
#3879=DIRECTION('',(0.,1.,0.));
#3880=DIRECTION('',(1.,0.,0.));
#3881=DIRECTION('',(0.,0.,-1.));
#3882=DIRECTION('',(0.,1.,0.));
#3883=DIRECTION('',(0.,1.,0.));
#3884=DIRECTION('',(0.,1.,0.));
#3885=DIRECTION('',(0.,0.,1.));
#3886=DIRECTION('',(0.,1.,0.));
#3887=DIRECTION('',(0.,1.,0.));
#3888=DIRECTION('',(0.,1.,0.));
#3889=DIRECTION('',(0.,0.,1.));
#3890=DIRECTION('',(0.,1.,0.));
#3891=DIRECTION('',(0.,1.,0.));
#3892=DIRECTION('',(1.,0.,1.23117105427603E-16));
#3893=DIRECTION('',(1.23117105427603E-16,0.,-1.));
#3894=DIRECTION('',(0.,1.,0.));
#3895=DIRECTION('',(0.,0.,1.));
#3896=DIRECTION('',(1.,0.,0.));
#3897=DIRECTION('',(0.,1.,0.));
#3898=DIRECTION('',(0.,0.,1.));
#3899=DIRECTION('',(0.,1.,0.));
#3900=DIRECTION('',(0.,1.,0.));
#3901=DIRECTION('',(0.,-1.,0.));
#3902=DIRECTION('',(0.,0.,-1.));
#3903=DIRECTION('',(0.,-1.,0.));
#3904=DIRECTION('',(0.,0.,-1.));
#3905=DIRECTION('',(0.,1.,0.));
#3906=DIRECTION('',(0.,0.,1.));
#3907=DIRECTION('',(0.,-1.,0.));
#3908=DIRECTION('',(0.,0.,-1.));
#3909=DIRECTION('',(0.,1.,0.));
#3910=DIRECTION('',(0.,0.,1.));
#3911=DIRECTION('',(0.,-1.,0.));
#3912=DIRECTION('',(0.,0.,-1.));
#3913=DIRECTION('',(0.,-1.,0.));
#3914=DIRECTION('',(0.,0.,-1.));
#3915=DIRECTION('',(0.,-1.,0.));
#3916=DIRECTION('',(0.,0.,-1.));
#3917=DIRECTION('',(0.,1.,0.));
#3918=DIRECTION('',(1.,0.,0.));
#3919=CARTESIAN_POINT('',(0.,0.,0.));
#3920=CARTESIAN_POINT('',(0.,-103.7,19.));
#3921=CARTESIAN_POINT('',(0.,-86.7,-15.2));
#3922=CARTESIAN_POINT('',(0.,-80.7,-15.2));
#3923=CARTESIAN_POINT('',(0.,-100.7,-15.2));
#3924=CARTESIAN_POINT('',(0.,-80.7,-19.));
#3925=CARTESIAN_POINT('',(0.,-80.7,-19.));
#3926=CARTESIAN_POINT('',(0.,-103.7,-19.));
#3927=CARTESIAN_POINT('',(0.,-109.283156223263,-19.));
#3928=CARTESIAN_POINT('',(0.,-109.283156223263,19.));
#3929=CARTESIAN_POINT('',(0.,-109.283156223263,-13.1));
#3930=CARTESIAN_POINT('',(0.,-103.7,-13.1));
#3931=CARTESIAN_POINT('',(0.,-100.7,-13.1));
#3932=CARTESIAN_POINT('',(0.,-100.7,19.));
#3933=CARTESIAN_POINT('',(34.1374168759793,-141.421295298399,-19.));
#3934=CARTESIAN_POINT('',(34.1374168759793,-141.421295298399,13.1));
#3935=CARTESIAN_POINT('',(32.4374168759793,-141.421295298399,13.1));
#3936=CARTESIAN_POINT('',(34.1374168759793,-141.421295298399,16.5));
#3937=CARTESIAN_POINT('',(35.8374168759793,-141.421295298399,16.5));
#3938=CARTESIAN_POINT('',(34.9910754125647,-106.431707317073,-19.));
#3939=CARTESIAN_POINT('',(34.9910754125647,-106.431707317073,13.1));
#3940=CARTESIAN_POINT('',(33.2910754125647,-106.431707317073,13.1));
#3941=CARTESIAN_POINT('',(34.9910754125647,-106.431707317073,16.5));
#3942=CARTESIAN_POINT('',(36.6910754125647,-106.431707317073,16.5));
#3943=CARTESIAN_POINT('',(5.,-105.7,-19.));
#3944=CARTESIAN_POINT('',(5.,-105.7,13.1));
#3945=CARTESIAN_POINT('',(3.3,-105.7,13.1));
#3946=CARTESIAN_POINT('',(5.,-105.7,16.5));
#3947=CARTESIAN_POINT('',(6.7,-105.7,16.5));
#3948=CARTESIAN_POINT('',(31.6,-85.1,19.));
#3949=CARTESIAN_POINT('',(40.,-93.5,19.));
#3950=CARTESIAN_POINT('',(40.,-93.5,19.));
#3951=CARTESIAN_POINT('',(40.,-93.5,-19.));
#3952=CARTESIAN_POINT('',(31.6,-85.1,-19.));
#3953=CARTESIAN_POINT('',(23.2,-76.7,-19.));
#3954=CARTESIAN_POINT('',(23.2,-76.7,19.));
#3955=CARTESIAN_POINT('',(23.2,-76.7,19.));
#3956=CARTESIAN_POINT('',(31.6,-85.1,19.));
#3957=CARTESIAN_POINT('',(35.5,-89.,-10.5));
#3958=CARTESIAN_POINT('',(31.375,-84.875,-10.5));
#3959=CARTESIAN_POINT('',(35.5,-89.,10.5));
#3960=CARTESIAN_POINT('',(31.375,-84.875,10.5));
#3961=CARTESIAN_POINT('',(34.5,-146.5,19.));
#3962=CARTESIAN_POINT('',(34.5,-146.5,19.));
#3963=CARTESIAN_POINT('',(36.,-146.5,19.));
#3964=CARTESIAN_POINT('',(30.9074991487531,-146.5,19.));
#3965=CARTESIAN_POINT('',(30.9074991487531,-146.5,13.1));
#3966=CARTESIAN_POINT('',(30.9074991487531,-146.5,13.1));
#3967=CARTESIAN_POINT('',(-186.99086381345,-146.5,13.1));
#3968=CARTESIAN_POINT('',(36.,-146.5,13.1));
#3969=CARTESIAN_POINT('',(36.,-146.5,19.));
#3970=CARTESIAN_POINT('',(40.,-120.,19.));
#3971=CARTESIAN_POINT('',(40.,-120.,19.));
#3972=CARTESIAN_POINT('',(40.,-142.5,19.));
#3973=CARTESIAN_POINT('',(40.,-142.5,19.));
#3974=CARTESIAN_POINT('',(40.,-142.5,13.1));
#3975=CARTESIAN_POINT('',(40.,-123.3,13.1));
#3976=CARTESIAN_POINT('',(40.,-100.1,13.1));
#3977=CARTESIAN_POINT('',(40.,-100.1,6.55));
#3978=CARTESIAN_POINT('',(40.,-100.1,-13.1));
#3979=CARTESIAN_POINT('',(40.,-123.3,-13.1));
#3980=CARTESIAN_POINT('',(40.,-142.5,-13.1));
#3981=CARTESIAN_POINT('',(40.,-142.5,19.));
#3982=CARTESIAN_POINT('',(40.,-142.5,-19.));
#3983=CARTESIAN_POINT('',(40.,-120.,-19.));
#3984=CARTESIAN_POINT('',(0.,-103.7,19.));
#3985=CARTESIAN_POINT('',(0.,-103.7,19.));
#3986=CARTESIAN_POINT('',(0.,-80.7,19.));
#3987=CARTESIAN_POINT('',(0.,-109.283156223263,19.));
#3988=CARTESIAN_POINT('',(0.,-80.7,15.2));
#3989=CARTESIAN_POINT('',(0.,-80.7,15.2));
#3990=CARTESIAN_POINT('',(0.,-86.7,15.2));
#3991=CARTESIAN_POINT('',(0.,-100.7,15.2));
#3992=CARTESIAN_POINT('',(0.,-100.7,19.));
#3993=CARTESIAN_POINT('',(0.,-100.7,13.1));
#3994=CARTESIAN_POINT('',(0.,-103.7,13.1));
#3995=CARTESIAN_POINT('',(0.,-109.283156223263,13.1));
#3996=CARTESIAN_POINT('',(0.,-109.283156223263,19.));
#3997=CARTESIAN_POINT('',(14.5,-128.6,19.));
#3998=CARTESIAN_POINT('',(14.5,-128.6,13.1));
#3999=CARTESIAN_POINT('',(27.799328564477,-145.017791814078,13.1));
#4000=CARTESIAN_POINT('',(0.891829415723851,-111.800948037342,13.1));
#4001=CARTESIAN_POINT('',(27.799328564477,-145.017791814078,19.));
#4002=CARTESIAN_POINT('',(27.799328564477,-145.017791814078,19.));
#4003=CARTESIAN_POINT('',(14.5,-128.6,19.));
#4004=CARTESIAN_POINT('',(0.891829415723853,-111.800948037342,19.));
#4005=CARTESIAN_POINT('',(0.891829415723851,-111.800948037342,19.));
#4006=CARTESIAN_POINT('',(4.5,-96.7,19.));
#4007=CARTESIAN_POINT('',(4.5,-96.7,-15.2));
#4008=CARTESIAN_POINT('',(9.,-96.7,-15.2));
#4009=CARTESIAN_POINT('',(4.,-96.7,-15.2));
#4010=CARTESIAN_POINT('',(4.,-96.7,19.));
#4011=CARTESIAN_POINT('',(4.,-96.7,15.2));
#4012=CARTESIAN_POINT('',(4.5,-96.7,15.2));
#4013=CARTESIAN_POINT('',(9.,-96.7,15.2));
#4014=CARTESIAN_POINT('',(9.,-96.7,19.));
#4015=CARTESIAN_POINT('',(18.2,-79.2,19.));
#4016=CARTESIAN_POINT('',(18.2,-81.7,19.));
#4017=CARTESIAN_POINT('',(18.2,-81.7,15.2));
#4018=CARTESIAN_POINT('',(18.2,-81.7,-15.2));
#4019=CARTESIAN_POINT('',(18.2,-79.2,15.2));
#4020=CARTESIAN_POINT('',(18.2,-76.7,15.2));
#4021=CARTESIAN_POINT('',(18.2,-76.7,19.));
#4022=CARTESIAN_POINT('',(18.2,-76.7,-15.2));
#4023=CARTESIAN_POINT('',(18.2,-79.2,-15.2));
#4024=CARTESIAN_POINT('',(13.6,-81.7,19.));
#4025=CARTESIAN_POINT('',(9.,-81.7,19.));
#4026=CARTESIAN_POINT('',(9.,-81.7,15.2));
#4027=CARTESIAN_POINT('',(9.,-81.7,-15.2));
#4028=CARTESIAN_POINT('',(13.6,-81.7,15.2));
#4029=CARTESIAN_POINT('',(13.6,-81.7,-15.2));
#4030=CARTESIAN_POINT('',(9.,-89.2,19.));
#4031=CARTESIAN_POINT('',(9.,-89.,10.5));
#4032=CARTESIAN_POINT('',(9.,-86.75,10.5));
#4033=CARTESIAN_POINT('',(9.,-89.,-10.5));
#4034=CARTESIAN_POINT('',(9.,-86.75,-10.5));
#4035=CARTESIAN_POINT('',(9.,-89.2,15.2));
#4036=CARTESIAN_POINT('',(9.,-89.2,-15.2));
#4037=CARTESIAN_POINT('',(20.7,-76.7,19.));
#4038=CARTESIAN_POINT('',(9.1,-76.7,15.2));
#4039=CARTESIAN_POINT('',(4.,-76.7,15.2));
#4040=CARTESIAN_POINT('',(4.,-76.7,19.));
#4041=CARTESIAN_POINT('',(4.,-76.7,19.));
#4042=CARTESIAN_POINT('',(20.7,-76.7,19.));
#4043=CARTESIAN_POINT('',(20.7,-76.7,-19.));
#4044=CARTESIAN_POINT('',(4.,-76.7,-19.));
#4045=CARTESIAN_POINT('',(4.,-76.7,-15.2));
#4046=CARTESIAN_POINT('',(4.,-76.7,-15.2));
#4047=CARTESIAN_POINT('',(9.1,-76.7,-15.2));
#4048=CARTESIAN_POINT('',(20.,-152.681704595758,19.));
#4049=CARTESIAN_POINT('',(2.4019237886467,-107.2,19.));
#4050=CARTESIAN_POINT('',(1.53589838486226,-105.7,19.));
#4051=CARTESIAN_POINT('',(3.26794919243114,-108.7,19.));
#4052=CARTESIAN_POINT('',(2.4019237886467,-104.2,19.));
#4053=CARTESIAN_POINT('',(3.26794919243114,-102.7,19.));
#4054=CARTESIAN_POINT('',(5.,-102.7,19.));
#4055=CARTESIAN_POINT('',(6.73205080756888,-102.7,19.));
#4056=CARTESIAN_POINT('',(7.59807621135332,-104.2,19.));
#4057=CARTESIAN_POINT('',(8.46410161513776,-105.7,19.));
#4058=CARTESIAN_POINT('',(7.59807621135333,-107.2,19.));
#4059=CARTESIAN_POINT('',(6.73205080756889,-108.7,19.));
#4060=CARTESIAN_POINT('',(5.,-108.7,19.));
#4061=CARTESIAN_POINT('',(37.589151623918,-104.931707317073,19.));
#4062=CARTESIAN_POINT('',(38.4551770277025,-106.431707317073,19.));
#4063=CARTESIAN_POINT('',(36.7231262201335,-103.431707317073,19.));
#4064=CARTESIAN_POINT('',(37.589151623918,-107.931707317073,19.));
#4065=CARTESIAN_POINT('',(36.7231262201335,-109.431707317073,19.));
#4066=CARTESIAN_POINT('',(34.9910754125647,-109.431707317073,19.));
#4067=CARTESIAN_POINT('',(33.2590246049958,-109.431707317073,19.));
#4068=CARTESIAN_POINT('',(32.3929992012114,-107.931707317073,19.));
#4069=CARTESIAN_POINT('',(31.526973797427,-106.431707317073,19.));
#4070=CARTESIAN_POINT('',(32.3929992012115,-104.931707317073,19.));
#4071=CARTESIAN_POINT('',(33.2590246049959,-103.431707317073,19.));
#4072=CARTESIAN_POINT('',(34.9910754125647,-103.431707317073,19.));
#4073=CARTESIAN_POINT('',(31.539340664626,-142.921295298399,19.));
#4074=CARTESIAN_POINT('',(30.6733152608415,-141.421295298399,19.));
#4075=CARTESIAN_POINT('',(32.4053660684104,-144.421295298399,19.));
#4076=CARTESIAN_POINT('',(31.5393406646259,-139.921295298399,19.));
#4077=CARTESIAN_POINT('',(32.4053660684104,-138.421295298399,19.));
#4078=CARTESIAN_POINT('',(34.1374168759793,-138.421295298399,19.));
#4079=CARTESIAN_POINT('',(35.8694676835482,-138.421295298399,19.));
#4080=CARTESIAN_POINT('',(36.7354930873326,-139.921295298399,19.));
#4081=CARTESIAN_POINT('',(37.6015184911171,-141.421295298399,19.));
#4082=CARTESIAN_POINT('',(36.7354930873326,-142.921295298399,19.));
#4083=CARTESIAN_POINT('',(35.8694676835482,-144.421295298399,19.));
#4084=CARTESIAN_POINT('',(34.1374168759793,-144.421295298399,19.));
#4085=CARTESIAN_POINT('',(4.,-80.7,19.));
#4086=CARTESIAN_POINT('',(4.,-109.283156223263,19.));
#4087=CARTESIAN_POINT('',(30.9074991487531,-142.5,19.));
#4088=CARTESIAN_POINT('',(36.,-142.5,19.));
#4089=CARTESIAN_POINT('',(20.,-111.6,15.2));
#4090=CARTESIAN_POINT('',(4.,-80.7,15.2));
#4091=CARTESIAN_POINT('',(4.,-100.7,15.2));
#4092=CARTESIAN_POINT('',(-186.99086381345,-100.1,6.55));
#4093=CARTESIAN_POINT('',(-186.99086381345,-100.1,13.1));
#4094=CARTESIAN_POINT('',(0.0452560133429591,-100.1,13.1));
#4095=CARTESIAN_POINT('',(0.0452560133429687,-100.1,13.1));
#4096=CARTESIAN_POINT('',(0.0452560133429644,-100.1,-13.1));
#4097=CARTESIAN_POINT('',(-186.99086381345,-100.1,-13.1));
#4098=CARTESIAN_POINT('',(-186.99086381345,-123.3,13.1));
#4099=CARTESIAN_POINT('',(30.9074991487531,-142.5,13.1));
#4100=CARTESIAN_POINT('',(4.,-109.283156223263,13.1));
#4101=CARTESIAN_POINT('',(4.,-100.7,13.1));
#4102=CARTESIAN_POINT('',(36.,-142.5,13.1));
#4103=CARTESIAN_POINT('',(34.5,-146.5,-19.));
#4104=CARTESIAN_POINT('',(-186.99086381345,-146.5,-13.1));
#4105=CARTESIAN_POINT('',(30.9074991487531,-146.5,-13.1));
#4106=CARTESIAN_POINT('',(36.,-146.5,-13.1));
#4107=CARTESIAN_POINT('',(30.9074991487531,-146.5,-19.));
#4108=CARTESIAN_POINT('',(30.9074991487531,-146.5,-19.));
#4109=CARTESIAN_POINT('',(34.5,-146.5,-19.));
#4110=CARTESIAN_POINT('',(36.,-146.5,-19.));
#4111=CARTESIAN_POINT('',(36.,-146.5,-19.));
#4112=CARTESIAN_POINT('',(14.5,-128.6,-19.));
#4113=CARTESIAN_POINT('',(14.5,-128.6,-19.));
#4114=CARTESIAN_POINT('',(0.891829415723853,-111.800948037342,-19.));
#4115=CARTESIAN_POINT('',(27.799328564477,-145.017791814078,-19.));
#4116=CARTESIAN_POINT('',(27.799328564477,-145.017791814078,-13.1));
#4117=CARTESIAN_POINT('',(27.799328564477,-145.017791814078,-13.1));
#4118=CARTESIAN_POINT('',(14.5,-128.6,-13.1));
#4119=CARTESIAN_POINT('',(0.891829415723851,-111.800948037342,-13.1));
#4120=CARTESIAN_POINT('',(0.891829415723851,-111.800948037342,-19.));
#4121=CARTESIAN_POINT('',(20.,-152.681704595758,-19.));
#4122=CARTESIAN_POINT('',(5.,-105.7,-19.));
#4123=CARTESIAN_POINT('',(8.25,-105.7,-19.));
#4124=CARTESIAN_POINT('',(34.9910754125647,-106.431707317073,-19.));
#4125=CARTESIAN_POINT('',(38.2410754125647,-106.431707317073,-19.));
#4126=CARTESIAN_POINT('',(34.1374168759793,-141.421295298399,-19.));
#4127=CARTESIAN_POINT('',(37.3874168759793,-141.421295298399,-19.));
#4128=CARTESIAN_POINT('',(4.,-80.7,-19.));
#4129=CARTESIAN_POINT('',(36.,-142.5,-19.));
#4130=CARTESIAN_POINT('',(30.9074991487531,-142.5,-19.));
#4131=CARTESIAN_POINT('',(4.,-109.283156223263,-19.));
#4132=CARTESIAN_POINT('',(20.,-111.6,-15.2));
#4133=CARTESIAN_POINT('',(4.,-80.7,-15.2));
#4134=CARTESIAN_POINT('',(4.,-100.7,-15.2));
#4135=CARTESIAN_POINT('',(-186.99086381345,-123.3,-13.1));
#4136=CARTESIAN_POINT('',(5.,-105.7,-13.1));
#4137=CARTESIAN_POINT('',(6.7,-105.7,-13.1));
#4138=CARTESIAN_POINT('',(34.9910754125647,-106.431707317073,-13.1));
#4139=CARTESIAN_POINT('',(36.6910754125647,-106.431707317073,-13.1));
#4140=CARTESIAN_POINT('',(34.1374168759793,-141.421295298399,-13.1));
#4141=CARTESIAN_POINT('',(35.8374168759793,-141.421295298399,-13.1));
#4142=CARTESIAN_POINT('',(30.9074991487531,-142.5,-13.1));
#4143=CARTESIAN_POINT('',(36.,-142.5,-13.1));
#4144=CARTESIAN_POINT('',(4.,-100.7,-13.1));
#4145=CARTESIAN_POINT('',(4.,-109.283156223263,-13.1));
#4146=CARTESIAN_POINT('',(40.,-89.,-10.5));
#4147=CARTESIAN_POINT('',(21.375,-89.,-10.5));
#4148=CARTESIAN_POINT('',(21.375,-89.,-8.25));
#4149=CARTESIAN_POINT('',(21.375,-84.875,-10.5));
#4150=CARTESIAN_POINT('',(21.375,-89.,-10.5));
#4151=CARTESIAN_POINT('',(21.375,-89.,-6.375));
#4152=CARTESIAN_POINT('',(40.,-89.,-10.5));
#4153=CARTESIAN_POINT('',(40.,-89.,10.5));
#4154=CARTESIAN_POINT('',(21.375,-89.,10.5));
#4155=CARTESIAN_POINT('',(21.375,-89.,12.75));
#4156=CARTESIAN_POINT('',(21.375,-84.875,10.5));
#4157=CARTESIAN_POINT('',(21.375,-89.,10.5));
#4158=CARTESIAN_POINT('',(21.375,-89.,14.625));
#4159=CARTESIAN_POINT('',(40.,-89.,10.5));
#4160=CARTESIAN_POINT('',(34.1374168759793,-141.421295298399,-19.));
#4161=CARTESIAN_POINT('',(34.1374168759793,-141.421295298399,-16.));
#4162=CARTESIAN_POINT('',(37.3874168759793,-141.421295298399,-16.));
#4163=CARTESIAN_POINT('',(37.3874168759794,-141.421295298399,-16.));
#4164=CARTESIAN_POINT('',(34.1374168759793,-141.421295298399,-16.));
#4165=CARTESIAN_POINT('',(35.8374168759793,-141.421295298399,-16.));
#4166=CARTESIAN_POINT('',(34.1374168759793,-141.421295298399,-19.));
#4167=CARTESIAN_POINT('',(34.9910754125647,-106.431707317073,-19.));
#4168=CARTESIAN_POINT('',(34.9910754125647,-106.431707317073,-16.));
#4169=CARTESIAN_POINT('',(38.2410754125647,-106.431707317073,-16.));
#4170=CARTESIAN_POINT('',(38.2410754125647,-106.431707317073,-16.));
#4171=CARTESIAN_POINT('',(34.9910754125647,-106.431707317073,-16.));
#4172=CARTESIAN_POINT('',(36.6910754125647,-106.431707317073,-16.));
#4173=CARTESIAN_POINT('',(34.9910754125647,-106.431707317073,-19.));
#4174=CARTESIAN_POINT('',(5.,-105.7,-19.));
#4175=CARTESIAN_POINT('',(5.,-105.7,-16.));
#4176=CARTESIAN_POINT('',(8.25,-105.7,-16.));
#4177=CARTESIAN_POINT('',(8.25,-105.7,-16.));
#4178=CARTESIAN_POINT('',(5.,-105.7,-16.));
#4179=CARTESIAN_POINT('',(6.7,-105.7,-16.));
#4180=CARTESIAN_POINT('',(5.,-105.7,-19.));
#4181=CARTESIAN_POINT('',(2.4019237886467,-107.2,16.5));
#4182=CARTESIAN_POINT('',(3.26794919243114,-108.7,16.5));
#4183=CARTESIAN_POINT('',(3.26794919243114,-108.7,16.5));
#4184=CARTESIAN_POINT('',(2.4019237886467,-107.2,16.5));
#4185=CARTESIAN_POINT('',(1.53589838486226,-105.7,16.5));
#4186=CARTESIAN_POINT('',(1.53589838486226,-105.7,16.5));
#4187=CARTESIAN_POINT('',(5.,-108.7,16.5));
#4188=CARTESIAN_POINT('',(6.73205080756889,-108.7,16.5));
#4189=CARTESIAN_POINT('',(6.73205080756889,-108.7,16.5));
#4190=CARTESIAN_POINT('',(5.,-108.7,16.5));
#4191=CARTESIAN_POINT('',(7.59807621135333,-107.2,16.5));
#4192=CARTESIAN_POINT('',(8.46410161513776,-105.7,16.5));
#4193=CARTESIAN_POINT('',(8.46410161513776,-105.7,16.5));
#4194=CARTESIAN_POINT('',(7.59807621135333,-107.2,16.5));
#4195=CARTESIAN_POINT('',(7.59807621135332,-104.2,16.5));
#4196=CARTESIAN_POINT('',(6.73205080756888,-102.7,16.5));
#4197=CARTESIAN_POINT('',(6.73205080756888,-102.7,16.5));
#4198=CARTESIAN_POINT('',(7.59807621135332,-104.2,16.5));
#4199=CARTESIAN_POINT('',(5.,-102.7,16.5));
#4200=CARTESIAN_POINT('',(3.26794919243114,-102.7,16.5));
#4201=CARTESIAN_POINT('',(3.26794919243114,-102.7,16.5));
#4202=CARTESIAN_POINT('',(5.,-102.7,16.5));
#4203=CARTESIAN_POINT('',(2.4019237886467,-104.2,16.5));
#4204=CARTESIAN_POINT('',(2.4019237886467,-104.2,16.5));
#4205=CARTESIAN_POINT('',(20.,-111.6,16.5));
#4206=CARTESIAN_POINT('',(37.589151623918,-104.931707317073,16.5));
#4207=CARTESIAN_POINT('',(36.7231262201335,-103.431707317073,16.5));
#4208=CARTESIAN_POINT('',(36.7231262201335,-103.431707317073,16.5));
#4209=CARTESIAN_POINT('',(37.589151623918,-104.931707317073,16.5));
#4210=CARTESIAN_POINT('',(38.4551770277025,-106.431707317073,16.5));
#4211=CARTESIAN_POINT('',(38.4551770277025,-106.431707317073,16.5));
#4212=CARTESIAN_POINT('',(34.9910754125647,-103.431707317073,16.5));
#4213=CARTESIAN_POINT('',(33.2590246049959,-103.431707317073,16.5));
#4214=CARTESIAN_POINT('',(33.2590246049959,-103.431707317073,16.5));
#4215=CARTESIAN_POINT('',(34.9910754125647,-103.431707317073,16.5));
#4216=CARTESIAN_POINT('',(32.3929992012115,-104.931707317073,16.5));
#4217=CARTESIAN_POINT('',(31.526973797427,-106.431707317073,16.5));
#4218=CARTESIAN_POINT('',(31.526973797427,-106.431707317073,16.5));
#4219=CARTESIAN_POINT('',(32.3929992012115,-104.931707317073,16.5));
#4220=CARTESIAN_POINT('',(32.3929992012114,-107.931707317073,16.5));
#4221=CARTESIAN_POINT('',(33.2590246049958,-109.431707317073,16.5));
#4222=CARTESIAN_POINT('',(33.2590246049958,-109.431707317073,16.5));
#4223=CARTESIAN_POINT('',(32.3929992012114,-107.931707317073,16.5));
#4224=CARTESIAN_POINT('',(34.9910754125647,-109.431707317073,16.5));
#4225=CARTESIAN_POINT('',(36.7231262201335,-109.431707317073,16.5));
#4226=CARTESIAN_POINT('',(36.7231262201335,-109.431707317073,16.5));
#4227=CARTESIAN_POINT('',(34.9910754125647,-109.431707317073,16.5));
#4228=CARTESIAN_POINT('',(37.589151623918,-107.931707317073,16.5));
#4229=CARTESIAN_POINT('',(37.589151623918,-107.931707317073,16.5));
#4230=CARTESIAN_POINT('',(20.,-111.6,16.5));
#4231=CARTESIAN_POINT('',(31.539340664626,-142.921295298399,16.5));
#4232=CARTESIAN_POINT('',(32.4053660684104,-144.421295298399,16.5));
#4233=CARTESIAN_POINT('',(32.4053660684104,-144.421295298399,16.5));
#4234=CARTESIAN_POINT('',(31.539340664626,-142.921295298399,16.5));
#4235=CARTESIAN_POINT('',(30.6733152608415,-141.421295298399,16.5));
#4236=CARTESIAN_POINT('',(30.6733152608415,-141.421295298399,16.5));
#4237=CARTESIAN_POINT('',(34.1374168759793,-144.421295298399,16.5));
#4238=CARTESIAN_POINT('',(35.8694676835482,-144.421295298399,16.5));
#4239=CARTESIAN_POINT('',(35.8694676835482,-144.421295298399,16.5));
#4240=CARTESIAN_POINT('',(34.1374168759793,-144.421295298399,16.5));
#4241=CARTESIAN_POINT('',(36.7354930873326,-142.921295298399,16.5));
#4242=CARTESIAN_POINT('',(37.6015184911171,-141.421295298399,16.5));
#4243=CARTESIAN_POINT('',(37.6015184911171,-141.421295298399,16.5));
#4244=CARTESIAN_POINT('',(36.7354930873326,-142.921295298399,16.5));
#4245=CARTESIAN_POINT('',(36.7354930873326,-139.921295298399,16.5));
#4246=CARTESIAN_POINT('',(35.8694676835482,-138.421295298399,16.5));
#4247=CARTESIAN_POINT('',(35.8694676835482,-138.421295298399,16.5));
#4248=CARTESIAN_POINT('',(36.7354930873326,-139.921295298399,16.5));
#4249=CARTESIAN_POINT('',(34.1374168759793,-138.421295298399,16.5));
#4250=CARTESIAN_POINT('',(32.4053660684104,-138.421295298399,16.5));
#4251=CARTESIAN_POINT('',(32.4053660684104,-138.421295298399,16.5));
#4252=CARTESIAN_POINT('',(34.1374168759793,-138.421295298399,16.5));
#4253=CARTESIAN_POINT('',(31.5393406646259,-139.921295298399,16.5));
#4254=CARTESIAN_POINT('',(31.5393406646259,-139.921295298399,16.5));
#4255=CARTESIAN_POINT('',(20.,-111.6,16.5));
#4256=CARTESIAN_POINT('',(4.,-80.7,19.));
#4257=CARTESIAN_POINT('',(4.,-80.7,19.));
#4258=CARTESIAN_POINT('',(30.9074991487531,-142.5,19.));
#4259=CARTESIAN_POINT('',(36.,-142.5,19.));
#4260=CARTESIAN_POINT('',(30.9074991487531,-142.5,-19.));
#4261=CARTESIAN_POINT('',(36.,-142.5,-19.));
#4262=CARTESIAN_POINT('',(4.,-109.283156223263,19.));
#4263=CARTESIAN_POINT('',(4.,-100.7,19.));
#4264=CARTESIAN_POINT('',(4.,-109.283156223263,19.));
#4265=CARTESIAN_POINT('',(-34.8102594539523,83.9033346235752,-28.7189371883869));
#4266=CARTESIAN_POINT('',(26.5,-25.8,-15.));
#4267=CARTESIAN_POINT('',(1.8,-25.8,-15.));
#4268=CARTESIAN_POINT('',(1.8,0.,-15.));
#4269=CARTESIAN_POINT('',(1.8,-25.8,-15.));
#4270=CARTESIAN_POINT('',(26.5,0.,-15.));
#4271=CARTESIAN_POINT('',(32.8222607183558,0.,-15.));
#4272=CARTESIAN_POINT('',(32.8222607183557,-25.8,-15.));
#4273=CARTESIAN_POINT('',(32.8222607183558,-25.8,-15.));
#4274=CARTESIAN_POINT('',(26.5,-25.8,-15.));
#4275=CARTESIAN_POINT('',(17.399,-25.8,-64.8895));
#4276=CARTESIAN_POINT('',(35.,-25.8,-40.));
#4277=CARTESIAN_POINT('',(35.,-25.8,-42.));
#4278=CARTESIAN_POINT('',(5.,-25.8,-5.));
#4279=CARTESIAN_POINT('',(5.,-25.8,-7.));
#4280=CARTESIAN_POINT('',(35.,-25.8,-5.));
#4281=CARTESIAN_POINT('',(35.,-25.8,-7.));
#4282=CARTESIAN_POINT('',(-259.607352680761,-25.8,15.3466836284067));
#4283=CARTESIAN_POINT('',(33.0229012699721,-25.8,-13.));
#4284=CARTESIAN_POINT('',(33.298,-25.8,-10.));
#4285=CARTESIAN_POINT('',(26.5,-25.8,-13.));
#4286=CARTESIAN_POINT('',(1.8,-25.8,-13.));
#4287=CARTESIAN_POINT('',(1.8,-25.8,-64.5988589161797));
#4288=CARTESIAN_POINT('',(1.8,-25.8,-10.));
#4289=CARTESIAN_POINT('',(17.549,-25.8,-10.));
#4290=CARTESIAN_POINT('',(-259.607352680761,-25.8,15.3466836284067));
#4291=CARTESIAN_POINT('',(32.3512010948828,-25.8,-19.2394823521422));
#4292=CARTESIAN_POINT('',(26.283556373665,-25.8,-18.7847921449525));
#4293=CARTESIAN_POINT('',(1.8,-25.8,-16.95007145319));
#4294=CARTESIAN_POINT('',(1.8,-25.8,-64.5988589161797));
#4295=CARTESIAN_POINT('',(26.1341017117275,-25.8,-20.7792001533663));
#4296=CARTESIAN_POINT('',(32.1088974657766,-25.8,-21.2269325510501));
#4297=CARTESIAN_POINT('',(1.8,-25.8,-18.9556791237997));
#4298=CARTESIAN_POINT('',(-259.607352680761,-25.8,15.3466836284067));
#4299=CARTESIAN_POINT('',(31.5512878280308,-25.8,-25.4288734747362));
#4300=CARTESIAN_POINT('',(25.6354358455975,-25.8,-24.5372357809025));
#4301=CARTESIAN_POINT('',(1.8,-25.8,-20.9447569440422));
#4302=CARTESIAN_POINT('',(1.8,-25.8,-64.5988589161797));
#4303=CARTESIAN_POINT('',(25.3373622709346,-25.8,-26.5148990849277));
#4304=CARTESIAN_POINT('',(31.2671604822964,-25.8,-27.4086387555243));
#4305=CARTESIAN_POINT('',(1.8,-25.8,-22.9673459215789));
#4306=CARTESIAN_POINT('',(-259.607352680761,-25.8,15.3466836284067));
#4307=CARTESIAN_POINT('',(30.6188381228154,-25.8,-31.6081688540109));
#4308=CARTESIAN_POINT('',(24.5592627003372,-25.8,-30.2251632914379));
#4309=CARTESIAN_POINT('',(1.8,-25.8,-25.0307091061062));
#4310=CARTESIAN_POINT('',(1.8,-25.8,-64.5988589161797));
#4311=CARTESIAN_POINT('',(24.1142370378704,-25.8,-32.175022814518));
#4312=CARTESIAN_POINT('',(30.2920919576441,-25.8,-33.5850238662618));
#4313=CARTESIAN_POINT('',(1.8,-25.8,-27.0821389412573));
#4314=CARTESIAN_POINT('',(-259.607352680761,-25.8,15.3466836284067));
#4315=CARTESIAN_POINT('',(29.54593161499,-25.8,-37.8170086905074));
#4316=CARTESIAN_POINT('',(23.0610548890576,-25.8,-35.8167678337769));
#4317=CARTESIAN_POINT('',(1.8,-25.8,-29.2588589569249));
#4318=CARTESIAN_POINT('',(1.8,-25.8,-64.5988589161797));
#4319=CARTESIAN_POINT('',(22.4715657185472,-25.8,-37.7279199778645));
#4320=CARTESIAN_POINT('',(29.175137635157,-25.8,-39.7956167129488));
#4321=CARTESIAN_POINT('',(1.8,-25.8,-31.3518372749381));
#4322=CARTESIAN_POINT('',(-259.607352680761,-25.8,15.3466836284067));
#4323=CARTESIAN_POINT('',(28.3208443086454,-25.8,-44.0953333160841));
#4324=CARTESIAN_POINT('',(21.1491903772339,-25.8,-41.2807812023653));
#4325=CARTESIAN_POINT('',(1.8,-25.8,-33.6870928850219));
#4326=CARTESIAN_POINT('',(1.8,-25.8,-64.5988589161797));
#4327=CARTESIAN_POINT('',(20.4185341171614,-25.8,-43.142538820751));
#4328=CARTESIAN_POINT('',(27.9039264266058,-25.8,-46.080219158934));
#4329=CARTESIAN_POINT('',(1.8,-25.8,-35.8356002742214));
#4330=CARTESIAN_POINT('',(-259.607352680761,-25.8,15.3466836284067));
#4331=CARTESIAN_POINT('',(26.9276697342962,-25.8,-50.4840153622788));
#4332=CARTESIAN_POINT('',(18.83436029513,-25.8,-46.5866486804194));
#4333=CARTESIAN_POINT('',(1.8,-25.8,-38.3836819262078));
#4334=CARTESIAN_POINT('',(1.8,-25.8,-64.5988589161797));
#4335=CARTESIAN_POINT('',(17.9666227691541,-25.8,-48.3886008401655));
#4336=CARTESIAN_POINT('',(26.461878816301,-25.8,-52.4795265759081));
#4337=CARTESIAN_POINT('',(1.8,-25.8,-40.6034966856428));
#4338=CARTESIAN_POINT('',(-259.607352680761,-25.8,15.3466836284067));
#4339=CARTESIAN_POINT('',(25.345753049341,-25.8,-57.0254624968041));
#4340=CARTESIAN_POINT('',(16.1295091530885,-25.8,-51.7046999016444));
#4341=CARTESIAN_POINT('',(1.8,-25.8,-43.4319244448495));
#4342=CARTESIAN_POINT('',(1.8,-25.8,-64.5988589161797));
#4343=CARTESIAN_POINT('',(15.1295427421536,-25.8,-53.4367701014348));
#4344=CARTESIAN_POINT('',(24.8276296241351,-25.8,-59.035712415368));
#4345=CARTESIAN_POINT('',(1.8,-25.8,-45.7412996656021));
#4346=CARTESIAN_POINT('',(-259.607352680761,-25.8,15.3466836284067));
#4347=CARTESIAN_POINT('',(23.5489151977659,-25.8,-63.764175051698));
#4348=CARTESIAN_POINT('',(13.0497624559377,-25.8,-56.6063147666734));
#4349=CARTESIAN_POINT('',(1.8,-25.8,-48.9367218119473));
#4350=CARTESIAN_POINT('',(1.8,-25.8,-64.5988589161797));
#4351=CARTESIAN_POINT('',(11.9231589638002,-25.8,-58.2588172845243));
#4352=CARTESIAN_POINT('',(22.9742430125566,-25.8,-65.7929600448181));
#4353=CARTESIAN_POINT('',(1.8,-25.8,-51.3572930103513));
#4354=CARTESIAN_POINT('',(-259.607352680761,-25.8,15.3466836284067));
#4355=CARTESIAN_POINT('',(21.5044372116649,-25.8,-70.7472277909041));
#4356=CARTESIAN_POINT('',(9.61234212129559,-25.8,-61.2640834864225));
#4357=CARTESIAN_POINT('',(1.8,-25.8,-55.0342671984395));
#4358=CARTESIAN_POINT('',(1.8,-25.8,-64.5988589161797));
#4359=CARTESIAN_POINT('',(8.36540150520448,-25.8,-62.827777542158));
#4360=CARTESIAN_POINT('',(20.8681911481476,-25.8,-72.7979095913565));
#4361=CARTESIAN_POINT('',(1.8,-25.8,-57.5923123514082));
#4362=CARTESIAN_POINT('',(-259.607352680761,-25.8,15.3466836284067));
#4363=CARTESIAN_POINT('',(19.1715114594456,-25.8,-78.0253941502086));
#4364=CARTESIAN_POINT('',(17.9939723737008,-25.8,-76.9328412574766));
#4365=CARTESIAN_POINT('',(1.8,-25.8,-61.9076318390412));
#4366=CARTESIAN_POINT('',(1.8,-25.8,-64.5988589161797));
#4367=CARTESIAN_POINT('',(17.1777826348266,-25.8,-77.812519784074));
#4368=CARTESIAN_POINT('',(18.7508573401878,-25.8,-79.2720614168163));
#4369=CARTESIAN_POINT('',(1.8,-25.8,-63.5445934749811));
#4370=CARTESIAN_POINT('',(-259.607352680761,-25.8,15.3466836284067));
#4371=CARTESIAN_POINT('',(16.6852677870344,-25.8,-85.1440516412605));
#4372=CARTESIAN_POINT('',(13.3528154585701,-25.8,-81.6147185216309));
#4373=CARTESIAN_POINT('',(1.8,-25.8,-69.3793644328028));
#4374=CARTESIAN_POINT('',(1.8,-25.8,-64.5988589161797));
#4375=CARTESIAN_POINT('',(12.4803001255169,-25.8,-82.4385613425542));
#4376=CARTESIAN_POINT('',(16.2239707174278,-25.8,-86.4034074398736));
#4377=CARTESIAN_POINT('',(1.8,-25.8,-71.127270663734));
#4378=CARTESIAN_POINT('',(-259.607352680761,-25.8,15.3466836284067));
#4379=CARTESIAN_POINT('',(13.8664139049821,-25.8,-92.5796754754101));
#4380=CARTESIAN_POINT('',(8.4125282005042,-25.8,-85.9797928663886));
#4381=CARTESIAN_POINT('',(1.8,-25.8,-77.9778081830024));
#4382=CARTESIAN_POINT('',(1.8,-25.8,-64.5988589161797));
#4383=CARTESIAN_POINT('',(7.48749858904675,-25.8,-86.7442012768126));
#4384=CARTESIAN_POINT('',(13.360943276105,-25.8,-93.8518026358469));
#4385=CARTESIAN_POINT('',(1.8,-25.8,-79.8616179113666));
#4386=CARTESIAN_POINT('',(-259.607352680761,-25.8,15.3466836284067));
#4387=CARTESIAN_POINT('',(10.6622199900773,-25.8,-100.370031189816));
#4388=CARTESIAN_POINT('',(3.19469073001269,-25.8,-90.0089968025285));
#4389=CARTESIAN_POINT('',(1.8,-25.8,-88.0738937570578));
#4390=CARTESIAN_POINT('',(1.8,-25.8,-64.5988589161797));
#4391=CARTESIAN_POINT('',(2.2211875484535,-25.8,-90.710631718631));
#4392=CARTESIAN_POINT('',(10.108701368704,-25.8,-101.654385546134));
#4393=CARTESIAN_POINT('',(1.8,-25.8,-90.1262431583662));
#4394=CARTESIAN_POINT('',(-259.607352680761,-25.8,15.3466836284067));
#4395=CARTESIAN_POINT('',(7.01034009527907,-25.8,-108.552492715832));
#4396=CARTESIAN_POINT('',(-2.27790442937117,-25.8,-93.6847299877528));
#4397=CARTESIAN_POINT('',(1.8,-25.8,-100.212262216557));
#4398=CARTESIAN_POINT('',(1.8,-25.8,-64.5988589161797));
#4399=CARTESIAN_POINT('',(-3.29562873079751,-25.8,-94.3205265324794));
#4400=CARTESIAN_POINT('',(6.40459297764167,-25.8,-109.847744230946));
#4401=CARTESIAN_POINT('',(1.8,-25.8,-102.477137689606));
#4402=CARTESIAN_POINT('',(-259.607352680761,-25.8,15.3466836284067));
#4403=CARTESIAN_POINT('',(1.8,-25.8,-119.197717832359));
#4404=CARTESIAN_POINT('',(1.8,-25.8,-64.5988589161797));
#4405=CARTESIAN_POINT('',(0.,-25.8,-62.8895));
#4406=CARTESIAN_POINT('',(0.,-25.8,-3.));
#4407=CARTESIAN_POINT('',(0.,-25.8,-122.364670387865));
#4408=CARTESIAN_POINT('',(0.999999999999945,-25.8,-122.364670387865));
#4409=CARTESIAN_POINT('',(1.8457057939702,-25.8,-122.898319814029));
#4410=CARTESIAN_POINT('',(-207.427575747142,-25.8,9.15536528795615));
#4411=CARTESIAN_POINT('',(33.5273502685367,-25.8,-47.184724743732));
#4412=CARTESIAN_POINT('',(36.4485589701419,-25.8,-47.8677618742495));
#4413=CARTESIAN_POINT('',(35.9053493563394,-25.8,-44.9173511714028));
#4414=CARTESIAN_POINT('',(35.0000000000017,-25.8,-39.9999999999916));
#4415=CARTESIAN_POINT('',(37.749214416834,-25.8,-35.8236594858234));
#4416=CARTESIAN_POINT('',(39.3987430669338,-25.8,-33.3178551773217));
#4417=CARTESIAN_POINT('',(36.4421963300392,-25.8,-32.8091004303588));
#4418=CARTESIAN_POINT('',(-207.427575747145,-25.8,9.15536528795649));
#4419=CARTESIAN_POINT('',(39.7203160858276,-25.8,-3.1491736517458));
#4420=CARTESIAN_POINT('',(36.7240271775905,-25.8,-3.));
#4421=CARTESIAN_POINT('',(36.7240271775905,-25.8,0.));
#4422=CARTESIAN_POINT('',(19.9285,-25.8,0.));
#4423=CARTESIAN_POINT('',(3.,-25.8,0.));
#4424=CARTESIAN_POINT('',(3.,-25.8,-3.));
#4425=CARTESIAN_POINT('',(17.399,0.,-64.8895));
#4426=CARTESIAN_POINT('',(35.,0.,-40.));
#4427=CARTESIAN_POINT('',(35.,0.,-42.));
#4428=CARTESIAN_POINT('',(5.,0.,-5.));
#4429=CARTESIAN_POINT('',(5.,0.,-7.));
#4430=CARTESIAN_POINT('',(35.,0.,-5.));
#4431=CARTESIAN_POINT('',(35.,0.,-7.));
#4432=CARTESIAN_POINT('',(26.5,0.,-13.));
#4433=CARTESIAN_POINT('',(1.8,0.,-13.));
#4434=CARTESIAN_POINT('',(33.0229012699721,0.,-13.));
#4435=CARTESIAN_POINT('',(-259.607352680761,0.,15.3466836284067));
#4436=CARTESIAN_POINT('',(33.298,0.,-10.));
#4437=CARTESIAN_POINT('',(17.549,0.,-10.));
#4438=CARTESIAN_POINT('',(1.8,0.,-10.));
#4439=CARTESIAN_POINT('',(1.8,0.,-64.5988589161797));
#4440=CARTESIAN_POINT('',(-259.607352680761,0.,15.3466836284067));
#4441=CARTESIAN_POINT('',(32.3512010948828,0.,-19.2394823521422));
#4442=CARTESIAN_POINT('',(1.8,0.,-64.5988589161797));
#4443=CARTESIAN_POINT('',(1.8,0.,-16.95007145319));
#4444=CARTESIAN_POINT('',(26.283556373665,0.,-18.7847921449525));
#4445=CARTESIAN_POINT('',(-259.607352680761,0.,15.3466836284067));
#4446=CARTESIAN_POINT('',(31.5512878280308,0.,-25.4288734747362));
#4447=CARTESIAN_POINT('',(32.1088974657766,0.,-21.2269325510501));
#4448=CARTESIAN_POINT('',(26.1341017117275,0.,-20.7792001533663));
#4449=CARTESIAN_POINT('',(1.8,0.,-18.9556791237997));
#4450=CARTESIAN_POINT('',(1.8,0.,-64.5988589161797));
#4451=CARTESIAN_POINT('',(1.8,0.,-20.9447569440421));
#4452=CARTESIAN_POINT('',(25.6354358455975,0.,-24.5372357809025));
#4453=CARTESIAN_POINT('',(-259.607352680761,0.,15.3466836284067));
#4454=CARTESIAN_POINT('',(30.6188381228154,0.,-31.6081688540109));
#4455=CARTESIAN_POINT('',(31.2671604822964,0.,-27.4086387555243));
#4456=CARTESIAN_POINT('',(25.3373622709346,0.,-26.5148990849277));
#4457=CARTESIAN_POINT('',(1.8,0.,-22.9673459215789));
#4458=CARTESIAN_POINT('',(1.8,0.,-64.5988589161797));
#4459=CARTESIAN_POINT('',(1.8,0.,-25.0307091061062));
#4460=CARTESIAN_POINT('',(24.5592627003372,0.,-30.2251632914379));
#4461=CARTESIAN_POINT('',(-259.607352680761,0.,15.3466836284067));
#4462=CARTESIAN_POINT('',(29.54593161499,0.,-37.8170086905074));
#4463=CARTESIAN_POINT('',(30.2920919576441,0.,-33.5850238662619));
#4464=CARTESIAN_POINT('',(24.1142370378704,0.,-32.175022814518));
#4465=CARTESIAN_POINT('',(1.8,0.,-27.0821389412573));
#4466=CARTESIAN_POINT('',(1.8,0.,-64.5988589161797));
#4467=CARTESIAN_POINT('',(1.8,0.,-29.2588589569249));
#4468=CARTESIAN_POINT('',(23.0610548890576,0.,-35.8167678337769));
#4469=CARTESIAN_POINT('',(-259.607352680761,0.,15.3466836284067));
#4470=CARTESIAN_POINT('',(28.3208443086454,0.,-44.0953333160841));
#4471=CARTESIAN_POINT('',(29.175137635157,0.,-39.7956167129488));
#4472=CARTESIAN_POINT('',(22.4715657185472,0.,-37.7279199778645));
#4473=CARTESIAN_POINT('',(1.8,0.,-31.3518372749381));
#4474=CARTESIAN_POINT('',(1.8,0.,-64.5988589161797));
#4475=CARTESIAN_POINT('',(1.8,0.,-33.6870928850219));
#4476=CARTESIAN_POINT('',(21.1491903772339,0.,-41.2807812023653));
#4477=CARTESIAN_POINT('',(-259.607352680761,0.,15.3466836284067));
#4478=CARTESIAN_POINT('',(26.9276697342962,0.,-50.4840153622788));
#4479=CARTESIAN_POINT('',(27.9039264266057,0.,-46.080219158934));
#4480=CARTESIAN_POINT('',(20.4185341171614,0.,-43.142538820751));
#4481=CARTESIAN_POINT('',(1.8,0.,-35.8356002742214));
#4482=CARTESIAN_POINT('',(1.8,0.,-64.5988589161797));
#4483=CARTESIAN_POINT('',(1.8,0.,-38.3836819262078));
#4484=CARTESIAN_POINT('',(18.83436029513,0.,-46.5866486804194));
#4485=CARTESIAN_POINT('',(-259.607352680761,0.,15.3466836284067));
#4486=CARTESIAN_POINT('',(25.345753049341,0.,-57.0254624968041));
#4487=CARTESIAN_POINT('',(26.461878816301,0.,-52.4795265759082));
#4488=CARTESIAN_POINT('',(17.9666227691541,0.,-48.3886008401655));
#4489=CARTESIAN_POINT('',(1.8,0.,-40.6034966856428));
#4490=CARTESIAN_POINT('',(1.8,0.,-64.5988589161797));
#4491=CARTESIAN_POINT('',(1.8,0.,-43.4319244448495));
#4492=CARTESIAN_POINT('',(16.1295091530885,0.,-51.7046999016444));
#4493=CARTESIAN_POINT('',(-259.607352680761,0.,15.3466836284067));
#4494=CARTESIAN_POINT('',(23.5489151977659,0.,-63.764175051698));
#4495=CARTESIAN_POINT('',(24.8276296241351,0.,-59.035712415368));
#4496=CARTESIAN_POINT('',(15.1295427421536,0.,-53.4367701014348));
#4497=CARTESIAN_POINT('',(1.8,0.,-45.7412996656021));
#4498=CARTESIAN_POINT('',(1.8,0.,-64.5988589161797));
#4499=CARTESIAN_POINT('',(1.8,0.,-48.9367218119473));
#4500=CARTESIAN_POINT('',(13.0497624559377,0.,-56.6063147666734));
#4501=CARTESIAN_POINT('',(-259.607352680761,0.,15.3466836284067));
#4502=CARTESIAN_POINT('',(21.5044372116649,0.,-70.7472277909041));
#4503=CARTESIAN_POINT('',(22.9742430125567,0.,-65.7929600448181));
#4504=CARTESIAN_POINT('',(11.9231589638002,0.,-58.2588172845243));
#4505=CARTESIAN_POINT('',(1.8,0.,-51.3572930103513));
#4506=CARTESIAN_POINT('',(1.8,0.,-64.5988589161797));
#4507=CARTESIAN_POINT('',(1.8,0.,-55.0342671984395));
#4508=CARTESIAN_POINT('',(9.61234212129559,0.,-61.2640834864225));
#4509=CARTESIAN_POINT('',(-259.607352680761,0.,15.3466836284067));
#4510=CARTESIAN_POINT('',(19.1715114594456,0.,-78.0253941502086));
#4511=CARTESIAN_POINT('',(20.8681911481476,0.,-72.7979095913565));
#4512=CARTESIAN_POINT('',(8.36540150520448,0.,-62.827777542158));
#4513=CARTESIAN_POINT('',(1.8,0.,-57.5923123514082));
#4514=CARTESIAN_POINT('',(1.8,0.,-64.5988589161797));
#4515=CARTESIAN_POINT('',(1.8,0.,-61.9076318390412));
#4516=CARTESIAN_POINT('',(17.9939723737008,0.,-76.9328412574766));
#4517=CARTESIAN_POINT('',(-259.607352680761,0.,15.3466836284067));
#4518=CARTESIAN_POINT('',(16.6852677870344,0.,-85.1440516412605));
#4519=CARTESIAN_POINT('',(18.7508573401878,0.,-79.2720614168163));
#4520=CARTESIAN_POINT('',(17.1777826348266,0.,-77.812519784074));
#4521=CARTESIAN_POINT('',(1.8,0.,-63.5445934749811));
#4522=CARTESIAN_POINT('',(1.8,0.,-64.5988589161797));
#4523=CARTESIAN_POINT('',(1.8,0.,-69.3793644328028));
#4524=CARTESIAN_POINT('',(13.3528154585701,0.,-81.6147185216309));
#4525=CARTESIAN_POINT('',(-259.607352680761,0.,15.3466836284067));
#4526=CARTESIAN_POINT('',(13.8664139049821,0.,-92.5796754754101));
#4527=CARTESIAN_POINT('',(16.2239707174278,0.,-86.4034074398736));
#4528=CARTESIAN_POINT('',(12.4803001255169,0.,-82.4385613425542));
#4529=CARTESIAN_POINT('',(1.8,0.,-71.127270663734));
#4530=CARTESIAN_POINT('',(1.8,0.,-64.5988589161797));
#4531=CARTESIAN_POINT('',(1.8,0.,-77.9778081830024));
#4532=CARTESIAN_POINT('',(8.4125282005042,0.,-85.9797928663886));
#4533=CARTESIAN_POINT('',(-259.607352680761,0.,15.3466836284067));
#4534=CARTESIAN_POINT('',(10.6622199900773,0.,-100.370031189816));
#4535=CARTESIAN_POINT('',(13.360943276105,0.,-93.8518026358468));
#4536=CARTESIAN_POINT('',(7.48749858904675,0.,-86.7442012768126));
#4537=CARTESIAN_POINT('',(1.8,0.,-79.8616179113666));
#4538=CARTESIAN_POINT('',(1.8,0.,-64.5988589161797));
#4539=CARTESIAN_POINT('',(1.8,0.,-88.0738937570578));
#4540=CARTESIAN_POINT('',(3.19469073001269,0.,-90.0089968025285));
#4541=CARTESIAN_POINT('',(-259.607352680761,0.,15.3466836284067));
#4542=CARTESIAN_POINT('',(7.01034009527907,0.,-108.552492715832));
#4543=CARTESIAN_POINT('',(10.108701368704,0.,-101.654385546134));
#4544=CARTESIAN_POINT('',(2.2211875484535,0.,-90.710631718631));
#4545=CARTESIAN_POINT('',(1.8,0.,-90.1262431583662));
#4546=CARTESIAN_POINT('',(1.8,0.,-64.5988589161797));
#4547=CARTESIAN_POINT('',(1.8,0.,-100.212262216557));
#4548=CARTESIAN_POINT('',(-2.27790442937117,0.,-93.6847299877528));
#4549=CARTESIAN_POINT('',(-259.607352680761,0.,15.3466836284067));
#4550=CARTESIAN_POINT('',(1.8,0.,-119.197717832359));
#4551=CARTESIAN_POINT('',(6.40459297764168,0.,-109.847744230946));
#4552=CARTESIAN_POINT('',(-3.29562873079751,0.,-94.3205265324794));
#4553=CARTESIAN_POINT('',(1.8,0.,-102.477137689606));
#4554=CARTESIAN_POINT('',(1.8,0.,-64.5988589161797));
#4555=CARTESIAN_POINT('',(-207.427575747142,0.,9.15536528795615));
#4556=CARTESIAN_POINT('',(1.8457057939702,0.,-122.898319814029));
#4557=CARTESIAN_POINT('',(33.5273502685367,0.,-47.184724743732));
#4558=CARTESIAN_POINT('',(0.999999999999945,0.,-122.364670387865));
#4559=CARTESIAN_POINT('',(0.,0.,-122.364670387865));
#4560=CARTESIAN_POINT('',(0.,0.,-62.8895));
#4561=CARTESIAN_POINT('',(0.,0.,-3.));
#4562=CARTESIAN_POINT('',(3.,0.,-3.));
#4563=CARTESIAN_POINT('',(3.,0.,0.));
#4564=CARTESIAN_POINT('',(19.9285,0.,0.));
#4565=CARTESIAN_POINT('',(36.7240271775905,0.,0.));
#4566=CARTESIAN_POINT('',(36.7240271775905,0.,-3.));
#4567=CARTESIAN_POINT('',(39.7203160858276,0.,-3.1491736517458));
#4568=CARTESIAN_POINT('',(-207.427575747145,0.,9.15536528795649));
#4569=CARTESIAN_POINT('',(36.4421963300392,0.,-32.8091004303588));
#4570=CARTESIAN_POINT('',(39.3987430669338,0.,-33.3178551773217));
#4571=CARTESIAN_POINT('',(37.749214416834,0.,-35.8236594858234));
#4572=CARTESIAN_POINT('',(35.0000000000017,0.,-39.9999999999916));
#4573=CARTESIAN_POINT('',(35.9053493563394,0.,-44.9173511714028));
#4574=CARTESIAN_POINT('',(36.4485589701419,0.,-47.8677618742495));
#4575=CARTESIAN_POINT('',(26.5,-25.8,-13.));
#4576=CARTESIAN_POINT('',(1.8,-25.8,-13.));
#4577=CARTESIAN_POINT('',(33.0229012699721,-25.8,-13.));
#4578=CARTESIAN_POINT('',(-259.607352680761,-25.8,15.3466836284067));
#4579=CARTESIAN_POINT('',(33.298,-25.8,-10.));
#4580=CARTESIAN_POINT('',(-259.607352680761,-25.8,15.3466836284067));
#4581=CARTESIAN_POINT('',(32.3512010948827,-25.8,-19.2394823521421));
#4582=CARTESIAN_POINT('',(1.8,-25.8,-64.5988589161797));
#4583=CARTESIAN_POINT('',(1.8,-25.8,-16.95007145319));
#4584=CARTESIAN_POINT('',(26.1341017117275,-25.8,-20.7792001533663));
#4585=CARTESIAN_POINT('',(1.8,-25.8,-18.9556791237997));
#4586=CARTESIAN_POINT('',(32.1088974657766,-25.8,-21.2269325510501));
#4587=CARTESIAN_POINT('',(26.283556373665,-25.8,-18.7847921449525));
#4588=CARTESIAN_POINT('',(-259.607352680761,-25.8,15.3466836284067));
#4589=CARTESIAN_POINT('',(31.5512878280308,-25.8,-25.4288734747362));
#4590=CARTESIAN_POINT('',(1.8,-25.8,-64.5988589161797));
#4591=CARTESIAN_POINT('',(1.8,-25.8,-20.9447569440422));
#4592=CARTESIAN_POINT('',(25.3373622709346,-25.8,-26.5148990849277));
#4593=CARTESIAN_POINT('',(1.8,-25.8,-22.9673459215789));
#4594=CARTESIAN_POINT('',(31.2671604822964,-25.8,-27.4086387555242));
#4595=CARTESIAN_POINT('',(25.6354358455975,-25.8,-24.5372357809025));
#4596=CARTESIAN_POINT('',(-259.607352680761,-25.8,15.3466836284067));
#4597=CARTESIAN_POINT('',(30.6188381228153,-25.8,-31.6081688540109));
#4598=CARTESIAN_POINT('',(1.8,-25.8,-64.5988589161797));
#4599=CARTESIAN_POINT('',(1.8,-25.8,-25.0307091061062));
#4600=CARTESIAN_POINT('',(24.1142370378704,-25.8,-32.175022814518));
#4601=CARTESIAN_POINT('',(1.8,-25.8,-27.0821389412573));
#4602=CARTESIAN_POINT('',(30.292091957644,-25.8,-33.5850238662619));
#4603=CARTESIAN_POINT('',(24.5592627003372,-25.8,-30.2251632914379));
#4604=CARTESIAN_POINT('',(-259.607352680761,-25.8,15.3466836284067));
#4605=CARTESIAN_POINT('',(29.5459316149899,-25.8,-37.8170086905074));
#4606=CARTESIAN_POINT('',(1.8,-25.8,-64.5988589161797));
#4607=CARTESIAN_POINT('',(1.8,-25.8,-29.2588589569249));
#4608=CARTESIAN_POINT('',(22.4715657185472,-25.8,-37.7279199778645));
#4609=CARTESIAN_POINT('',(1.8,-25.8,-31.3518372749381));
#4610=CARTESIAN_POINT('',(29.1751376351569,-25.8,-39.7956167129488));
#4611=CARTESIAN_POINT('',(23.0610548890576,-25.8,-35.8167678337769));
#4612=CARTESIAN_POINT('',(-259.607352680761,-25.8,15.3466836284067));
#4613=CARTESIAN_POINT('',(28.3208443086452,-25.8,-44.0953333160841));
#4614=CARTESIAN_POINT('',(1.8,-25.8,-64.5988589161797));
#4615=CARTESIAN_POINT('',(1.8,-25.8,-33.6870928850219));
#4616=CARTESIAN_POINT('',(20.4185341171614,-25.8,-43.142538820751));
#4617=CARTESIAN_POINT('',(1.8,-25.8,-35.8356002742214));
#4618=CARTESIAN_POINT('',(27.9039264266056,-25.8,-46.080219158934));
#4619=CARTESIAN_POINT('',(21.1491903772339,-25.8,-41.2807812023653));
#4620=CARTESIAN_POINT('',(-259.607352680761,-25.8,15.3466836284067));
#4621=CARTESIAN_POINT('',(26.9276697342961,-25.8,-50.4840153622787));
#4622=CARTESIAN_POINT('',(1.8,-25.8,-64.5988589161797));
#4623=CARTESIAN_POINT('',(1.8,-25.8,-38.3836819262078));
#4624=CARTESIAN_POINT('',(17.9666227691541,-25.8,-48.3886008401655));
#4625=CARTESIAN_POINT('',(1.8,-25.8,-40.6034966856428));
#4626=CARTESIAN_POINT('',(26.4618788163009,-25.8,-52.4795265759081));
#4627=CARTESIAN_POINT('',(18.83436029513,-25.8,-46.5866486804194));
#4628=CARTESIAN_POINT('',(-259.607352680761,-25.8,15.3466836284067));
#4629=CARTESIAN_POINT('',(25.3457530493409,-25.8,-57.0254624968041));
#4630=CARTESIAN_POINT('',(1.8,-25.8,-64.5988589161797));
#4631=CARTESIAN_POINT('',(1.8,-25.8,-43.4319244448495));
#4632=CARTESIAN_POINT('',(15.1295427421536,-25.8,-53.4367701014348));
#4633=CARTESIAN_POINT('',(1.8,-25.8,-45.7412996656021));
#4634=CARTESIAN_POINT('',(24.8276296241351,-25.8,-59.035712415368));
#4635=CARTESIAN_POINT('',(16.1295091530885,-25.8,-51.7046999016444));
#4636=CARTESIAN_POINT('',(-259.607352680761,-25.8,15.3466836284067));
#4637=CARTESIAN_POINT('',(23.5489151977658,-25.8,-63.764175051698));
#4638=CARTESIAN_POINT('',(1.8,-25.8,-64.5988589161797));
#4639=CARTESIAN_POINT('',(1.8,-25.8,-48.9367218119473));
#4640=CARTESIAN_POINT('',(11.9231589638002,-25.8,-58.2588172845243));
#4641=CARTESIAN_POINT('',(1.8,-25.8,-51.3572930103513));
#4642=CARTESIAN_POINT('',(22.9742430125565,-25.8,-65.7929600448181));
#4643=CARTESIAN_POINT('',(13.0497624559377,-25.8,-56.6063147666734));
#4644=CARTESIAN_POINT('',(-259.607352680761,-25.8,15.3466836284067));
#4645=CARTESIAN_POINT('',(21.5044372116648,-25.8,-70.7472277909041));
#4646=CARTESIAN_POINT('',(1.8,-25.8,-64.5988589161797));
#4647=CARTESIAN_POINT('',(1.8,-25.8,-55.0342671984395));
#4648=CARTESIAN_POINT('',(8.36540150520448,-25.8,-62.827777542158));
#4649=CARTESIAN_POINT('',(1.8,-25.8,-57.5923123514082));
#4650=CARTESIAN_POINT('',(20.8681911481475,-25.8,-72.7979095913564));
#4651=CARTESIAN_POINT('',(9.61234212129559,-25.8,-61.2640834864225));
#4652=CARTESIAN_POINT('',(-259.607352680761,-25.8,15.3466836284067));
#4653=CARTESIAN_POINT('',(19.1715114594456,-25.8,-78.0253941502085));
#4654=CARTESIAN_POINT('',(1.8,-25.8,-64.5988589161797));
#4655=CARTESIAN_POINT('',(1.8,-25.8,-61.9076318390412));
#4656=CARTESIAN_POINT('',(17.1777826348266,-25.8,-77.812519784074));
#4657=CARTESIAN_POINT('',(1.8,-25.8,-63.5445934749811));
#4658=CARTESIAN_POINT('',(18.7508573401878,-25.8,-79.2720614168162));
#4659=CARTESIAN_POINT('',(17.9939723737008,-25.8,-76.9328412574766));
#4660=CARTESIAN_POINT('',(-259.607352680761,-25.8,15.3466836284067));
#4661=CARTESIAN_POINT('',(16.6852677870343,-25.8,-85.1440516412604));
#4662=CARTESIAN_POINT('',(1.8,-25.8,-64.5988589161797));
#4663=CARTESIAN_POINT('',(1.8,-25.8,-69.3793644328028));
#4664=CARTESIAN_POINT('',(12.4803001255169,-25.8,-82.4385613425542));
#4665=CARTESIAN_POINT('',(1.8,-25.8,-71.127270663734));
#4666=CARTESIAN_POINT('',(16.2239707174278,-25.8,-86.4034074398736));
#4667=CARTESIAN_POINT('',(13.3528154585701,-25.8,-81.6147185216309));
#4668=CARTESIAN_POINT('',(-259.607352680761,-25.8,15.3466836284067));
#4669=CARTESIAN_POINT('',(13.8664139049821,-25.8,-92.57967547541));
#4670=CARTESIAN_POINT('',(1.8,-25.8,-64.5988589161797));
#4671=CARTESIAN_POINT('',(1.8,-25.8,-77.9778081830024));
#4672=CARTESIAN_POINT('',(7.48749858904675,-25.8,-86.7442012768126));
#4673=CARTESIAN_POINT('',(1.8,-25.8,-79.8616179113666));
#4674=CARTESIAN_POINT('',(13.360943276105,-25.8,-93.8518026358468));
#4675=CARTESIAN_POINT('',(8.4125282005042,-25.8,-85.9797928663886));
#4676=CARTESIAN_POINT('',(-259.607352680761,-25.8,15.3466836284067));
#4677=CARTESIAN_POINT('',(10.6622199900773,-25.8,-100.370031189816));
#4678=CARTESIAN_POINT('',(1.8,-25.8,-64.5988589161797));
#4679=CARTESIAN_POINT('',(1.8,-25.8,-88.0738937570578));
#4680=CARTESIAN_POINT('',(2.2211875484535,-25.8,-90.710631718631));
#4681=CARTESIAN_POINT('',(1.8,-25.8,-90.1262431583662));
#4682=CARTESIAN_POINT('',(10.1087013687039,-25.8,-101.654385546134));
#4683=CARTESIAN_POINT('',(3.19469073001269,-25.8,-90.0089968025285));
#4684=CARTESIAN_POINT('',(-259.607352680761,-25.8,15.3466836284067));
#4685=CARTESIAN_POINT('',(7.01034009527904,-25.8,-108.552492715832));
#4686=CARTESIAN_POINT('',(1.8,-25.8,-64.5988589161797));
#4687=CARTESIAN_POINT('',(1.8,-25.8,-100.212262216557));
#4688=CARTESIAN_POINT('',(-3.29562873079751,-25.8,-94.3205265324794));
#4689=CARTESIAN_POINT('',(1.8,-25.8,-102.477137689606));
#4690=CARTESIAN_POINT('',(6.40459297764157,-25.8,-109.847744230946));
#4691=CARTESIAN_POINT('',(-2.27790442937117,-25.8,-93.6847299877528));
#4692=CARTESIAN_POINT('',(-259.607352680761,-25.8,15.3466836284067));
#4693=CARTESIAN_POINT('',(1.8,-25.8,-119.197717832359));
#4694=CARTESIAN_POINT('',(1.8,-25.8,-64.5988589161797));
#4695=CARTESIAN_POINT('',(19.9285,-25.8,0.));
#4696=CARTESIAN_POINT('',(36.7240271775905,-6.93889390390723E-15,0.));
#4697=CARTESIAN_POINT('',(3.,-25.8,0.));
#4698=CARTESIAN_POINT('',(0.,-25.8,-62.8895));
#4699=CARTESIAN_POINT('',(0.,-25.8,-122.364670387865));
#4700=CARTESIAN_POINT('',(0.,0.,-3.));
#4701=CARTESIAN_POINT('',(-207.427575747142,-25.8,9.15536528795615));
#4702=CARTESIAN_POINT('',(1.8457057939702,-25.8,-122.898319814029));
#4703=CARTESIAN_POINT('',(33.5273502685367,-25.8,-47.184724743732));
#4704=CARTESIAN_POINT('',(35.0000000000017,-25.8,-39.9999999999916));
#4705=CARTESIAN_POINT('',(35.9053493563394,-25.8,-44.9173511714028));
#4706=CARTESIAN_POINT('',(37.749214416834,-25.8,-35.8236594858234));
#4707=CARTESIAN_POINT('',(1.8,-25.8,-64.5988589161797));
#4708=CARTESIAN_POINT('',(1.8,-25.8,-10.));
#4709=CARTESIAN_POINT('',(17.549,-25.8,-10.));
#4710=CARTESIAN_POINT('',(-207.427575747145,-25.8,9.15536528795649));
#4711=CARTESIAN_POINT('',(36.4421963300391,-25.8,-32.8091004303588));
#4712=CARTESIAN_POINT('',(39.7203160858276,-25.8,-3.1491736517458));
#4713=CARTESIAN_POINT('',(36.4485589701419,-25.8,-47.8677618742495));
#4714=CARTESIAN_POINT('',(39.3987430669338,-25.8,-33.3178551773217));
#4715=CARTESIAN_POINT('',(36.7240271775905,-25.8,-3.));
#4716=CARTESIAN_POINT('',(3.,-25.8,-3.));
#4717=CARTESIAN_POINT('',(0.999999999999945,-25.8,-122.364670387865));
#4718=CARTESIAN_POINT('',(35.,0.,-5.));
#4719=CARTESIAN_POINT('',(5.,0.,-5.));
#4720=CARTESIAN_POINT('',(35.,0.,-40.));
#4721=CARTESIAN_POINT('',(-35.672842577973,-17.5179606748234,-38.0189371883869));
#4722=MECHANICAL_DESIGN_GEOMETRIC_PRESENTATION_REPRESENTATION('',(#2862,
#2863),#4723);
#4723=(
GEOMETRIC_REPRESENTATION_CONTEXT(3)
GLOBAL_UNCERTAINTY_ASSIGNED_CONTEXT((#4726))
GLOBAL_UNIT_ASSIGNED_CONTEXT((#4731,#4730,#4729))
REPRESENTATION_CONTEXT('right_finger_assembly',
'TOP_LEVEL_ASSEMBLY_PART')
);
#4724=(
GEOMETRIC_REPRESENTATION_CONTEXT(3)
GLOBAL_UNCERTAINTY_ASSIGNED_CONTEXT((#4727))
GLOBAL_UNIT_ASSIGNED_CONTEXT((#4731,#4730,#4729))
REPRESENTATION_CONTEXT('finger_holder_right','COMPONENT_PART')
);
#4725=(
GEOMETRIC_REPRESENTATION_CONTEXT(3)
GLOBAL_UNCERTAINTY_ASSIGNED_CONTEXT((#4728))
GLOBAL_UNIT_ASSIGNED_CONTEXT((#4731,#4730,#4729))
REPRESENTATION_CONTEXT('soft_gripper_finger','COMPONENT_PART')
);
#4726=UNCERTAINTY_MEASURE_WITH_UNIT(LENGTH_MEASURE(1.E-5),#4731,
'DISTANCE_ACCURACY_VALUE','Maximum Tolerance applied to model');
#4727=UNCERTAINTY_MEASURE_WITH_UNIT(LENGTH_MEASURE(1.E-5),#4731,
'DISTANCE_ACCURACY_VALUE','Maximum Tolerance applied to model');
#4728=UNCERTAINTY_MEASURE_WITH_UNIT(LENGTH_MEASURE(1.E-5),#4731,
'DISTANCE_ACCURACY_VALUE','Maximum Tolerance applied to model');
#4729=(
NAMED_UNIT(*)
SI_UNIT($,.STERADIAN.)
SOLID_ANGLE_UNIT()
);
#4730=(
NAMED_UNIT(*)
PLANE_ANGLE_UNIT()
SI_UNIT($,.RADIAN.)
);
#4731=(
LENGTH_UNIT()
NAMED_UNIT(*)
SI_UNIT(.MILLI.,.METRE.)
);
#4732=PRODUCT_DEFINITION_SHAPE('','',#4737);
#4733=PRODUCT_DEFINITION_SHAPE('','',#4738);
#4734=PRODUCT_DEFINITION_SHAPE(' ','NAUO PRDDFN',#12);
#4735=PRODUCT_DEFINITION_SHAPE('','',#4739);
#4736=PRODUCT_DEFINITION_SHAPE(' ','NAUO PRDDFN',#13);
#4737=PRODUCT_DEFINITION('','',#4743,#4740);
#4738=PRODUCT_DEFINITION('','',#4744,#4741);
#4739=PRODUCT_DEFINITION('','',#4745,#4742);
#4740=PRODUCT_DEFINITION_CONTEXT('',#4759,'design');
#4741=PRODUCT_DEFINITION_CONTEXT('',#4759,'design');
#4742=PRODUCT_DEFINITION_CONTEXT('',#4759,'design');
#4743=PRODUCT_DEFINITION_FORMATION_WITH_SPECIFIED_SOURCE('','',#4749,
 .NOT_KNOWN.);
#4744=PRODUCT_DEFINITION_FORMATION_WITH_SPECIFIED_SOURCE('','',#4750,
 .NOT_KNOWN.);
#4745=PRODUCT_DEFINITION_FORMATION_WITH_SPECIFIED_SOURCE('','',#4751,
 .NOT_KNOWN.);
#4746=PRODUCT_RELATED_PRODUCT_CATEGORY('','',(#4749));
#4747=PRODUCT_RELATED_PRODUCT_CATEGORY('','',(#4750));
#4748=PRODUCT_RELATED_PRODUCT_CATEGORY('','',(#4751));
#4749=PRODUCT('right_finger_assembly','right_finger_assembly',
'right_finger_assembly',(#4755));
#4750=PRODUCT('finger_holder_right','finger_holder_right',
'finger_holder_right',(#4756));
#4751=PRODUCT('soft_gripper_finger','soft_gripper_finger',
'soft_gripper_finger',(#4757));
#4752=PRODUCT_CATEGORY('','');
#4753=PRODUCT_CATEGORY('','');
#4754=PRODUCT_CATEGORY('','');
#4755=PRODUCT_CONTEXT('',#4759,'mechanical');
#4756=PRODUCT_CONTEXT('',#4759,'mechanical');
#4757=PRODUCT_CONTEXT('',#4759,'mechanical');
#4758=APPLICATION_PROTOCOL_DEFINITION('international standard',
'ap242_managed_model_based_3d_engineering',2020,#4759);
#4759=APPLICATION_CONTEXT('managed model based 3d engineering');
ENDSEC;
END-ISO-10303-21;
